value,count
Uniforms -> _ZN8UniformsC1ERKS_,8314
Uniforms -> _ZNU14MTLthreadgroup8UniformsC1ERU9MTLdeviceKS_,8314
Uniforms -> _ZNU14MTLthreadgroup8UniformsC1ERU14MTLthreadgroupKS_,8314
Uniforms -> _ZNU14MTLthreadgroup8UniformsC1ERU11MTLconstantKS_,8314
Uniforms -> _ZNU14MTLthreadgroup8UniformsC1ERKS_,8314
Uniforms -> _ZNU11MTLconstantK8UniformsC1ERU11MTLconstantKS_,8314
Uniforms -> _ZNU11MTLconstantK8UniformsC1ERKS_,8314
Uniforms -> _ZN8UniformsC1ERU9MTLdeviceKS_,8314
Uniforms -> _ZN8UniformsC1ERU14MTLthreadgroupKS_,8314
Uniforms -> _ZN8UniformsC1ERU11MTLconstantKS_,8314
Uniforms -> _ZN8UniformsC1EOS_,8314
Uniforms -> _ZNU14MTLthreadgroup8UniformsC1EOU9MTLdeviceS_,8314
Uniforms -> _ZNU14MTLthreadgroup8UniformsC1EOU14MTLthreadgroupS_,8314
Uniforms -> _ZNU14MTLthreadgroup8UniformsC1EOS_,8314
Uniforms -> _ZNU11MTLconstantK8UniformsC1EOS_,8314
Uniforms -> _ZN8UniformsC1EOU9MTLdeviceS_,8314
Uniforms -> _ZN8UniformsC1EOU14MTLthreadgroupS_,8314
operator= -> _ZN8UniformsaSEOS_,8314
operator= -> _ZNU9MTLdevice8UniformsaSEOU9MTLdeviceS_,8314
operator= -> _ZNU9MTLdevice8UniformsaSEOU14MTLthreadgroupS_,8314
operator= -> _ZNU9MTLdevice8UniformsaSEOS_,8314
operator= -> _ZNU14MTLthreadgroup8UniformsaSEOU9MTLdeviceS_,8314
operator= -> _ZNU14MTLthreadgroup8UniformsaSEOU14MTLthreadgroupS_,8314
operator= -> _ZNU14MTLthreadgroup8UniformsaSEOS_,8314
operator= -> _ZN8UniformsaSEOU9MTLdeviceS_,8314
operator= -> _ZN8UniformsaSEOU14MTLthreadgroupS_,8314
fc_bool -> _ZL7fc_bool,8314
fc_int -> _ZL6fc_int,8314
Uniforms -> _ZNU14MTLthreadgroup8UniformsC1ERU24MTLthreadgroupimageblockKS_,5552
Uniforms -> _ZN8UniformsC1ERU24MTLthreadgroupimageblockKS_,5552
Uniforms -> _ZNU14MTLthreadgroup8UniformsC1EOU24MTLthreadgroupimageblockS_,5552
Uniforms -> _ZN8UniformsC1EOU24MTLthreadgroupimageblockS_,5552
operator= -> _ZNU9MTLdevice8UniformsaSEOU24MTLthreadgroupimageblockS_,5552
operator= -> _ZNU14MTLthreadgroup8UniformsaSEOU24MTLthreadgroupimageblockS_,5552
operator= -> _ZNU24MTLthreadgroupimageblock8UniformsaSEOU9MTLdeviceS_,5552
operator= -> _ZNU24MTLthreadgroupimageblock8UniformsaSEOU14MTLthreadgroupS_,5552
operator= -> _ZNU24MTLthreadgroupimageblock8UniformsaSEOU24MTLthreadgroupimageblockS_,5552
operator= -> _ZNU24MTLthreadgroupimageblock8UniformsaSEOS_,5552
operator= -> _ZN8UniformsaSEOU24MTLthreadgroupimageblockS_,5552
Uniforms -> _ZNU14MTLthreadgroup8UniformsC1ERU10MTLraydataKS_,4392
Uniforms -> _ZNU10MTLraydata8UniformsC1ERU9MTLdeviceKS_,4392
Uniforms -> _ZNU10MTLraydata8UniformsC1ERU14MTLthreadgroupKS_,4392
Uniforms -> _ZNU10MTLraydata8UniformsC1ERU11MTLconstantKS_,4392
Uniforms -> _ZNU10MTLraydata8UniformsC1ERU24MTLthreadgroupimageblockKS_,4392
Uniforms -> _ZNU10MTLraydata8UniformsC1ERU10MTLraydataKS_,4392
Uniforms -> _ZNU10MTLraydata8UniformsC1ERKS_,4392
Uniforms -> _ZN8UniformsC1ERU10MTLraydataKS_,4392
Uniforms -> _ZNU14MTLthreadgroup8UniformsC1EOU10MTLraydataS_,4392
Uniforms -> _ZNU10MTLraydata8UniformsC1EOU9MTLdeviceS_,4392
Uniforms -> _ZNU10MTLraydata8UniformsC1EOU14MTLthreadgroupS_,4392
Uniforms -> _ZNU10MTLraydata8UniformsC1EOU24MTLthreadgroupimageblockS_,4392
Uniforms -> _ZNU10MTLraydata8UniformsC1EOU10MTLraydataS_,4392
Uniforms -> _ZNU10MTLraydata8UniformsC1EOS_,4392
Uniforms -> _ZN8UniformsC1EOU10MTLraydataS_,4392
operator= -> _ZNU9MTLdevice8UniformsaSEOU10MTLraydataS_,4392
operator= -> _ZNU14MTLthreadgroup8UniformsaSEOU10MTLraydataS_,4392
operator= -> _ZNU24MTLthreadgroupimageblock8UniformsaSEOU10MTLraydataS_,4392
operator= -> _ZNU10MTLraydata8UniformsaSEOU9MTLdeviceS_,4392
operator= -> _ZNU10MTLraydata8UniformsaSEOU14MTLthreadgroupS_,4392
operator= -> _ZNU10MTLraydata8UniformsaSEOU24MTLthreadgroupimageblockS_,4392
operator= -> _ZNU10MTLraydata8UniformsaSEOU10MTLraydataS_,4392
operator= -> _ZNU10MTLraydata8UniformsaSEOS_,4392
operator= -> _ZN8UniformsaSEOU10MTLraydataS_,4392
Uniforms -> _ZNU14MTLthreadgroup8UniformsC1ERU13MTLobjectdataKS_,3368
Uniforms -> _ZNU10MTLraydata8UniformsC1ERU13MTLobjectdataKS_,3368
Uniforms -> _ZN8UniformsC1ERU13MTLobjectdataKS_,3368
Uniforms -> _ZNU14MTLthreadgroup8UniformsC1EOU13MTLobjectdataS_,3368
Uniforms -> _ZNU10MTLraydata8UniformsC1EOU13MTLobjectdataS_,3368
Uniforms -> _ZN8UniformsC1EOU13MTLobjectdataS_,3368
operator= -> _ZNU9MTLdevice8UniformsaSEOU13MTLobjectdataS_,3368
operator= -> _ZNU14MTLthreadgroup8UniformsaSEOU13MTLobjectdataS_,3368
operator= -> _ZNU24MTLthreadgroupimageblock8UniformsaSEOU13MTLobjectdataS_,3368
operator= -> _ZNU10MTLraydata8UniformsaSEOU13MTLobjectdataS_,3368
operator= -> _ZNU13MTLobjectdata8UniformsaSEOU9MTLdeviceS_,3368
operator= -> _ZNU13MTLobjectdata8UniformsaSEOU14MTLthreadgroupS_,3368
operator= -> _ZNU13MTLobjectdata8UniformsaSEOU24MTLthreadgroupimageblockS_,3368
operator= -> _ZNU13MTLobjectdata8UniformsaSEOU10MTLraydataS_,3368
operator= -> _ZNU13MTLobjectdata8UniformsaSEOU13MTLobjectdataS_,3368
operator= -> _ZNU13MTLobjectdata8UniformsaSEOS_,3368
operator= -> _ZN8UniformsaSEOU13MTLobjectdataS_,3368
Uniforms -> _ZNU14MTLthreadgroup8UniformsC1ERU9MTLdeviceU18MTLcoherent_deviceKS_,1888
Uniforms -> _ZNU10MTLraydata8UniformsC1ERU9MTLdeviceU18MTLcoherent_deviceKS_,1888
Uniforms -> _ZN8UniformsC1ERU9MTLdeviceU18MTLcoherent_deviceKS_,1888
Uniforms -> _ZNU14MTLthreadgroup8UniformsC1EOU9MTLdeviceU18MTLcoherent_deviceS_,1888
Uniforms -> _ZNU10MTLraydata8UniformsC1EOU9MTLdeviceU18MTLcoherent_deviceS_,1888
Uniforms -> _ZN8UniformsC1EOU9MTLdeviceU18MTLcoherent_deviceS_,1888
operator= -> _ZNU9MTLdevice8UniformsaSEOU9MTLdeviceU18MTLcoherent_deviceS_,1888
operator= -> _ZNU9MTLdeviceU18MTLcoherent_device8UniformsaSEOU9MTLdeviceS_,1888
operator= -> _ZNU9MTLdeviceU18MTLcoherent_device8UniformsaSEOU9MTLdeviceU18MTLcoherent_deviceS_,1888
operator= -> _ZNU9MTLdeviceU18MTLcoherent_device8UniformsaSEOU14MTLthreadgroupS_,1888
operator= -> _ZNU9MTLdeviceU18MTLcoherent_device8UniformsaSEOU24MTLthreadgroupimageblockS_,1888
operator= -> _ZNU9MTLdeviceU18MTLcoherent_device8UniformsaSEOU10MTLraydataS_,1888
operator= -> _ZNU9MTLdeviceU18MTLcoherent_device8UniformsaSEOU13MTLobjectdataS_,1888
operator= -> _ZNU9MTLdeviceU18MTLcoherent_device8UniformsaSEOS_,1888
operator= -> _ZNU14MTLthreadgroup8UniformsaSEOU9MTLdeviceU18MTLcoherent_deviceS_,1888
operator= -> _ZNU24MTLthreadgroupimageblock8UniformsaSEOU9MTLdeviceU18MTLcoherent_deviceS_,1888
operator= -> _ZNU10MTLraydata8UniformsaSEOU9MTLdeviceU18MTLcoherent_deviceS_,1888
operator= -> _ZNU13MTLobjectdata8UniformsaSEOU9MTLdeviceU18MTLcoherent_deviceS_,1888
operator= -> _ZN8UniformsaSEOU9MTLdeviceU18MTLcoherent_deviceS_,1888
VertexOut -> _ZN9VertexOutC1Ev,766
VertexOut -> _ZNU14MTLthreadgroup9VertexOutC1Ev,766
VertexOut -> _ZNU11MTLconstantK9VertexOutC1Ev,766
VertexOut -> _ZN9VertexOutC1ERKS_,766
VertexOut -> _ZNU14MTLthreadgroup9VertexOutC1ERU9MTLdeviceKS_,766
VertexOut -> _ZNU14MTLthreadgroup9VertexOutC1ERU14MTLthreadgroupKS_,766
VertexOut -> _ZNU14MTLthreadgroup9VertexOutC1ERU11MTLconstantKS_,766
VertexOut -> _ZNU14MTLthreadgroup9VertexOutC1ERKS_,766
VertexOut -> _ZNU11MTLconstantK9VertexOutC1ERU11MTLconstantKS_,766
VertexOut -> _ZNU11MTLconstantK9VertexOutC1ERKS_,766
VertexOut -> _ZN9VertexOutC1ERU9MTLdeviceKS_,766
VertexOut -> _ZN9VertexOutC1ERU14MTLthreadgroupKS_,766
VertexOut -> _ZN9VertexOutC1ERU11MTLconstantKS_,766
VertexOut -> _ZN9VertexOutC1EOS_,766
VertexOut -> _ZNU14MTLthreadgroup9VertexOutC1EOU9MTLdeviceS_,766
VertexOut -> _ZNU14MTLthreadgroup9VertexOutC1EOU14MTLthreadgroupS_,766
VertexOut -> _ZNU14MTLthreadgroup9VertexOutC1EOS_,766
VertexOut -> _ZNU11MTLconstantK9VertexOutC1EOS_,766
VertexOut -> _ZN9VertexOutC1EOU9MTLdeviceS_,766
VertexOut -> _ZN9VertexOutC1EOU14MTLthreadgroupS_,766
VertexOut -> _ZNU14MTLthreadgroup9VertexOutC1ERU24MTLthreadgroupimageblockKS_,592
VertexOut -> _ZN9VertexOutC1ERU24MTLthreadgroupimageblockKS_,592
VertexOut -> _ZNU14MTLthreadgroup9VertexOutC1EOU24MTLthreadgroupimageblockS_,592
VertexOut -> _ZN9VertexOutC1EOU24MTLthreadgroupimageblockS_,592
VertexOut -> _ZNU10MTLraydata9VertexOutC1Ev,516
VertexOut -> _ZNU14MTLthreadgroup9VertexOutC1ERU10MTLraydataKS_,516
VertexOut -> _ZNU10MTLraydata9VertexOutC1ERU9MTLdeviceKS_,516
VertexOut -> _ZNU10MTLraydata9VertexOutC1ERU14MTLthreadgroupKS_,516
VertexOut -> _ZNU10MTLraydata9VertexOutC1ERU11MTLconstantKS_,516
VertexOut -> _ZNU10MTLraydata9VertexOutC1ERU24MTLthreadgroupimageblockKS_,516
VertexOut -> _ZNU10MTLraydata9VertexOutC1ERU10MTLraydataKS_,516
VertexOut -> _ZNU10MTLraydata9VertexOutC1ERKS_,516
VertexOut -> _ZN9VertexOutC1ERU10MTLraydataKS_,516
VertexOut -> _ZNU14MTLthreadgroup9VertexOutC1EOU10MTLraydataS_,516
VertexOut -> _ZNU10MTLraydata9VertexOutC1EOU9MTLdeviceS_,516
VertexOut -> _ZNU10MTLraydata9VertexOutC1EOU14MTLthreadgroupS_,516
VertexOut -> _ZNU10MTLraydata9VertexOutC1EOU24MTLthreadgroupimageblockS_,516
VertexOut -> _ZNU10MTLraydata9VertexOutC1EOU10MTLraydataS_,516
VertexOut -> _ZNU10MTLraydata9VertexOutC1EOS_,516
VertexOut -> _ZN9VertexOutC1EOU10MTLraydataS_,516
VertexOut -> _ZNU14MTLthreadgroup9VertexOutC1ERU13MTLobjectdataKS_,452
VertexOut -> _ZNU10MTLraydata9VertexOutC1ERU13MTLobjectdataKS_,452
VertexOut -> _ZN9VertexOutC1ERU13MTLobjectdataKS_,452
VertexOut -> _ZNU14MTLthreadgroup9VertexOutC1EOU13MTLobjectdataS_,452
VertexOut -> _ZNU10MTLraydata9VertexOutC1EOU13MTLobjectdataS_,452
VertexOut -> _ZN9VertexOutC1EOU13MTLobjectdataS_,452
VertexOut -> _ZNU14MTLthreadgroup9VertexOutC1ERU9MTLdeviceU18MTLcoherent_deviceKS_,272
VertexOut -> _ZNU10MTLraydata9VertexOutC1ERU9MTLdeviceU18MTLcoherent_deviceKS_,272
VertexOut -> _ZN9VertexOutC1ERU9MTLdeviceU18MTLcoherent_deviceKS_,272
VertexOut -> _ZNU14MTLthreadgroup9VertexOutC1EOU9MTLdeviceU18MTLcoherent_deviceS_,272
VertexOut -> _ZNU10MTLraydata9VertexOutC1EOU9MTLdeviceU18MTLcoherent_deviceS_,272
VertexOut -> _ZN9VertexOutC1EOU9MTLdeviceU18MTLcoherent_deviceS_,272
AbiStruct -> _ZN9AbiStructC1ERKS_,236
AbiStruct -> _ZNU14MTLthreadgroup9AbiStructC1ERU9MTLdeviceKS_,236
AbiStruct -> _ZNU14MTLthreadgroup9AbiStructC1ERU14MTLthreadgroupKS_,236
AbiStruct -> _ZNU14MTLthreadgroup9AbiStructC1ERU11MTLconstantKS_,236
AbiStruct -> _ZNU14MTLthreadgroup9AbiStructC1ERKS_,236
AbiStruct -> _ZNU11MTLconstantK9AbiStructC1ERU11MTLconstantKS_,236
AbiStruct -> _ZNU11MTLconstantK9AbiStructC1ERKS_,236
AbiStruct -> _ZN9AbiStructC1ERU9MTLdeviceKS_,236
AbiStruct -> _ZN9AbiStructC1ERU14MTLthreadgroupKS_,236
AbiStruct -> _ZN9AbiStructC1ERU11MTLconstantKS_,236
AbiStruct -> _ZN9AbiStructC1EOS_,236
AbiStruct -> _ZNU14MTLthreadgroup9AbiStructC1EOU9MTLdeviceS_,236
AbiStruct -> _ZNU14MTLthreadgroup9AbiStructC1EOU14MTLthreadgroupS_,236
AbiStruct -> _ZNU14MTLthreadgroup9AbiStructC1EOS_,236
AbiStruct -> _ZNU11MTLconstantK9AbiStructC1EOS_,236
AbiStruct -> _ZN9AbiStructC1EOU9MTLdeviceS_,236
AbiStruct -> _ZN9AbiStructC1EOU14MTLthreadgroupS_,236
operator= -> _ZN9AbiStructaSEOS_,236
operator= -> _ZNU9MTLdevice9AbiStructaSEOU9MTLdeviceS_,236
operator= -> _ZNU9MTLdevice9AbiStructaSEOU14MTLthreadgroupS_,236
operator= -> _ZNU9MTLdevice9AbiStructaSEOS_,236
operator= -> _ZNU14MTLthreadgroup9AbiStructaSEOU9MTLdeviceS_,236
operator= -> _ZNU14MTLthreadgroup9AbiStructaSEOU14MTLthreadgroupS_,236
operator= -> _ZNU14MTLthreadgroup9AbiStructaSEOS_,236
operator= -> _ZN9AbiStructaSEOU9MTLdeviceS_,236
operator= -> _ZN9AbiStructaSEOU14MTLthreadgroupS_,236
AddressBox -> _ZN10AddressBoxC1Ev,236
AddressBox -> _ZNU14MTLthreadgroup10AddressBoxC1Ev,236
AddressBox -> _ZNU11MTLconstantK10AddressBoxC1Ev,236
AddressBox -> _ZN10AddressBoxC1ERKS_,236
AddressBox -> _ZNU14MTLthreadgroup10AddressBoxC1ERU9MTLdeviceKS_,236
AddressBox -> _ZNU14MTLthreadgroup10AddressBoxC1ERU14MTLthreadgroupKS_,236
AddressBox -> _ZNU14MTLthreadgroup10AddressBoxC1ERU11MTLconstantKS_,236
AddressBox -> _ZNU14MTLthreadgroup10AddressBoxC1ERKS_,236
AddressBox -> _ZNU11MTLconstantK10AddressBoxC1ERU11MTLconstantKS_,236
AddressBox -> _ZNU11MTLconstantK10AddressBoxC1ERKS_,236
AddressBox -> _ZN10AddressBoxC1ERU9MTLdeviceKS_,236
AddressBox -> _ZN10AddressBoxC1ERU14MTLthreadgroupKS_,236
AddressBox -> _ZN10AddressBoxC1ERU11MTLconstantKS_,236
AddressBox -> _ZN10AddressBoxC1EOS_,236
AddressBox -> _ZNU14MTLthreadgroup10AddressBoxC1EOU9MTLdeviceS_,236
AddressBox -> _ZNU14MTLthreadgroup10AddressBoxC1EOU14MTLthreadgroupS_,236
AddressBox -> _ZNU14MTLthreadgroup10AddressBoxC1EOS_,236
AddressBox -> _ZNU11MTLconstantK10AddressBoxC1EOS_,236
AddressBox -> _ZN10AddressBoxC1EOU9MTLdeviceS_,236
AddressBox -> _ZN10AddressBoxC1EOU14MTLthreadgroupS_,236
read_constant -> _Z13read_constantPU11MTLconstantK10AddressBox,236
read_device -> _Z11read_devicePU9MTLdevice10AddressBox,236
read_thread -> _Z11read_threadP10AddressBox,236
NestedLayout -> _ZN12NestedLayoutC1Ev,236
NestedLayout -> _ZNU14MTLthreadgroup12NestedLayoutC1Ev,236
NestedLayout -> _ZNU11MTLconstantK12NestedLayoutC1Ev,236
NestedLayout -> _ZN12NestedLayoutC1ERKS_,236
NestedLayout -> _ZNU14MTLthreadgroup12NestedLayoutC1ERU9MTLdeviceKS_,236
NestedLayout -> _ZNU14MTLthreadgroup12NestedLayoutC1ERU14MTLthreadgroupKS_,236
NestedLayout -> _ZNU14MTLthreadgroup12NestedLayoutC1ERU11MTLconstantKS_,236
NestedLayout -> _ZNU14MTLthreadgroup12NestedLayoutC1ERKS_,236
NestedLayout -> _ZNU11MTLconstantK12NestedLayoutC1ERU11MTLconstantKS_,236
NestedLayout -> _ZNU11MTLconstantK12NestedLayoutC1ERKS_,236
NestedLayout -> _ZN12NestedLayoutC1ERU9MTLdeviceKS_,236
NestedLayout -> _ZN12NestedLayoutC1ERU14MTLthreadgroupKS_,236
NestedLayout -> _ZN12NestedLayoutC1ERU11MTLconstantKS_,236
NestedLayout -> _ZN12NestedLayoutC1EOS_,236
NestedLayout -> _ZNU14MTLthreadgroup12NestedLayoutC1EOU9MTLdeviceS_,236
NestedLayout -> _ZNU14MTLthreadgroup12NestedLayoutC1EOU14MTLthreadgroupS_,236
NestedLayout -> _ZNU14MTLthreadgroup12NestedLayoutC1EOS_,236
NestedLayout -> _ZNU11MTLconstantK12NestedLayoutC1EOS_,236
NestedLayout -> _ZN12NestedLayoutC1EOU9MTLdeviceS_,236
NestedLayout -> _ZN12NestedLayoutC1EOU14MTLthreadgroupS_,236
constexpr_add -> _Z13constexpr_addjj,236
~Base -> _ZN4BaseD1Ev,236
operator= -> _ZN4BaseaSERKS_,236
operator= -> _ZNU9MTLdevice4BaseaSERU9MTLdeviceKS_,236
operator= -> _ZNU9MTLdevice4BaseaSERU14MTLthreadgroupKS_,236
operator= -> _ZNU9MTLdevice4BaseaSERU11MTLconstantKS_,236
operator= -> _ZNU9MTLdevice4BaseaSERKS_,236
operator= -> _ZNU14MTLthreadgroup4BaseaSERU9MTLdeviceKS_,236
operator= -> _ZNU14MTLthreadgroup4BaseaSERU14MTLthreadgroupKS_,236
operator= -> _ZNU14MTLthreadgroup4BaseaSERU11MTLconstantKS_,236
operator= -> _ZNU14MTLthreadgroup4BaseaSERKS_,236
operator= -> _ZN4BaseaSERU9MTLdeviceKS_,236
operator= -> _ZN4BaseaSERU14MTLthreadgroupKS_,236
operator= -> _ZN4BaseaSERU11MTLconstantKS_,236
Derived -> _ZN7DerivedC1Ev,236
Derived -> _ZNU14MTLthreadgroup7DerivedC1Ev,236
Derived -> _ZNU11MTLconstantK7DerivedC1Ev,236
Derived -> _ZN7DerivedC1ERKS_,236
Derived -> _ZNU14MTLthreadgroup7DerivedC1ERU9MTLdeviceKS_,236
Derived -> _ZNU14MTLthreadgroup7DerivedC1ERU14MTLthreadgroupKS_,236
Derived -> _ZNU14MTLthreadgroup7DerivedC1ERU11MTLconstantKS_,236
Derived -> _ZNU14MTLthreadgroup7DerivedC1ERKS_,236
Derived -> _ZNU11MTLconstantK7DerivedC1ERU11MTLconstantKS_,236
Derived -> _ZNU11MTLconstantK7DerivedC1ERKS_,236
Derived -> _ZN7DerivedC1ERU9MTLdeviceKS_,236
Derived -> _ZN7DerivedC1ERU14MTLthreadgroupKS_,236
Derived -> _ZN7DerivedC1ERU11MTLconstantKS_,236
Derived -> _ZN7DerivedC1EOS_,236
Derived -> _ZNU14MTLthreadgroup7DerivedC1EOU9MTLdeviceS_,236
Derived -> _ZNU14MTLthreadgroup7DerivedC1EOU14MTLthreadgroupS_,236
Derived -> _ZNU14MTLthreadgroup7DerivedC1EOS_,236
Derived -> _ZNU11MTLconstantK7DerivedC1EOS_,236
Derived -> _ZN7DerivedC1EOU9MTLdeviceS_,236
Derived -> _ZN7DerivedC1EOU14MTLthreadgroupS_,236
U -> _ZN1UC1Ev,236
U -> _ZNU14MTLthreadgroup1UC1Ev,236
U -> _ZNU11MTLconstantK1UC1Ev,236
U -> _ZN1UC1ERKS_,236
U -> _ZNU14MTLthreadgroup1UC1ERU9MTLdeviceKS_,236
U -> _ZNU14MTLthreadgroup1UC1ERU14MTLthreadgroupKS_,236
U -> _ZNU14MTLthreadgroup1UC1ERU11MTLconstantKS_,236
U -> _ZNU14MTLthreadgroup1UC1ERKS_,236
U -> _ZNU11MTLconstantK1UC1ERU11MTLconstantKS_,236
U -> _ZNU11MTLconstantK1UC1ERKS_,236
U -> _ZN1UC1ERU9MTLdeviceKS_,236
U -> _ZN1UC1ERU14MTLthreadgroupKS_,236
U -> _ZN1UC1ERU11MTLconstantKS_,236
U -> _ZN1UC1EOS_,236
U -> _ZNU14MTLthreadgroup1UC1EOU9MTLdeviceS_,236
U -> _ZNU14MTLthreadgroup1UC1EOU14MTLthreadgroupS_,236
U -> _ZNU14MTLthreadgroup1UC1EOS_,236
U -> _ZNU11MTLconstantK1UC1EOS_,236
U -> _ZN1UC1EOU9MTLdeviceS_,236
U -> _ZN1UC1EOU14MTLthreadgroupS_,236
plus1 -> _Z5plus1i,236
f -> _Z1fi,236
S -> _ZN1SC1Ev,236
S -> _ZNU14MTLthreadgroup1SC1Ev,236
S -> _ZNU11MTLconstantK1SC1Ev,236
S -> _ZN1SC1ERKS_,236
S -> _ZNU14MTLthreadgroup1SC1ERU9MTLdeviceKS_,236
S -> _ZNU14MTLthreadgroup1SC1ERU14MTLthreadgroupKS_,236
S -> _ZNU14MTLthreadgroup1SC1ERU11MTLconstantKS_,236
S -> _ZNU14MTLthreadgroup1SC1ERKS_,236
S -> _ZNU11MTLconstantK1SC1ERU11MTLconstantKS_,236
S -> _ZNU11MTLconstantK1SC1ERKS_,236
S -> _ZN1SC1ERU9MTLdeviceKS_,236
S -> _ZN1SC1ERU14MTLthreadgroupKS_,236
S -> _ZN1SC1ERU11MTLconstantKS_,236
S -> _ZN1SC1EOS_,236
S -> _ZNU14MTLthreadgroup1SC1EOU9MTLdeviceS_,236
S -> _ZNU14MTLthreadgroup1SC1EOU14MTLthreadgroupS_,236
S -> _ZNU14MTLthreadgroup1SC1EOS_,236
S -> _ZNU11MTLconstantK1SC1EOS_,236
S -> _ZN1SC1EOU9MTLdeviceS_,236
S -> _ZN1SC1EOU14MTLthreadgroupS_,236
VO -> _ZN2VOC1Ev,236
VO -> _ZNU14MTLthreadgroup2VOC1Ev,236
VO -> _ZNU11MTLconstantK2VOC1Ev,236
VO -> _ZN2VOC1ERKS_,236
VO -> _ZNU14MTLthreadgroup2VOC1ERU9MTLdeviceKS_,236
VO -> _ZNU14MTLthreadgroup2VOC1ERU14MTLthreadgroupKS_,236
VO -> _ZNU14MTLthreadgroup2VOC1ERU11MTLconstantKS_,236
VO -> _ZNU14MTLthreadgroup2VOC1ERKS_,236
VO -> _ZNU11MTLconstantK2VOC1ERU11MTLconstantKS_,236
VO -> _ZNU11MTLconstantK2VOC1ERKS_,236
VO -> _ZN2VOC1ERU9MTLdeviceKS_,236
VO -> _ZN2VOC1ERU14MTLthreadgroupKS_,236
VO -> _ZN2VOC1ERU11MTLconstantKS_,236
VO -> _ZN2VOC1EOS_,236
VO -> _ZNU14MTLthreadgroup2VOC1EOU9MTLdeviceS_,236
VO -> _ZNU14MTLthreadgroup2VOC1EOU14MTLthreadgroupS_,236
VO -> _ZNU14MTLthreadgroup2VOC1EOS_,236
VO -> _ZNU11MTLconstantK2VOC1EOS_,236
VO -> _ZN2VOC1EOU9MTLdeviceS_,236
VO -> _ZN2VOC1EOU14MTLthreadgroupS_,236
VOut -> _ZN4VOutC1Ev,236
VOut -> _ZNU14MTLthreadgroup4VOutC1Ev,236
VOut -> _ZNU11MTLconstantK4VOutC1Ev,236
VOut -> _ZN4VOutC1ERKS_,236
VOut -> _ZNU14MTLthreadgroup4VOutC1ERU9MTLdeviceKS_,236
VOut -> _ZNU14MTLthreadgroup4VOutC1ERU14MTLthreadgroupKS_,236
VOut -> _ZNU14MTLthreadgroup4VOutC1ERU11MTLconstantKS_,236
VOut -> _ZNU14MTLthreadgroup4VOutC1ERKS_,236
VOut -> _ZNU11MTLconstantK4VOutC1ERU11MTLconstantKS_,236
VOut -> _ZNU11MTLconstantK4VOutC1ERKS_,236
VOut -> _ZN4VOutC1ERU9MTLdeviceKS_,236
VOut -> _ZN4VOutC1ERU14MTLthreadgroupKS_,236
VOut -> _ZN4VOutC1ERU11MTLconstantKS_,236
VOut -> _ZN4VOutC1EOS_,236
VOut -> _ZNU14MTLthreadgroup4VOutC1EOU9MTLdeviceS_,236
VOut -> _ZNU14MTLthreadgroup4VOutC1EOU14MTLthreadgroupS_,236
VOut -> _ZNU14MTLthreadgroup4VOutC1EOS_,236
VOut -> _ZNU11MTLconstantK4VOutC1EOS_,236
VOut -> _ZN4VOutC1EOU9MTLdeviceS_,236
VOut -> _ZN4VOutC1EOU14MTLthreadgroupS_,236
IoVertexOut -> _ZN11IoVertexOutC1Ev,236
IoVertexOut -> _ZNU14MTLthreadgroup11IoVertexOutC1Ev,236
IoVertexOut -> _ZNU11MTLconstantK11IoVertexOutC1Ev,236
IoVertexOut -> _ZN11IoVertexOutC1ERKS_,236
IoVertexOut -> _ZNU14MTLthreadgroup11IoVertexOutC1ERU9MTLdeviceKS_,236
IoVertexOut -> _ZNU14MTLthreadgroup11IoVertexOutC1ERU14MTLthreadgroupKS_,236
IoVertexOut -> _ZNU14MTLthreadgroup11IoVertexOutC1ERU11MTLconstantKS_,236
IoVertexOut -> _ZNU14MTLthreadgroup11IoVertexOutC1ERKS_,236
IoVertexOut -> _ZNU11MTLconstantK11IoVertexOutC1ERU11MTLconstantKS_,236
IoVertexOut -> _ZNU11MTLconstantK11IoVertexOutC1ERKS_,236
IoVertexOut -> _ZN11IoVertexOutC1ERU9MTLdeviceKS_,236
IoVertexOut -> _ZN11IoVertexOutC1ERU14MTLthreadgroupKS_,236
IoVertexOut -> _ZN11IoVertexOutC1ERU11MTLconstantKS_,236
IoVertexOut -> _ZN11IoVertexOutC1EOS_,236
IoVertexOut -> _ZNU14MTLthreadgroup11IoVertexOutC1EOU9MTLdeviceS_,236
IoVertexOut -> _ZNU14MTLthreadgroup11IoVertexOutC1EOU14MTLthreadgroupS_,236
IoVertexOut -> _ZNU14MTLthreadgroup11IoVertexOutC1EOS_,236
IoVertexOut -> _ZNU11MTLconstantK11IoVertexOutC1EOS_,236
IoVertexOut -> _ZN11IoVertexOutC1EOU9MTLdeviceS_,236
IoVertexOut -> _ZN11IoVertexOutC1EOU14MTLthreadgroupS_,236
IoFragOutA -> _ZN10IoFragOutAC1Ev,236
IoFragOutA -> _ZNU14MTLthreadgroup10IoFragOutAC1Ev,236
IoFragOutA -> _ZNU11MTLconstantK10IoFragOutAC1Ev,236
IoFragOutA -> _ZN10IoFragOutAC1ERKS_,236
IoFragOutA -> _ZNU14MTLthreadgroup10IoFragOutAC1ERU9MTLdeviceKS_,236
IoFragOutA -> _ZNU14MTLthreadgroup10IoFragOutAC1ERU14MTLthreadgroupKS_,236
IoFragOutA -> _ZNU14MTLthreadgroup10IoFragOutAC1ERU11MTLconstantKS_,236
IoFragOutA -> _ZNU14MTLthreadgroup10IoFragOutAC1ERKS_,236
IoFragOutA -> _ZNU11MTLconstantK10IoFragOutAC1ERU11MTLconstantKS_,236
IoFragOutA -> _ZNU11MTLconstantK10IoFragOutAC1ERKS_,236
IoFragOutA -> _ZN10IoFragOutAC1ERU9MTLdeviceKS_,236
IoFragOutA -> _ZN10IoFragOutAC1ERU14MTLthreadgroupKS_,236
IoFragOutA -> _ZN10IoFragOutAC1ERU11MTLconstantKS_,236
IoFragOutA -> _ZN10IoFragOutAC1EOS_,236
IoFragOutA -> _ZNU14MTLthreadgroup10IoFragOutAC1EOU9MTLdeviceS_,236
IoFragOutA -> _ZNU14MTLthreadgroup10IoFragOutAC1EOU14MTLthreadgroupS_,236
IoFragOutA -> _ZNU14MTLthreadgroup10IoFragOutAC1EOS_,236
IoFragOutA -> _ZNU11MTLconstantK10IoFragOutAC1EOS_,236
IoFragOutA -> _ZN10IoFragOutAC1EOU9MTLdeviceS_,236
IoFragOutA -> _ZN10IoFragOutAC1EOU14MTLthreadgroupS_,236
IoFragOutG -> _ZN10IoFragOutGC1Ev,236
IoFragOutG -> _ZNU14MTLthreadgroup10IoFragOutGC1Ev,236
IoFragOutG -> _ZNU11MTLconstantK10IoFragOutGC1Ev,236
IoFragOutG -> _ZN10IoFragOutGC1ERKS_,236
IoFragOutG -> _ZNU14MTLthreadgroup10IoFragOutGC1ERU9MTLdeviceKS_,236
IoFragOutG -> _ZNU14MTLthreadgroup10IoFragOutGC1ERU14MTLthreadgroupKS_,236
IoFragOutG -> _ZNU14MTLthreadgroup10IoFragOutGC1ERU11MTLconstantKS_,236
IoFragOutG -> _ZNU14MTLthreadgroup10IoFragOutGC1ERKS_,236
IoFragOutG -> _ZNU11MTLconstantK10IoFragOutGC1ERU11MTLconstantKS_,236
IoFragOutG -> _ZNU11MTLconstantK10IoFragOutGC1ERKS_,236
IoFragOutG -> _ZN10IoFragOutGC1ERU9MTLdeviceKS_,236
IoFragOutG -> _ZN10IoFragOutGC1ERU14MTLthreadgroupKS_,236
IoFragOutG -> _ZN10IoFragOutGC1ERU11MTLconstantKS_,236
IoFragOutG -> _ZN10IoFragOutGC1EOS_,236
IoFragOutG -> _ZNU14MTLthreadgroup10IoFragOutGC1EOU9MTLdeviceS_,236
IoFragOutG -> _ZNU14MTLthreadgroup10IoFragOutGC1EOU14MTLthreadgroupS_,236
IoFragOutG -> _ZNU14MTLthreadgroup10IoFragOutGC1EOS_,236
IoFragOutG -> _ZNU11MTLconstantK10IoFragOutGC1EOS_,236
IoFragOutG -> _ZN10IoFragOutGC1EOU9MTLdeviceS_,236
IoFragOutG -> _ZN10IoFragOutGC1EOU14MTLthreadgroupS_,236
IoFragOutL -> _ZN10IoFragOutLC1Ev,236
IoFragOutL -> _ZNU14MTLthreadgroup10IoFragOutLC1Ev,236
IoFragOutL -> _ZNU11MTLconstantK10IoFragOutLC1Ev,236
IoFragOutL -> _ZN10IoFragOutLC1ERKS_,236
IoFragOutL -> _ZNU14MTLthreadgroup10IoFragOutLC1ERU9MTLdeviceKS_,236
IoFragOutL -> _ZNU14MTLthreadgroup10IoFragOutLC1ERU14MTLthreadgroupKS_,236
IoFragOutL -> _ZNU14MTLthreadgroup10IoFragOutLC1ERU11MTLconstantKS_,236
IoFragOutL -> _ZNU14MTLthreadgroup10IoFragOutLC1ERKS_,236
IoFragOutL -> _ZNU11MTLconstantK10IoFragOutLC1ERU11MTLconstantKS_,236
IoFragOutL -> _ZNU11MTLconstantK10IoFragOutLC1ERKS_,236
IoFragOutL -> _ZN10IoFragOutLC1ERU9MTLdeviceKS_,236
IoFragOutL -> _ZN10IoFragOutLC1ERU14MTLthreadgroupKS_,236
IoFragOutL -> _ZN10IoFragOutLC1ERU11MTLconstantKS_,236
IoFragOutL -> _ZN10IoFragOutLC1EOS_,236
IoFragOutL -> _ZNU14MTLthreadgroup10IoFragOutLC1EOU9MTLdeviceS_,236
IoFragOutL -> _ZNU14MTLthreadgroup10IoFragOutLC1EOU14MTLthreadgroupS_,236
IoFragOutL -> _ZNU14MTLthreadgroup10IoFragOutLC1EOS_,236
IoFragOutL -> _ZNU11MTLconstantK10IoFragOutLC1EOS_,236
IoFragOutL -> _ZN10IoFragOutLC1EOU9MTLdeviceS_,236
IoFragOutL -> _ZN10IoFragOutLC1EOU14MTLthreadgroupS_,236
ld_helper_static -> _ZL16ld_helper_staticj,236
ld_helper_visible_unused -> _Z24ld_helper_visible_unusedj,236
ld_square -> _Z9ld_squareIjET_S0_,236
ld_square -> _Z9ld_squareIiET_S0_,236
OpBox -> _ZN5OpBoxC1Ev,236
OpBox -> _ZNU14MTLthreadgroup5OpBoxC1Ev,236
OpBox -> _ZNU11MTLconstantK5OpBoxC1Ev,236
OpBox -> _ZN5OpBoxC1ERKS_,236
OpBox -> _ZNU14MTLthreadgroup5OpBoxC1ERU9MTLdeviceKS_,236
OpBox -> _ZNU14MTLthreadgroup5OpBoxC1ERU14MTLthreadgroupKS_,236
OpBox -> _ZNU14MTLthreadgroup5OpBoxC1ERU11MTLconstantKS_,236
OpBox -> _ZNU14MTLthreadgroup5OpBoxC1ERKS_,236
OpBox -> _ZNU11MTLconstantK5OpBoxC1ERU11MTLconstantKS_,236
OpBox -> _ZNU11MTLconstantK5OpBoxC1ERKS_,236
OpBox -> _ZN5OpBoxC1ERU9MTLdeviceKS_,236
OpBox -> _ZN5OpBoxC1ERU14MTLthreadgroupKS_,236
OpBox -> _ZN5OpBoxC1ERU11MTLconstantKS_,236
OpBox -> _ZN5OpBoxC1EOS_,236
OpBox -> _ZNU14MTLthreadgroup5OpBoxC1EOU9MTLdeviceS_,236
OpBox -> _ZNU14MTLthreadgroup5OpBoxC1EOU14MTLthreadgroupS_,236
OpBox -> _ZNU14MTLthreadgroup5OpBoxC1EOS_,236
OpBox -> _ZNU11MTLconstantK5OpBoxC1EOS_,236
OpBox -> _ZN5OpBoxC1EOU9MTLdeviceS_,236
OpBox -> _ZN5OpBoxC1EOU14MTLthreadgroupS_,236
sampler_coord_filter -> _ZL20sampler_coord_filter,236
ArrayBox -> _ZN8ArrayBoxIDv4_fLj2EEC1Ev,236
ArrayBox -> _ZNU14MTLthreadgroup8ArrayBoxIDv4_fLj2EEC1Ev,236
ArrayBox -> _ZNU11MTLconstantK8ArrayBoxIDv4_fLj2EEC1Ev,236
ArrayBox -> _ZN8ArrayBoxIDv4_fLj2EEC1ERKS1_,236
ArrayBox -> _ZNU14MTLthreadgroup8ArrayBoxIDv4_fLj2EEC1ERU9MTLdeviceKS1_,236
ArrayBox -> _ZNU14MTLthreadgroup8ArrayBoxIDv4_fLj2EEC1ERU14MTLthreadgroupKS1_,236
ArrayBox -> _ZNU14MTLthreadgroup8ArrayBoxIDv4_fLj2EEC1ERU11MTLconstantKS1_,236
ArrayBox -> _ZNU14MTLthreadgroup8ArrayBoxIDv4_fLj2EEC1ERKS1_,236
ArrayBox -> _ZNU11MTLconstantK8ArrayBoxIDv4_fLj2EEC1ERU11MTLconstantKS1_,236
ArrayBox -> _ZNU11MTLconstantK8ArrayBoxIDv4_fLj2EEC1ERKS1_,236
ArrayBox -> _ZN8ArrayBoxIDv4_fLj2EEC1ERU9MTLdeviceKS1_,236
ArrayBox -> _ZN8ArrayBoxIDv4_fLj2EEC1ERU14MTLthreadgroupKS1_,236
ArrayBox -> _ZN8ArrayBoxIDv4_fLj2EEC1ERU11MTLconstantKS1_,236
ArrayBox -> _ZN8ArrayBoxIDv4_fLj2EEC1EOS1_,236
ArrayBox -> _ZNU14MTLthreadgroup8ArrayBoxIDv4_fLj2EEC1EOU9MTLdeviceS1_,236
ArrayBox -> _ZNU14MTLthreadgroup8ArrayBoxIDv4_fLj2EEC1EOU14MTLthreadgroupS1_,236
ArrayBox -> _ZNU14MTLthreadgroup8ArrayBoxIDv4_fLj2EEC1EOS1_,236
ArrayBox -> _ZNU11MTLconstantK8ArrayBoxIDv4_fLj2EEC1EOS1_,236
ArrayBox -> _ZN8ArrayBoxIDv4_fLj2EEC1EOU9MTLdeviceS1_,236
ArrayBox -> _ZN8ArrayBoxIDv4_fLj2EEC1EOU14MTLthreadgroupS1_,236
lanes -> _ZN6Traits5lanesE,236
lanes -> _ZN6TraitsIDv4_fE5lanesE,236
add_template -> _Z12add_templateIDv4_fET_S1_S1_,236
select_template -> _Z15select_templateIDv4_fET_bS1_S1_,236
TypeHolder33 -> _ZN12TypeHolder33C1ERKS_,174
TypeHolder33 -> _ZNU14MTLthreadgroup12TypeHolder33C1ERU9MTLdeviceKS_,174
TypeHolder33 -> _ZNU14MTLthreadgroup12TypeHolder33C1ERU14MTLthreadgroupKS_,174
TypeHolder33 -> _ZNU14MTLthreadgroup12TypeHolder33C1ERU11MTLconstantKS_,174
TypeHolder33 -> _ZNU14MTLthreadgroup12TypeHolder33C1ERKS_,174
TypeHolder33 -> _ZNU11MTLconstantK12TypeHolder33C1ERU11MTLconstantKS_,174
TypeHolder33 -> _ZNU11MTLconstantK12TypeHolder33C1ERKS_,174
TypeHolder33 -> _ZN12TypeHolder33C1ERU9MTLdeviceKS_,174
TypeHolder33 -> _ZN12TypeHolder33C1ERU14MTLthreadgroupKS_,174
TypeHolder33 -> _ZN12TypeHolder33C1ERU11MTLconstantKS_,174
TypeHolder33 -> _ZN12TypeHolder33C1EOS_,174
TypeHolder33 -> _ZNU14MTLthreadgroup12TypeHolder33C1EOU9MTLdeviceS_,174
TypeHolder33 -> _ZNU14MTLthreadgroup12TypeHolder33C1EOU14MTLthreadgroupS_,174
TypeHolder33 -> _ZNU14MTLthreadgroup12TypeHolder33C1EOS_,174
TypeHolder33 -> _ZNU11MTLconstantK12TypeHolder33C1EOS_,174
TypeHolder33 -> _ZN12TypeHolder33C1EOU9MTLdeviceS_,174
TypeHolder33 -> _ZN12TypeHolder33C1EOU14MTLthreadgroupS_,174
operator= -> _ZN12TypeHolder33aSEOS_,174
operator= -> _ZNU9MTLdevice12TypeHolder33aSEOU9MTLdeviceS_,174
operator= -> _ZNU9MTLdevice12TypeHolder33aSEOU14MTLthreadgroupS_,174
operator= -> _ZNU9MTLdevice12TypeHolder33aSEOS_,174
operator= -> _ZNU14MTLthreadgroup12TypeHolder33aSEOU9MTLdeviceS_,174
operator= -> _ZNU14MTLthreadgroup12TypeHolder33aSEOU14MTLthreadgroupS_,174
operator= -> _ZNU14MTLthreadgroup12TypeHolder33aSEOS_,174
operator= -> _ZN12TypeHolder33aSEOU9MTLdeviceS_,174
operator= -> _ZN12TypeHolder33aSEOU14MTLthreadgroupS_,174
TypeHolder34 -> _ZN12TypeHolder34C1ERKS_,174
TypeHolder34 -> _ZNU14MTLthreadgroup12TypeHolder34C1ERU9MTLdeviceKS_,174
TypeHolder34 -> _ZNU14MTLthreadgroup12TypeHolder34C1ERU14MTLthreadgroupKS_,174
TypeHolder34 -> _ZNU14MTLthreadgroup12TypeHolder34C1ERU11MTLconstantKS_,174
TypeHolder34 -> _ZNU14MTLthreadgroup12TypeHolder34C1ERKS_,174
TypeHolder34 -> _ZNU11MTLconstantK12TypeHolder34C1ERU11MTLconstantKS_,174
TypeHolder34 -> _ZNU11MTLconstantK12TypeHolder34C1ERKS_,174
TypeHolder34 -> _ZN12TypeHolder34C1ERU9MTLdeviceKS_,174
TypeHolder34 -> _ZN12TypeHolder34C1ERU14MTLthreadgroupKS_,174
TypeHolder34 -> _ZN12TypeHolder34C1ERU11MTLconstantKS_,174
TypeHolder34 -> _ZN12TypeHolder34C1EOS_,174
TypeHolder34 -> _ZNU14MTLthreadgroup12TypeHolder34C1EOU9MTLdeviceS_,174
TypeHolder34 -> _ZNU14MTLthreadgroup12TypeHolder34C1EOU14MTLthreadgroupS_,174
TypeHolder34 -> _ZNU14MTLthreadgroup12TypeHolder34C1EOS_,174
TypeHolder34 -> _ZNU11MTLconstantK12TypeHolder34C1EOS_,174
TypeHolder34 -> _ZN12TypeHolder34C1EOU9MTLdeviceS_,174
TypeHolder34 -> _ZN12TypeHolder34C1EOU14MTLthreadgroupS_,174
operator= -> _ZN12TypeHolder34aSEOS_,174
operator= -> _ZNU9MTLdevice12TypeHolder34aSEOU9MTLdeviceS_,174
operator= -> _ZNU9MTLdevice12TypeHolder34aSEOU14MTLthreadgroupS_,174
operator= -> _ZNU9MTLdevice12TypeHolder34aSEOS_,174
operator= -> _ZNU14MTLthreadgroup12TypeHolder34aSEOU9MTLdeviceS_,174
operator= -> _ZNU14MTLthreadgroup12TypeHolder34aSEOU14MTLthreadgroupS_,174
operator= -> _ZNU14MTLthreadgroup12TypeHolder34aSEOS_,174
operator= -> _ZN12TypeHolder34aSEOU9MTLdeviceS_,174
operator= -> _ZN12TypeHolder34aSEOU14MTLthreadgroupS_,174
TypeHolder35 -> _ZN12TypeHolder35C1ERKS_,174
TypeHolder35 -> _ZNU14MTLthreadgroup12TypeHolder35C1ERU9MTLdeviceKS_,174
TypeHolder35 -> _ZNU14MTLthreadgroup12TypeHolder35C1ERU14MTLthreadgroupKS_,174
TypeHolder35 -> _ZNU14MTLthreadgroup12TypeHolder35C1ERU11MTLconstantKS_,174
TypeHolder35 -> _ZNU14MTLthreadgroup12TypeHolder35C1ERKS_,174
TypeHolder35 -> _ZNU11MTLconstantK12TypeHolder35C1ERU11MTLconstantKS_,174
TypeHolder35 -> _ZNU11MTLconstantK12TypeHolder35C1ERKS_,174
TypeHolder35 -> _ZN12TypeHolder35C1ERU9MTLdeviceKS_,174
TypeHolder35 -> _ZN12TypeHolder35C1ERU14MTLthreadgroupKS_,174
TypeHolder35 -> _ZN12TypeHolder35C1ERU11MTLconstantKS_,174
TypeHolder35 -> _ZN12TypeHolder35C1EOS_,174
TypeHolder35 -> _ZNU14MTLthreadgroup12TypeHolder35C1EOU9MTLdeviceS_,174
TypeHolder35 -> _ZNU14MTLthreadgroup12TypeHolder35C1EOU14MTLthreadgroupS_,174
TypeHolder35 -> _ZNU14MTLthreadgroup12TypeHolder35C1EOS_,174
TypeHolder35 -> _ZNU11MTLconstantK12TypeHolder35C1EOS_,174
TypeHolder35 -> _ZN12TypeHolder35C1EOU9MTLdeviceS_,174
TypeHolder35 -> _ZN12TypeHolder35C1EOU14MTLthreadgroupS_,174
operator= -> _ZN12TypeHolder35aSEOS_,174
operator= -> _ZNU9MTLdevice12TypeHolder35aSEOU9MTLdeviceS_,174
operator= -> _ZNU9MTLdevice12TypeHolder35aSEOU14MTLthreadgroupS_,174
operator= -> _ZNU9MTLdevice12TypeHolder35aSEOS_,174
operator= -> _ZNU14MTLthreadgroup12TypeHolder35aSEOU9MTLdeviceS_,174
operator= -> _ZNU14MTLthreadgroup12TypeHolder35aSEOU14MTLthreadgroupS_,174
operator= -> _ZNU14MTLthreadgroup12TypeHolder35aSEOS_,174
operator= -> _ZN12TypeHolder35aSEOU9MTLdeviceS_,174
operator= -> _ZN12TypeHolder35aSEOU14MTLthreadgroupS_,174
TypeHolder36 -> _ZN12TypeHolder36C1ERKS_,174
TypeHolder36 -> _ZNU14MTLthreadgroup12TypeHolder36C1ERU9MTLdeviceKS_,174
TypeHolder36 -> _ZNU14MTLthreadgroup12TypeHolder36C1ERU14MTLthreadgroupKS_,174
TypeHolder36 -> _ZNU14MTLthreadgroup12TypeHolder36C1ERU11MTLconstantKS_,174
TypeHolder36 -> _ZNU14MTLthreadgroup12TypeHolder36C1ERKS_,174
TypeHolder36 -> _ZNU11MTLconstantK12TypeHolder36C1ERU11MTLconstantKS_,174
TypeHolder36 -> _ZNU11MTLconstantK12TypeHolder36C1ERKS_,174
TypeHolder36 -> _ZN12TypeHolder36C1ERU9MTLdeviceKS_,174
TypeHolder36 -> _ZN12TypeHolder36C1ERU14MTLthreadgroupKS_,174
TypeHolder36 -> _ZN12TypeHolder36C1ERU11MTLconstantKS_,174
TypeHolder36 -> _ZN12TypeHolder36C1EOS_,174
TypeHolder36 -> _ZNU14MTLthreadgroup12TypeHolder36C1EOU9MTLdeviceS_,174
TypeHolder36 -> _ZNU14MTLthreadgroup12TypeHolder36C1EOU14MTLthreadgroupS_,174
TypeHolder36 -> _ZNU14MTLthreadgroup12TypeHolder36C1EOS_,174
TypeHolder36 -> _ZNU11MTLconstantK12TypeHolder36C1EOS_,174
TypeHolder36 -> _ZN12TypeHolder36C1EOU9MTLdeviceS_,174
TypeHolder36 -> _ZN12TypeHolder36C1EOU14MTLthreadgroupS_,174
operator= -> _ZN12TypeHolder36aSEOS_,174
operator= -> _ZNU9MTLdevice12TypeHolder36aSEOU9MTLdeviceS_,174
operator= -> _ZNU9MTLdevice12TypeHolder36aSEOU14MTLthreadgroupS_,174
operator= -> _ZNU9MTLdevice12TypeHolder36aSEOS_,174
operator= -> _ZNU14MTLthreadgroup12TypeHolder36aSEOU9MTLdeviceS_,174
operator= -> _ZNU14MTLthreadgroup12TypeHolder36aSEOU14MTLthreadgroupS_,174
operator= -> _ZNU14MTLthreadgroup12TypeHolder36aSEOS_,174
operator= -> _ZN12TypeHolder36aSEOU9MTLdeviceS_,174
operator= -> _ZN12TypeHolder36aSEOU14MTLthreadgroupS_,174
TypeHolder37 -> _ZN12TypeHolder37C1ERKS_,174
TypeHolder37 -> _ZNU14MTLthreadgroup12TypeHolder37C1ERU9MTLdeviceKS_,174
TypeHolder37 -> _ZNU14MTLthreadgroup12TypeHolder37C1ERU14MTLthreadgroupKS_,174
TypeHolder37 -> _ZNU14MTLthreadgroup12TypeHolder37C1ERU11MTLconstantKS_,174
TypeHolder37 -> _ZNU14MTLthreadgroup12TypeHolder37C1ERKS_,174
TypeHolder37 -> _ZNU11MTLconstantK12TypeHolder37C1ERU11MTLconstantKS_,174
TypeHolder37 -> _ZNU11MTLconstantK12TypeHolder37C1ERKS_,174
TypeHolder37 -> _ZN12TypeHolder37C1ERU9MTLdeviceKS_,174
TypeHolder37 -> _ZN12TypeHolder37C1ERU14MTLthreadgroupKS_,174
TypeHolder37 -> _ZN12TypeHolder37C1ERU11MTLconstantKS_,174
TypeHolder37 -> _ZN12TypeHolder37C1EOS_,174
TypeHolder37 -> _ZNU14MTLthreadgroup12TypeHolder37C1EOU9MTLdeviceS_,174
TypeHolder37 -> _ZNU14MTLthreadgroup12TypeHolder37C1EOU14MTLthreadgroupS_,174
TypeHolder37 -> _ZNU14MTLthreadgroup12TypeHolder37C1EOS_,174
TypeHolder37 -> _ZNU11MTLconstantK12TypeHolder37C1EOS_,174
TypeHolder37 -> _ZN12TypeHolder37C1EOU9MTLdeviceS_,174
TypeHolder37 -> _ZN12TypeHolder37C1EOU14MTLthreadgroupS_,174
operator= -> _ZN12TypeHolder37aSEOS_,174
operator= -> _ZNU9MTLdevice12TypeHolder37aSEOU9MTLdeviceS_,174
operator= -> _ZNU9MTLdevice12TypeHolder37aSEOU14MTLthreadgroupS_,174
operator= -> _ZNU9MTLdevice12TypeHolder37aSEOS_,174
operator= -> _ZNU14MTLthreadgroup12TypeHolder37aSEOU9MTLdeviceS_,174
operator= -> _ZNU14MTLthreadgroup12TypeHolder37aSEOU14MTLthreadgroupS_,174
operator= -> _ZNU14MTLthreadgroup12TypeHolder37aSEOS_,174
operator= -> _ZN12TypeHolder37aSEOU9MTLdeviceS_,174
operator= -> _ZN12TypeHolder37aSEOU14MTLthreadgroupS_,174
TypeHolder38 -> _ZN12TypeHolder38C1ERKS_,174
TypeHolder38 -> _ZNU14MTLthreadgroup12TypeHolder38C1ERU9MTLdeviceKS_,174
TypeHolder38 -> _ZNU14MTLthreadgroup12TypeHolder38C1ERU14MTLthreadgroupKS_,174
TypeHolder38 -> _ZNU14MTLthreadgroup12TypeHolder38C1ERU11MTLconstantKS_,174
TypeHolder38 -> _ZNU14MTLthreadgroup12TypeHolder38C1ERKS_,174
TypeHolder38 -> _ZNU11MTLconstantK12TypeHolder38C1ERU11MTLconstantKS_,174
TypeHolder38 -> _ZNU11MTLconstantK12TypeHolder38C1ERKS_,174
TypeHolder38 -> _ZN12TypeHolder38C1ERU9MTLdeviceKS_,174
TypeHolder38 -> _ZN12TypeHolder38C1ERU14MTLthreadgroupKS_,174
TypeHolder38 -> _ZN12TypeHolder38C1ERU11MTLconstantKS_,174
TypeHolder38 -> _ZN12TypeHolder38C1EOS_,174
TypeHolder38 -> _ZNU14MTLthreadgroup12TypeHolder38C1EOU9MTLdeviceS_,174
TypeHolder38 -> _ZNU14MTLthreadgroup12TypeHolder38C1EOU14MTLthreadgroupS_,174
TypeHolder38 -> _ZNU14MTLthreadgroup12TypeHolder38C1EOS_,174
TypeHolder38 -> _ZNU11MTLconstantK12TypeHolder38C1EOS_,174
TypeHolder38 -> _ZN12TypeHolder38C1EOU9MTLdeviceS_,174
TypeHolder38 -> _ZN12TypeHolder38C1EOU14MTLthreadgroupS_,174
operator= -> _ZN12TypeHolder38aSEOS_,174
operator= -> _ZNU9MTLdevice12TypeHolder38aSEOU9MTLdeviceS_,174
operator= -> _ZNU9MTLdevice12TypeHolder38aSEOU14MTLthreadgroupS_,174
operator= -> _ZNU9MTLdevice12TypeHolder38aSEOS_,174
operator= -> _ZNU14MTLthreadgroup12TypeHolder38aSEOU9MTLdeviceS_,174
operator= -> _ZNU14MTLthreadgroup12TypeHolder38aSEOU14MTLthreadgroupS_,174
operator= -> _ZNU14MTLthreadgroup12TypeHolder38aSEOS_,174
operator= -> _ZN12TypeHolder38aSEOU9MTLdeviceS_,174
operator= -> _ZN12TypeHolder38aSEOU14MTLthreadgroupS_,174
TypeHolder39 -> _ZN12TypeHolder39C1ERKS_,174
TypeHolder39 -> _ZNU14MTLthreadgroup12TypeHolder39C1ERU9MTLdeviceKS_,174
TypeHolder39 -> _ZNU14MTLthreadgroup12TypeHolder39C1ERU14MTLthreadgroupKS_,174
TypeHolder39 -> _ZNU14MTLthreadgroup12TypeHolder39C1ERU11MTLconstantKS_,174
TypeHolder39 -> _ZNU14MTLthreadgroup12TypeHolder39C1ERKS_,174
TypeHolder39 -> _ZNU11MTLconstantK12TypeHolder39C1ERU11MTLconstantKS_,174
TypeHolder39 -> _ZNU11MTLconstantK12TypeHolder39C1ERKS_,174
TypeHolder39 -> _ZN12TypeHolder39C1ERU9MTLdeviceKS_,174
TypeHolder39 -> _ZN12TypeHolder39C1ERU14MTLthreadgroupKS_,174
TypeHolder39 -> _ZN12TypeHolder39C1ERU11MTLconstantKS_,174
TypeHolder39 -> _ZN12TypeHolder39C1EOS_,174
TypeHolder39 -> _ZNU14MTLthreadgroup12TypeHolder39C1EOU9MTLdeviceS_,174
TypeHolder39 -> _ZNU14MTLthreadgroup12TypeHolder39C1EOU14MTLthreadgroupS_,174
TypeHolder39 -> _ZNU14MTLthreadgroup12TypeHolder39C1EOS_,174
TypeHolder39 -> _ZNU11MTLconstantK12TypeHolder39C1EOS_,174
TypeHolder39 -> _ZN12TypeHolder39C1EOU9MTLdeviceS_,174
TypeHolder39 -> _ZN12TypeHolder39C1EOU14MTLthreadgroupS_,174
operator= -> _ZN12TypeHolder39aSEOS_,174
operator= -> _ZNU9MTLdevice12TypeHolder39aSEOU9MTLdeviceS_,174
operator= -> _ZNU9MTLdevice12TypeHolder39aSEOU14MTLthreadgroupS_,174
operator= -> _ZNU9MTLdevice12TypeHolder39aSEOS_,174
operator= -> _ZNU14MTLthreadgroup12TypeHolder39aSEOU9MTLdeviceS_,174
operator= -> _ZNU14MTLthreadgroup12TypeHolder39aSEOU14MTLthreadgroupS_,174
operator= -> _ZNU14MTLthreadgroup12TypeHolder39aSEOS_,174
operator= -> _ZN12TypeHolder39aSEOU9MTLdeviceS_,174
operator= -> _ZN12TypeHolder39aSEOU14MTLthreadgroupS_,174
TypeHolder40 -> _ZN12TypeHolder40C1ERKS_,174
TypeHolder40 -> _ZNU14MTLthreadgroup12TypeHolder40C1ERU9MTLdeviceKS_,174
TypeHolder40 -> _ZNU14MTLthreadgroup12TypeHolder40C1ERU14MTLthreadgroupKS_,174
TypeHolder40 -> _ZNU14MTLthreadgroup12TypeHolder40C1ERU11MTLconstantKS_,174
TypeHolder40 -> _ZNU14MTLthreadgroup12TypeHolder40C1ERKS_,174
TypeHolder40 -> _ZNU11MTLconstantK12TypeHolder40C1ERU11MTLconstantKS_,174
TypeHolder40 -> _ZNU11MTLconstantK12TypeHolder40C1ERKS_,174
TypeHolder40 -> _ZN12TypeHolder40C1ERU9MTLdeviceKS_,174
TypeHolder40 -> _ZN12TypeHolder40C1ERU14MTLthreadgroupKS_,174
TypeHolder40 -> _ZN12TypeHolder40C1ERU11MTLconstantKS_,174
TypeHolder40 -> _ZN12TypeHolder40C1EOS_,174
TypeHolder40 -> _ZNU14MTLthreadgroup12TypeHolder40C1EOU9MTLdeviceS_,174
TypeHolder40 -> _ZNU14MTLthreadgroup12TypeHolder40C1EOU14MTLthreadgroupS_,174
TypeHolder40 -> _ZNU14MTLthreadgroup12TypeHolder40C1EOS_,174
TypeHolder40 -> _ZNU11MTLconstantK12TypeHolder40C1EOS_,174
TypeHolder40 -> _ZN12TypeHolder40C1EOU9MTLdeviceS_,174
TypeHolder40 -> _ZN12TypeHolder40C1EOU14MTLthreadgroupS_,174
operator= -> _ZN12TypeHolder40aSEOS_,174
operator= -> _ZNU9MTLdevice12TypeHolder40aSEOU9MTLdeviceS_,174
operator= -> _ZNU9MTLdevice12TypeHolder40aSEOU14MTLthreadgroupS_,174
operator= -> _ZNU9MTLdevice12TypeHolder40aSEOS_,174
operator= -> _ZNU14MTLthreadgroup12TypeHolder40aSEOU9MTLdeviceS_,174
operator= -> _ZNU14MTLthreadgroup12TypeHolder40aSEOU14MTLthreadgroupS_,174
operator= -> _ZNU14MTLthreadgroup12TypeHolder40aSEOS_,174
operator= -> _ZN12TypeHolder40aSEOU9MTLdeviceS_,174
operator= -> _ZN12TypeHolder40aSEOU14MTLthreadgroupS_,174
TypeHolder41 -> _ZN12TypeHolder41C1ERKS_,174
TypeHolder41 -> _ZNU14MTLthreadgroup12TypeHolder41C1ERU9MTLdeviceKS_,174
TypeHolder41 -> _ZNU14MTLthreadgroup12TypeHolder41C1ERU14MTLthreadgroupKS_,174
TypeHolder41 -> _ZNU14MTLthreadgroup12TypeHolder41C1ERU11MTLconstantKS_,174
TypeHolder41 -> _ZNU14MTLthreadgroup12TypeHolder41C1ERKS_,174
TypeHolder41 -> _ZNU11MTLconstantK12TypeHolder41C1ERU11MTLconstantKS_,174
TypeHolder41 -> _ZNU11MTLconstantK12TypeHolder41C1ERKS_,174
TypeHolder41 -> _ZN12TypeHolder41C1ERU9MTLdeviceKS_,174
TypeHolder41 -> _ZN12TypeHolder41C1ERU14MTLthreadgroupKS_,174
TypeHolder41 -> _ZN12TypeHolder41C1ERU11MTLconstantKS_,174
TypeHolder41 -> _ZN12TypeHolder41C1EOS_,174
TypeHolder41 -> _ZNU14MTLthreadgroup12TypeHolder41C1EOU9MTLdeviceS_,174
TypeHolder41 -> _ZNU14MTLthreadgroup12TypeHolder41C1EOU14MTLthreadgroupS_,174
TypeHolder41 -> _ZNU14MTLthreadgroup12TypeHolder41C1EOS_,174
TypeHolder41 -> _ZNU11MTLconstantK12TypeHolder41C1EOS_,174
TypeHolder41 -> _ZN12TypeHolder41C1EOU9MTLdeviceS_,174
TypeHolder41 -> _ZN12TypeHolder41C1EOU14MTLthreadgroupS_,174
operator= -> _ZN12TypeHolder41aSEOS_,174
operator= -> _ZNU9MTLdevice12TypeHolder41aSEOU9MTLdeviceS_,174
operator= -> _ZNU9MTLdevice12TypeHolder41aSEOU14MTLthreadgroupS_,174
operator= -> _ZNU9MTLdevice12TypeHolder41aSEOS_,174
operator= -> _ZNU14MTLthreadgroup12TypeHolder41aSEOU9MTLdeviceS_,174
operator= -> _ZNU14MTLthreadgroup12TypeHolder41aSEOU14MTLthreadgroupS_,174
operator= -> _ZNU14MTLthreadgroup12TypeHolder41aSEOS_,174
operator= -> _ZN12TypeHolder41aSEOU9MTLdeviceS_,174
operator= -> _ZN12TypeHolder41aSEOU14MTLthreadgroupS_,174
TypeHolder42 -> _ZN12TypeHolder42C1ERKS_,174
TypeHolder42 -> _ZNU14MTLthreadgroup12TypeHolder42C1ERU9MTLdeviceKS_,174
TypeHolder42 -> _ZNU14MTLthreadgroup12TypeHolder42C1ERU14MTLthreadgroupKS_,174
TypeHolder42 -> _ZNU14MTLthreadgroup12TypeHolder42C1ERU11MTLconstantKS_,174
TypeHolder42 -> _ZNU14MTLthreadgroup12TypeHolder42C1ERKS_,174
TypeHolder42 -> _ZNU11MTLconstantK12TypeHolder42C1ERU11MTLconstantKS_,174
TypeHolder42 -> _ZNU11MTLconstantK12TypeHolder42C1ERKS_,174
TypeHolder42 -> _ZN12TypeHolder42C1ERU9MTLdeviceKS_,174
TypeHolder42 -> _ZN12TypeHolder42C1ERU14MTLthreadgroupKS_,174
TypeHolder42 -> _ZN12TypeHolder42C1ERU11MTLconstantKS_,174
TypeHolder42 -> _ZN12TypeHolder42C1EOS_,174
TypeHolder42 -> _ZNU14MTLthreadgroup12TypeHolder42C1EOU9MTLdeviceS_,174
TypeHolder42 -> _ZNU14MTLthreadgroup12TypeHolder42C1EOU14MTLthreadgroupS_,174
TypeHolder42 -> _ZNU14MTLthreadgroup12TypeHolder42C1EOS_,174
TypeHolder42 -> _ZNU11MTLconstantK12TypeHolder42C1EOS_,174
TypeHolder42 -> _ZN12TypeHolder42C1EOU9MTLdeviceS_,174
TypeHolder42 -> _ZN12TypeHolder42C1EOU14MTLthreadgroupS_,174
operator= -> _ZN12TypeHolder42aSEOS_,174
operator= -> _ZNU9MTLdevice12TypeHolder42aSEOU9MTLdeviceS_,174
operator= -> _ZNU9MTLdevice12TypeHolder42aSEOU14MTLthreadgroupS_,174
operator= -> _ZNU9MTLdevice12TypeHolder42aSEOS_,174
operator= -> _ZNU14MTLthreadgroup12TypeHolder42aSEOU9MTLdeviceS_,174
operator= -> _ZNU14MTLthreadgroup12TypeHolder42aSEOU14MTLthreadgroupS_,174
operator= -> _ZNU14MTLthreadgroup12TypeHolder42aSEOS_,174
operator= -> _ZN12TypeHolder42aSEOU9MTLdeviceS_,174
operator= -> _ZN12TypeHolder42aSEOU14MTLthreadgroupS_,174
TypeHolder43 -> _ZN12TypeHolder43C1ERKS_,174
TypeHolder43 -> _ZNU14MTLthreadgroup12TypeHolder43C1ERU9MTLdeviceKS_,174
TypeHolder43 -> _ZNU14MTLthreadgroup12TypeHolder43C1ERU14MTLthreadgroupKS_,174
TypeHolder43 -> _ZNU14MTLthreadgroup12TypeHolder43C1ERU11MTLconstantKS_,174
TypeHolder43 -> _ZNU14MTLthreadgroup12TypeHolder43C1ERKS_,174
TypeHolder43 -> _ZNU11MTLconstantK12TypeHolder43C1ERU11MTLconstantKS_,174
TypeHolder43 -> _ZNU11MTLconstantK12TypeHolder43C1ERKS_,174
TypeHolder43 -> _ZN12TypeHolder43C1ERU9MTLdeviceKS_,174
TypeHolder43 -> _ZN12TypeHolder43C1ERU14MTLthreadgroupKS_,174
TypeHolder43 -> _ZN12TypeHolder43C1ERU11MTLconstantKS_,174
TypeHolder43 -> _ZN12TypeHolder43C1EOS_,174
TypeHolder43 -> _ZNU14MTLthreadgroup12TypeHolder43C1EOU9MTLdeviceS_,174
TypeHolder43 -> _ZNU14MTLthreadgroup12TypeHolder43C1EOU14MTLthreadgroupS_,174
TypeHolder43 -> _ZNU14MTLthreadgroup12TypeHolder43C1EOS_,174
TypeHolder43 -> _ZNU11MTLconstantK12TypeHolder43C1EOS_,174
TypeHolder43 -> _ZN12TypeHolder43C1EOU9MTLdeviceS_,174
TypeHolder43 -> _ZN12TypeHolder43C1EOU14MTLthreadgroupS_,174
operator= -> _ZN12TypeHolder43aSEOS_,174
operator= -> _ZNU9MTLdevice12TypeHolder43aSEOU9MTLdeviceS_,174
operator= -> _ZNU9MTLdevice12TypeHolder43aSEOU14MTLthreadgroupS_,174
operator= -> _ZNU9MTLdevice12TypeHolder43aSEOS_,174
operator= -> _ZNU14MTLthreadgroup12TypeHolder43aSEOU9MTLdeviceS_,174
operator= -> _ZNU14MTLthreadgroup12TypeHolder43aSEOU14MTLthreadgroupS_,174
operator= -> _ZNU14MTLthreadgroup12TypeHolder43aSEOS_,174
operator= -> _ZN12TypeHolder43aSEOU9MTLdeviceS_,174
operator= -> _ZN12TypeHolder43aSEOU14MTLthreadgroupS_,174
TypeHolder44 -> _ZN12TypeHolder44C1ERKS_,174
TypeHolder44 -> _ZNU14MTLthreadgroup12TypeHolder44C1ERU9MTLdeviceKS_,174
TypeHolder44 -> _ZNU14MTLthreadgroup12TypeHolder44C1ERU14MTLthreadgroupKS_,174
TypeHolder44 -> _ZNU14MTLthreadgroup12TypeHolder44C1ERU11MTLconstantKS_,174
TypeHolder44 -> _ZNU14MTLthreadgroup12TypeHolder44C1ERKS_,174
TypeHolder44 -> _ZNU11MTLconstantK12TypeHolder44C1ERU11MTLconstantKS_,174
TypeHolder44 -> _ZNU11MTLconstantK12TypeHolder44C1ERKS_,174
TypeHolder44 -> _ZN12TypeHolder44C1ERU9MTLdeviceKS_,174
TypeHolder44 -> _ZN12TypeHolder44C1ERU14MTLthreadgroupKS_,174
TypeHolder44 -> _ZN12TypeHolder44C1ERU11MTLconstantKS_,174
TypeHolder44 -> _ZN12TypeHolder44C1EOS_,174
TypeHolder44 -> _ZNU14MTLthreadgroup12TypeHolder44C1EOU9MTLdeviceS_,174
TypeHolder44 -> _ZNU14MTLthreadgroup12TypeHolder44C1EOU14MTLthreadgroupS_,174
TypeHolder44 -> _ZNU14MTLthreadgroup12TypeHolder44C1EOS_,174
TypeHolder44 -> _ZNU11MTLconstantK12TypeHolder44C1EOS_,174
TypeHolder44 -> _ZN12TypeHolder44C1EOU9MTLdeviceS_,174
TypeHolder44 -> _ZN12TypeHolder44C1EOU14MTLthreadgroupS_,174
operator= -> _ZN12TypeHolder44aSEOS_,174
operator= -> _ZNU9MTLdevice12TypeHolder44aSEOU9MTLdeviceS_,174
operator= -> _ZNU9MTLdevice12TypeHolder44aSEOU14MTLthreadgroupS_,174
operator= -> _ZNU9MTLdevice12TypeHolder44aSEOS_,174
operator= -> _ZNU14MTLthreadgroup12TypeHolder44aSEOU9MTLdeviceS_,174
operator= -> _ZNU14MTLthreadgroup12TypeHolder44aSEOU14MTLthreadgroupS_,174
operator= -> _ZNU14MTLthreadgroup12TypeHolder44aSEOS_,174
operator= -> _ZN12TypeHolder44aSEOU9MTLdeviceS_,174
operator= -> _ZN12TypeHolder44aSEOU14MTLthreadgroupS_,174
TypeHolder45 -> _ZN12TypeHolder45C1ERKS_,174
TypeHolder45 -> _ZNU14MTLthreadgroup12TypeHolder45C1ERU9MTLdeviceKS_,174
TypeHolder45 -> _ZNU14MTLthreadgroup12TypeHolder45C1ERU14MTLthreadgroupKS_,174
TypeHolder45 -> _ZNU14MTLthreadgroup12TypeHolder45C1ERU11MTLconstantKS_,174
TypeHolder45 -> _ZNU14MTLthreadgroup12TypeHolder45C1ERKS_,174
TypeHolder45 -> _ZNU11MTLconstantK12TypeHolder45C1ERU11MTLconstantKS_,174
TypeHolder45 -> _ZNU11MTLconstantK12TypeHolder45C1ERKS_,174
TypeHolder45 -> _ZN12TypeHolder45C1ERU9MTLdeviceKS_,174
TypeHolder45 -> _ZN12TypeHolder45C1ERU14MTLthreadgroupKS_,174
TypeHolder45 -> _ZN12TypeHolder45C1ERU11MTLconstantKS_,174
TypeHolder45 -> _ZN12TypeHolder45C1EOS_,174
TypeHolder45 -> _ZNU14MTLthreadgroup12TypeHolder45C1EOU9MTLdeviceS_,174
TypeHolder45 -> _ZNU14MTLthreadgroup12TypeHolder45C1EOU14MTLthreadgroupS_,174
TypeHolder45 -> _ZNU14MTLthreadgroup12TypeHolder45C1EOS_,174
TypeHolder45 -> _ZNU11MTLconstantK12TypeHolder45C1EOS_,174
TypeHolder45 -> _ZN12TypeHolder45C1EOU9MTLdeviceS_,174
TypeHolder45 -> _ZN12TypeHolder45C1EOU14MTLthreadgroupS_,174
operator= -> _ZN12TypeHolder45aSEOS_,174
operator= -> _ZNU9MTLdevice12TypeHolder45aSEOU9MTLdeviceS_,174
operator= -> _ZNU9MTLdevice12TypeHolder45aSEOU14MTLthreadgroupS_,174
operator= -> _ZNU9MTLdevice12TypeHolder45aSEOS_,174
operator= -> _ZNU14MTLthreadgroup12TypeHolder45aSEOU9MTLdeviceS_,174
operator= -> _ZNU14MTLthreadgroup12TypeHolder45aSEOU14MTLthreadgroupS_,174
operator= -> _ZNU14MTLthreadgroup12TypeHolder45aSEOS_,174
operator= -> _ZN12TypeHolder45aSEOU9MTLdeviceS_,174
operator= -> _ZN12TypeHolder45aSEOU14MTLthreadgroupS_,174
TypeHolder46 -> _ZN12TypeHolder46C1ERKS_,174
TypeHolder46 -> _ZNU14MTLthreadgroup12TypeHolder46C1ERU9MTLdeviceKS_,174
TypeHolder46 -> _ZNU14MTLthreadgroup12TypeHolder46C1ERU14MTLthreadgroupKS_,174
TypeHolder46 -> _ZNU14MTLthreadgroup12TypeHolder46C1ERU11MTLconstantKS_,174
TypeHolder46 -> _ZNU14MTLthreadgroup12TypeHolder46C1ERKS_,174
TypeHolder46 -> _ZNU11MTLconstantK12TypeHolder46C1ERU11MTLconstantKS_,174
TypeHolder46 -> _ZNU11MTLconstantK12TypeHolder46C1ERKS_,174
TypeHolder46 -> _ZN12TypeHolder46C1ERU9MTLdeviceKS_,174
TypeHolder46 -> _ZN12TypeHolder46C1ERU14MTLthreadgroupKS_,174
TypeHolder46 -> _ZN12TypeHolder46C1ERU11MTLconstantKS_,174
TypeHolder46 -> _ZN12TypeHolder46C1EOS_,174
TypeHolder46 -> _ZNU14MTLthreadgroup12TypeHolder46C1EOU9MTLdeviceS_,174
TypeHolder46 -> _ZNU14MTLthreadgroup12TypeHolder46C1EOU14MTLthreadgroupS_,174
TypeHolder46 -> _ZNU14MTLthreadgroup12TypeHolder46C1EOS_,174
TypeHolder46 -> _ZNU11MTLconstantK12TypeHolder46C1EOS_,174
TypeHolder46 -> _ZN12TypeHolder46C1EOU9MTLdeviceS_,174
TypeHolder46 -> _ZN12TypeHolder46C1EOU14MTLthreadgroupS_,174
operator= -> _ZN12TypeHolder46aSEOS_,174
operator= -> _ZNU9MTLdevice12TypeHolder46aSEOU9MTLdeviceS_,174
operator= -> _ZNU9MTLdevice12TypeHolder46aSEOU14MTLthreadgroupS_,174
operator= -> _ZNU9MTLdevice12TypeHolder46aSEOS_,174
operator= -> _ZNU14MTLthreadgroup12TypeHolder46aSEOU9MTLdeviceS_,174
operator= -> _ZNU14MTLthreadgroup12TypeHolder46aSEOU14MTLthreadgroupS_,174
operator= -> _ZNU14MTLthreadgroup12TypeHolder46aSEOS_,174
operator= -> _ZN12TypeHolder46aSEOU9MTLdeviceS_,174
operator= -> _ZN12TypeHolder46aSEOU14MTLthreadgroupS_,174
TypeHolder47 -> _ZN12TypeHolder47C1ERKS_,174
TypeHolder47 -> _ZNU14MTLthreadgroup12TypeHolder47C1ERU9MTLdeviceKS_,174
TypeHolder47 -> _ZNU14MTLthreadgroup12TypeHolder47C1ERU14MTLthreadgroupKS_,174
TypeHolder47 -> _ZNU14MTLthreadgroup12TypeHolder47C1ERU11MTLconstantKS_,174
TypeHolder47 -> _ZNU14MTLthreadgroup12TypeHolder47C1ERKS_,174
TypeHolder47 -> _ZNU11MTLconstantK12TypeHolder47C1ERU11MTLconstantKS_,174
TypeHolder47 -> _ZNU11MTLconstantK12TypeHolder47C1ERKS_,174
TypeHolder47 -> _ZN12TypeHolder47C1ERU9MTLdeviceKS_,174
TypeHolder47 -> _ZN12TypeHolder47C1ERU14MTLthreadgroupKS_,174
TypeHolder47 -> _ZN12TypeHolder47C1ERU11MTLconstantKS_,174
TypeHolder47 -> _ZN12TypeHolder47C1EOS_,174
TypeHolder47 -> _ZNU14MTLthreadgroup12TypeHolder47C1EOU9MTLdeviceS_,174
TypeHolder47 -> _ZNU14MTLthreadgroup12TypeHolder47C1EOU14MTLthreadgroupS_,174
TypeHolder47 -> _ZNU14MTLthreadgroup12TypeHolder47C1EOS_,174
TypeHolder47 -> _ZNU11MTLconstantK12TypeHolder47C1EOS_,174
TypeHolder47 -> _ZN12TypeHolder47C1EOU9MTLdeviceS_,174
TypeHolder47 -> _ZN12TypeHolder47C1EOU14MTLthreadgroupS_,174
operator= -> _ZN12TypeHolder47aSEOS_,174
operator= -> _ZNU9MTLdevice12TypeHolder47aSEOU9MTLdeviceS_,174
operator= -> _ZNU9MTLdevice12TypeHolder47aSEOU14MTLthreadgroupS_,174
operator= -> _ZNU9MTLdevice12TypeHolder47aSEOS_,174
operator= -> _ZNU14MTLthreadgroup12TypeHolder47aSEOU9MTLdeviceS_,174
operator= -> _ZNU14MTLthreadgroup12TypeHolder47aSEOU14MTLthreadgroupS_,174
operator= -> _ZNU14MTLthreadgroup12TypeHolder47aSEOS_,174
operator= -> _ZN12TypeHolder47aSEOU9MTLdeviceS_,174
operator= -> _ZN12TypeHolder47aSEOU14MTLthreadgroupS_,174
TypeHolder48 -> _ZN12TypeHolder48C1ERKS_,174
TypeHolder48 -> _ZNU14MTLthreadgroup12TypeHolder48C1ERU9MTLdeviceKS_,174
TypeHolder48 -> _ZNU14MTLthreadgroup12TypeHolder48C1ERU14MTLthreadgroupKS_,174
TypeHolder48 -> _ZNU14MTLthreadgroup12TypeHolder48C1ERU11MTLconstantKS_,174
TypeHolder48 -> _ZNU14MTLthreadgroup12TypeHolder48C1ERKS_,174
TypeHolder48 -> _ZNU11MTLconstantK12TypeHolder48C1ERU11MTLconstantKS_,174
TypeHolder48 -> _ZNU11MTLconstantK12TypeHolder48C1ERKS_,174
TypeHolder48 -> _ZN12TypeHolder48C1ERU9MTLdeviceKS_,174
TypeHolder48 -> _ZN12TypeHolder48C1ERU14MTLthreadgroupKS_,174
TypeHolder48 -> _ZN12TypeHolder48C1ERU11MTLconstantKS_,174
TypeHolder48 -> _ZN12TypeHolder48C1EOS_,174
TypeHolder48 -> _ZNU14MTLthreadgroup12TypeHolder48C1EOU9MTLdeviceS_,174
TypeHolder48 -> _ZNU14MTLthreadgroup12TypeHolder48C1EOU14MTLthreadgroupS_,174
TypeHolder48 -> _ZNU14MTLthreadgroup12TypeHolder48C1EOS_,174
TypeHolder48 -> _ZNU11MTLconstantK12TypeHolder48C1EOS_,174
TypeHolder48 -> _ZN12TypeHolder48C1EOU9MTLdeviceS_,174
TypeHolder48 -> _ZN12TypeHolder48C1EOU14MTLthreadgroupS_,174
operator= -> _ZN12TypeHolder48aSEOS_,174
operator= -> _ZNU9MTLdevice12TypeHolder48aSEOU9MTLdeviceS_,174
operator= -> _ZNU9MTLdevice12TypeHolder48aSEOU14MTLthreadgroupS_,174
operator= -> _ZNU9MTLdevice12TypeHolder48aSEOS_,174
operator= -> _ZNU14MTLthreadgroup12TypeHolder48aSEOU9MTLdeviceS_,174
operator= -> _ZNU14MTLthreadgroup12TypeHolder48aSEOU14MTLthreadgroupS_,174
operator= -> _ZNU14MTLthreadgroup12TypeHolder48aSEOS_,174
operator= -> _ZN12TypeHolder48aSEOU9MTLdeviceS_,174
operator= -> _ZN12TypeHolder48aSEOU14MTLthreadgroupS_,174
TypeHolder49 -> _ZN12TypeHolder49C1ERKS_,174
TypeHolder49 -> _ZNU14MTLthreadgroup12TypeHolder49C1ERU9MTLdeviceKS_,174
TypeHolder49 -> _ZNU14MTLthreadgroup12TypeHolder49C1ERU14MTLthreadgroupKS_,174
TypeHolder49 -> _ZNU14MTLthreadgroup12TypeHolder49C1ERU11MTLconstantKS_,174
TypeHolder49 -> _ZNU14MTLthreadgroup12TypeHolder49C1ERKS_,174
TypeHolder49 -> _ZNU11MTLconstantK12TypeHolder49C1ERU11MTLconstantKS_,174
TypeHolder49 -> _ZNU11MTLconstantK12TypeHolder49C1ERKS_,174
TypeHolder49 -> _ZN12TypeHolder49C1ERU9MTLdeviceKS_,174
TypeHolder49 -> _ZN12TypeHolder49C1ERU14MTLthreadgroupKS_,174
TypeHolder49 -> _ZN12TypeHolder49C1ERU11MTLconstantKS_,174
TypeHolder49 -> _ZN12TypeHolder49C1EOS_,174
TypeHolder49 -> _ZNU14MTLthreadgroup12TypeHolder49C1EOU9MTLdeviceS_,174
TypeHolder49 -> _ZNU14MTLthreadgroup12TypeHolder49C1EOU14MTLthreadgroupS_,174
TypeHolder49 -> _ZNU14MTLthreadgroup12TypeHolder49C1EOS_,174
TypeHolder49 -> _ZNU11MTLconstantK12TypeHolder49C1EOS_,174
TypeHolder49 -> _ZN12TypeHolder49C1EOU9MTLdeviceS_,174
TypeHolder49 -> _ZN12TypeHolder49C1EOU14MTLthreadgroupS_,174
operator= -> _ZN12TypeHolder49aSEOS_,174
operator= -> _ZNU9MTLdevice12TypeHolder49aSEOU9MTLdeviceS_,174
operator= -> _ZNU9MTLdevice12TypeHolder49aSEOU14MTLthreadgroupS_,174
operator= -> _ZNU9MTLdevice12TypeHolder49aSEOS_,174
operator= -> _ZNU14MTLthreadgroup12TypeHolder49aSEOU9MTLdeviceS_,174
operator= -> _ZNU14MTLthreadgroup12TypeHolder49aSEOU14MTLthreadgroupS_,174
operator= -> _ZNU14MTLthreadgroup12TypeHolder49aSEOS_,174
operator= -> _ZN12TypeHolder49aSEOU9MTLdeviceS_,174
operator= -> _ZN12TypeHolder49aSEOU14MTLthreadgroupS_,174
TypeHolder50 -> _ZN12TypeHolder50C1ERKS_,174
TypeHolder50 -> _ZNU14MTLthreadgroup12TypeHolder50C1ERU9MTLdeviceKS_,174
TypeHolder50 -> _ZNU14MTLthreadgroup12TypeHolder50C1ERU14MTLthreadgroupKS_,174
TypeHolder50 -> _ZNU14MTLthreadgroup12TypeHolder50C1ERU11MTLconstantKS_,174
TypeHolder50 -> _ZNU14MTLthreadgroup12TypeHolder50C1ERKS_,174
TypeHolder50 -> _ZNU11MTLconstantK12TypeHolder50C1ERU11MTLconstantKS_,174
TypeHolder50 -> _ZNU11MTLconstantK12TypeHolder50C1ERKS_,174
TypeHolder50 -> _ZN12TypeHolder50C1ERU9MTLdeviceKS_,174
TypeHolder50 -> _ZN12TypeHolder50C1ERU14MTLthreadgroupKS_,174
TypeHolder50 -> _ZN12TypeHolder50C1ERU11MTLconstantKS_,174
TypeHolder50 -> _ZN12TypeHolder50C1EOS_,174
TypeHolder50 -> _ZNU14MTLthreadgroup12TypeHolder50C1EOU9MTLdeviceS_,174
TypeHolder50 -> _ZNU14MTLthreadgroup12TypeHolder50C1EOU14MTLthreadgroupS_,174
TypeHolder50 -> _ZNU14MTLthreadgroup12TypeHolder50C1EOS_,174
TypeHolder50 -> _ZNU11MTLconstantK12TypeHolder50C1EOS_,174
TypeHolder50 -> _ZN12TypeHolder50C1EOU9MTLdeviceS_,174
TypeHolder50 -> _ZN12TypeHolder50C1EOU14MTLthreadgroupS_,174
operator= -> _ZN12TypeHolder50aSEOS_,174
operator= -> _ZNU9MTLdevice12TypeHolder50aSEOU9MTLdeviceS_,174
operator= -> _ZNU9MTLdevice12TypeHolder50aSEOU14MTLthreadgroupS_,174
operator= -> _ZNU9MTLdevice12TypeHolder50aSEOS_,174
operator= -> _ZNU14MTLthreadgroup12TypeHolder50aSEOU9MTLdeviceS_,174
operator= -> _ZNU14MTLthreadgroup12TypeHolder50aSEOU14MTLthreadgroupS_,174
operator= -> _ZNU14MTLthreadgroup12TypeHolder50aSEOS_,174
operator= -> _ZN12TypeHolder50aSEOU9MTLdeviceS_,174
operator= -> _ZN12TypeHolder50aSEOU14MTLthreadgroupS_,174
ArgBufArr -> _ZN9ArgBufArrC1ERKS_,172
ArgBufArr -> _ZNU14MTLthreadgroup9ArgBufArrC1ERU9MTLdeviceKS_,172
ArgBufArr -> _ZNU14MTLthreadgroup9ArgBufArrC1ERU14MTLthreadgroupKS_,172
ArgBufArr -> _ZNU14MTLthreadgroup9ArgBufArrC1ERU11MTLconstantKS_,172
ArgBufArr -> _ZNU14MTLthreadgroup9ArgBufArrC1ERKS_,172
ArgBufArr -> _ZNU11MTLconstantK9ArgBufArrC1ERU11MTLconstantKS_,172
ArgBufArr -> _ZNU11MTLconstantK9ArgBufArrC1ERKS_,172
ArgBufArr -> _ZN9ArgBufArrC1ERU9MTLdeviceKS_,172
ArgBufArr -> _ZN9ArgBufArrC1ERU14MTLthreadgroupKS_,172
ArgBufArr -> _ZN9ArgBufArrC1ERU11MTLconstantKS_,172
ArgBufArr -> _ZN9ArgBufArrC1EOS_,172
ArgBufArr -> _ZNU14MTLthreadgroup9ArgBufArrC1EOU9MTLdeviceS_,172
ArgBufArr -> _ZNU14MTLthreadgroup9ArgBufArrC1EOU14MTLthreadgroupS_,172
ArgBufArr -> _ZNU14MTLthreadgroup9ArgBufArrC1EOS_,172
ArgBufArr -> _ZNU11MTLconstantK9ArgBufArrC1EOS_,172
ArgBufArr -> _ZN9ArgBufArrC1EOU9MTLdeviceS_,172
ArgBufArr -> _ZN9ArgBufArrC1EOU14MTLthreadgroupS_,172
operator= -> _ZN9ArgBufArraSERKS_,172
operator= -> _ZNU9MTLdevice9ArgBufArraSERU9MTLdeviceKS_,172
operator= -> _ZNU9MTLdevice9ArgBufArraSERU14MTLthreadgroupKS_,172
operator= -> _ZNU9MTLdevice9ArgBufArraSERU11MTLconstantKS_,172
operator= -> _ZNU9MTLdevice9ArgBufArraSERKS_,172
operator= -> _ZNU14MTLthreadgroup9ArgBufArraSERU9MTLdeviceKS_,172
operator= -> _ZNU14MTLthreadgroup9ArgBufArraSERU14MTLthreadgroupKS_,172
operator= -> _ZNU14MTLthreadgroup9ArgBufArraSERU11MTLconstantKS_,172
operator= -> _ZNU14MTLthreadgroup9ArgBufArraSERKS_,172
operator= -> _ZN9ArgBufArraSERU9MTLdeviceKS_,172
operator= -> _ZN9ArgBufArraSERU14MTLthreadgroupKS_,172
operator= -> _ZN9ArgBufArraSERU11MTLconstantKS_,172
operator= -> _ZN9ArgBufArraSEOS_,172
operator= -> _ZNU9MTLdevice9ArgBufArraSEOU9MTLdeviceS_,172
operator= -> _ZNU9MTLdevice9ArgBufArraSEOU14MTLthreadgroupS_,172
operator= -> _ZNU9MTLdevice9ArgBufArraSEOS_,172
operator= -> _ZNU14MTLthreadgroup9ArgBufArraSEOU9MTLdeviceS_,172
operator= -> _ZNU14MTLthreadgroup9ArgBufArraSEOU14MTLthreadgroupS_,172
operator= -> _ZNU14MTLthreadgroup9ArgBufArraSEOS_,172
operator= -> _ZN9ArgBufArraSEOU9MTLdeviceS_,172
operator= -> _ZN9ArgBufArraSEOU14MTLthreadgroupS_,172
AbiStruct -> _ZNU14MTLthreadgroup9AbiStructC1ERU24MTLthreadgroupimageblockKS_,156
AbiStruct -> _ZN9AbiStructC1ERU24MTLthreadgroupimageblockKS_,156
AbiStruct -> _ZNU14MTLthreadgroup9AbiStructC1EOU24MTLthreadgroupimageblockS_,156
AbiStruct -> _ZN9AbiStructC1EOU24MTLthreadgroupimageblockS_,156
operator= -> _ZNU9MTLdevice9AbiStructaSEOU24MTLthreadgroupimageblockS_,156
operator= -> _ZNU14MTLthreadgroup9AbiStructaSEOU24MTLthreadgroupimageblockS_,156
operator= -> _ZNU24MTLthreadgroupimageblock9AbiStructaSEOU9MTLdeviceS_,156
operator= -> _ZNU24MTLthreadgroupimageblock9AbiStructaSEOU14MTLthreadgroupS_,156
operator= -> _ZNU24MTLthreadgroupimageblock9AbiStructaSEOU24MTLthreadgroupimageblockS_,156
operator= -> _ZNU24MTLthreadgroupimageblock9AbiStructaSEOS_,156
operator= -> _ZN9AbiStructaSEOU24MTLthreadgroupimageblockS_,156
AddressBox -> _ZNU14MTLthreadgroup10AddressBoxC1ERU24MTLthreadgroupimageblockKS_,156
AddressBox -> _ZN10AddressBoxC1ERU24MTLthreadgroupimageblockKS_,156
AddressBox -> _ZNU14MTLthreadgroup10AddressBoxC1EOU24MTLthreadgroupimageblockS_,156
AddressBox -> _ZN10AddressBoxC1EOU24MTLthreadgroupimageblockS_,156
ArgBufArr -> _ZNU14MTLthreadgroup9ArgBufArrC1ERU24MTLthreadgroupimageblockKS_,156
ArgBufArr -> _ZN9ArgBufArrC1ERU24MTLthreadgroupimageblockKS_,156
ArgBufArr -> _ZNU14MTLthreadgroup9ArgBufArrC1EOU24MTLthreadgroupimageblockS_,156
ArgBufArr -> _ZN9ArgBufArrC1EOU24MTLthreadgroupimageblockS_,156
operator= -> _ZNU9MTLdevice9ArgBufArraSERU24MTLthreadgroupimageblockKS_,156
operator= -> _ZNU14MTLthreadgroup9ArgBufArraSERU24MTLthreadgroupimageblockKS_,156
operator= -> _ZNU24MTLthreadgroupimageblock9ArgBufArraSERU9MTLdeviceKS_,156
operator= -> _ZNU24MTLthreadgroupimageblock9ArgBufArraSERU14MTLthreadgroupKS_,156
operator= -> _ZNU24MTLthreadgroupimageblock9ArgBufArraSERU11MTLconstantKS_,156
operator= -> _ZNU24MTLthreadgroupimageblock9ArgBufArraSERU24MTLthreadgroupimageblockKS_,156
operator= -> _ZNU24MTLthreadgroupimageblock9ArgBufArraSERKS_,156
operator= -> _ZN9ArgBufArraSERU24MTLthreadgroupimageblockKS_,156
operator= -> _ZNU9MTLdevice9ArgBufArraSEOU24MTLthreadgroupimageblockS_,156
operator= -> _ZNU14MTLthreadgroup9ArgBufArraSEOU24MTLthreadgroupimageblockS_,156
operator= -> _ZNU24MTLthreadgroupimageblock9ArgBufArraSEOU9MTLdeviceS_,156
operator= -> _ZNU24MTLthreadgroupimageblock9ArgBufArraSEOU14MTLthreadgroupS_,156
operator= -> _ZNU24MTLthreadgroupimageblock9ArgBufArraSEOU24MTLthreadgroupimageblockS_,156
operator= -> _ZNU24MTLthreadgroupimageblock9ArgBufArraSEOS_,156
operator= -> _ZN9ArgBufArraSEOU24MTLthreadgroupimageblockS_,156
NestedLayout -> _ZNU14MTLthreadgroup12NestedLayoutC1ERU24MTLthreadgroupimageblockKS_,156
NestedLayout -> _ZN12NestedLayoutC1ERU24MTLthreadgroupimageblockKS_,156
NestedLayout -> _ZNU14MTLthreadgroup12NestedLayoutC1EOU24MTLthreadgroupimageblockS_,156
NestedLayout -> _ZN12NestedLayoutC1EOU24MTLthreadgroupimageblockS_,156
operator= -> _ZNU9MTLdevice4BaseaSERU24MTLthreadgroupimageblockKS_,156
operator= -> _ZNU14MTLthreadgroup4BaseaSERU24MTLthreadgroupimageblockKS_,156
operator= -> _ZNU24MTLthreadgroupimageblock4BaseaSERU9MTLdeviceKS_,156
operator= -> _ZNU24MTLthreadgroupimageblock4BaseaSERU14MTLthreadgroupKS_,156
operator= -> _ZNU24MTLthreadgroupimageblock4BaseaSERU11MTLconstantKS_,156
operator= -> _ZNU24MTLthreadgroupimageblock4BaseaSERU24MTLthreadgroupimageblockKS_,156
operator= -> _ZNU24MTLthreadgroupimageblock4BaseaSERKS_,156
operator= -> _ZN4BaseaSERU24MTLthreadgroupimageblockKS_,156
Derived -> _ZNU14MTLthreadgroup7DerivedC1ERU24MTLthreadgroupimageblockKS_,156
Derived -> _ZN7DerivedC1ERU24MTLthreadgroupimageblockKS_,156
Derived -> _ZNU14MTLthreadgroup7DerivedC1EOU24MTLthreadgroupimageblockS_,156
Derived -> _ZN7DerivedC1EOU24MTLthreadgroupimageblockS_,156
S -> _ZNU14MTLthreadgroup1SC1ERU24MTLthreadgroupimageblockKS_,156
S -> _ZN1SC1ERU24MTLthreadgroupimageblockKS_,156
S -> _ZNU14MTLthreadgroup1SC1EOU24MTLthreadgroupimageblockS_,156
S -> _ZN1SC1EOU24MTLthreadgroupimageblockS_,156
VO -> _ZNU14MTLthreadgroup2VOC1ERU24MTLthreadgroupimageblockKS_,156
VO -> _ZN2VOC1ERU24MTLthreadgroupimageblockKS_,156
VO -> _ZNU14MTLthreadgroup2VOC1EOU24MTLthreadgroupimageblockS_,156
VO -> _ZN2VOC1EOU24MTLthreadgroupimageblockS_,156
VOut -> _ZNU14MTLthreadgroup4VOutC1ERU24MTLthreadgroupimageblockKS_,156
VOut -> _ZN4VOutC1ERU24MTLthreadgroupimageblockKS_,156
VOut -> _ZNU14MTLthreadgroup4VOutC1EOU24MTLthreadgroupimageblockS_,156
VOut -> _ZN4VOutC1EOU24MTLthreadgroupimageblockS_,156
IoVertexOut -> _ZNU14MTLthreadgroup11IoVertexOutC1ERU24MTLthreadgroupimageblockKS_,156
IoVertexOut -> _ZN11IoVertexOutC1ERU24MTLthreadgroupimageblockKS_,156
IoVertexOut -> _ZNU14MTLthreadgroup11IoVertexOutC1EOU24MTLthreadgroupimageblockS_,156
IoVertexOut -> _ZN11IoVertexOutC1EOU24MTLthreadgroupimageblockS_,156
IoFragOutA -> _ZNU14MTLthreadgroup10IoFragOutAC1ERU24MTLthreadgroupimageblockKS_,156
IoFragOutA -> _ZN10IoFragOutAC1ERU24MTLthreadgroupimageblockKS_,156
IoFragOutA -> _ZNU14MTLthreadgroup10IoFragOutAC1EOU24MTLthreadgroupimageblockS_,156
IoFragOutA -> _ZN10IoFragOutAC1EOU24MTLthreadgroupimageblockS_,156
IoFragOutG -> _ZNU14MTLthreadgroup10IoFragOutGC1ERU24MTLthreadgroupimageblockKS_,156
IoFragOutG -> _ZN10IoFragOutGC1ERU24MTLthreadgroupimageblockKS_,156
IoFragOutG -> _ZNU14MTLthreadgroup10IoFragOutGC1EOU24MTLthreadgroupimageblockS_,156
IoFragOutG -> _ZN10IoFragOutGC1EOU24MTLthreadgroupimageblockS_,156
IoFragOutL -> _ZNU14MTLthreadgroup10IoFragOutLC1ERU24MTLthreadgroupimageblockKS_,156
IoFragOutL -> _ZN10IoFragOutLC1ERU24MTLthreadgroupimageblockKS_,156
IoFragOutL -> _ZNU14MTLthreadgroup10IoFragOutLC1EOU24MTLthreadgroupimageblockS_,156
IoFragOutL -> _ZN10IoFragOutLC1EOU24MTLthreadgroupimageblockS_,156
OpBox -> _ZNU14MTLthreadgroup5OpBoxC1ERU24MTLthreadgroupimageblockKS_,156
OpBox -> _ZN5OpBoxC1ERU24MTLthreadgroupimageblockKS_,156
OpBox -> _ZNU14MTLthreadgroup5OpBoxC1EOU24MTLthreadgroupimageblockS_,156
OpBox -> _ZN5OpBoxC1EOU24MTLthreadgroupimageblockS_,156
ArrayBox -> _ZNU14MTLthreadgroup8ArrayBoxIDv4_fLj2EEC1ERU24MTLthreadgroupimageblockKS1_,156
ArrayBox -> _ZN8ArrayBoxIDv4_fLj2EEC1ERU24MTLthreadgroupimageblockKS1_,156
ArrayBox -> _ZNU14MTLthreadgroup8ArrayBoxIDv4_fLj2EEC1EOU24MTLthreadgroupimageblockS1_,156
ArrayBox -> _ZN8ArrayBoxIDv4_fLj2EEC1EOU24MTLthreadgroupimageblockS1_,156
U -> _ZNU14MTLthreadgroup1UC1ERU24MTLthreadgroupimageblockKS_,156
U -> _ZN1UC1ERU24MTLthreadgroupimageblockKS_,156
U -> _ZNU14MTLthreadgroup1UC1EOU24MTLthreadgroupimageblockS_,156
U -> _ZN1UC1EOU24MTLthreadgroupimageblockS_,156
id_template -> _Z11id_templateIjET_S0_,148
AbiStruct -> _ZNU14MTLthreadgroup9AbiStructC1ERU10MTLraydataKS_,120
AbiStruct -> _ZNU10MTLraydata9AbiStructC1ERU9MTLdeviceKS_,120
AbiStruct -> _ZNU10MTLraydata9AbiStructC1ERU14MTLthreadgroupKS_,120
AbiStruct -> _ZNU10MTLraydata9AbiStructC1ERU11MTLconstantKS_,120
AbiStruct -> _ZNU10MTLraydata9AbiStructC1ERU24MTLthreadgroupimageblockKS_,120
AbiStruct -> _ZNU10MTLraydata9AbiStructC1ERU10MTLraydataKS_,120
AbiStruct -> _ZNU10MTLraydata9AbiStructC1ERKS_,120
AbiStruct -> _ZN9AbiStructC1ERU10MTLraydataKS_,120
AbiStruct -> _ZNU14MTLthreadgroup9AbiStructC1EOU10MTLraydataS_,120
AbiStruct -> _ZNU10MTLraydata9AbiStructC1EOU9MTLdeviceS_,120
AbiStruct -> _ZNU10MTLraydata9AbiStructC1EOU14MTLthreadgroupS_,120
AbiStruct -> _ZNU10MTLraydata9AbiStructC1EOU24MTLthreadgroupimageblockS_,120
AbiStruct -> _ZNU10MTLraydata9AbiStructC1EOU10MTLraydataS_,120
AbiStruct -> _ZNU10MTLraydata9AbiStructC1EOS_,120
AbiStruct -> _ZN9AbiStructC1EOU10MTLraydataS_,120
operator= -> _ZNU9MTLdevice9AbiStructaSEOU10MTLraydataS_,120
operator= -> _ZNU14MTLthreadgroup9AbiStructaSEOU10MTLraydataS_,120
operator= -> _ZNU24MTLthreadgroupimageblock9AbiStructaSEOU10MTLraydataS_,120
operator= -> _ZNU10MTLraydata9AbiStructaSEOU9MTLdeviceS_,120
operator= -> _ZNU10MTLraydata9AbiStructaSEOU14MTLthreadgroupS_,120
operator= -> _ZNU10MTLraydata9AbiStructaSEOU24MTLthreadgroupimageblockS_,120
operator= -> _ZNU10MTLraydata9AbiStructaSEOU10MTLraydataS_,120
operator= -> _ZNU10MTLraydata9AbiStructaSEOS_,120
operator= -> _ZN9AbiStructaSEOU10MTLraydataS_,120
AddressBox -> _ZNU10MTLraydata10AddressBoxC1Ev,120
AddressBox -> _ZNU14MTLthreadgroup10AddressBoxC1ERU10MTLraydataKS_,120
AddressBox -> _ZNU10MTLraydata10AddressBoxC1ERU9MTLdeviceKS_,120
AddressBox -> _ZNU10MTLraydata10AddressBoxC1ERU14MTLthreadgroupKS_,120
AddressBox -> _ZNU10MTLraydata10AddressBoxC1ERU11MTLconstantKS_,120
AddressBox -> _ZNU10MTLraydata10AddressBoxC1ERU24MTLthreadgroupimageblockKS_,120
AddressBox -> _ZNU10MTLraydata10AddressBoxC1ERU10MTLraydataKS_,120
AddressBox -> _ZNU10MTLraydata10AddressBoxC1ERKS_,120
AddressBox -> _ZN10AddressBoxC1ERU10MTLraydataKS_,120
AddressBox -> _ZNU14MTLthreadgroup10AddressBoxC1EOU10MTLraydataS_,120
AddressBox -> _ZNU10MTLraydata10AddressBoxC1EOU9MTLdeviceS_,120
AddressBox -> _ZNU10MTLraydata10AddressBoxC1EOU14MTLthreadgroupS_,120
AddressBox -> _ZNU10MTLraydata10AddressBoxC1EOU24MTLthreadgroupimageblockS_,120
AddressBox -> _ZNU10MTLraydata10AddressBoxC1EOU10MTLraydataS_,120
AddressBox -> _ZNU10MTLraydata10AddressBoxC1EOS_,120
AddressBox -> _ZN10AddressBoxC1EOU10MTLraydataS_,120
RayPayload -> _ZN10RayPayloadC1ERKS_,120
RayPayload -> _ZNU14MTLthreadgroup10RayPayloadC1ERU9MTLdeviceKS_,120
RayPayload -> _ZNU14MTLthreadgroup10RayPayloadC1ERU14MTLthreadgroupKS_,120
RayPayload -> _ZNU14MTLthreadgroup10RayPayloadC1ERU11MTLconstantKS_,120
RayPayload -> _ZNU14MTLthreadgroup10RayPayloadC1ERU24MTLthreadgroupimageblockKS_,120
RayPayload -> _ZNU14MTLthreadgroup10RayPayloadC1ERU10MTLraydataKS_,120
RayPayload -> _ZNU14MTLthreadgroup10RayPayloadC1ERKS_,120
RayPayload -> _ZNU11MTLconstantK10RayPayloadC1ERU11MTLconstantKS_,120
RayPayload -> _ZNU11MTLconstantK10RayPayloadC1ERKS_,120
RayPayload -> _ZNU10MTLraydata10RayPayloadC1ERU9MTLdeviceKS_,120
RayPayload -> _ZNU10MTLraydata10RayPayloadC1ERU14MTLthreadgroupKS_,120
RayPayload -> _ZNU10MTLraydata10RayPayloadC1ERU11MTLconstantKS_,120
RayPayload -> _ZNU10MTLraydata10RayPayloadC1ERU24MTLthreadgroupimageblockKS_,120
RayPayload -> _ZNU10MTLraydata10RayPayloadC1ERU10MTLraydataKS_,120
RayPayload -> _ZNU10MTLraydata10RayPayloadC1ERKS_,120
RayPayload -> _ZN10RayPayloadC1ERU9MTLdeviceKS_,120
RayPayload -> _ZN10RayPayloadC1ERU14MTLthreadgroupKS_,120
RayPayload -> _ZN10RayPayloadC1ERU11MTLconstantKS_,120
RayPayload -> _ZN10RayPayloadC1ERU24MTLthreadgroupimageblockKS_,120
RayPayload -> _ZN10RayPayloadC1ERU10MTLraydataKS_,120
RayPayload -> _ZN10RayPayloadC1EOS_,120
RayPayload -> _ZNU14MTLthreadgroup10RayPayloadC1EOU9MTLdeviceS_,120
RayPayload -> _ZNU14MTLthreadgroup10RayPayloadC1EOU14MTLthreadgroupS_,120
RayPayload -> _ZNU14MTLthreadgroup10RayPayloadC1EOU24MTLthreadgroupimageblockS_,120
RayPayload -> _ZNU14MTLthreadgroup10RayPayloadC1EOU10MTLraydataS_,120
RayPayload -> _ZNU14MTLthreadgroup10RayPayloadC1EOS_,120
RayPayload -> _ZNU11MTLconstantK10RayPayloadC1EOS_,120
RayPayload -> _ZNU10MTLraydata10RayPayloadC1EOU9MTLdeviceS_,120
RayPayload -> _ZNU10MTLraydata10RayPayloadC1EOU14MTLthreadgroupS_,120
RayPayload -> _ZNU10MTLraydata10RayPayloadC1EOU24MTLthreadgroupimageblockS_,120
RayPayload -> _ZNU10MTLraydata10RayPayloadC1EOU10MTLraydataS_,120
RayPayload -> _ZNU10MTLraydata10RayPayloadC1EOS_,120
RayPayload -> _ZN10RayPayloadC1EOU9MTLdeviceS_,120
RayPayload -> _ZN10RayPayloadC1EOU14MTLthreadgroupS_,120
RayPayload -> _ZN10RayPayloadC1EOU24MTLthreadgroupimageblockS_,120
RayPayload -> _ZN10RayPayloadC1EOU10MTLraydataS_,120
operator= -> _ZN10RayPayloadaSERKS_,120
operator= -> _ZNU9MTLdevice10RayPayloadaSERU9MTLdeviceKS_,120
operator= -> _ZNU9MTLdevice10RayPayloadaSERU14MTLthreadgroupKS_,120
operator= -> _ZNU9MTLdevice10RayPayloadaSERU11MTLconstantKS_,120
operator= -> _ZNU9MTLdevice10RayPayloadaSERU24MTLthreadgroupimageblockKS_,120
operator= -> _ZNU9MTLdevice10RayPayloadaSERU10MTLraydataKS_,120
operator= -> _ZNU9MTLdevice10RayPayloadaSERKS_,120
operator= -> _ZNU14MTLthreadgroup10RayPayloadaSERU9MTLdeviceKS_,120
operator= -> _ZNU14MTLthreadgroup10RayPayloadaSERU14MTLthreadgroupKS_,120
operator= -> _ZNU14MTLthreadgroup10RayPayloadaSERU11MTLconstantKS_,120
operator= -> _ZNU14MTLthreadgroup10RayPayloadaSERU24MTLthreadgroupimageblockKS_,120
operator= -> _ZNU14MTLthreadgroup10RayPayloadaSERU10MTLraydataKS_,120
operator= -> _ZNU14MTLthreadgroup10RayPayloadaSERKS_,120
operator= -> _ZNU24MTLthreadgroupimageblock10RayPayloadaSERU9MTLdeviceKS_,120
operator= -> _ZNU24MTLthreadgroupimageblock10RayPayloadaSERU14MTLthreadgroupKS_,120
operator= -> _ZNU24MTLthreadgroupimageblock10RayPayloadaSERU11MTLconstantKS_,120
operator= -> _ZNU24MTLthreadgroupimageblock10RayPayloadaSERU24MTLthreadgroupimageblockKS_,120
operator= -> _ZNU24MTLthreadgroupimageblock10RayPayloadaSERU10MTLraydataKS_,120
operator= -> _ZNU24MTLthreadgroupimageblock10RayPayloadaSERKS_,120
operator= -> _ZNU10MTLraydata10RayPayloadaSERU9MTLdeviceKS_,120
operator= -> _ZNU10MTLraydata10RayPayloadaSERU14MTLthreadgroupKS_,120
operator= -> _ZNU10MTLraydata10RayPayloadaSERU11MTLconstantKS_,120
operator= -> _ZNU10MTLraydata10RayPayloadaSERU24MTLthreadgroupimageblockKS_,120
operator= -> _ZNU10MTLraydata10RayPayloadaSERU10MTLraydataKS_,120
operator= -> _ZNU10MTLraydata10RayPayloadaSERKS_,120
operator= -> _ZN10RayPayloadaSERU9MTLdeviceKS_,120
operator= -> _ZN10RayPayloadaSERU14MTLthreadgroupKS_,120
operator= -> _ZN10RayPayloadaSERU11MTLconstantKS_,120
operator= -> _ZN10RayPayloadaSERU24MTLthreadgroupimageblockKS_,120
operator= -> _ZN10RayPayloadaSERU10MTLraydataKS_,120
operator= -> _ZN10RayPayloadaSEOS_,120
operator= -> _ZNU9MTLdevice10RayPayloadaSEOU9MTLdeviceS_,120
operator= -> _ZNU9MTLdevice10RayPayloadaSEOU14MTLthreadgroupS_,120
operator= -> _ZNU9MTLdevice10RayPayloadaSEOU24MTLthreadgroupimageblockS_,120
operator= -> _ZNU9MTLdevice10RayPayloadaSEOU10MTLraydataS_,120
operator= -> _ZNU9MTLdevice10RayPayloadaSEOS_,120
operator= -> _ZNU14MTLthreadgroup10RayPayloadaSEOU9MTLdeviceS_,120
operator= -> _ZNU14MTLthreadgroup10RayPayloadaSEOU14MTLthreadgroupS_,120
operator= -> _ZNU14MTLthreadgroup10RayPayloadaSEOU24MTLthreadgroupimageblockS_,120
operator= -> _ZNU14MTLthreadgroup10RayPayloadaSEOU10MTLraydataS_,120
operator= -> _ZNU14MTLthreadgroup10RayPayloadaSEOS_,120
operator= -> _ZNU24MTLthreadgroupimageblock10RayPayloadaSEOU9MTLdeviceS_,120
operator= -> _ZNU24MTLthreadgroupimageblock10RayPayloadaSEOU14MTLthreadgroupS_,120
operator= -> _ZNU24MTLthreadgroupimageblock10RayPayloadaSEOU24MTLthreadgroupimageblockS_,120
operator= -> _ZNU24MTLthreadgroupimageblock10RayPayloadaSEOU10MTLraydataS_,120
operator= -> _ZNU24MTLthreadgroupimageblock10RayPayloadaSEOS_,120
operator= -> _ZNU10MTLraydata10RayPayloadaSEOU9MTLdeviceS_,120
operator= -> _ZNU10MTLraydata10RayPayloadaSEOU14MTLthreadgroupS_,120
operator= -> _ZNU10MTLraydata10RayPayloadaSEOU24MTLthreadgroupimageblockS_,120
operator= -> _ZNU10MTLraydata10RayPayloadaSEOU10MTLraydataS_,120
operator= -> _ZNU10MTLraydata10RayPayloadaSEOS_,120
operator= -> _ZN10RayPayloadaSEOU9MTLdeviceS_,120
operator= -> _ZN10RayPayloadaSEOU14MTLthreadgroupS_,120
operator= -> _ZN10RayPayloadaSEOU24MTLthreadgroupimageblockS_,120
operator= -> _ZN10RayPayloadaSEOU10MTLraydataS_,120
~RayPayload -> _ZN10RayPayloadD1Ev,120
ArgBufArr -> _ZNU14MTLthreadgroup9ArgBufArrC1ERU10MTLraydataKS_,120
ArgBufArr -> _ZNU10MTLraydata9ArgBufArrC1ERU9MTLdeviceKS_,120
ArgBufArr -> _ZNU10MTLraydata9ArgBufArrC1ERU14MTLthreadgroupKS_,120
ArgBufArr -> _ZNU10MTLraydata9ArgBufArrC1ERU11MTLconstantKS_,120
ArgBufArr -> _ZNU10MTLraydata9ArgBufArrC1ERU24MTLthreadgroupimageblockKS_,120
ArgBufArr -> _ZNU10MTLraydata9ArgBufArrC1ERU10MTLraydataKS_,120
ArgBufArr -> _ZNU10MTLraydata9ArgBufArrC1ERKS_,120
ArgBufArr -> _ZN9ArgBufArrC1ERU10MTLraydataKS_,120
ArgBufArr -> _ZNU14MTLthreadgroup9ArgBufArrC1EOU10MTLraydataS_,120
ArgBufArr -> _ZNU10MTLraydata9ArgBufArrC1EOU9MTLdeviceS_,120
ArgBufArr -> _ZNU10MTLraydata9ArgBufArrC1EOU14MTLthreadgroupS_,120
ArgBufArr -> _ZNU10MTLraydata9ArgBufArrC1EOU24MTLthreadgroupimageblockS_,120
ArgBufArr -> _ZNU10MTLraydata9ArgBufArrC1EOU10MTLraydataS_,120
ArgBufArr -> _ZNU10MTLraydata9ArgBufArrC1EOS_,120
ArgBufArr -> _ZN9ArgBufArrC1EOU10MTLraydataS_,120
operator= -> _ZNU9MTLdevice9ArgBufArraSERU10MTLraydataKS_,120
operator= -> _ZNU14MTLthreadgroup9ArgBufArraSERU10MTLraydataKS_,120
operator= -> _ZNU24MTLthreadgroupimageblock9ArgBufArraSERU10MTLraydataKS_,120
operator= -> _ZNU10MTLraydata9ArgBufArraSERU9MTLdeviceKS_,120
operator= -> _ZNU10MTLraydata9ArgBufArraSERU14MTLthreadgroupKS_,120
operator= -> _ZNU10MTLraydata9ArgBufArraSERU11MTLconstantKS_,120
operator= -> _ZNU10MTLraydata9ArgBufArraSERU24MTLthreadgroupimageblockKS_,120
operator= -> _ZNU10MTLraydata9ArgBufArraSERU10MTLraydataKS_,120
operator= -> _ZNU10MTLraydata9ArgBufArraSERKS_,120
operator= -> _ZN9ArgBufArraSERU10MTLraydataKS_,120
operator= -> _ZNU9MTLdevice9ArgBufArraSEOU10MTLraydataS_,120
operator= -> _ZNU14MTLthreadgroup9ArgBufArraSEOU10MTLraydataS_,120
operator= -> _ZNU24MTLthreadgroupimageblock9ArgBufArraSEOU10MTLraydataS_,120
operator= -> _ZNU10MTLraydata9ArgBufArraSEOU9MTLdeviceS_,120
operator= -> _ZNU10MTLraydata9ArgBufArraSEOU14MTLthreadgroupS_,120
operator= -> _ZNU10MTLraydata9ArgBufArraSEOU24MTLthreadgroupimageblockS_,120
operator= -> _ZNU10MTLraydata9ArgBufArraSEOU10MTLraydataS_,120
operator= -> _ZNU10MTLraydata9ArgBufArraSEOS_,120
operator= -> _ZN9ArgBufArraSEOU10MTLraydataS_,120
NestedLayout -> _ZNU10MTLraydata12NestedLayoutC1Ev,120
NestedLayout -> _ZNU14MTLthreadgroup12NestedLayoutC1ERU10MTLraydataKS_,120
NestedLayout -> _ZNU10MTLraydata12NestedLayoutC1ERU9MTLdeviceKS_,120
NestedLayout -> _ZNU10MTLraydata12NestedLayoutC1ERU14MTLthreadgroupKS_,120
NestedLayout -> _ZNU10MTLraydata12NestedLayoutC1ERU11MTLconstantKS_,120
NestedLayout -> _ZNU10MTLraydata12NestedLayoutC1ERU24MTLthreadgroupimageblockKS_,120
NestedLayout -> _ZNU10MTLraydata12NestedLayoutC1ERU10MTLraydataKS_,120
NestedLayout -> _ZNU10MTLraydata12NestedLayoutC1ERKS_,120
NestedLayout -> _ZN12NestedLayoutC1ERU10MTLraydataKS_,120
NestedLayout -> _ZNU14MTLthreadgroup12NestedLayoutC1EOU10MTLraydataS_,120
NestedLayout -> _ZNU10MTLraydata12NestedLayoutC1EOU9MTLdeviceS_,120
NestedLayout -> _ZNU10MTLraydata12NestedLayoutC1EOU14MTLthreadgroupS_,120
NestedLayout -> _ZNU10MTLraydata12NestedLayoutC1EOU24MTLthreadgroupimageblockS_,120
NestedLayout -> _ZNU10MTLraydata12NestedLayoutC1EOU10MTLraydataS_,120
NestedLayout -> _ZNU10MTLraydata12NestedLayoutC1EOS_,120
NestedLayout -> _ZN12NestedLayoutC1EOU10MTLraydataS_,120
operator= -> _ZNU9MTLdevice4BaseaSERU10MTLraydataKS_,120
operator= -> _ZNU14MTLthreadgroup4BaseaSERU10MTLraydataKS_,120
operator= -> _ZNU24MTLthreadgroupimageblock4BaseaSERU10MTLraydataKS_,120
operator= -> _ZNU10MTLraydata4BaseaSERU9MTLdeviceKS_,120
operator= -> _ZNU10MTLraydata4BaseaSERU14MTLthreadgroupKS_,120
operator= -> _ZNU10MTLraydata4BaseaSERU11MTLconstantKS_,120
operator= -> _ZNU10MTLraydata4BaseaSERU24MTLthreadgroupimageblockKS_,120
operator= -> _ZNU10MTLraydata4BaseaSERU10MTLraydataKS_,120
operator= -> _ZNU10MTLraydata4BaseaSERKS_,120
operator= -> _ZN4BaseaSERU10MTLraydataKS_,120
Derived -> _ZNU10MTLraydata7DerivedC1Ev,120
Derived -> _ZNU14MTLthreadgroup7DerivedC1ERU10MTLraydataKS_,120
Derived -> _ZNU10MTLraydata7DerivedC1ERU9MTLdeviceKS_,120
Derived -> _ZNU10MTLraydata7DerivedC1ERU14MTLthreadgroupKS_,120
Derived -> _ZNU10MTLraydata7DerivedC1ERU11MTLconstantKS_,120
Derived -> _ZNU10MTLraydata7DerivedC1ERU24MTLthreadgroupimageblockKS_,120
Derived -> _ZNU10MTLraydata7DerivedC1ERU10MTLraydataKS_,120
Derived -> _ZNU10MTLraydata7DerivedC1ERKS_,120
Derived -> _ZN7DerivedC1ERU10MTLraydataKS_,120
Derived -> _ZNU14MTLthreadgroup7DerivedC1EOU10MTLraydataS_,120
Derived -> _ZNU10MTLraydata7DerivedC1EOU9MTLdeviceS_,120
Derived -> _ZNU10MTLraydata7DerivedC1EOU14MTLthreadgroupS_,120
Derived -> _ZNU10MTLraydata7DerivedC1EOU24MTLthreadgroupimageblockS_,120
Derived -> _ZNU10MTLraydata7DerivedC1EOU10MTLraydataS_,120
Derived -> _ZNU10MTLraydata7DerivedC1EOS_,120
Derived -> _ZN7DerivedC1EOU10MTLraydataS_,120
U -> _ZNU10MTLraydata1UC1Ev,120
U -> _ZNU14MTLthreadgroup1UC1ERU10MTLraydataKS_,120
U -> _ZNU10MTLraydata1UC1ERU9MTLdeviceKS_,120
U -> _ZNU10MTLraydata1UC1ERU14MTLthreadgroupKS_,120
U -> _ZNU10MTLraydata1UC1ERU11MTLconstantKS_,120
U -> _ZNU10MTLraydata1UC1ERU24MTLthreadgroupimageblockKS_,120
U -> _ZNU10MTLraydata1UC1ERU10MTLraydataKS_,120
U -> _ZNU10MTLraydata1UC1ERKS_,120
U -> _ZN1UC1ERU10MTLraydataKS_,120
U -> _ZNU14MTLthreadgroup1UC1EOU10MTLraydataS_,120
U -> _ZNU10MTLraydata1UC1EOU9MTLdeviceS_,120
U -> _ZNU10MTLraydata1UC1EOU14MTLthreadgroupS_,120
U -> _ZNU10MTLraydata1UC1EOU24MTLthreadgroupimageblockS_,120
U -> _ZNU10MTLraydata1UC1EOU10MTLraydataS_,120
U -> _ZNU10MTLraydata1UC1EOS_,120
U -> _ZN1UC1EOU10MTLraydataS_,120
S -> _ZNU10MTLraydata1SC1Ev,120
S -> _ZNU14MTLthreadgroup1SC1ERU10MTLraydataKS_,120
S -> _ZNU10MTLraydata1SC1ERU9MTLdeviceKS_,120
S -> _ZNU10MTLraydata1SC1ERU14MTLthreadgroupKS_,120
S -> _ZNU10MTLraydata1SC1ERU11MTLconstantKS_,120
S -> _ZNU10MTLraydata1SC1ERU24MTLthreadgroupimageblockKS_,120
S -> _ZNU10MTLraydata1SC1ERU10MTLraydataKS_,120
S -> _ZNU10MTLraydata1SC1ERKS_,120
S -> _ZN1SC1ERU10MTLraydataKS_,120
S -> _ZNU14MTLthreadgroup1SC1EOU10MTLraydataS_,120
S -> _ZNU10MTLraydata1SC1EOU9MTLdeviceS_,120
S -> _ZNU10MTLraydata1SC1EOU14MTLthreadgroupS_,120
S -> _ZNU10MTLraydata1SC1EOU24MTLthreadgroupimageblockS_,120
S -> _ZNU10MTLraydata1SC1EOU10MTLraydataS_,120
S -> _ZNU10MTLraydata1SC1EOS_,120
S -> _ZN1SC1EOU10MTLraydataS_,120
VO -> _ZNU10MTLraydata2VOC1Ev,120
VO -> _ZNU14MTLthreadgroup2VOC1ERU10MTLraydataKS_,120
VO -> _ZNU10MTLraydata2VOC1ERU9MTLdeviceKS_,120
VO -> _ZNU10MTLraydata2VOC1ERU14MTLthreadgroupKS_,120
VO -> _ZNU10MTLraydata2VOC1ERU11MTLconstantKS_,120
VO -> _ZNU10MTLraydata2VOC1ERU24MTLthreadgroupimageblockKS_,120
VO -> _ZNU10MTLraydata2VOC1ERU10MTLraydataKS_,120
VO -> _ZNU10MTLraydata2VOC1ERKS_,120
VO -> _ZN2VOC1ERU10MTLraydataKS_,120
VO -> _ZNU14MTLthreadgroup2VOC1EOU10MTLraydataS_,120
VO -> _ZNU10MTLraydata2VOC1EOU9MTLdeviceS_,120
VO -> _ZNU10MTLraydata2VOC1EOU14MTLthreadgroupS_,120
VO -> _ZNU10MTLraydata2VOC1EOU24MTLthreadgroupimageblockS_,120
VO -> _ZNU10MTLraydata2VOC1EOU10MTLraydataS_,120
VO -> _ZNU10MTLraydata2VOC1EOS_,120
VO -> _ZN2VOC1EOU10MTLraydataS_,120
VOut -> _ZNU10MTLraydata4VOutC1Ev,120
VOut -> _ZNU14MTLthreadgroup4VOutC1ERU10MTLraydataKS_,120
VOut -> _ZNU10MTLraydata4VOutC1ERU9MTLdeviceKS_,120
VOut -> _ZNU10MTLraydata4VOutC1ERU14MTLthreadgroupKS_,120
VOut -> _ZNU10MTLraydata4VOutC1ERU11MTLconstantKS_,120
VOut -> _ZNU10MTLraydata4VOutC1ERU24MTLthreadgroupimageblockKS_,120
VOut -> _ZNU10MTLraydata4VOutC1ERU10MTLraydataKS_,120
VOut -> _ZNU10MTLraydata4VOutC1ERKS_,120
VOut -> _ZN4VOutC1ERU10MTLraydataKS_,120
VOut -> _ZNU14MTLthreadgroup4VOutC1EOU10MTLraydataS_,120
VOut -> _ZNU10MTLraydata4VOutC1EOU9MTLdeviceS_,120
VOut -> _ZNU10MTLraydata4VOutC1EOU14MTLthreadgroupS_,120
VOut -> _ZNU10MTLraydata4VOutC1EOU24MTLthreadgroupimageblockS_,120
VOut -> _ZNU10MTLraydata4VOutC1EOU10MTLraydataS_,120
VOut -> _ZNU10MTLraydata4VOutC1EOS_,120
VOut -> _ZN4VOutC1EOU10MTLraydataS_,120
IoVertexOut -> _ZNU10MTLraydata11IoVertexOutC1Ev,120
IoVertexOut -> _ZNU14MTLthreadgroup11IoVertexOutC1ERU10MTLraydataKS_,120
IoVertexOut -> _ZNU10MTLraydata11IoVertexOutC1ERU9MTLdeviceKS_,120
IoVertexOut -> _ZNU10MTLraydata11IoVertexOutC1ERU14MTLthreadgroupKS_,120
IoVertexOut -> _ZNU10MTLraydata11IoVertexOutC1ERU11MTLconstantKS_,120
IoVertexOut -> _ZNU10MTLraydata11IoVertexOutC1ERU24MTLthreadgroupimageblockKS_,120
IoVertexOut -> _ZNU10MTLraydata11IoVertexOutC1ERU10MTLraydataKS_,120
IoVertexOut -> _ZNU10MTLraydata11IoVertexOutC1ERKS_,120
IoVertexOut -> _ZN11IoVertexOutC1ERU10MTLraydataKS_,120
IoVertexOut -> _ZNU14MTLthreadgroup11IoVertexOutC1EOU10MTLraydataS_,120
IoVertexOut -> _ZNU10MTLraydata11IoVertexOutC1EOU9MTLdeviceS_,120
IoVertexOut -> _ZNU10MTLraydata11IoVertexOutC1EOU14MTLthreadgroupS_,120
IoVertexOut -> _ZNU10MTLraydata11IoVertexOutC1EOU24MTLthreadgroupimageblockS_,120
IoVertexOut -> _ZNU10MTLraydata11IoVertexOutC1EOU10MTLraydataS_,120
IoVertexOut -> _ZNU10MTLraydata11IoVertexOutC1EOS_,120
IoVertexOut -> _ZN11IoVertexOutC1EOU10MTLraydataS_,120
IoFragOutA -> _ZNU10MTLraydata10IoFragOutAC1Ev,120
IoFragOutA -> _ZNU14MTLthreadgroup10IoFragOutAC1ERU10MTLraydataKS_,120
IoFragOutA -> _ZNU10MTLraydata10IoFragOutAC1ERU9MTLdeviceKS_,120
IoFragOutA -> _ZNU10MTLraydata10IoFragOutAC1ERU14MTLthreadgroupKS_,120
IoFragOutA -> _ZNU10MTLraydata10IoFragOutAC1ERU11MTLconstantKS_,120
IoFragOutA -> _ZNU10MTLraydata10IoFragOutAC1ERU24MTLthreadgroupimageblockKS_,120
IoFragOutA -> _ZNU10MTLraydata10IoFragOutAC1ERU10MTLraydataKS_,120
IoFragOutA -> _ZNU10MTLraydata10IoFragOutAC1ERKS_,120
IoFragOutA -> _ZN10IoFragOutAC1ERU10MTLraydataKS_,120
IoFragOutA -> _ZNU14MTLthreadgroup10IoFragOutAC1EOU10MTLraydataS_,120
IoFragOutA -> _ZNU10MTLraydata10IoFragOutAC1EOU9MTLdeviceS_,120
IoFragOutA -> _ZNU10MTLraydata10IoFragOutAC1EOU14MTLthreadgroupS_,120
IoFragOutA -> _ZNU10MTLraydata10IoFragOutAC1EOU24MTLthreadgroupimageblockS_,120
IoFragOutA -> _ZNU10MTLraydata10IoFragOutAC1EOU10MTLraydataS_,120
IoFragOutA -> _ZNU10MTLraydata10IoFragOutAC1EOS_,120
IoFragOutA -> _ZN10IoFragOutAC1EOU10MTLraydataS_,120
IoFragOutG -> _ZNU10MTLraydata10IoFragOutGC1Ev,120
IoFragOutG -> _ZNU14MTLthreadgroup10IoFragOutGC1ERU10MTLraydataKS_,120
IoFragOutG -> _ZNU10MTLraydata10IoFragOutGC1ERU9MTLdeviceKS_,120
IoFragOutG -> _ZNU10MTLraydata10IoFragOutGC1ERU14MTLthreadgroupKS_,120
IoFragOutG -> _ZNU10MTLraydata10IoFragOutGC1ERU11MTLconstantKS_,120
IoFragOutG -> _ZNU10MTLraydata10IoFragOutGC1ERU24MTLthreadgroupimageblockKS_,120
IoFragOutG -> _ZNU10MTLraydata10IoFragOutGC1ERU10MTLraydataKS_,120
IoFragOutG -> _ZNU10MTLraydata10IoFragOutGC1ERKS_,120
IoFragOutG -> _ZN10IoFragOutGC1ERU10MTLraydataKS_,120
IoFragOutG -> _ZNU14MTLthreadgroup10IoFragOutGC1EOU10MTLraydataS_,120
IoFragOutG -> _ZNU10MTLraydata10IoFragOutGC1EOU9MTLdeviceS_,120
IoFragOutG -> _ZNU10MTLraydata10IoFragOutGC1EOU14MTLthreadgroupS_,120
IoFragOutG -> _ZNU10MTLraydata10IoFragOutGC1EOU24MTLthreadgroupimageblockS_,120
IoFragOutG -> _ZNU10MTLraydata10IoFragOutGC1EOU10MTLraydataS_,120
IoFragOutG -> _ZNU10MTLraydata10IoFragOutGC1EOS_,120
IoFragOutG -> _ZN10IoFragOutGC1EOU10MTLraydataS_,120
IoFragOutL -> _ZNU10MTLraydata10IoFragOutLC1Ev,120
IoFragOutL -> _ZNU14MTLthreadgroup10IoFragOutLC1ERU10MTLraydataKS_,120
IoFragOutL -> _ZNU10MTLraydata10IoFragOutLC1ERU9MTLdeviceKS_,120
IoFragOutL -> _ZNU10MTLraydata10IoFragOutLC1ERU14MTLthreadgroupKS_,120
IoFragOutL -> _ZNU10MTLraydata10IoFragOutLC1ERU11MTLconstantKS_,120
IoFragOutL -> _ZNU10MTLraydata10IoFragOutLC1ERU24MTLthreadgroupimageblockKS_,120
IoFragOutL -> _ZNU10MTLraydata10IoFragOutLC1ERU10MTLraydataKS_,120
IoFragOutL -> _ZNU10MTLraydata10IoFragOutLC1ERKS_,120
IoFragOutL -> _ZN10IoFragOutLC1ERU10MTLraydataKS_,120
IoFragOutL -> _ZNU14MTLthreadgroup10IoFragOutLC1EOU10MTLraydataS_,120
IoFragOutL -> _ZNU10MTLraydata10IoFragOutLC1EOU9MTLdeviceS_,120
IoFragOutL -> _ZNU10MTLraydata10IoFragOutLC1EOU14MTLthreadgroupS_,120
IoFragOutL -> _ZNU10MTLraydata10IoFragOutLC1EOU24MTLthreadgroupimageblockS_,120
IoFragOutL -> _ZNU10MTLraydata10IoFragOutLC1EOU10MTLraydataS_,120
IoFragOutL -> _ZNU10MTLraydata10IoFragOutLC1EOS_,120
IoFragOutL -> _ZN10IoFragOutLC1EOU10MTLraydataS_,120
OpBox -> _ZNU10MTLraydata5OpBoxC1Ev,120
OpBox -> _ZNU14MTLthreadgroup5OpBoxC1ERU10MTLraydataKS_,120
OpBox -> _ZNU10MTLraydata5OpBoxC1ERU9MTLdeviceKS_,120
OpBox -> _ZNU10MTLraydata5OpBoxC1ERU14MTLthreadgroupKS_,120
OpBox -> _ZNU10MTLraydata5OpBoxC1ERU11MTLconstantKS_,120
OpBox -> _ZNU10MTLraydata5OpBoxC1ERU24MTLthreadgroupimageblockKS_,120
OpBox -> _ZNU10MTLraydata5OpBoxC1ERU10MTLraydataKS_,120
OpBox -> _ZNU10MTLraydata5OpBoxC1ERKS_,120
OpBox -> _ZN5OpBoxC1ERU10MTLraydataKS_,120
OpBox -> _ZNU14MTLthreadgroup5OpBoxC1EOU10MTLraydataS_,120
OpBox -> _ZNU10MTLraydata5OpBoxC1EOU9MTLdeviceS_,120
OpBox -> _ZNU10MTLraydata5OpBoxC1EOU14MTLthreadgroupS_,120
OpBox -> _ZNU10MTLraydata5OpBoxC1EOU24MTLthreadgroupimageblockS_,120
OpBox -> _ZNU10MTLraydata5OpBoxC1EOU10MTLraydataS_,120
OpBox -> _ZNU10MTLraydata5OpBoxC1EOS_,120
OpBox -> _ZN5OpBoxC1EOU10MTLraydataS_,120
RayQuery -> _ZN8RayQueryC1ERKS_,120
RayQuery -> _ZNU14MTLthreadgroup8RayQueryC1ERU9MTLdeviceKS_,120
RayQuery -> _ZNU14MTLthreadgroup8RayQueryC1ERU14MTLthreadgroupKS_,120
RayQuery -> _ZNU14MTLthreadgroup8RayQueryC1ERU11MTLconstantKS_,120
RayQuery -> _ZNU14MTLthreadgroup8RayQueryC1ERU24MTLthreadgroupimageblockKS_,120
RayQuery -> _ZNU14MTLthreadgroup8RayQueryC1ERU10MTLraydataKS_,120
RayQuery -> _ZNU14MTLthreadgroup8RayQueryC1ERKS_,120
RayQuery -> _ZNU11MTLconstantK8RayQueryC1ERU11MTLconstantKS_,120
RayQuery -> _ZNU11MTLconstantK8RayQueryC1ERKS_,120
RayQuery -> _ZNU10MTLraydata8RayQueryC1ERU9MTLdeviceKS_,120
RayQuery -> _ZNU10MTLraydata8RayQueryC1ERU14MTLthreadgroupKS_,120
RayQuery -> _ZNU10MTLraydata8RayQueryC1ERU11MTLconstantKS_,120
RayQuery -> _ZNU10MTLraydata8RayQueryC1ERU24MTLthreadgroupimageblockKS_,120
RayQuery -> _ZNU10MTLraydata8RayQueryC1ERU10MTLraydataKS_,120
RayQuery -> _ZNU10MTLraydata8RayQueryC1ERKS_,120
RayQuery -> _ZN8RayQueryC1ERU9MTLdeviceKS_,120
RayQuery -> _ZN8RayQueryC1ERU14MTLthreadgroupKS_,120
RayQuery -> _ZN8RayQueryC1ERU11MTLconstantKS_,120
RayQuery -> _ZN8RayQueryC1ERU24MTLthreadgroupimageblockKS_,120
RayQuery -> _ZN8RayQueryC1ERU10MTLraydataKS_,120
RayQuery -> _ZN8RayQueryC1EOS_,120
RayQuery -> _ZNU14MTLthreadgroup8RayQueryC1EOU9MTLdeviceS_,120
RayQuery -> _ZNU14MTLthreadgroup8RayQueryC1EOU14MTLthreadgroupS_,120
RayQuery -> _ZNU14MTLthreadgroup8RayQueryC1EOU24MTLthreadgroupimageblockS_,120
RayQuery -> _ZNU14MTLthreadgroup8RayQueryC1EOU10MTLraydataS_,120
RayQuery -> _ZNU14MTLthreadgroup8RayQueryC1EOS_,120
RayQuery -> _ZNU11MTLconstantK8RayQueryC1EOS_,120
RayQuery -> _ZNU10MTLraydata8RayQueryC1EOU9MTLdeviceS_,120
RayQuery -> _ZNU10MTLraydata8RayQueryC1EOU14MTLthreadgroupS_,120
RayQuery -> _ZNU10MTLraydata8RayQueryC1EOU24MTLthreadgroupimageblockS_,120
RayQuery -> _ZNU10MTLraydata8RayQueryC1EOU10MTLraydataS_,120
RayQuery -> _ZNU10MTLraydata8RayQueryC1EOS_,120
RayQuery -> _ZN8RayQueryC1EOU9MTLdeviceS_,120
RayQuery -> _ZN8RayQueryC1EOU14MTLthreadgroupS_,120
RayQuery -> _ZN8RayQueryC1EOU24MTLthreadgroupimageblockS_,120
RayQuery -> _ZN8RayQueryC1EOU10MTLraydataS_,120
operator= -> _ZN8RayQueryaSERKS_,120
operator= -> _ZNU9MTLdevice8RayQueryaSERU9MTLdeviceKS_,120
operator= -> _ZNU9MTLdevice8RayQueryaSERU14MTLthreadgroupKS_,120
operator= -> _ZNU9MTLdevice8RayQueryaSERU11MTLconstantKS_,120
operator= -> _ZNU9MTLdevice8RayQueryaSERU24MTLthreadgroupimageblockKS_,120
operator= -> _ZNU9MTLdevice8RayQueryaSERU10MTLraydataKS_,120
operator= -> _ZNU9MTLdevice8RayQueryaSERKS_,120
operator= -> _ZNU14MTLthreadgroup8RayQueryaSERU9MTLdeviceKS_,120
operator= -> _ZNU14MTLthreadgroup8RayQueryaSERU14MTLthreadgroupKS_,120
operator= -> _ZNU14MTLthreadgroup8RayQueryaSERU11MTLconstantKS_,120
operator= -> _ZNU14MTLthreadgroup8RayQueryaSERU24MTLthreadgroupimageblockKS_,120
operator= -> _ZNU14MTLthreadgroup8RayQueryaSERU10MTLraydataKS_,120
operator= -> _ZNU14MTLthreadgroup8RayQueryaSERKS_,120
operator= -> _ZNU24MTLthreadgroupimageblock8RayQueryaSERU9MTLdeviceKS_,120
operator= -> _ZNU24MTLthreadgroupimageblock8RayQueryaSERU14MTLthreadgroupKS_,120
operator= -> _ZNU24MTLthreadgroupimageblock8RayQueryaSERU11MTLconstantKS_,120
operator= -> _ZNU24MTLthreadgroupimageblock8RayQueryaSERU24MTLthreadgroupimageblockKS_,120
operator= -> _ZNU24MTLthreadgroupimageblock8RayQueryaSERU10MTLraydataKS_,120
operator= -> _ZNU24MTLthreadgroupimageblock8RayQueryaSERKS_,120
operator= -> _ZNU10MTLraydata8RayQueryaSERU9MTLdeviceKS_,120
operator= -> _ZNU10MTLraydata8RayQueryaSERU14MTLthreadgroupKS_,120
operator= -> _ZNU10MTLraydata8RayQueryaSERU11MTLconstantKS_,120
operator= -> _ZNU10MTLraydata8RayQueryaSERU24MTLthreadgroupimageblockKS_,120
operator= -> _ZNU10MTLraydata8RayQueryaSERU10MTLraydataKS_,120
operator= -> _ZNU10MTLraydata8RayQueryaSERKS_,120
operator= -> _ZN8RayQueryaSERU9MTLdeviceKS_,120
operator= -> _ZN8RayQueryaSERU14MTLthreadgroupKS_,120
operator= -> _ZN8RayQueryaSERU11MTLconstantKS_,120
operator= -> _ZN8RayQueryaSERU24MTLthreadgroupimageblockKS_,120
operator= -> _ZN8RayQueryaSERU10MTLraydataKS_,120
operator= -> _ZN8RayQueryaSEOS_,120
operator= -> _ZNU9MTLdevice8RayQueryaSEOU9MTLdeviceS_,120
operator= -> _ZNU9MTLdevice8RayQueryaSEOU14MTLthreadgroupS_,120
operator= -> _ZNU9MTLdevice8RayQueryaSEOU24MTLthreadgroupimageblockS_,120
operator= -> _ZNU9MTLdevice8RayQueryaSEOU10MTLraydataS_,120
operator= -> _ZNU9MTLdevice8RayQueryaSEOS_,120
operator= -> _ZNU14MTLthreadgroup8RayQueryaSEOU9MTLdeviceS_,120
operator= -> _ZNU14MTLthreadgroup8RayQueryaSEOU14MTLthreadgroupS_,120
operator= -> _ZNU14MTLthreadgroup8RayQueryaSEOU24MTLthreadgroupimageblockS_,120
operator= -> _ZNU14MTLthreadgroup8RayQueryaSEOU10MTLraydataS_,120
operator= -> _ZNU14MTLthreadgroup8RayQueryaSEOS_,120
operator= -> _ZNU24MTLthreadgroupimageblock8RayQueryaSEOU9MTLdeviceS_,120
operator= -> _ZNU24MTLthreadgroupimageblock8RayQueryaSEOU14MTLthreadgroupS_,120
operator= -> _ZNU24MTLthreadgroupimageblock8RayQueryaSEOU24MTLthreadgroupimageblockS_,120
operator= -> _ZNU24MTLthreadgroupimageblock8RayQueryaSEOU10MTLraydataS_,120
operator= -> _ZNU24MTLthreadgroupimageblock8RayQueryaSEOS_,120
operator= -> _ZNU10MTLraydata8RayQueryaSEOU9MTLdeviceS_,120
operator= -> _ZNU10MTLraydata8RayQueryaSEOU14MTLthreadgroupS_,120
operator= -> _ZNU10MTLraydata8RayQueryaSEOU24MTLthreadgroupimageblockS_,120
operator= -> _ZNU10MTLraydata8RayQueryaSEOU10MTLraydataS_,120
operator= -> _ZNU10MTLraydata8RayQueryaSEOS_,120
operator= -> _ZN8RayQueryaSEOU9MTLdeviceS_,120
operator= -> _ZN8RayQueryaSEOU14MTLthreadgroupS_,120
operator= -> _ZN8RayQueryaSEOU24MTLthreadgroupimageblockS_,120
operator= -> _ZN8RayQueryaSEOU10MTLraydataS_,120
RayQuery -> _ZN8RayQueryC1Ev,120
RayQuery -> _ZNU14MTLthreadgroup8RayQueryC1Ev,120
RayQuery -> _ZNU11MTLconstantK8RayQueryC1Ev,120
RayQuery -> _ZNU10MTLraydata8RayQueryC1Ev,120
ArrayBox -> _ZNU10MTLraydata8ArrayBoxIDv4_fLj2EEC1Ev,120
ArrayBox -> _ZNU14MTLthreadgroup8ArrayBoxIDv4_fLj2EEC1ERU10MTLraydataKS1_,120
ArrayBox -> _ZNU10MTLraydata8ArrayBoxIDv4_fLj2EEC1ERU9MTLdeviceKS1_,120
ArrayBox -> _ZNU10MTLraydata8ArrayBoxIDv4_fLj2EEC1ERU14MTLthreadgroupKS1_,120
ArrayBox -> _ZNU10MTLraydata8ArrayBoxIDv4_fLj2EEC1ERU11MTLconstantKS1_,120
ArrayBox -> _ZNU10MTLraydata8ArrayBoxIDv4_fLj2EEC1ERU24MTLthreadgroupimageblockKS1_,120
ArrayBox -> _ZNU10MTLraydata8ArrayBoxIDv4_fLj2EEC1ERU10MTLraydataKS1_,120
ArrayBox -> _ZNU10MTLraydata8ArrayBoxIDv4_fLj2EEC1ERKS1_,120
ArrayBox -> _ZN8ArrayBoxIDv4_fLj2EEC1ERU10MTLraydataKS1_,120
ArrayBox -> _ZNU14MTLthreadgroup8ArrayBoxIDv4_fLj2EEC1EOU10MTLraydataS1_,120
ArrayBox -> _ZNU10MTLraydata8ArrayBoxIDv4_fLj2EEC1EOU9MTLdeviceS1_,120
ArrayBox -> _ZNU10MTLraydata8ArrayBoxIDv4_fLj2EEC1EOU14MTLthreadgroupS1_,120
ArrayBox -> _ZNU10MTLraydata8ArrayBoxIDv4_fLj2EEC1EOU24MTLthreadgroupimageblockS1_,120
ArrayBox -> _ZNU10MTLraydata8ArrayBoxIDv4_fLj2EEC1EOU10MTLraydataS1_,120
ArrayBox -> _ZNU10MTLraydata8ArrayBoxIDv4_fLj2EEC1EOS1_,120
ArrayBox -> _ZN8ArrayBoxIDv4_fLj2EEC1EOU10MTLraydataS1_,120
a -> _ZN1A1aEv,118
b -> _ZN1B1bEv,118
c -> _ZN1C1cEv,118
C -> _ZN1CC1Ev,118
C -> _ZNU14MTLthreadgroup1CC1Ev,118
C -> _ZNU11MTLconstantK1CC1Ev,118
C -> _ZN1CC1ERKS_,118
C -> _ZNU14MTLthreadgroup1CC1ERU9MTLdeviceKS_,118
C -> _ZNU14MTLthreadgroup1CC1ERU14MTLthreadgroupKS_,118
C -> _ZNU14MTLthreadgroup1CC1ERU11MTLconstantKS_,118
C -> _ZNU14MTLthreadgroup1CC1ERKS_,118
C -> _ZNU11MTLconstantK1CC1ERU11MTLconstantKS_,118
C -> _ZNU11MTLconstantK1CC1ERKS_,118
C -> _ZN1CC1ERU9MTLdeviceKS_,118
C -> _ZN1CC1ERU14MTLthreadgroupKS_,118
C -> _ZN1CC1ERU11MTLconstantKS_,118
C -> _ZN1CC1EOS_,118
C -> _ZNU14MTLthreadgroup1CC1EOU9MTLdeviceS_,118
C -> _ZNU14MTLthreadgroup1CC1EOU14MTLthreadgroupS_,118
C -> _ZNU14MTLthreadgroup1CC1EOS_,118
C -> _ZNU11MTLconstantK1CC1EOS_,118
C -> _ZN1CC1EOU9MTLdeviceS_,118
C -> _ZN1CC1EOU14MTLthreadgroupS_,118
operator delete -> _ZdlPv,118
operator delete[] -> _ZdaPv,118
counter -> _Z7counterv,118
c -> _ZZ7countervE1c,118
sum -> _Z3sumIJiiiiEEiDpT_,118
add1 -> _Z4add1i,118
value -> _ZN4Size5valueE,118
value -> _ZN4SizeIAT0__T_E5valueE,118
factorial -> _Z9factoriali,118
Vec -> _ZN3VecC1Ev,118
Vec -> _ZNU14MTLthreadgroup3VecC1Ev,118
Vec -> _ZNU11MTLconstantK3VecC1Ev,118
Vec -> _ZN3VecC1ERKS_,118
Vec -> _ZNU14MTLthreadgroup3VecC1ERU9MTLdeviceKS_,118
Vec -> _ZNU14MTLthreadgroup3VecC1ERU14MTLthreadgroupKS_,118
Vec -> _ZNU14MTLthreadgroup3VecC1ERU11MTLconstantKS_,118
Vec -> _ZNU14MTLthreadgroup3VecC1ERKS_,118
Vec -> _ZNU11MTLconstantK3VecC1ERU11MTLconstantKS_,118
Vec -> _ZNU11MTLconstantK3VecC1ERKS_,118
Vec -> _ZN3VecC1ERU9MTLdeviceKS_,118
Vec -> _ZN3VecC1ERU14MTLthreadgroupKS_,118
Vec -> _ZN3VecC1ERU11MTLconstantKS_,118
Vec -> _ZN3VecC1EOS_,118
Vec -> _ZNU14MTLthreadgroup3VecC1EOU9MTLdeviceS_,118
Vec -> _ZNU14MTLthreadgroup3VecC1EOU14MTLthreadgroupS_,118
Vec -> _ZNU14MTLthreadgroup3VecC1EOS_,118
Vec -> _ZNU11MTLconstantK3VecC1EOS_,118
Vec -> _ZN3VecC1EOU9MTLdeviceS_,118
Vec -> _ZN3VecC1EOU14MTLthreadgroupS_,118
~Vec -> _ZN3VecD1Ev,118
operator+ -> _Zpl3VecS_,118
value -> _ZN3Fib5valueE,118
value -> _ZN3FibILi0EE5valueE,118
value -> _ZN3FibILi1EE5valueE,118
h -> _Z1hii,118
minus1 -> _Z6minus1i,118
sum -> _ZNK2P23sumEv,118
~P2 -> _ZN2P2D1Ev,118
P2 -> _ZN2P2C1Ev,118
P2 -> _ZNU14MTLthreadgroup2P2C1Ev,118
P2 -> _ZNU11MTLconstantK2P2C1Ev,118
P2 -> _ZN2P2C1ERKS_,118
P2 -> _ZNU14MTLthreadgroup2P2C1ERU9MTLdeviceKS_,118
P2 -> _ZNU14MTLthreadgroup2P2C1ERU14MTLthreadgroupKS_,118
P2 -> _ZNU14MTLthreadgroup2P2C1ERU11MTLconstantKS_,118
P2 -> _ZNU14MTLthreadgroup2P2C1ERKS_,118
P2 -> _ZNU11MTLconstantK2P2C1ERU11MTLconstantKS_,118
P2 -> _ZNU11MTLconstantK2P2C1ERKS_,118
P2 -> _ZN2P2C1ERU9MTLdeviceKS_,118
P2 -> _ZN2P2C1ERU14MTLthreadgroupKS_,118
P2 -> _ZN2P2C1ERU11MTLconstantKS_,118
P2 -> _ZN2P2C1EOS_,118
P2 -> _ZNU14MTLthreadgroup2P2C1EOU9MTLdeviceS_,118
P2 -> _ZNU14MTLthreadgroup2P2C1EOU14MTLthreadgroupS_,118
P2 -> _ZNU14MTLthreadgroup2P2C1EOS_,118
P2 -> _ZNU11MTLconstantK2P2C1EOS_,118
P2 -> _ZN2P2C1EOU9MTLdeviceS_,118
P2 -> _ZN2P2C1EOU14MTLthreadgroupS_,118
operator+ -> _Zpl2P2S_,118
f -> _Z1ff,118
id -> _ZN2MxIiE2idEi,118
id -> _ZN2MxIDhE2idEDh,118
f0 -> _Z2f0v,118
f1 -> _Z2f1v,118
f2 -> _Z2f2v,118
f3 -> _Z2f3v,118
f4 -> _Z2f4v,118
f5 -> _Z2f5v,118
f6 -> _Z2f6v,118
f7 -> _Z2f7v,118
f8 -> _Z2f8v,118
f9 -> _Z2f9v,118
f10 -> _Z3f10v,118
f11 -> _Z3f11v,118
f12 -> _Z3f12v,118
f13 -> _Z3f13v,118
f14 -> _Z3f14v,118
f15 -> _Z3f15v,118
f16 -> _Z3f16v,118
f17 -> _Z3f17v,118
f18 -> _Z3f18v,118
f19 -> _Z3f19v,118
f20 -> _Z3f20v,118
f21 -> _Z3f21v,118
f22 -> _Z3f22v,118
f23 -> _Z3f23v,118
f24 -> _Z3f24v,118
f25 -> _Z3f25v,118
f26 -> _Z3f26v,118
f27 -> _Z3f27v,118
f28 -> _Z3f28v,118
f29 -> _Z3f29v,118
f30 -> _Z3f30v,118
f31 -> _Z3f31v,118
f32 -> _Z3f32v,118
f33 -> _Z3f33v,118
f34 -> _Z3f34v,118
f35 -> _Z3f35v,118
f36 -> _Z3f36v,118
f37 -> _Z3f37v,118
f38 -> _Z3f38v,118
f39 -> _Z3f39v,118
f40 -> _Z3f40v,118
f41 -> _Z3f41v,118
f42 -> _Z3f42v,118
f43 -> _Z3f43v,118
f44 -> _Z3f44v,118
f45 -> _Z3f45v,118
f46 -> _Z3f46v,118
f47 -> _Z3f47v,118
f48 -> _Z3f48v,118
f49 -> _Z3f49v,118
x -> _ZZ1kPU9MTLdeviceiE1x,118
operator= -> _ZN1SaSERKS_,118
operator= -> _ZNU9MTLdevice1SaSERU9MTLdeviceKS_,118
operator= -> _ZNU9MTLdevice1SaSERU14MTLthreadgroupKS_,118
operator= -> _ZNU9MTLdevice1SaSERU11MTLconstantKS_,118
operator= -> _ZNU9MTLdevice1SaSERKS_,118
operator= -> _ZNU14MTLthreadgroup1SaSERU9MTLdeviceKS_,118
operator= -> _ZNU14MTLthreadgroup1SaSERU14MTLthreadgroupKS_,118
operator= -> _ZNU14MTLthreadgroup1SaSERU11MTLconstantKS_,118
operator= -> _ZNU14MTLthreadgroup1SaSERKS_,118
operator= -> _ZN1SaSERU9MTLdeviceKS_,118
operator= -> _ZN1SaSERU14MTLthreadgroupKS_,118
operator= -> _ZN1SaSERU11MTLconstantKS_,118
operator= -> _ZN1SaSEOS_,118
operator= -> _ZNU9MTLdevice1SaSEOU9MTLdeviceS_,118
operator= -> _ZNU9MTLdevice1SaSEOU14MTLthreadgroupS_,118
operator= -> _ZNU9MTLdevice1SaSEOS_,118
operator= -> _ZNU14MTLthreadgroup1SaSEOU9MTLdeviceS_,118
operator= -> _ZNU14MTLthreadgroup1SaSEOU14MTLthreadgroupS_,118
operator= -> _ZNU14MTLthreadgroup1SaSEOS_,118
operator= -> _ZN1SaSEOU9MTLdeviceS_,118
operator= -> _ZN1SaSEOU14MTLthreadgroupS_,118
~S -> _ZN1SD1Ev,118
use_half_precision -> _ZL18use_half_precision,118
width -> _ZL5width,118
height -> _ZL6height,118
Dimensions -> _ZN10DimensionsC1Ev,118
Dimensions -> _ZNU14MTLthreadgroup10DimensionsC1Ev,118
Dimensions -> _ZNU11MTLconstantK10DimensionsC1Ev,118
Dimensions -> _ZN10DimensionsC1ERKS_,118
Dimensions -> _ZNU14MTLthreadgroup10DimensionsC1ERU9MTLdeviceKS_,118
Dimensions -> _ZNU14MTLthreadgroup10DimensionsC1ERU14MTLthreadgroupKS_,118
Dimensions -> _ZNU14MTLthreadgroup10DimensionsC1ERU11MTLconstantKS_,118
Dimensions -> _ZNU14MTLthreadgroup10DimensionsC1ERKS_,118
Dimensions -> _ZNU11MTLconstantK10DimensionsC1ERU11MTLconstantKS_,118
Dimensions -> _ZNU11MTLconstantK10DimensionsC1ERKS_,118
Dimensions -> _ZN10DimensionsC1ERU9MTLdeviceKS_,118
Dimensions -> _ZN10DimensionsC1ERU14MTLthreadgroupKS_,118
Dimensions -> _ZN10DimensionsC1ERU11MTLconstantKS_,118
Dimensions -> _ZN10DimensionsC1EOS_,118
Dimensions -> _ZNU14MTLthreadgroup10DimensionsC1EOU9MTLdeviceS_,118
Dimensions -> _ZNU14MTLthreadgroup10DimensionsC1EOU14MTLthreadgroupS_,118
Dimensions -> _ZNU14MTLthreadgroup10DimensionsC1EOS_,118
Dimensions -> _ZNU11MTLconstantK10DimensionsC1EOS_,118
Dimensions -> _ZN10DimensionsC1EOU9MTLdeviceS_,118
Dimensions -> _ZN10DimensionsC1EOU14MTLthreadgroupS_,118
enable_feature -> _ZL14enable_feature,118
iteration_count -> _ZL15iteration_count,118
alpha -> _ZL5alpha,118
max_threads -> _ZL11max_threads,118
tile_size -> _ZL9tile_size,118
FO4 -> _ZN3FO4C1Ev,118
FO4 -> _ZNU14MTLthreadgroup3FO4C1Ev,118
FO4 -> _ZNU11MTLconstantK3FO4C1Ev,118
FO4 -> _ZN3FO4C1ERKS_,118
FO4 -> _ZNU14MTLthreadgroup3FO4C1ERU9MTLdeviceKS_,118
FO4 -> _ZNU14MTLthreadgroup3FO4C1ERU14MTLthreadgroupKS_,118
FO4 -> _ZNU14MTLthreadgroup3FO4C1ERU11MTLconstantKS_,118
FO4 -> _ZNU14MTLthreadgroup3FO4C1ERKS_,118
FO4 -> _ZNU11MTLconstantK3FO4C1ERU11MTLconstantKS_,118
FO4 -> _ZNU11MTLconstantK3FO4C1ERKS_,118
FO4 -> _ZN3FO4C1ERU9MTLdeviceKS_,118
FO4 -> _ZN3FO4C1ERU14MTLthreadgroupKS_,118
FO4 -> _ZN3FO4C1ERU11MTLconstantKS_,118
FO4 -> _ZN3FO4C1EOS_,118
FO4 -> _ZNU14MTLthreadgroup3FO4C1EOU9MTLdeviceS_,118
FO4 -> _ZNU14MTLthreadgroup3FO4C1EOU14MTLthreadgroupS_,118
FO4 -> _ZNU14MTLthreadgroup3FO4C1EOS_,118
FO4 -> _ZNU11MTLconstantK3FO4C1EOS_,118
FO4 -> _ZN3FO4C1EOU9MTLdeviceS_,118
FO4 -> _ZN3FO4C1EOU14MTLthreadgroupS_,118
VOr -> _ZN3VOrC1Ev,118
VOr -> _ZNU14MTLthreadgroup3VOrC1Ev,118
VOr -> _ZNU11MTLconstantK3VOrC1Ev,118
VOr -> _ZN3VOrC1ERKS_,118
VOr -> _ZNU14MTLthreadgroup3VOrC1ERU9MTLdeviceKS_,118
VOr -> _ZNU14MTLthreadgroup3VOrC1ERU14MTLthreadgroupKS_,118
VOr -> _ZNU14MTLthreadgroup3VOrC1ERU11MTLconstantKS_,118
VOr -> _ZNU14MTLthreadgroup3VOrC1ERKS_,118
VOr -> _ZNU11MTLconstantK3VOrC1ERU11MTLconstantKS_,118
VOr -> _ZNU11MTLconstantK3VOrC1ERKS_,118
VOr -> _ZN3VOrC1ERU9MTLdeviceKS_,118
VOr -> _ZN3VOrC1ERU14MTLthreadgroupKS_,118
VOr -> _ZN3VOrC1ERU11MTLconstantKS_,118
VOr -> _ZN3VOrC1EOS_,118
VOr -> _ZNU14MTLthreadgroup3VOrC1EOU9MTLdeviceS_,118
VOr -> _ZNU14MTLthreadgroup3VOrC1EOU14MTLthreadgroupS_,118
VOr -> _ZNU14MTLthreadgroup3VOrC1EOS_,118
VOr -> _ZNU11MTLconstantK3VOrC1EOS_,118
VOr -> _ZN3VOrC1EOU9MTLdeviceS_,118
VOr -> _ZN3VOrC1EOU14MTLthreadgroupS_,118
VO4 -> _ZN3VO4C1Ev,118
VO4 -> _ZNU14MTLthreadgroup3VO4C1Ev,118
VO4 -> _ZNU11MTLconstantK3VO4C1Ev,118
VO4 -> _ZN3VO4C1ERKS_,118
VO4 -> _ZNU14MTLthreadgroup3VO4C1ERU9MTLdeviceKS_,118
VO4 -> _ZNU14MTLthreadgroup3VO4C1ERU14MTLthreadgroupKS_,118
VO4 -> _ZNU14MTLthreadgroup3VO4C1ERU11MTLconstantKS_,118
VO4 -> _ZNU14MTLthreadgroup3VO4C1ERKS_,118
VO4 -> _ZNU11MTLconstantK3VO4C1ERU11MTLconstantKS_,118
VO4 -> _ZNU11MTLconstantK3VO4C1ERKS_,118
VO4 -> _ZN3VO4C1ERU9MTLdeviceKS_,118
VO4 -> _ZN3VO4C1ERU14MTLthreadgroupKS_,118
VO4 -> _ZN3VO4C1ERU11MTLconstantKS_,118
VO4 -> _ZN3VO4C1EOS_,118
VO4 -> _ZNU14MTLthreadgroup3VO4C1EOU9MTLdeviceS_,118
VO4 -> _ZNU14MTLthreadgroup3VO4C1EOU14MTLthreadgroupS_,118
VO4 -> _ZNU14MTLthreadgroup3VO4C1EOS_,118
VO4 -> _ZNU11MTLconstantK3VO4C1EOS_,118
VO4 -> _ZN3VO4C1EOU9MTLdeviceS_,118
VO4 -> _ZN3VO4C1EOU14MTLthreadgroupS_,118
VO1 -> _ZN3VO1C1Ev,118
VO1 -> _ZNU14MTLthreadgroup3VO1C1Ev,118
VO1 -> _ZNU11MTLconstantK3VO1C1Ev,118
VO1 -> _ZN3VO1C1ERKS_,118
VO1 -> _ZNU14MTLthreadgroup3VO1C1ERU9MTLdeviceKS_,118
VO1 -> _ZNU14MTLthreadgroup3VO1C1ERU14MTLthreadgroupKS_,118
VO1 -> _ZNU14MTLthreadgroup3VO1C1ERU11MTLconstantKS_,118
VO1 -> _ZNU14MTLthreadgroup3VO1C1ERKS_,118
VO1 -> _ZNU11MTLconstantK3VO1C1ERU11MTLconstantKS_,118
VO1 -> _ZNU11MTLconstantK3VO1C1ERKS_,118
VO1 -> _ZN3VO1C1ERU9MTLdeviceKS_,118
VO1 -> _ZN3VO1C1ERU14MTLthreadgroupKS_,118
VO1 -> _ZN3VO1C1ERU11MTLconstantKS_,118
VO1 -> _ZN3VO1C1EOS_,118
VO1 -> _ZNU14MTLthreadgroup3VO1C1EOU9MTLdeviceS_,118
VO1 -> _ZNU14MTLthreadgroup3VO1C1EOU14MTLthreadgroupS_,118
VO1 -> _ZNU14MTLthreadgroup3VO1C1EOS_,118
VO1 -> _ZNU11MTLconstantK3VO1C1EOS_,118
VO1 -> _ZN3VO1C1EOU9MTLdeviceS_,118
VO1 -> _ZN3VO1C1EOU14MTLthreadgroupS_,118
VOu -> _ZN3VOuC1Ev,118
VOu -> _ZNU14MTLthreadgroup3VOuC1Ev,118
VOu -> _ZNU11MTLconstantK3VOuC1Ev,118
VOu -> _ZN3VOuC1ERKS_,118
VOu -> _ZNU14MTLthreadgroup3VOuC1ERU9MTLdeviceKS_,118
VOu -> _ZNU14MTLthreadgroup3VOuC1ERU14MTLthreadgroupKS_,118
VOu -> _ZNU14MTLthreadgroup3VOuC1ERU11MTLconstantKS_,118
VOu -> _ZNU14MTLthreadgroup3VOuC1ERKS_,118
VOu -> _ZNU11MTLconstantK3VOuC1ERU11MTLconstantKS_,118
VOu -> _ZNU11MTLconstantK3VOuC1ERKS_,118
VOu -> _ZN3VOuC1ERU9MTLdeviceKS_,118
VOu -> _ZN3VOuC1ERU14MTLthreadgroupKS_,118
VOu -> _ZN3VOuC1ERU11MTLconstantKS_,118
VOu -> _ZN3VOuC1EOS_,118
VOu -> _ZNU14MTLthreadgroup3VOuC1EOU9MTLdeviceS_,118
VOu -> _ZNU14MTLthreadgroup3VOuC1EOU14MTLthreadgroupS_,118
VOu -> _ZNU14MTLthreadgroup3VOuC1EOS_,118
VOu -> _ZNU11MTLconstantK3VOuC1EOS_,118
VOu -> _ZN3VOuC1EOU9MTLdeviceS_,118
VOu -> _ZN3VOuC1EOU14MTLthreadgroupS_,118
A8 -> _ZN2A8C1Ev,118
A8 -> _ZNU14MTLthreadgroup2A8C1Ev,118
A8 -> _ZNU11MTLconstantK2A8C1Ev,118
A8 -> _ZN2A8C1ERKS_,118
A8 -> _ZNU14MTLthreadgroup2A8C1ERU9MTLdeviceKS_,118
A8 -> _ZNU14MTLthreadgroup2A8C1ERU14MTLthreadgroupKS_,118
A8 -> _ZNU14MTLthreadgroup2A8C1ERU11MTLconstantKS_,118
A8 -> _ZNU14MTLthreadgroup2A8C1ERKS_,118
A8 -> _ZNU11MTLconstantK2A8C1ERU11MTLconstantKS_,118
A8 -> _ZNU11MTLconstantK2A8C1ERKS_,118
A8 -> _ZN2A8C1ERU9MTLdeviceKS_,118
A8 -> _ZN2A8C1ERU14MTLthreadgroupKS_,118
A8 -> _ZN2A8C1ERU11MTLconstantKS_,118
A8 -> _ZN2A8C1EOS_,118
A8 -> _ZNU14MTLthreadgroup2A8C1EOU9MTLdeviceS_,118
A8 -> _ZNU14MTLthreadgroup2A8C1EOU14MTLthreadgroupS_,118
A8 -> _ZNU14MTLthreadgroup2A8C1EOS_,118
A8 -> _ZNU11MTLconstantK2A8C1EOS_,118
A8 -> _ZN2A8C1EOU9MTLdeviceS_,118
A8 -> _ZN2A8C1EOU14MTLthreadgroupS_,118
A16 -> _ZN3A16C1Ev,118
A16 -> _ZNU14MTLthreadgroup3A16C1Ev,118
A16 -> _ZNU11MTLconstantK3A16C1Ev,118
A16 -> _ZN3A16C1ERKS_,118
A16 -> _ZNU14MTLthreadgroup3A16C1ERU9MTLdeviceKS_,118
A16 -> _ZNU14MTLthreadgroup3A16C1ERU14MTLthreadgroupKS_,118
A16 -> _ZNU14MTLthreadgroup3A16C1ERU11MTLconstantKS_,118
A16 -> _ZNU14MTLthreadgroup3A16C1ERKS_,118
A16 -> _ZNU11MTLconstantK3A16C1ERU11MTLconstantKS_,118
A16 -> _ZNU11MTLconstantK3A16C1ERKS_,118
A16 -> _ZN3A16C1ERU9MTLdeviceKS_,118
A16 -> _ZN3A16C1ERU14MTLthreadgroupKS_,118
A16 -> _ZN3A16C1ERU11MTLconstantKS_,118
A16 -> _ZN3A16C1EOS_,118
A16 -> _ZNU14MTLthreadgroup3A16C1EOU9MTLdeviceS_,118
A16 -> _ZNU14MTLthreadgroup3A16C1EOU14MTLthreadgroupS_,118
A16 -> _ZNU14MTLthreadgroup3A16C1EOS_,118
A16 -> _ZNU11MTLconstantK3A16C1EOS_,118
A16 -> _ZN3A16C1EOU9MTLdeviceS_,118
A16 -> _ZN3A16C1EOU14MTLthreadgroupS_,118
A32 -> _ZN3A32C1Ev,118
A32 -> _ZNU14MTLthreadgroup3A32C1Ev,118
A32 -> _ZNU11MTLconstantK3A32C1Ev,118
A32 -> _ZN3A32C1ERKS_,118
A32 -> _ZNU14MTLthreadgroup3A32C1ERU9MTLdeviceKS_,118
A32 -> _ZNU14MTLthreadgroup3A32C1ERU14MTLthreadgroupKS_,118
A32 -> _ZNU14MTLthreadgroup3A32C1ERU11MTLconstantKS_,118
A32 -> _ZNU14MTLthreadgroup3A32C1ERKS_,118
A32 -> _ZNU11MTLconstantK3A32C1ERU11MTLconstantKS_,118
A32 -> _ZNU11MTLconstantK3A32C1ERKS_,118
A32 -> _ZN3A32C1ERU9MTLdeviceKS_,118
A32 -> _ZN3A32C1ERU14MTLthreadgroupKS_,118
A32 -> _ZN3A32C1ERU11MTLconstantKS_,118
A32 -> _ZN3A32C1EOS_,118
A32 -> _ZNU14MTLthreadgroup3A32C1EOU9MTLdeviceS_,118
A32 -> _ZNU14MTLthreadgroup3A32C1EOU14MTLthreadgroupS_,118
A32 -> _ZNU14MTLthreadgroup3A32C1EOS_,118
A32 -> _ZNU11MTLconstantK3A32C1EOS_,118
A32 -> _ZN3A32C1EOU9MTLdeviceS_,118
A32 -> _ZN3A32C1EOU14MTLthreadgroupS_,118
fc0 -> _ZL3fc0,118
fc31 -> _ZL4fc31,118
Al -> _ZN2AlC1Ev,118
Al -> _ZNU14MTLthreadgroup2AlC1Ev,118
Al -> _ZNU11MTLconstantK2AlC1Ev,118
Al -> _ZN2AlC1ERKS_,118
Al -> _ZNU14MTLthreadgroup2AlC1ERU9MTLdeviceKS_,118
Al -> _ZNU14MTLthreadgroup2AlC1ERU14MTLthreadgroupKS_,118
Al -> _ZNU14MTLthreadgroup2AlC1ERU11MTLconstantKS_,118
Al -> _ZNU14MTLthreadgroup2AlC1ERKS_,118
Al -> _ZNU11MTLconstantK2AlC1ERU11MTLconstantKS_,118
Al -> _ZNU11MTLconstantK2AlC1ERKS_,118
Al -> _ZN2AlC1ERU9MTLdeviceKS_,118
Al -> _ZN2AlC1ERU14MTLthreadgroupKS_,118
Al -> _ZN2AlC1ERU11MTLconstantKS_,118
Al -> _ZN2AlC1EOS_,118
Al -> _ZNU14MTLthreadgroup2AlC1EOU9MTLdeviceS_,118
Al -> _ZNU14MTLthreadgroup2AlC1EOU14MTLthreadgroupS_,118
Al -> _ZNU14MTLthreadgroup2AlC1EOS_,118
Al -> _ZNU11MTLconstantK2AlC1EOS_,118
Al -> _ZN2AlC1EOU9MTLdeviceS_,118
Al -> _ZN2AlC1EOU14MTLthreadgroupS_,118
TGData -> _ZN6TGDataC1Ev,118
TGData -> _ZNU14MTLthreadgroup6TGDataC1Ev,118
TGData -> _ZNU11MTLconstantK6TGDataC1Ev,118
TGData -> _ZN6TGDataC1ERKS_,118
TGData -> _ZNU14MTLthreadgroup6TGDataC1ERU9MTLdeviceKS_,118
TGData -> _ZNU14MTLthreadgroup6TGDataC1ERU14MTLthreadgroupKS_,118
TGData -> _ZNU14MTLthreadgroup6TGDataC1ERU11MTLconstantKS_,118
TGData -> _ZNU14MTLthreadgroup6TGDataC1ERKS_,118
TGData -> _ZNU11MTLconstantK6TGDataC1ERU11MTLconstantKS_,118
TGData -> _ZNU11MTLconstantK6TGDataC1ERKS_,118
TGData -> _ZN6TGDataC1ERU9MTLdeviceKS_,118
TGData -> _ZN6TGDataC1ERU14MTLthreadgroupKS_,118
TGData -> _ZN6TGDataC1ERU11MTLconstantKS_,118
TGData -> _ZN6TGDataC1EOS_,118
TGData -> _ZNU14MTLthreadgroup6TGDataC1EOU9MTLdeviceS_,118
TGData -> _ZNU14MTLthreadgroup6TGDataC1EOU14MTLthreadgroupS_,118
TGData -> _ZNU14MTLthreadgroup6TGDataC1EOS_,118
TGData -> _ZNU11MTLconstantK6TGDataC1EOS_,118
TGData -> _ZN6TGDataC1EOU9MTLdeviceS_,118
TGData -> _ZN6TGDataC1EOU14MTLthreadgroupS_,118
helper -> _Z6helperi,118
f -> _ZN4Base1fEv,118
operator= -> _ZN4BaseaSEOS_,118
operator= -> _ZNU9MTLdevice4BaseaSEOU9MTLdeviceS_,118
operator= -> _ZNU9MTLdevice4BaseaSEOU14MTLthreadgroupS_,118
operator= -> _ZNU9MTLdevice4BaseaSEOS_,118
operator= -> _ZNU14MTLthreadgroup4BaseaSEOU9MTLdeviceS_,118
operator= -> _ZNU14MTLthreadgroup4BaseaSEOU14MTLthreadgroupS_,118
operator= -> _ZNU14MTLthreadgroup4BaseaSEOS_,118
operator= -> _ZN4BaseaSEOU9MTLdeviceS_,118
operator= -> _ZN4BaseaSEOU14MTLthreadgroupS_,118
f -> _ZN7Derived1fEv,118
fold_sum -> _Z8fold_sumIJiiiEEiDpT_,118
check -> _Z5checkIfEiv,118
foo -> _ZN2ns3fooEv,118
Bf -> _ZN2BfC1Ev,118
Bf -> _ZNU14MTLthreadgroup2BfC1Ev,118
Bf -> _ZNU11MTLconstantK2BfC1Ev,118
Bf -> _ZN2BfC1ERKS_,118
Bf -> _ZNU14MTLthreadgroup2BfC1ERU9MTLdeviceKS_,118
Bf -> _ZNU14MTLthreadgroup2BfC1ERU14MTLthreadgroupKS_,118
Bf -> _ZNU14MTLthreadgroup2BfC1ERU11MTLconstantKS_,118
Bf -> _ZNU14MTLthreadgroup2BfC1ERKS_,118
Bf -> _ZNU11MTLconstantK2BfC1ERU11MTLconstantKS_,118
Bf -> _ZNU11MTLconstantK2BfC1ERKS_,118
Bf -> _ZN2BfC1ERU9MTLdeviceKS_,118
Bf -> _ZN2BfC1ERU14MTLthreadgroupKS_,118
Bf -> _ZN2BfC1ERU11MTLconstantKS_,118
Bf -> _ZN2BfC1EOS_,118
Bf -> _ZNU14MTLthreadgroup2BfC1EOU9MTLdeviceS_,118
Bf -> _ZNU14MTLthreadgroup2BfC1EOU14MTLthreadgroupS_,118
Bf -> _ZNU14MTLthreadgroup2BfC1EOS_,118
Bf -> _ZNU11MTLconstantK2BfC1EOS_,118
Bf -> _ZN2BfC1EOU9MTLdeviceS_,118
Bf -> _ZN2BfC1EOU14MTLthreadgroupS_,118
safe_div -> _Z8safe_divIfvET_S0_S0_,118
sq -> _Z2sqi,118
v -> _ZN2nn1vEv,118
w -> _ZN2nn5inner1wEv,118
g -> _Z1gPi,118
g -> _Z1gPU9MTLdevicei,118
conv -> _Z4convIiEN5metal9enable_ifIXsr5metal11is_integralIT_EE5valueES2_E4typeES2_,118
twice -> _Z5twiceIiET_S0_,118
helper -> _Z6helperj,118
add -> _Z3addIjET_S0_S0_,118
V -> _ZN1VC1Ev,118
V -> _ZNU14MTLthreadgroup1VC1Ev,118
V -> _ZNU11MTLconstantK1VC1Ev,118
V -> _ZN1VC1ERKS_,118
V -> _ZNU14MTLthreadgroup1VC1ERU9MTLdeviceKS_,118
V -> _ZNU14MTLthreadgroup1VC1ERU14MTLthreadgroupKS_,118
V -> _ZNU14MTLthreadgroup1VC1ERU11MTLconstantKS_,118
V -> _ZNU14MTLthreadgroup1VC1ERKS_,118
V -> _ZNU11MTLconstantK1VC1ERU11MTLconstantKS_,118
V -> _ZNU11MTLconstantK1VC1ERKS_,118
V -> _ZN1VC1ERU9MTLdeviceKS_,118
V -> _ZN1VC1ERU14MTLthreadgroupKS_,118
V -> _ZN1VC1ERU11MTLconstantKS_,118
V -> _ZN1VC1EOS_,118
V -> _ZNU14MTLthreadgroup1VC1EOU9MTLdeviceS_,118
V -> _ZNU14MTLthreadgroup1VC1EOU14MTLthreadgroupS_,118
V -> _ZNU14MTLthreadgroup1VC1EOS_,118
V -> _ZNU11MTLconstantK1VC1EOS_,118
V -> _ZN1VC1EOU9MTLdeviceS_,118
V -> _ZN1VC1EOU14MTLthreadgroupS_,118
use_path_a -> _ZL10use_path_a,118
scale -> _ZL5scale,118
threshold -> _ZL9threshold,118
buffer_size -> _ZL11buffer_size,118
FO2 -> _ZN3FO2C1Ev,118
FO2 -> _ZNU14MTLthreadgroup3FO2C1Ev,118
FO2 -> _ZNU11MTLconstantK3FO2C1Ev,118
FO2 -> _ZN3FO2C1ERKS_,118
FO2 -> _ZNU14MTLthreadgroup3FO2C1ERU9MTLdeviceKS_,118
FO2 -> _ZNU14MTLthreadgroup3FO2C1ERU14MTLthreadgroupKS_,118
FO2 -> _ZNU14MTLthreadgroup3FO2C1ERU11MTLconstantKS_,118
FO2 -> _ZNU14MTLthreadgroup3FO2C1ERKS_,118
FO2 -> _ZNU11MTLconstantK3FO2C1ERU11MTLconstantKS_,118
FO2 -> _ZNU11MTLconstantK3FO2C1ERKS_,118
FO2 -> _ZN3FO2C1ERU9MTLdeviceKS_,118
FO2 -> _ZN3FO2C1ERU14MTLthreadgroupKS_,118
FO2 -> _ZN3FO2C1ERU11MTLconstantKS_,118
FO2 -> _ZN3FO2C1EOS_,118
FO2 -> _ZNU14MTLthreadgroup3FO2C1EOU9MTLdeviceS_,118
FO2 -> _ZNU14MTLthreadgroup3FO2C1EOU14MTLthreadgroupS_,118
FO2 -> _ZNU14MTLthreadgroup3FO2C1EOS_,118
FO2 -> _ZNU11MTLconstantK3FO2C1EOS_,118
FO2 -> _ZN3FO2C1EOU9MTLdeviceS_,118
FO2 -> _ZN3FO2C1EOU14MTLthreadgroupS_,118
FO -> _ZN2FOC1Ev,118
FO -> _ZNU14MTLthreadgroup2FOC1Ev,118
FO -> _ZNU11MTLconstantK2FOC1Ev,118
FO -> _ZN2FOC1ERKS_,118
FO -> _ZNU14MTLthreadgroup2FOC1ERU9MTLdeviceKS_,118
FO -> _ZNU14MTLthreadgroup2FOC1ERU14MTLthreadgroupKS_,118
FO -> _ZNU14MTLthreadgroup2FOC1ERU11MTLconstantKS_,118
FO -> _ZNU14MTLthreadgroup2FOC1ERKS_,118
FO -> _ZNU11MTLconstantK2FOC1ERU11MTLconstantKS_,118
FO -> _ZNU11MTLconstantK2FOC1ERKS_,118
FO -> _ZN2FOC1ERU9MTLdeviceKS_,118
FO -> _ZN2FOC1ERU14MTLthreadgroupKS_,118
FO -> _ZN2FOC1ERU11MTLconstantKS_,118
FO -> _ZN2FOC1EOS_,118
FO -> _ZNU14MTLthreadgroup2FOC1EOU9MTLdeviceS_,118
FO -> _ZNU14MTLthreadgroup2FOC1EOU14MTLthreadgroupS_,118
FO -> _ZNU14MTLthreadgroup2FOC1EOS_,118
FO -> _ZNU11MTLconstantK2FOC1EOS_,118
FO -> _ZN2FOC1EOU9MTLdeviceS_,118
FO -> _ZN2FOC1EOU14MTLthreadgroupS_,118
FOm -> _ZN3FOmC1Ev,118
FOm -> _ZNU14MTLthreadgroup3FOmC1Ev,118
FOm -> _ZNU11MTLconstantK3FOmC1Ev,118
FOm -> _ZN3FOmC1ERKS_,118
FOm -> _ZNU14MTLthreadgroup3FOmC1ERU9MTLdeviceKS_,118
FOm -> _ZNU14MTLthreadgroup3FOmC1ERU14MTLthreadgroupKS_,118
FOm -> _ZNU14MTLthreadgroup3FOmC1ERU11MTLconstantKS_,118
FOm -> _ZNU14MTLthreadgroup3FOmC1ERKS_,118
FOm -> _ZNU11MTLconstantK3FOmC1ERU11MTLconstantKS_,118
FOm -> _ZNU11MTLconstantK3FOmC1ERKS_,118
FOm -> _ZN3FOmC1ERU9MTLdeviceKS_,118
FOm -> _ZN3FOmC1ERU14MTLthreadgroupKS_,118
FOm -> _ZN3FOmC1ERU11MTLconstantKS_,118
FOm -> _ZN3FOmC1EOS_,118
FOm -> _ZNU14MTLthreadgroup3FOmC1EOU9MTLdeviceS_,118
FOm -> _ZNU14MTLthreadgroup3FOmC1EOU14MTLthreadgroupS_,118
FOm -> _ZNU14MTLthreadgroup3FOmC1EOS_,118
FOm -> _ZNU11MTLconstantK3FOmC1EOS_,118
FOm -> _ZN3FOmC1EOU9MTLdeviceS_,118
FOm -> _ZN3FOmC1EOU14MTLthreadgroupS_,118
VOc -> _ZN3VOcC1Ev,118
VOc -> _ZNU14MTLthreadgroup3VOcC1Ev,118
VOc -> _ZNU11MTLconstantK3VOcC1Ev,118
VOc -> _ZN3VOcC1ERKS_,118
VOc -> _ZNU14MTLthreadgroup3VOcC1ERU9MTLdeviceKS_,118
VOc -> _ZNU14MTLthreadgroup3VOcC1ERU14MTLthreadgroupKS_,118
VOc -> _ZNU14MTLthreadgroup3VOcC1ERU11MTLconstantKS_,118
VOc -> _ZNU14MTLthreadgroup3VOcC1ERKS_,118
VOc -> _ZNU11MTLconstantK3VOcC1ERU11MTLconstantKS_,118
VOc -> _ZNU11MTLconstantK3VOcC1ERKS_,118
VOc -> _ZN3VOcC1ERU9MTLdeviceKS_,118
VOc -> _ZN3VOcC1ERU14MTLthreadgroupKS_,118
VOc -> _ZN3VOcC1ERU11MTLconstantKS_,118
VOc -> _ZN3VOcC1EOS_,118
VOc -> _ZNU14MTLthreadgroup3VOcC1EOU9MTLdeviceS_,118
VOc -> _ZNU14MTLthreadgroup3VOcC1EOU14MTLthreadgroupS_,118
VOc -> _ZNU14MTLthreadgroup3VOcC1EOS_,118
VOc -> _ZNU11MTLconstantK3VOcC1EOS_,118
VOc -> _ZN3VOcC1EOU9MTLdeviceS_,118
VOc -> _ZN3VOcC1EOU14MTLthreadgroupS_,118
VOp -> _ZN3VOpC1Ev,118
VOp -> _ZNU14MTLthreadgroup3VOpC1Ev,118
VOp -> _ZNU11MTLconstantK3VOpC1Ev,118
VOp -> _ZN3VOpC1ERKS_,118
VOp -> _ZNU14MTLthreadgroup3VOpC1ERU9MTLdeviceKS_,118
VOp -> _ZNU14MTLthreadgroup3VOpC1ERU14MTLthreadgroupKS_,118
VOp -> _ZNU14MTLthreadgroup3VOpC1ERU11MTLconstantKS_,118
VOp -> _ZNU14MTLthreadgroup3VOpC1ERKS_,118
VOp -> _ZNU11MTLconstantK3VOpC1ERU11MTLconstantKS_,118
VOp -> _ZNU11MTLconstantK3VOpC1ERKS_,118
VOp -> _ZN3VOpC1ERU9MTLdeviceKS_,118
VOp -> _ZN3VOpC1ERU14MTLthreadgroupKS_,118
VOp -> _ZN3VOpC1ERU11MTLconstantKS_,118
VOp -> _ZN3VOpC1EOS_,118
VOp -> _ZNU14MTLthreadgroup3VOpC1EOU9MTLdeviceS_,118
VOp -> _ZNU14MTLthreadgroup3VOpC1EOU14MTLthreadgroupS_,118
VOp -> _ZNU14MTLthreadgroup3VOpC1EOS_,118
VOp -> _ZNU11MTLconstantK3VOpC1EOS_,118
VOp -> _ZN3VOpC1EOU9MTLdeviceS_,118
VOp -> _ZN3VOpC1EOU14MTLthreadgroupS_,118
helper_add -> _ZL10helper_addff,118
helper_mul -> _Z10helper_mulff,118
fc15 -> _ZL4fc15,118
PM -> _ZN2PMC1Ev,118
PM -> _ZNU14MTLthreadgroup2PMC1Ev,118
PM -> _ZNU11MTLconstantK2PMC1Ev,118
PM -> _ZN2PMC1ERKS_,118
PM -> _ZNU14MTLthreadgroup2PMC1ERU9MTLdeviceKS_,118
PM -> _ZNU14MTLthreadgroup2PMC1ERU14MTLthreadgroupKS_,118
PM -> _ZNU14MTLthreadgroup2PMC1ERU11MTLconstantKS_,118
PM -> _ZNU14MTLthreadgroup2PMC1ERKS_,118
PM -> _ZNU11MTLconstantK2PMC1ERU11MTLconstantKS_,118
PM -> _ZNU11MTLconstantK2PMC1ERKS_,118
PM -> _ZN2PMC1ERU9MTLdeviceKS_,118
PM -> _ZN2PMC1ERU14MTLthreadgroupKS_,118
PM -> _ZN2PMC1ERU11MTLconstantKS_,118
PM -> _ZN2PMC1EOS_,118
PM -> _ZNU14MTLthreadgroup2PMC1EOU9MTLdeviceS_,118
PM -> _ZNU14MTLthreadgroup2PMC1EOU14MTLthreadgroupS_,118
PM -> _ZNU14MTLthreadgroup2PMC1EOS_,118
PM -> _ZNU11MTLconstantK2PMC1EOS_,118
PM -> _ZN2PMC1EOU9MTLdeviceS_,118
PM -> _ZN2PMC1EOU14MTLthreadgroupS_,118
AlignedTG -> _ZN9AlignedTGC1Ev,118
AlignedTG -> _ZNU14MTLthreadgroup9AlignedTGC1Ev,118
AlignedTG -> _ZNU11MTLconstantK9AlignedTGC1Ev,118
AlignedTG -> _ZN9AlignedTGC1ERKS_,118
AlignedTG -> _ZNU14MTLthreadgroup9AlignedTGC1ERU9MTLdeviceKS_,118
AlignedTG -> _ZNU14MTLthreadgroup9AlignedTGC1ERU14MTLthreadgroupKS_,118
AlignedTG -> _ZNU14MTLthreadgroup9AlignedTGC1ERU11MTLconstantKS_,118
AlignedTG -> _ZNU14MTLthreadgroup9AlignedTGC1ERKS_,118
AlignedTG -> _ZNU11MTLconstantK9AlignedTGC1ERU11MTLconstantKS_,118
AlignedTG -> _ZNU11MTLconstantK9AlignedTGC1ERKS_,118
AlignedTG -> _ZN9AlignedTGC1ERU9MTLdeviceKS_,118
AlignedTG -> _ZN9AlignedTGC1ERU14MTLthreadgroupKS_,118
AlignedTG -> _ZN9AlignedTGC1ERU11MTLconstantKS_,118
AlignedTG -> _ZN9AlignedTGC1EOS_,118
AlignedTG -> _ZNU14MTLthreadgroup9AlignedTGC1EOU9MTLdeviceS_,118
AlignedTG -> _ZNU14MTLthreadgroup9AlignedTGC1EOU14MTLthreadgroupS_,118
AlignedTG -> _ZNU14MTLthreadgroup9AlignedTGC1EOS_,118
AlignedTG -> _ZNU11MTLconstantK9AlignedTGC1EOS_,118
AlignedTG -> _ZN9AlignedTGC1EOU9MTLdeviceS_,118
AlignedTG -> _ZN9AlignedTGC1EOU14MTLthreadgroupS_,118
PackedTG -> _ZN8PackedTGC1Ev,118
PackedTG -> _ZNU14MTLthreadgroup8PackedTGC1Ev,118
PackedTG -> _ZNU11MTLconstantK8PackedTGC1Ev,118
PackedTG -> _ZN8PackedTGC1ERKS_,118
PackedTG -> _ZNU14MTLthreadgroup8PackedTGC1ERU9MTLdeviceKS_,118
PackedTG -> _ZNU14MTLthreadgroup8PackedTGC1ERU14MTLthreadgroupKS_,118
PackedTG -> _ZNU14MTLthreadgroup8PackedTGC1ERU11MTLconstantKS_,118
PackedTG -> _ZNU14MTLthreadgroup8PackedTGC1ERKS_,118
PackedTG -> _ZNU11MTLconstantK8PackedTGC1ERU11MTLconstantKS_,118
PackedTG -> _ZNU11MTLconstantK8PackedTGC1ERKS_,118
PackedTG -> _ZN8PackedTGC1ERU9MTLdeviceKS_,118
PackedTG -> _ZN8PackedTGC1ERU14MTLthreadgroupKS_,118
PackedTG -> _ZN8PackedTGC1ERU11MTLconstantKS_,118
PackedTG -> _ZN8PackedTGC1EOS_,118
PackedTG -> _ZNU14MTLthreadgroup8PackedTGC1EOU9MTLdeviceS_,118
PackedTG -> _ZNU14MTLthreadgroup8PackedTGC1EOU14MTLthreadgroupS_,118
PackedTG -> _ZNU14MTLthreadgroup8PackedTGC1EOS_,118
PackedTG -> _ZNU11MTLconstantK8PackedTGC1EOS_,118
PackedTG -> _ZN8PackedTGC1EOU9MTLdeviceS_,118
PackedTG -> _ZN8PackedTGC1EOU14MTLthreadgroupS_,118
min -> _Z3minIfET_S0_S0_,118
helper -> _ZL6helperi,118
AbiStruct -> _ZNU14MTLthreadgroup9AbiStructC1ERU13MTLobjectdataKS_,88
AbiStruct -> _ZNU10MTLraydata9AbiStructC1ERU13MTLobjectdataKS_,88
AbiStruct -> _ZN9AbiStructC1ERU13MTLobjectdataKS_,88
AbiStruct -> _ZNU14MTLthreadgroup9AbiStructC1EOU13MTLobjectdataS_,88
AbiStruct -> _ZNU10MTLraydata9AbiStructC1EOU13MTLobjectdataS_,88
AbiStruct -> _ZN9AbiStructC1EOU13MTLobjectdataS_,88
operator= -> _ZNU9MTLdevice9AbiStructaSEOU13MTLobjectdataS_,88
operator= -> _ZNU14MTLthreadgroup9AbiStructaSEOU13MTLobjectdataS_,88
operator= -> _ZNU24MTLthreadgroupimageblock9AbiStructaSEOU13MTLobjectdataS_,88
operator= -> _ZNU10MTLraydata9AbiStructaSEOU13MTLobjectdataS_,88
operator= -> _ZNU13MTLobjectdata9AbiStructaSEOU9MTLdeviceS_,88
operator= -> _ZNU13MTLobjectdata9AbiStructaSEOU14MTLthreadgroupS_,88
operator= -> _ZNU13MTLobjectdata9AbiStructaSEOU24MTLthreadgroupimageblockS_,88
operator= -> _ZNU13MTLobjectdata9AbiStructaSEOU10MTLraydataS_,88
operator= -> _ZNU13MTLobjectdata9AbiStructaSEOU13MTLobjectdataS_,88
operator= -> _ZNU13MTLobjectdata9AbiStructaSEOS_,88
operator= -> _ZN9AbiStructaSEOU13MTLobjectdataS_,88
AddressBox -> _ZNU14MTLthreadgroup10AddressBoxC1ERU13MTLobjectdataKS_,88
AddressBox -> _ZNU10MTLraydata10AddressBoxC1ERU13MTLobjectdataKS_,88
AddressBox -> _ZN10AddressBoxC1ERU13MTLobjectdataKS_,88
AddressBox -> _ZNU14MTLthreadgroup10AddressBoxC1EOU13MTLobjectdataS_,88
AddressBox -> _ZNU10MTLraydata10AddressBoxC1EOU13MTLobjectdataS_,88
AddressBox -> _ZN10AddressBoxC1EOU13MTLobjectdataS_,88
RayPayload -> _ZNU14MTLthreadgroup10RayPayloadC1ERU13MTLobjectdataKS_,88
RayPayload -> _ZNU10MTLraydata10RayPayloadC1ERU13MTLobjectdataKS_,88
RayPayload -> _ZN10RayPayloadC1ERU13MTLobjectdataKS_,88
RayPayload -> _ZNU14MTLthreadgroup10RayPayloadC1EOU13MTLobjectdataS_,88
RayPayload -> _ZNU10MTLraydata10RayPayloadC1EOU13MTLobjectdataS_,88
RayPayload -> _ZN10RayPayloadC1EOU13MTLobjectdataS_,88
operator= -> _ZNU9MTLdevice10RayPayloadaSERU13MTLobjectdataKS_,88
operator= -> _ZNU14MTLthreadgroup10RayPayloadaSERU13MTLobjectdataKS_,88
operator= -> _ZNU24MTLthreadgroupimageblock10RayPayloadaSERU13MTLobjectdataKS_,88
operator= -> _ZNU10MTLraydata10RayPayloadaSERU13MTLobjectdataKS_,88
operator= -> _ZNU13MTLobjectdata10RayPayloadaSERU9MTLdeviceKS_,88
operator= -> _ZNU13MTLobjectdata10RayPayloadaSERU14MTLthreadgroupKS_,88
operator= -> _ZNU13MTLobjectdata10RayPayloadaSERU11MTLconstantKS_,88
operator= -> _ZNU13MTLobjectdata10RayPayloadaSERU24MTLthreadgroupimageblockKS_,88
operator= -> _ZNU13MTLobjectdata10RayPayloadaSERU10MTLraydataKS_,88
operator= -> _ZNU13MTLobjectdata10RayPayloadaSERU13MTLobjectdataKS_,88
operator= -> _ZNU13MTLobjectdata10RayPayloadaSERKS_,88
operator= -> _ZN10RayPayloadaSERU13MTLobjectdataKS_,88
operator= -> _ZNU9MTLdevice10RayPayloadaSEOU13MTLobjectdataS_,88
operator= -> _ZNU14MTLthreadgroup10RayPayloadaSEOU13MTLobjectdataS_,88
operator= -> _ZNU24MTLthreadgroupimageblock10RayPayloadaSEOU13MTLobjectdataS_,88
operator= -> _ZNU10MTLraydata10RayPayloadaSEOU13MTLobjectdataS_,88
operator= -> _ZNU13MTLobjectdata10RayPayloadaSEOU9MTLdeviceS_,88
operator= -> _ZNU13MTLobjectdata10RayPayloadaSEOU14MTLthreadgroupS_,88
operator= -> _ZNU13MTLobjectdata10RayPayloadaSEOU24MTLthreadgroupimageblockS_,88
operator= -> _ZNU13MTLobjectdata10RayPayloadaSEOU10MTLraydataS_,88
operator= -> _ZNU13MTLobjectdata10RayPayloadaSEOU13MTLobjectdataS_,88
operator= -> _ZNU13MTLobjectdata10RayPayloadaSEOS_,88
operator= -> _ZN10RayPayloadaSEOU13MTLobjectdataS_,88
ArgBufArr -> _ZNU14MTLthreadgroup9ArgBufArrC1ERU13MTLobjectdataKS_,88
ArgBufArr -> _ZNU10MTLraydata9ArgBufArrC1ERU13MTLobjectdataKS_,88
ArgBufArr -> _ZN9ArgBufArrC1ERU13MTLobjectdataKS_,88
ArgBufArr -> _ZNU14MTLthreadgroup9ArgBufArrC1EOU13MTLobjectdataS_,88
ArgBufArr -> _ZNU10MTLraydata9ArgBufArrC1EOU13MTLobjectdataS_,88
ArgBufArr -> _ZN9ArgBufArrC1EOU13MTLobjectdataS_,88
operator= -> _ZNU9MTLdevice9ArgBufArraSERU13MTLobjectdataKS_,88
operator= -> _ZNU14MTLthreadgroup9ArgBufArraSERU13MTLobjectdataKS_,88
operator= -> _ZNU24MTLthreadgroupimageblock9ArgBufArraSERU13MTLobjectdataKS_,88
operator= -> _ZNU10MTLraydata9ArgBufArraSERU13MTLobjectdataKS_,88
operator= -> _ZNU13MTLobjectdata9ArgBufArraSERU9MTLdeviceKS_,88
operator= -> _ZNU13MTLobjectdata9ArgBufArraSERU14MTLthreadgroupKS_,88
operator= -> _ZNU13MTLobjectdata9ArgBufArraSERU11MTLconstantKS_,88
operator= -> _ZNU13MTLobjectdata9ArgBufArraSERU24MTLthreadgroupimageblockKS_,88
operator= -> _ZNU13MTLobjectdata9ArgBufArraSERU10MTLraydataKS_,88
operator= -> _ZNU13MTLobjectdata9ArgBufArraSERU13MTLobjectdataKS_,88
operator= -> _ZNU13MTLobjectdata9ArgBufArraSERKS_,88
operator= -> _ZN9ArgBufArraSERU13MTLobjectdataKS_,88
operator= -> _ZNU9MTLdevice9ArgBufArraSEOU13MTLobjectdataS_,88
operator= -> _ZNU14MTLthreadgroup9ArgBufArraSEOU13MTLobjectdataS_,88
operator= -> _ZNU24MTLthreadgroupimageblock9ArgBufArraSEOU13MTLobjectdataS_,88
operator= -> _ZNU10MTLraydata9ArgBufArraSEOU13MTLobjectdataS_,88
operator= -> _ZNU13MTLobjectdata9ArgBufArraSEOU9MTLdeviceS_,88
operator= -> _ZNU13MTLobjectdata9ArgBufArraSEOU14MTLthreadgroupS_,88
operator= -> _ZNU13MTLobjectdata9ArgBufArraSEOU24MTLthreadgroupimageblockS_,88
operator= -> _ZNU13MTLobjectdata9ArgBufArraSEOU10MTLraydataS_,88
operator= -> _ZNU13MTLobjectdata9ArgBufArraSEOU13MTLobjectdataS_,88
operator= -> _ZNU13MTLobjectdata9ArgBufArraSEOS_,88
operator= -> _ZN9ArgBufArraSEOU13MTLobjectdataS_,88
NestedLayout -> _ZNU14MTLthreadgroup12NestedLayoutC1ERU13MTLobjectdataKS_,88
NestedLayout -> _ZNU10MTLraydata12NestedLayoutC1ERU13MTLobjectdataKS_,88
NestedLayout -> _ZN12NestedLayoutC1ERU13MTLobjectdataKS_,88
NestedLayout -> _ZNU14MTLthreadgroup12NestedLayoutC1EOU13MTLobjectdataS_,88
NestedLayout -> _ZNU10MTLraydata12NestedLayoutC1EOU13MTLobjectdataS_,88
NestedLayout -> _ZN12NestedLayoutC1EOU13MTLobjectdataS_,88
operator= -> _ZNU9MTLdevice4BaseaSERU13MTLobjectdataKS_,88
operator= -> _ZNU14MTLthreadgroup4BaseaSERU13MTLobjectdataKS_,88
operator= -> _ZNU24MTLthreadgroupimageblock4BaseaSERU13MTLobjectdataKS_,88
operator= -> _ZNU10MTLraydata4BaseaSERU13MTLobjectdataKS_,88
operator= -> _ZNU13MTLobjectdata4BaseaSERU9MTLdeviceKS_,88
operator= -> _ZNU13MTLobjectdata4BaseaSERU14MTLthreadgroupKS_,88
operator= -> _ZNU13MTLobjectdata4BaseaSERU11MTLconstantKS_,88
operator= -> _ZNU13MTLobjectdata4BaseaSERU24MTLthreadgroupimageblockKS_,88
operator= -> _ZNU13MTLobjectdata4BaseaSERU10MTLraydataKS_,88
operator= -> _ZNU13MTLobjectdata4BaseaSERU13MTLobjectdataKS_,88
operator= -> _ZNU13MTLobjectdata4BaseaSERKS_,88
operator= -> _ZN4BaseaSERU13MTLobjectdataKS_,88
Derived -> _ZNU14MTLthreadgroup7DerivedC1ERU13MTLobjectdataKS_,88
Derived -> _ZNU10MTLraydata7DerivedC1ERU13MTLobjectdataKS_,88
Derived -> _ZN7DerivedC1ERU13MTLobjectdataKS_,88
Derived -> _ZNU14MTLthreadgroup7DerivedC1EOU13MTLobjectdataS_,88
Derived -> _ZNU10MTLraydata7DerivedC1EOU13MTLobjectdataS_,88
Derived -> _ZN7DerivedC1EOU13MTLobjectdataS_,88
U -> _ZNU14MTLthreadgroup1UC1ERU13MTLobjectdataKS_,88
U -> _ZNU10MTLraydata1UC1ERU13MTLobjectdataKS_,88
U -> _ZN1UC1ERU13MTLobjectdataKS_,88
U -> _ZNU14MTLthreadgroup1UC1EOU13MTLobjectdataS_,88
U -> _ZNU10MTLraydata1UC1EOU13MTLobjectdataS_,88
U -> _ZN1UC1EOU13MTLobjectdataS_,88
S -> _ZNU14MTLthreadgroup1SC1ERU13MTLobjectdataKS_,88
S -> _ZNU10MTLraydata1SC1ERU13MTLobjectdataKS_,88
S -> _ZN1SC1ERU13MTLobjectdataKS_,88
S -> _ZNU14MTLthreadgroup1SC1EOU13MTLobjectdataS_,88
S -> _ZNU10MTLraydata1SC1EOU13MTLobjectdataS_,88
S -> _ZN1SC1EOU13MTLobjectdataS_,88
VO -> _ZNU14MTLthreadgroup2VOC1ERU13MTLobjectdataKS_,88
VO -> _ZNU10MTLraydata2VOC1ERU13MTLobjectdataKS_,88
VO -> _ZN2VOC1ERU13MTLobjectdataKS_,88
VO -> _ZNU14MTLthreadgroup2VOC1EOU13MTLobjectdataS_,88
VO -> _ZNU10MTLraydata2VOC1EOU13MTLobjectdataS_,88
VO -> _ZN2VOC1EOU13MTLobjectdataS_,88
VOut -> _ZNU14MTLthreadgroup4VOutC1ERU13MTLobjectdataKS_,88
VOut -> _ZNU10MTLraydata4VOutC1ERU13MTLobjectdataKS_,88
VOut -> _ZN4VOutC1ERU13MTLobjectdataKS_,88
VOut -> _ZNU14MTLthreadgroup4VOutC1EOU13MTLobjectdataS_,88
VOut -> _ZNU10MTLraydata4VOutC1EOU13MTLobjectdataS_,88
VOut -> _ZN4VOutC1EOU13MTLobjectdataS_,88
IoVertexOut -> _ZNU14MTLthreadgroup11IoVertexOutC1ERU13MTLobjectdataKS_,88
IoVertexOut -> _ZNU10MTLraydata11IoVertexOutC1ERU13MTLobjectdataKS_,88
IoVertexOut -> _ZN11IoVertexOutC1ERU13MTLobjectdataKS_,88
IoVertexOut -> _ZNU14MTLthreadgroup11IoVertexOutC1EOU13MTLobjectdataS_,88
IoVertexOut -> _ZNU10MTLraydata11IoVertexOutC1EOU13MTLobjectdataS_,88
IoVertexOut -> _ZN11IoVertexOutC1EOU13MTLobjectdataS_,88
IoFragOutA -> _ZNU14MTLthreadgroup10IoFragOutAC1ERU13MTLobjectdataKS_,88
IoFragOutA -> _ZNU10MTLraydata10IoFragOutAC1ERU13MTLobjectdataKS_,88
IoFragOutA -> _ZN10IoFragOutAC1ERU13MTLobjectdataKS_,88
IoFragOutA -> _ZNU14MTLthreadgroup10IoFragOutAC1EOU13MTLobjectdataS_,88
IoFragOutA -> _ZNU10MTLraydata10IoFragOutAC1EOU13MTLobjectdataS_,88
IoFragOutA -> _ZN10IoFragOutAC1EOU13MTLobjectdataS_,88
IoFragOutG -> _ZNU14MTLthreadgroup10IoFragOutGC1ERU13MTLobjectdataKS_,88
IoFragOutG -> _ZNU10MTLraydata10IoFragOutGC1ERU13MTLobjectdataKS_,88
IoFragOutG -> _ZN10IoFragOutGC1ERU13MTLobjectdataKS_,88
IoFragOutG -> _ZNU14MTLthreadgroup10IoFragOutGC1EOU13MTLobjectdataS_,88
IoFragOutG -> _ZNU10MTLraydata10IoFragOutGC1EOU13MTLobjectdataS_,88
IoFragOutG -> _ZN10IoFragOutGC1EOU13MTLobjectdataS_,88
IoFragOutL -> _ZNU14MTLthreadgroup10IoFragOutLC1ERU13MTLobjectdataKS_,88
IoFragOutL -> _ZNU10MTLraydata10IoFragOutLC1ERU13MTLobjectdataKS_,88
IoFragOutL -> _ZN10IoFragOutLC1ERU13MTLobjectdataKS_,88
IoFragOutL -> _ZNU14MTLthreadgroup10IoFragOutLC1EOU13MTLobjectdataS_,88
IoFragOutL -> _ZNU10MTLraydata10IoFragOutLC1EOU13MTLobjectdataS_,88
IoFragOutL -> _ZN10IoFragOutLC1EOU13MTLobjectdataS_,88
MeshVertexOut -> _ZN13MeshVertexOutC1Ev,88
MeshVertexOut -> _ZNU14MTLthreadgroup13MeshVertexOutC1Ev,88
MeshVertexOut -> _ZNU11MTLconstantK13MeshVertexOutC1Ev,88
MeshVertexOut -> _ZNU10MTLraydata13MeshVertexOutC1Ev,88
MeshVertexOut -> _ZN13MeshVertexOutC1ERKS_,88
MeshVertexOut -> _ZNU14MTLthreadgroup13MeshVertexOutC1ERU9MTLdeviceKS_,88
MeshVertexOut -> _ZNU14MTLthreadgroup13MeshVertexOutC1ERU14MTLthreadgroupKS_,88
MeshVertexOut -> _ZNU14MTLthreadgroup13MeshVertexOutC1ERU11MTLconstantKS_,88
MeshVertexOut -> _ZNU14MTLthreadgroup13MeshVertexOutC1ERU24MTLthreadgroupimageblockKS_,88
MeshVertexOut -> _ZNU14MTLthreadgroup13MeshVertexOutC1ERU10MTLraydataKS_,88
MeshVertexOut -> _ZNU14MTLthreadgroup13MeshVertexOutC1ERU13MTLobjectdataKS_,88
MeshVertexOut -> _ZNU14MTLthreadgroup13MeshVertexOutC1ERKS_,88
MeshVertexOut -> _ZNU11MTLconstantK13MeshVertexOutC1ERU11MTLconstantKS_,88
MeshVertexOut -> _ZNU11MTLconstantK13MeshVertexOutC1ERKS_,88
MeshVertexOut -> _ZNU10MTLraydata13MeshVertexOutC1ERU9MTLdeviceKS_,88
MeshVertexOut -> _ZNU10MTLraydata13MeshVertexOutC1ERU14MTLthreadgroupKS_,88
MeshVertexOut -> _ZNU10MTLraydata13MeshVertexOutC1ERU11MTLconstantKS_,88
MeshVertexOut -> _ZNU10MTLraydata13MeshVertexOutC1ERU24MTLthreadgroupimageblockKS_,88
MeshVertexOut -> _ZNU10MTLraydata13MeshVertexOutC1ERU10MTLraydataKS_,88
MeshVertexOut -> _ZNU10MTLraydata13MeshVertexOutC1ERU13MTLobjectdataKS_,88
MeshVertexOut -> _ZNU10MTLraydata13MeshVertexOutC1ERKS_,88
MeshVertexOut -> _ZN13MeshVertexOutC1ERU9MTLdeviceKS_,88
MeshVertexOut -> _ZN13MeshVertexOutC1ERU14MTLthreadgroupKS_,88
MeshVertexOut -> _ZN13MeshVertexOutC1ERU11MTLconstantKS_,88
MeshVertexOut -> _ZN13MeshVertexOutC1ERU24MTLthreadgroupimageblockKS_,88
MeshVertexOut -> _ZN13MeshVertexOutC1ERU10MTLraydataKS_,88
MeshVertexOut -> _ZN13MeshVertexOutC1ERU13MTLobjectdataKS_,88
MeshVertexOut -> _ZN13MeshVertexOutC1EOS_,88
MeshVertexOut -> _ZNU14MTLthreadgroup13MeshVertexOutC1EOU9MTLdeviceS_,88
MeshVertexOut -> _ZNU14MTLthreadgroup13MeshVertexOutC1EOU14MTLthreadgroupS_,88
MeshVertexOut -> _ZNU14MTLthreadgroup13MeshVertexOutC1EOU24MTLthreadgroupimageblockS_,88
MeshVertexOut -> _ZNU14MTLthreadgroup13MeshVertexOutC1EOU10MTLraydataS_,88
MeshVertexOut -> _ZNU14MTLthreadgroup13MeshVertexOutC1EOU13MTLobjectdataS_,88
MeshVertexOut -> _ZNU14MTLthreadgroup13MeshVertexOutC1EOS_,88
MeshVertexOut -> _ZNU11MTLconstantK13MeshVertexOutC1EOS_,88
MeshVertexOut -> _ZNU10MTLraydata13MeshVertexOutC1EOU9MTLdeviceS_,88
MeshVertexOut -> _ZNU10MTLraydata13MeshVertexOutC1EOU14MTLthreadgroupS_,88
MeshVertexOut -> _ZNU10MTLraydata13MeshVertexOutC1EOU24MTLthreadgroupimageblockS_,88
MeshVertexOut -> _ZNU10MTLraydata13MeshVertexOutC1EOU10MTLraydataS_,88
MeshVertexOut -> _ZNU10MTLraydata13MeshVertexOutC1EOU13MTLobjectdataS_,88
MeshVertexOut -> _ZNU10MTLraydata13MeshVertexOutC1EOS_,88
MeshVertexOut -> _ZN13MeshVertexOutC1EOU9MTLdeviceS_,88
MeshVertexOut -> _ZN13MeshVertexOutC1EOU14MTLthreadgroupS_,88
MeshVertexOut -> _ZN13MeshVertexOutC1EOU24MTLthreadgroupimageblockS_,88
MeshVertexOut -> _ZN13MeshVertexOutC1EOU10MTLraydataS_,88
MeshVertexOut -> _ZN13MeshVertexOutC1EOU13MTLobjectdataS_,88
~MeshVertexOut -> _ZN13MeshVertexOutD1Ev,88
size -> _ZNK10FixedArrayIjLj4EE4sizeEv,88
FixedArray -> _ZN10FixedArrayIjLj4EEC1Ev,88
FixedArray -> _ZNU14MTLthreadgroup10FixedArrayIjLj4EEC1Ev,88
FixedArray -> _ZNU11MTLconstantK10FixedArrayIjLj4EEC1Ev,88
FixedArray -> _ZNU10MTLraydata10FixedArrayIjLj4EEC1Ev,88
FixedArray -> _ZN10FixedArrayIjLj4EEC1ERKS0_,88
FixedArray -> _ZNU14MTLthreadgroup10FixedArrayIjLj4EEC1ERU9MTLdeviceKS0_,88
FixedArray -> _ZNU14MTLthreadgroup10FixedArrayIjLj4EEC1ERU14MTLthreadgroupKS0_,88
FixedArray -> _ZNU14MTLthreadgroup10FixedArrayIjLj4EEC1ERU11MTLconstantKS0_,88
FixedArray -> _ZNU14MTLthreadgroup10FixedArrayIjLj4EEC1ERU24MTLthreadgroupimageblockKS0_,88
FixedArray -> _ZNU14MTLthreadgroup10FixedArrayIjLj4EEC1ERU10MTLraydataKS0_,88
FixedArray -> _ZNU14MTLthreadgroup10FixedArrayIjLj4EEC1ERU13MTLobjectdataKS0_,88
FixedArray -> _ZNU14MTLthreadgroup10FixedArrayIjLj4EEC1ERKS0_,88
FixedArray -> _ZNU11MTLconstantK10FixedArrayIjLj4EEC1ERU11MTLconstantKS0_,88
FixedArray -> _ZNU11MTLconstantK10FixedArrayIjLj4EEC1ERKS0_,88
FixedArray -> _ZNU10MTLraydata10FixedArrayIjLj4EEC1ERU9MTLdeviceKS0_,88
FixedArray -> _ZNU10MTLraydata10FixedArrayIjLj4EEC1ERU14MTLthreadgroupKS0_,88
FixedArray -> _ZNU10MTLraydata10FixedArrayIjLj4EEC1ERU11MTLconstantKS0_,88
FixedArray -> _ZNU10MTLraydata10FixedArrayIjLj4EEC1ERU24MTLthreadgroupimageblockKS0_,88
FixedArray -> _ZNU10MTLraydata10FixedArrayIjLj4EEC1ERU10MTLraydataKS0_,88
FixedArray -> _ZNU10MTLraydata10FixedArrayIjLj4EEC1ERU13MTLobjectdataKS0_,88
FixedArray -> _ZNU10MTLraydata10FixedArrayIjLj4EEC1ERKS0_,88
FixedArray -> _ZN10FixedArrayIjLj4EEC1ERU9MTLdeviceKS0_,88
FixedArray -> _ZN10FixedArrayIjLj4EEC1ERU14MTLthreadgroupKS0_,88
FixedArray -> _ZN10FixedArrayIjLj4EEC1ERU11MTLconstantKS0_,88
FixedArray -> _ZN10FixedArrayIjLj4EEC1ERU24MTLthreadgroupimageblockKS0_,88
FixedArray -> _ZN10FixedArrayIjLj4EEC1ERU10MTLraydataKS0_,88
FixedArray -> _ZN10FixedArrayIjLj4EEC1ERU13MTLobjectdataKS0_,88
FixedArray -> _ZN10FixedArrayIjLj4EEC1EOS0_,88
FixedArray -> _ZNU14MTLthreadgroup10FixedArrayIjLj4EEC1EOU9MTLdeviceS0_,88
FixedArray -> _ZNU14MTLthreadgroup10FixedArrayIjLj4EEC1EOU14MTLthreadgroupS0_,88
FixedArray -> _ZNU14MTLthreadgroup10FixedArrayIjLj4EEC1EOU24MTLthreadgroupimageblockS0_,88
FixedArray -> _ZNU14MTLthreadgroup10FixedArrayIjLj4EEC1EOU10MTLraydataS0_,88
FixedArray -> _ZNU14MTLthreadgroup10FixedArrayIjLj4EEC1EOU13MTLobjectdataS0_,88
FixedArray -> _ZNU14MTLthreadgroup10FixedArrayIjLj4EEC1EOS0_,88
FixedArray -> _ZNU11MTLconstantK10FixedArrayIjLj4EEC1EOS0_,88
FixedArray -> _ZNU10MTLraydata10FixedArrayIjLj4EEC1EOU9MTLdeviceS0_,88
FixedArray -> _ZNU10MTLraydata10FixedArrayIjLj4EEC1EOU14MTLthreadgroupS0_,88
FixedArray -> _ZNU10MTLraydata10FixedArrayIjLj4EEC1EOU24MTLthreadgroupimageblockS0_,88
FixedArray -> _ZNU10MTLraydata10FixedArrayIjLj4EEC1EOU10MTLraydataS0_,88
FixedArray -> _ZNU10MTLraydata10FixedArrayIjLj4EEC1EOU13MTLobjectdataS0_,88
FixedArray -> _ZNU10MTLraydata10FixedArrayIjLj4EEC1EOS0_,88
FixedArray -> _ZN10FixedArrayIjLj4EEC1EOU9MTLdeviceS0_,88
FixedArray -> _ZN10FixedArrayIjLj4EEC1EOU14MTLthreadgroupS0_,88
FixedArray -> _ZN10FixedArrayIjLj4EEC1EOU24MTLthreadgroupimageblockS0_,88
FixedArray -> _ZN10FixedArrayIjLj4EEC1EOU10MTLraydataS0_,88
FixedArray -> _ZN10FixedArrayIjLj4EEC1EOU13MTLobjectdataS0_,88
OpBox -> _ZNU14MTLthreadgroup5OpBoxC1ERU13MTLobjectdataKS_,88
OpBox -> _ZNU10MTLraydata5OpBoxC1ERU13MTLobjectdataKS_,88
OpBox -> _ZN5OpBoxC1ERU13MTLobjectdataKS_,88
OpBox -> _ZNU14MTLthreadgroup5OpBoxC1EOU13MTLobjectdataS_,88
OpBox -> _ZNU10MTLraydata5OpBoxC1EOU13MTLobjectdataS_,88
OpBox -> _ZN5OpBoxC1EOU13MTLobjectdataS_,88
RayQuery -> _ZNU14MTLthreadgroup8RayQueryC1ERU13MTLobjectdataKS_,88
RayQuery -> _ZNU10MTLraydata8RayQueryC1ERU13MTLobjectdataKS_,88
RayQuery -> _ZN8RayQueryC1ERU13MTLobjectdataKS_,88
RayQuery -> _ZNU14MTLthreadgroup8RayQueryC1EOU13MTLobjectdataS_,88
RayQuery -> _ZNU10MTLraydata8RayQueryC1EOU13MTLobjectdataS_,88
RayQuery -> _ZN8RayQueryC1EOU13MTLobjectdataS_,88
operator= -> _ZNU9MTLdevice8RayQueryaSERU13MTLobjectdataKS_,88
operator= -> _ZNU14MTLthreadgroup8RayQueryaSERU13MTLobjectdataKS_,88
operator= -> _ZNU24MTLthreadgroupimageblock8RayQueryaSERU13MTLobjectdataKS_,88
operator= -> _ZNU10MTLraydata8RayQueryaSERU13MTLobjectdataKS_,88
operator= -> _ZNU13MTLobjectdata8RayQueryaSERU9MTLdeviceKS_,88
operator= -> _ZNU13MTLobjectdata8RayQueryaSERU14MTLthreadgroupKS_,88
operator= -> _ZNU13MTLobjectdata8RayQueryaSERU11MTLconstantKS_,88
operator= -> _ZNU13MTLobjectdata8RayQueryaSERU24MTLthreadgroupimageblockKS_,88
operator= -> _ZNU13MTLobjectdata8RayQueryaSERU10MTLraydataKS_,88
operator= -> _ZNU13MTLobjectdata8RayQueryaSERU13MTLobjectdataKS_,88
operator= -> _ZNU13MTLobjectdata8RayQueryaSERKS_,88
operator= -> _ZN8RayQueryaSERU13MTLobjectdataKS_,88
operator= -> _ZNU9MTLdevice8RayQueryaSEOU13MTLobjectdataS_,88
operator= -> _ZNU14MTLthreadgroup8RayQueryaSEOU13MTLobjectdataS_,88
operator= -> _ZNU24MTLthreadgroupimageblock8RayQueryaSEOU13MTLobjectdataS_,88
operator= -> _ZNU10MTLraydata8RayQueryaSEOU13MTLobjectdataS_,88
operator= -> _ZNU13MTLobjectdata8RayQueryaSEOU9MTLdeviceS_,88
operator= -> _ZNU13MTLobjectdata8RayQueryaSEOU14MTLthreadgroupS_,88
operator= -> _ZNU13MTLobjectdata8RayQueryaSEOU24MTLthreadgroupimageblockS_,88
operator= -> _ZNU13MTLobjectdata8RayQueryaSEOU10MTLraydataS_,88
operator= -> _ZNU13MTLobjectdata8RayQueryaSEOU13MTLobjectdataS_,88
operator= -> _ZNU13MTLobjectdata8RayQueryaSEOS_,88
operator= -> _ZN8RayQueryaSEOU13MTLobjectdataS_,88
ArrayBox -> _ZNU14MTLthreadgroup8ArrayBoxIDv4_fLj2EEC1ERU13MTLobjectdataKS1_,88
ArrayBox -> _ZNU10MTLraydata8ArrayBoxIDv4_fLj2EEC1ERU13MTLobjectdataKS1_,88
ArrayBox -> _ZN8ArrayBoxIDv4_fLj2EEC1ERU13MTLobjectdataKS1_,88
ArrayBox -> _ZNU14MTLthreadgroup8ArrayBoxIDv4_fLj2EEC1EOU13MTLobjectdataS1_,88
ArrayBox -> _ZNU10MTLraydata8ArrayBoxIDv4_fLj2EEC1EOU13MTLobjectdataS1_,88
ArrayBox -> _ZN8ArrayBoxIDv4_fLj2EEC1EOU13MTLobjectdataS1_,88
SharedArgs -> _ZN10SharedArgsC1ERKS_,86
SharedArgs -> _ZNU14MTLthreadgroup10SharedArgsC1ERU9MTLdeviceKS_,86
SharedArgs -> _ZNU14MTLthreadgroup10SharedArgsC1ERU14MTLthreadgroupKS_,86
SharedArgs -> _ZNU14MTLthreadgroup10SharedArgsC1ERU11MTLconstantKS_,86
SharedArgs -> _ZNU14MTLthreadgroup10SharedArgsC1ERKS_,86
SharedArgs -> _ZNU11MTLconstantK10SharedArgsC1ERU11MTLconstantKS_,86
SharedArgs -> _ZNU11MTLconstantK10SharedArgsC1ERKS_,86
SharedArgs -> _ZN10SharedArgsC1ERU9MTLdeviceKS_,86
SharedArgs -> _ZN10SharedArgsC1ERU14MTLthreadgroupKS_,86
SharedArgs -> _ZN10SharedArgsC1ERU11MTLconstantKS_,86
SharedArgs -> _ZN10SharedArgsC1EOS_,86
SharedArgs -> _ZNU14MTLthreadgroup10SharedArgsC1EOU9MTLdeviceS_,86
SharedArgs -> _ZNU14MTLthreadgroup10SharedArgsC1EOU14MTLthreadgroupS_,86
SharedArgs -> _ZNU14MTLthreadgroup10SharedArgsC1EOS_,86
SharedArgs -> _ZNU11MTLconstantK10SharedArgsC1EOS_,86
SharedArgs -> _ZN10SharedArgsC1EOU9MTLdeviceS_,86
SharedArgs -> _ZN10SharedArgsC1EOU14MTLthreadgroupS_,86
operator= -> _ZN10SharedArgsaSERKS_,86
operator= -> _ZNU9MTLdevice10SharedArgsaSERU9MTLdeviceKS_,86
operator= -> _ZNU9MTLdevice10SharedArgsaSERU14MTLthreadgroupKS_,86
operator= -> _ZNU9MTLdevice10SharedArgsaSERU11MTLconstantKS_,86
operator= -> _ZNU9MTLdevice10SharedArgsaSERKS_,86
operator= -> _ZNU14MTLthreadgroup10SharedArgsaSERU9MTLdeviceKS_,86
operator= -> _ZNU14MTLthreadgroup10SharedArgsaSERU14MTLthreadgroupKS_,86
operator= -> _ZNU14MTLthreadgroup10SharedArgsaSERU11MTLconstantKS_,86
operator= -> _ZNU14MTLthreadgroup10SharedArgsaSERKS_,86
operator= -> _ZN10SharedArgsaSERU9MTLdeviceKS_,86
operator= -> _ZN10SharedArgsaSERU14MTLthreadgroupKS_,86
operator= -> _ZN10SharedArgsaSERU11MTLconstantKS_,86
operator= -> _ZN10SharedArgsaSEOS_,86
operator= -> _ZNU9MTLdevice10SharedArgsaSEOU9MTLdeviceS_,86
operator= -> _ZNU9MTLdevice10SharedArgsaSEOU14MTLthreadgroupS_,86
operator= -> _ZNU9MTLdevice10SharedArgsaSEOS_,86
operator= -> _ZNU14MTLthreadgroup10SharedArgsaSEOU9MTLdeviceS_,86
operator= -> _ZNU14MTLthreadgroup10SharedArgsaSEOU14MTLthreadgroupS_,86
operator= -> _ZNU14MTLthreadgroup10SharedArgsaSEOS_,86
operator= -> _ZN10SharedArgsaSEOU9MTLdeviceS_,86
operator= -> _ZN10SharedArgsaSEOU14MTLthreadgroupS_,86
operator= -> _ZNU9MTLdevice4BaseaSEOU24MTLthreadgroupimageblockS_,78
operator= -> _ZNU14MTLthreadgroup4BaseaSEOU24MTLthreadgroupimageblockS_,78
operator= -> _ZNU24MTLthreadgroupimageblock4BaseaSEOU9MTLdeviceS_,78
operator= -> _ZNU24MTLthreadgroupimageblock4BaseaSEOU14MTLthreadgroupS_,78
operator= -> _ZNU24MTLthreadgroupimageblock4BaseaSEOU24MTLthreadgroupimageblockS_,78
operator= -> _ZNU24MTLthreadgroupimageblock4BaseaSEOS_,78
operator= -> _ZN4BaseaSEOU24MTLthreadgroupimageblockS_,78
Bf -> _ZNU14MTLthreadgroup2BfC1ERU24MTLthreadgroupimageblockKS_,78
Bf -> _ZN2BfC1ERU24MTLthreadgroupimageblockKS_,78
Bf -> _ZNU14MTLthreadgroup2BfC1EOU24MTLthreadgroupimageblockS_,78
Bf -> _ZN2BfC1EOU24MTLthreadgroupimageblockS_,78
V -> _ZNU14MTLthreadgroup1VC1ERU24MTLthreadgroupimageblockKS_,78
V -> _ZN1VC1ERU24MTLthreadgroupimageblockKS_,78
V -> _ZNU14MTLthreadgroup1VC1EOU24MTLthreadgroupimageblockS_,78
V -> _ZN1VC1EOU24MTLthreadgroupimageblockS_,78
FO2 -> _ZNU14MTLthreadgroup3FO2C1ERU24MTLthreadgroupimageblockKS_,78
FO2 -> _ZN3FO2C1ERU24MTLthreadgroupimageblockKS_,78
FO2 -> _ZNU14MTLthreadgroup3FO2C1EOU24MTLthreadgroupimageblockS_,78
FO2 -> _ZN3FO2C1EOU24MTLthreadgroupimageblockS_,78
FO -> _ZNU14MTLthreadgroup2FOC1ERU24MTLthreadgroupimageblockKS_,78
FO -> _ZN2FOC1ERU24MTLthreadgroupimageblockKS_,78
FO -> _ZNU14MTLthreadgroup2FOC1EOU24MTLthreadgroupimageblockS_,78
FO -> _ZN2FOC1EOU24MTLthreadgroupimageblockS_,78
FOm -> _ZNU14MTLthreadgroup3FOmC1ERU24MTLthreadgroupimageblockKS_,78
FOm -> _ZN3FOmC1ERU24MTLthreadgroupimageblockKS_,78
FOm -> _ZNU14MTLthreadgroup3FOmC1EOU24MTLthreadgroupimageblockS_,78
FOm -> _ZN3FOmC1EOU24MTLthreadgroupimageblockS_,78
VOc -> _ZNU14MTLthreadgroup3VOcC1ERU24MTLthreadgroupimageblockKS_,78
VOc -> _ZN3VOcC1ERU24MTLthreadgroupimageblockKS_,78
VOc -> _ZNU14MTLthreadgroup3VOcC1EOU24MTLthreadgroupimageblockS_,78
VOc -> _ZN3VOcC1EOU24MTLthreadgroupimageblockS_,78
VOp -> _ZNU14MTLthreadgroup3VOpC1ERU24MTLthreadgroupimageblockKS_,78
VOp -> _ZN3VOpC1ERU24MTLthreadgroupimageblockKS_,78
VOp -> _ZNU14MTLthreadgroup3VOpC1EOU24MTLthreadgroupimageblockS_,78
VOp -> _ZN3VOpC1EOU24MTLthreadgroupimageblockS_,78
SharedArgs -> _ZNU14MTLthreadgroup10SharedArgsC1ERU24MTLthreadgroupimageblockKS_,78
SharedArgs -> _ZN10SharedArgsC1ERU24MTLthreadgroupimageblockKS_,78
SharedArgs -> _ZNU14MTLthreadgroup10SharedArgsC1EOU24MTLthreadgroupimageblockS_,78
SharedArgs -> _ZN10SharedArgsC1EOU24MTLthreadgroupimageblockS_,78
operator= -> _ZNU9MTLdevice10SharedArgsaSERU24MTLthreadgroupimageblockKS_,78
operator= -> _ZNU14MTLthreadgroup10SharedArgsaSERU24MTLthreadgroupimageblockKS_,78
operator= -> _ZNU24MTLthreadgroupimageblock10SharedArgsaSERU9MTLdeviceKS_,78
operator= -> _ZNU24MTLthreadgroupimageblock10SharedArgsaSERU14MTLthreadgroupKS_,78
operator= -> _ZNU24MTLthreadgroupimageblock10SharedArgsaSERU11MTLconstantKS_,78
operator= -> _ZNU24MTLthreadgroupimageblock10SharedArgsaSERU24MTLthreadgroupimageblockKS_,78
operator= -> _ZNU24MTLthreadgroupimageblock10SharedArgsaSERKS_,78
operator= -> _ZN10SharedArgsaSERU24MTLthreadgroupimageblockKS_,78
operator= -> _ZNU9MTLdevice10SharedArgsaSEOU24MTLthreadgroupimageblockS_,78
operator= -> _ZNU14MTLthreadgroup10SharedArgsaSEOU24MTLthreadgroupimageblockS_,78
operator= -> _ZNU24MTLthreadgroupimageblock10SharedArgsaSEOU9MTLdeviceS_,78
operator= -> _ZNU24MTLthreadgroupimageblock10SharedArgsaSEOU14MTLthreadgroupS_,78
operator= -> _ZNU24MTLthreadgroupimageblock10SharedArgsaSEOU24MTLthreadgroupimageblockS_,78
operator= -> _ZNU24MTLthreadgroupimageblock10SharedArgsaSEOS_,78
operator= -> _ZN10SharedArgsaSEOU24MTLthreadgroupimageblockS_,78
PM -> _ZNU14MTLthreadgroup2PMC1ERU24MTLthreadgroupimageblockKS_,78
PM -> _ZN2PMC1ERU24MTLthreadgroupimageblockKS_,78
PM -> _ZNU14MTLthreadgroup2PMC1EOU24MTLthreadgroupimageblockS_,78
PM -> _ZN2PMC1EOU24MTLthreadgroupimageblockS_,78
AlignedTG -> _ZNU14MTLthreadgroup9AlignedTGC1ERU24MTLthreadgroupimageblockKS_,78
AlignedTG -> _ZN9AlignedTGC1ERU24MTLthreadgroupimageblockKS_,78
AlignedTG -> _ZNU14MTLthreadgroup9AlignedTGC1EOU24MTLthreadgroupimageblockS_,78
AlignedTG -> _ZN9AlignedTGC1EOU24MTLthreadgroupimageblockS_,78
PackedTG -> _ZNU14MTLthreadgroup8PackedTGC1ERU24MTLthreadgroupimageblockKS_,78
PackedTG -> _ZN8PackedTGC1ERU24MTLthreadgroupimageblockKS_,78
PackedTG -> _ZNU14MTLthreadgroup8PackedTGC1EOU24MTLthreadgroupimageblockS_,78
PackedTG -> _ZN8PackedTGC1EOU24MTLthreadgroupimageblockS_,78
C -> _ZNU14MTLthreadgroup1CC1ERU24MTLthreadgroupimageblockKS_,78
C -> _ZN1CC1ERU24MTLthreadgroupimageblockKS_,78
C -> _ZNU14MTLthreadgroup1CC1EOU24MTLthreadgroupimageblockS_,78
C -> _ZN1CC1EOU24MTLthreadgroupimageblockS_,78
Vec -> _ZNU14MTLthreadgroup3VecC1ERU24MTLthreadgroupimageblockKS_,78
Vec -> _ZN3VecC1ERU24MTLthreadgroupimageblockKS_,78
Vec -> _ZNU14MTLthreadgroup3VecC1EOU24MTLthreadgroupimageblockS_,78
Vec -> _ZN3VecC1EOU24MTLthreadgroupimageblockS_,78
P2 -> _ZNU14MTLthreadgroup2P2C1ERU24MTLthreadgroupimageblockKS_,78
P2 -> _ZN2P2C1ERU24MTLthreadgroupimageblockKS_,78
P2 -> _ZNU14MTLthreadgroup2P2C1EOU24MTLthreadgroupimageblockS_,78
P2 -> _ZN2P2C1EOU24MTLthreadgroupimageblockS_,78
operator= -> _ZNU9MTLdevice1SaSERU24MTLthreadgroupimageblockKS_,78
operator= -> _ZNU14MTLthreadgroup1SaSERU24MTLthreadgroupimageblockKS_,78
operator= -> _ZNU24MTLthreadgroupimageblock1SaSERU9MTLdeviceKS_,78
operator= -> _ZNU24MTLthreadgroupimageblock1SaSERU14MTLthreadgroupKS_,78
operator= -> _ZNU24MTLthreadgroupimageblock1SaSERU11MTLconstantKS_,78
operator= -> _ZNU24MTLthreadgroupimageblock1SaSERU24MTLthreadgroupimageblockKS_,78
operator= -> _ZNU24MTLthreadgroupimageblock1SaSERKS_,78
operator= -> _ZN1SaSERU24MTLthreadgroupimageblockKS_,78
operator= -> _ZNU9MTLdevice1SaSEOU24MTLthreadgroupimageblockS_,78
operator= -> _ZNU14MTLthreadgroup1SaSEOU24MTLthreadgroupimageblockS_,78
operator= -> _ZNU24MTLthreadgroupimageblock1SaSEOU9MTLdeviceS_,78
operator= -> _ZNU24MTLthreadgroupimageblock1SaSEOU14MTLthreadgroupS_,78
operator= -> _ZNU24MTLthreadgroupimageblock1SaSEOU24MTLthreadgroupimageblockS_,78
operator= -> _ZNU24MTLthreadgroupimageblock1SaSEOS_,78
operator= -> _ZN1SaSEOU24MTLthreadgroupimageblockS_,78
Dimensions -> _ZNU14MTLthreadgroup10DimensionsC1ERU24MTLthreadgroupimageblockKS_,78
Dimensions -> _ZN10DimensionsC1ERU24MTLthreadgroupimageblockKS_,78
Dimensions -> _ZNU14MTLthreadgroup10DimensionsC1EOU24MTLthreadgroupimageblockS_,78
Dimensions -> _ZN10DimensionsC1EOU24MTLthreadgroupimageblockS_,78
FO4 -> _ZNU14MTLthreadgroup3FO4C1ERU24MTLthreadgroupimageblockKS_,78
FO4 -> _ZN3FO4C1ERU24MTLthreadgroupimageblockKS_,78
FO4 -> _ZNU14MTLthreadgroup3FO4C1EOU24MTLthreadgroupimageblockS_,78
FO4 -> _ZN3FO4C1EOU24MTLthreadgroupimageblockS_,78
VOr -> _ZNU14MTLthreadgroup3VOrC1ERU24MTLthreadgroupimageblockKS_,78
VOr -> _ZN3VOrC1ERU24MTLthreadgroupimageblockKS_,78
VOr -> _ZNU14MTLthreadgroup3VOrC1EOU24MTLthreadgroupimageblockS_,78
VOr -> _ZN3VOrC1EOU24MTLthreadgroupimageblockS_,78
VO4 -> _ZNU14MTLthreadgroup3VO4C1ERU24MTLthreadgroupimageblockKS_,78
VO4 -> _ZN3VO4C1ERU24MTLthreadgroupimageblockKS_,78
VO4 -> _ZNU14MTLthreadgroup3VO4C1EOU24MTLthreadgroupimageblockS_,78
VO4 -> _ZN3VO4C1EOU24MTLthreadgroupimageblockS_,78
VO1 -> _ZNU14MTLthreadgroup3VO1C1ERU24MTLthreadgroupimageblockKS_,78
VO1 -> _ZN3VO1C1ERU24MTLthreadgroupimageblockKS_,78
VO1 -> _ZNU14MTLthreadgroup3VO1C1EOU24MTLthreadgroupimageblockS_,78
VO1 -> _ZN3VO1C1EOU24MTLthreadgroupimageblockS_,78
VOu -> _ZNU14MTLthreadgroup3VOuC1ERU24MTLthreadgroupimageblockKS_,78
VOu -> _ZN3VOuC1ERU24MTLthreadgroupimageblockKS_,78
VOu -> _ZNU14MTLthreadgroup3VOuC1EOU24MTLthreadgroupimageblockS_,78
VOu -> _ZN3VOuC1EOU24MTLthreadgroupimageblockS_,78
A8 -> _ZNU14MTLthreadgroup2A8C1ERU24MTLthreadgroupimageblockKS_,78
A8 -> _ZN2A8C1ERU24MTLthreadgroupimageblockKS_,78
A8 -> _ZNU14MTLthreadgroup2A8C1EOU24MTLthreadgroupimageblockS_,78
A8 -> _ZN2A8C1EOU24MTLthreadgroupimageblockS_,78
A16 -> _ZNU14MTLthreadgroup3A16C1ERU24MTLthreadgroupimageblockKS_,78
A16 -> _ZN3A16C1ERU24MTLthreadgroupimageblockKS_,78
A16 -> _ZNU14MTLthreadgroup3A16C1EOU24MTLthreadgroupimageblockS_,78
A16 -> _ZN3A16C1EOU24MTLthreadgroupimageblockS_,78
A32 -> _ZNU14MTLthreadgroup3A32C1ERU24MTLthreadgroupimageblockKS_,78
A32 -> _ZN3A32C1ERU24MTLthreadgroupimageblockKS_,78
A32 -> _ZNU14MTLthreadgroup3A32C1EOU24MTLthreadgroupimageblockS_,78
A32 -> _ZN3A32C1EOU24MTLthreadgroupimageblockS_,78
Al -> _ZNU14MTLthreadgroup2AlC1ERU24MTLthreadgroupimageblockKS_,78
Al -> _ZN2AlC1ERU24MTLthreadgroupimageblockKS_,78
Al -> _ZNU14MTLthreadgroup2AlC1EOU24MTLthreadgroupimageblockS_,78
Al -> _ZN2AlC1EOU24MTLthreadgroupimageblockS_,78
TGData -> _ZNU14MTLthreadgroup6TGDataC1ERU24MTLthreadgroupimageblockKS_,78
TGData -> _ZN6TGDataC1ERU24MTLthreadgroupimageblockKS_,78
TGData -> _ZNU14MTLthreadgroup6TGDataC1EOU24MTLthreadgroupimageblockS_,78
TGData -> _ZN6TGDataC1EOU24MTLthreadgroupimageblockS_,78
operator new -> _Znwm,70
operator new[] -> _Znam,70
internal_name -> my_kernel,68
C -> _ZNU10MTLraydata1CC1Ev,60
C -> _ZNU14MTLthreadgroup1CC1ERU10MTLraydataKS_,60
C -> _ZNU10MTLraydata1CC1ERU9MTLdeviceKS_,60
C -> _ZNU10MTLraydata1CC1ERU14MTLthreadgroupKS_,60
C -> _ZNU10MTLraydata1CC1ERU11MTLconstantKS_,60
C -> _ZNU10MTLraydata1CC1ERU24MTLthreadgroupimageblockKS_,60
C -> _ZNU10MTLraydata1CC1ERU10MTLraydataKS_,60
C -> _ZNU10MTLraydata1CC1ERKS_,60
C -> _ZN1CC1ERU10MTLraydataKS_,60
C -> _ZNU14MTLthreadgroup1CC1EOU10MTLraydataS_,60
C -> _ZNU10MTLraydata1CC1EOU9MTLdeviceS_,60
C -> _ZNU10MTLraydata1CC1EOU14MTLthreadgroupS_,60
C -> _ZNU10MTLraydata1CC1EOU24MTLthreadgroupimageblockS_,60
C -> _ZNU10MTLraydata1CC1EOU10MTLraydataS_,60
C -> _ZNU10MTLraydata1CC1EOS_,60
C -> _ZN1CC1EOU10MTLraydataS_,60
Vec -> _ZNU10MTLraydata3VecC1Ev,60
Vec -> _ZNU14MTLthreadgroup3VecC1ERU10MTLraydataKS_,60
Vec -> _ZNU10MTLraydata3VecC1ERU9MTLdeviceKS_,60
Vec -> _ZNU10MTLraydata3VecC1ERU14MTLthreadgroupKS_,60
Vec -> _ZNU10MTLraydata3VecC1ERU11MTLconstantKS_,60
Vec -> _ZNU10MTLraydata3VecC1ERU24MTLthreadgroupimageblockKS_,60
Vec -> _ZNU10MTLraydata3VecC1ERU10MTLraydataKS_,60
Vec -> _ZNU10MTLraydata3VecC1ERKS_,60
Vec -> _ZN3VecC1ERU10MTLraydataKS_,60
Vec -> _ZNU14MTLthreadgroup3VecC1EOU10MTLraydataS_,60
Vec -> _ZNU10MTLraydata3VecC1EOU9MTLdeviceS_,60
Vec -> _ZNU10MTLraydata3VecC1EOU14MTLthreadgroupS_,60
Vec -> _ZNU10MTLraydata3VecC1EOU24MTLthreadgroupimageblockS_,60
Vec -> _ZNU10MTLraydata3VecC1EOU10MTLraydataS_,60
Vec -> _ZNU10MTLraydata3VecC1EOS_,60
Vec -> _ZN3VecC1EOU10MTLraydataS_,60
P2 -> _ZNU10MTLraydata2P2C1Ev,60
P2 -> _ZNU14MTLthreadgroup2P2C1ERU10MTLraydataKS_,60
P2 -> _ZNU10MTLraydata2P2C1ERU9MTLdeviceKS_,60
P2 -> _ZNU10MTLraydata2P2C1ERU14MTLthreadgroupKS_,60
P2 -> _ZNU10MTLraydata2P2C1ERU11MTLconstantKS_,60
P2 -> _ZNU10MTLraydata2P2C1ERU24MTLthreadgroupimageblockKS_,60
P2 -> _ZNU10MTLraydata2P2C1ERU10MTLraydataKS_,60
P2 -> _ZNU10MTLraydata2P2C1ERKS_,60
P2 -> _ZN2P2C1ERU10MTLraydataKS_,60
P2 -> _ZNU14MTLthreadgroup2P2C1EOU10MTLraydataS_,60
P2 -> _ZNU10MTLraydata2P2C1EOU9MTLdeviceS_,60
P2 -> _ZNU10MTLraydata2P2C1EOU14MTLthreadgroupS_,60
P2 -> _ZNU10MTLraydata2P2C1EOU24MTLthreadgroupimageblockS_,60
P2 -> _ZNU10MTLraydata2P2C1EOU10MTLraydataS_,60
P2 -> _ZNU10MTLraydata2P2C1EOS_,60
P2 -> _ZN2P2C1EOU10MTLraydataS_,60
operator= -> _ZNU9MTLdevice1SaSERU10MTLraydataKS_,60
operator= -> _ZNU14MTLthreadgroup1SaSERU10MTLraydataKS_,60
operator= -> _ZNU24MTLthreadgroupimageblock1SaSERU10MTLraydataKS_,60
operator= -> _ZNU10MTLraydata1SaSERU9MTLdeviceKS_,60
operator= -> _ZNU10MTLraydata1SaSERU14MTLthreadgroupKS_,60
operator= -> _ZNU10MTLraydata1SaSERU11MTLconstantKS_,60
operator= -> _ZNU10MTLraydata1SaSERU24MTLthreadgroupimageblockKS_,60
operator= -> _ZNU10MTLraydata1SaSERU10MTLraydataKS_,60
operator= -> _ZNU10MTLraydata1SaSERKS_,60
operator= -> _ZN1SaSERU10MTLraydataKS_,60
operator= -> _ZNU9MTLdevice1SaSEOU10MTLraydataS_,60
operator= -> _ZNU14MTLthreadgroup1SaSEOU10MTLraydataS_,60
operator= -> _ZNU24MTLthreadgroupimageblock1SaSEOU10MTLraydataS_,60
operator= -> _ZNU10MTLraydata1SaSEOU9MTLdeviceS_,60
operator= -> _ZNU10MTLraydata1SaSEOU14MTLthreadgroupS_,60
operator= -> _ZNU10MTLraydata1SaSEOU24MTLthreadgroupimageblockS_,60
operator= -> _ZNU10MTLraydata1SaSEOU10MTLraydataS_,60
operator= -> _ZNU10MTLraydata1SaSEOS_,60
operator= -> _ZN1SaSEOU10MTLraydataS_,60
Dimensions -> _ZNU10MTLraydata10DimensionsC1Ev,60
Dimensions -> _ZNU14MTLthreadgroup10DimensionsC1ERU10MTLraydataKS_,60
Dimensions -> _ZNU10MTLraydata10DimensionsC1ERU9MTLdeviceKS_,60
Dimensions -> _ZNU10MTLraydata10DimensionsC1ERU14MTLthreadgroupKS_,60
Dimensions -> _ZNU10MTLraydata10DimensionsC1ERU11MTLconstantKS_,60
Dimensions -> _ZNU10MTLraydata10DimensionsC1ERU24MTLthreadgroupimageblockKS_,60
Dimensions -> _ZNU10MTLraydata10DimensionsC1ERU10MTLraydataKS_,60
Dimensions -> _ZNU10MTLraydata10DimensionsC1ERKS_,60
Dimensions -> _ZN10DimensionsC1ERU10MTLraydataKS_,60
Dimensions -> _ZNU14MTLthreadgroup10DimensionsC1EOU10MTLraydataS_,60
Dimensions -> _ZNU10MTLraydata10DimensionsC1EOU9MTLdeviceS_,60
Dimensions -> _ZNU10MTLraydata10DimensionsC1EOU14MTLthreadgroupS_,60
Dimensions -> _ZNU10MTLraydata10DimensionsC1EOU24MTLthreadgroupimageblockS_,60
Dimensions -> _ZNU10MTLraydata10DimensionsC1EOU10MTLraydataS_,60
Dimensions -> _ZNU10MTLraydata10DimensionsC1EOS_,60
Dimensions -> _ZN10DimensionsC1EOU10MTLraydataS_,60
FO4 -> _ZNU10MTLraydata3FO4C1Ev,60
FO4 -> _ZNU14MTLthreadgroup3FO4C1ERU10MTLraydataKS_,60
FO4 -> _ZNU10MTLraydata3FO4C1ERU9MTLdeviceKS_,60
FO4 -> _ZNU10MTLraydata3FO4C1ERU14MTLthreadgroupKS_,60
FO4 -> _ZNU10MTLraydata3FO4C1ERU11MTLconstantKS_,60
FO4 -> _ZNU10MTLraydata3FO4C1ERU24MTLthreadgroupimageblockKS_,60
FO4 -> _ZNU10MTLraydata3FO4C1ERU10MTLraydataKS_,60
FO4 -> _ZNU10MTLraydata3FO4C1ERKS_,60
FO4 -> _ZN3FO4C1ERU10MTLraydataKS_,60
FO4 -> _ZNU14MTLthreadgroup3FO4C1EOU10MTLraydataS_,60
FO4 -> _ZNU10MTLraydata3FO4C1EOU9MTLdeviceS_,60
FO4 -> _ZNU10MTLraydata3FO4C1EOU14MTLthreadgroupS_,60
FO4 -> _ZNU10MTLraydata3FO4C1EOU24MTLthreadgroupimageblockS_,60
FO4 -> _ZNU10MTLraydata3FO4C1EOU10MTLraydataS_,60
FO4 -> _ZNU10MTLraydata3FO4C1EOS_,60
FO4 -> _ZN3FO4C1EOU10MTLraydataS_,60
VOr -> _ZNU10MTLraydata3VOrC1Ev,60
VOr -> _ZNU14MTLthreadgroup3VOrC1ERU10MTLraydataKS_,60
VOr -> _ZNU10MTLraydata3VOrC1ERU9MTLdeviceKS_,60
VOr -> _ZNU10MTLraydata3VOrC1ERU14MTLthreadgroupKS_,60
VOr -> _ZNU10MTLraydata3VOrC1ERU11MTLconstantKS_,60
VOr -> _ZNU10MTLraydata3VOrC1ERU24MTLthreadgroupimageblockKS_,60
VOr -> _ZNU10MTLraydata3VOrC1ERU10MTLraydataKS_,60
VOr -> _ZNU10MTLraydata3VOrC1ERKS_,60
VOr -> _ZN3VOrC1ERU10MTLraydataKS_,60
VOr -> _ZNU14MTLthreadgroup3VOrC1EOU10MTLraydataS_,60
VOr -> _ZNU10MTLraydata3VOrC1EOU9MTLdeviceS_,60
VOr -> _ZNU10MTLraydata3VOrC1EOU14MTLthreadgroupS_,60
VOr -> _ZNU10MTLraydata3VOrC1EOU24MTLthreadgroupimageblockS_,60
VOr -> _ZNU10MTLraydata3VOrC1EOU10MTLraydataS_,60
VOr -> _ZNU10MTLraydata3VOrC1EOS_,60
VOr -> _ZN3VOrC1EOU10MTLraydataS_,60
VO4 -> _ZNU10MTLraydata3VO4C1Ev,60
VO4 -> _ZNU14MTLthreadgroup3VO4C1ERU10MTLraydataKS_,60
VO4 -> _ZNU10MTLraydata3VO4C1ERU9MTLdeviceKS_,60
VO4 -> _ZNU10MTLraydata3VO4C1ERU14MTLthreadgroupKS_,60
VO4 -> _ZNU10MTLraydata3VO4C1ERU11MTLconstantKS_,60
VO4 -> _ZNU10MTLraydata3VO4C1ERU24MTLthreadgroupimageblockKS_,60
VO4 -> _ZNU10MTLraydata3VO4C1ERU10MTLraydataKS_,60
VO4 -> _ZNU10MTLraydata3VO4C1ERKS_,60
VO4 -> _ZN3VO4C1ERU10MTLraydataKS_,60
VO4 -> _ZNU14MTLthreadgroup3VO4C1EOU10MTLraydataS_,60
VO4 -> _ZNU10MTLraydata3VO4C1EOU9MTLdeviceS_,60
VO4 -> _ZNU10MTLraydata3VO4C1EOU14MTLthreadgroupS_,60
VO4 -> _ZNU10MTLraydata3VO4C1EOU24MTLthreadgroupimageblockS_,60
VO4 -> _ZNU10MTLraydata3VO4C1EOU10MTLraydataS_,60
VO4 -> _ZNU10MTLraydata3VO4C1EOS_,60
VO4 -> _ZN3VO4C1EOU10MTLraydataS_,60
VO1 -> _ZNU10MTLraydata3VO1C1Ev,60
VO1 -> _ZNU14MTLthreadgroup3VO1C1ERU10MTLraydataKS_,60
VO1 -> _ZNU10MTLraydata3VO1C1ERU9MTLdeviceKS_,60
VO1 -> _ZNU10MTLraydata3VO1C1ERU14MTLthreadgroupKS_,60
VO1 -> _ZNU10MTLraydata3VO1C1ERU11MTLconstantKS_,60
VO1 -> _ZNU10MTLraydata3VO1C1ERU24MTLthreadgroupimageblockKS_,60
VO1 -> _ZNU10MTLraydata3VO1C1ERU10MTLraydataKS_,60
VO1 -> _ZNU10MTLraydata3VO1C1ERKS_,60
VO1 -> _ZN3VO1C1ERU10MTLraydataKS_,60
VO1 -> _ZNU14MTLthreadgroup3VO1C1EOU10MTLraydataS_,60
VO1 -> _ZNU10MTLraydata3VO1C1EOU9MTLdeviceS_,60
VO1 -> _ZNU10MTLraydata3VO1C1EOU14MTLthreadgroupS_,60
VO1 -> _ZNU10MTLraydata3VO1C1EOU24MTLthreadgroupimageblockS_,60
VO1 -> _ZNU10MTLraydata3VO1C1EOU10MTLraydataS_,60
VO1 -> _ZNU10MTLraydata3VO1C1EOS_,60
VO1 -> _ZN3VO1C1EOU10MTLraydataS_,60
VOu -> _ZNU10MTLraydata3VOuC1Ev,60
VOu -> _ZNU14MTLthreadgroup3VOuC1ERU10MTLraydataKS_,60
VOu -> _ZNU10MTLraydata3VOuC1ERU9MTLdeviceKS_,60
VOu -> _ZNU10MTLraydata3VOuC1ERU14MTLthreadgroupKS_,60
VOu -> _ZNU10MTLraydata3VOuC1ERU11MTLconstantKS_,60
VOu -> _ZNU10MTLraydata3VOuC1ERU24MTLthreadgroupimageblockKS_,60
VOu -> _ZNU10MTLraydata3VOuC1ERU10MTLraydataKS_,60
VOu -> _ZNU10MTLraydata3VOuC1ERKS_,60
VOu -> _ZN3VOuC1ERU10MTLraydataKS_,60
VOu -> _ZNU14MTLthreadgroup3VOuC1EOU10MTLraydataS_,60
VOu -> _ZNU10MTLraydata3VOuC1EOU9MTLdeviceS_,60
VOu -> _ZNU10MTLraydata3VOuC1EOU14MTLthreadgroupS_,60
VOu -> _ZNU10MTLraydata3VOuC1EOU24MTLthreadgroupimageblockS_,60
VOu -> _ZNU10MTLraydata3VOuC1EOU10MTLraydataS_,60
VOu -> _ZNU10MTLraydata3VOuC1EOS_,60
VOu -> _ZN3VOuC1EOU10MTLraydataS_,60
A8 -> _ZNU10MTLraydata2A8C1Ev,60
A8 -> _ZNU14MTLthreadgroup2A8C1ERU10MTLraydataKS_,60
A8 -> _ZNU10MTLraydata2A8C1ERU9MTLdeviceKS_,60
A8 -> _ZNU10MTLraydata2A8C1ERU14MTLthreadgroupKS_,60
A8 -> _ZNU10MTLraydata2A8C1ERU11MTLconstantKS_,60
A8 -> _ZNU10MTLraydata2A8C1ERU24MTLthreadgroupimageblockKS_,60
A8 -> _ZNU10MTLraydata2A8C1ERU10MTLraydataKS_,60
A8 -> _ZNU10MTLraydata2A8C1ERKS_,60
A8 -> _ZN2A8C1ERU10MTLraydataKS_,60
A8 -> _ZNU14MTLthreadgroup2A8C1EOU10MTLraydataS_,60
A8 -> _ZNU10MTLraydata2A8C1EOU9MTLdeviceS_,60
A8 -> _ZNU10MTLraydata2A8C1EOU14MTLthreadgroupS_,60
A8 -> _ZNU10MTLraydata2A8C1EOU24MTLthreadgroupimageblockS_,60
A8 -> _ZNU10MTLraydata2A8C1EOU10MTLraydataS_,60
A8 -> _ZNU10MTLraydata2A8C1EOS_,60
A8 -> _ZN2A8C1EOU10MTLraydataS_,60
A16 -> _ZNU10MTLraydata3A16C1Ev,60
A16 -> _ZNU14MTLthreadgroup3A16C1ERU10MTLraydataKS_,60
A16 -> _ZNU10MTLraydata3A16C1ERU9MTLdeviceKS_,60
A16 -> _ZNU10MTLraydata3A16C1ERU14MTLthreadgroupKS_,60
A16 -> _ZNU10MTLraydata3A16C1ERU11MTLconstantKS_,60
A16 -> _ZNU10MTLraydata3A16C1ERU24MTLthreadgroupimageblockKS_,60
A16 -> _ZNU10MTLraydata3A16C1ERU10MTLraydataKS_,60
A16 -> _ZNU10MTLraydata3A16C1ERKS_,60
A16 -> _ZN3A16C1ERU10MTLraydataKS_,60
A16 -> _ZNU14MTLthreadgroup3A16C1EOU10MTLraydataS_,60
A16 -> _ZNU10MTLraydata3A16C1EOU9MTLdeviceS_,60
A16 -> _ZNU10MTLraydata3A16C1EOU14MTLthreadgroupS_,60
A16 -> _ZNU10MTLraydata3A16C1EOU24MTLthreadgroupimageblockS_,60
A16 -> _ZNU10MTLraydata3A16C1EOU10MTLraydataS_,60
A16 -> _ZNU10MTLraydata3A16C1EOS_,60
A16 -> _ZN3A16C1EOU10MTLraydataS_,60
A32 -> _ZNU10MTLraydata3A32C1Ev,60
A32 -> _ZNU14MTLthreadgroup3A32C1ERU10MTLraydataKS_,60
A32 -> _ZNU10MTLraydata3A32C1ERU9MTLdeviceKS_,60
A32 -> _ZNU10MTLraydata3A32C1ERU14MTLthreadgroupKS_,60
A32 -> _ZNU10MTLraydata3A32C1ERU11MTLconstantKS_,60
A32 -> _ZNU10MTLraydata3A32C1ERU24MTLthreadgroupimageblockKS_,60
A32 -> _ZNU10MTLraydata3A32C1ERU10MTLraydataKS_,60
A32 -> _ZNU10MTLraydata3A32C1ERKS_,60
A32 -> _ZN3A32C1ERU10MTLraydataKS_,60
A32 -> _ZNU14MTLthreadgroup3A32C1EOU10MTLraydataS_,60
A32 -> _ZNU10MTLraydata3A32C1EOU9MTLdeviceS_,60
A32 -> _ZNU10MTLraydata3A32C1EOU14MTLthreadgroupS_,60
A32 -> _ZNU10MTLraydata3A32C1EOU24MTLthreadgroupimageblockS_,60
A32 -> _ZNU10MTLraydata3A32C1EOU10MTLraydataS_,60
A32 -> _ZNU10MTLraydata3A32C1EOS_,60
A32 -> _ZN3A32C1EOU10MTLraydataS_,60
Al -> _ZNU10MTLraydata2AlC1Ev,60
Al -> _ZNU14MTLthreadgroup2AlC1ERU10MTLraydataKS_,60
Al -> _ZNU10MTLraydata2AlC1ERU9MTLdeviceKS_,60
Al -> _ZNU10MTLraydata2AlC1ERU14MTLthreadgroupKS_,60
Al -> _ZNU10MTLraydata2AlC1ERU11MTLconstantKS_,60
Al -> _ZNU10MTLraydata2AlC1ERU24MTLthreadgroupimageblockKS_,60
Al -> _ZNU10MTLraydata2AlC1ERU10MTLraydataKS_,60
Al -> _ZNU10MTLraydata2AlC1ERKS_,60
Al -> _ZN2AlC1ERU10MTLraydataKS_,60
Al -> _ZNU14MTLthreadgroup2AlC1EOU10MTLraydataS_,60
Al -> _ZNU10MTLraydata2AlC1EOU9MTLdeviceS_,60
Al -> _ZNU10MTLraydata2AlC1EOU14MTLthreadgroupS_,60
Al -> _ZNU10MTLraydata2AlC1EOU24MTLthreadgroupimageblockS_,60
Al -> _ZNU10MTLraydata2AlC1EOU10MTLraydataS_,60
Al -> _ZNU10MTLraydata2AlC1EOS_,60
Al -> _ZN2AlC1EOU10MTLraydataS_,60
TGData -> _ZNU10MTLraydata6TGDataC1Ev,60
TGData -> _ZNU14MTLthreadgroup6TGDataC1ERU10MTLraydataKS_,60
TGData -> _ZNU10MTLraydata6TGDataC1ERU9MTLdeviceKS_,60
TGData -> _ZNU10MTLraydata6TGDataC1ERU14MTLthreadgroupKS_,60
TGData -> _ZNU10MTLraydata6TGDataC1ERU11MTLconstantKS_,60
TGData -> _ZNU10MTLraydata6TGDataC1ERU24MTLthreadgroupimageblockKS_,60
TGData -> _ZNU10MTLraydata6TGDataC1ERU10MTLraydataKS_,60
TGData -> _ZNU10MTLraydata6TGDataC1ERKS_,60
TGData -> _ZN6TGDataC1ERU10MTLraydataKS_,60
TGData -> _ZNU14MTLthreadgroup6TGDataC1EOU10MTLraydataS_,60
TGData -> _ZNU10MTLraydata6TGDataC1EOU9MTLdeviceS_,60
TGData -> _ZNU10MTLraydata6TGDataC1EOU14MTLthreadgroupS_,60
TGData -> _ZNU10MTLraydata6TGDataC1EOU24MTLthreadgroupimageblockS_,60
TGData -> _ZNU10MTLraydata6TGDataC1EOU10MTLraydataS_,60
TGData -> _ZNU10MTLraydata6TGDataC1EOS_,60
TGData -> _ZN6TGDataC1EOU10MTLraydataS_,60
operator= -> _ZNU9MTLdevice4BaseaSEOU10MTLraydataS_,60
operator= -> _ZNU14MTLthreadgroup4BaseaSEOU10MTLraydataS_,60
operator= -> _ZNU24MTLthreadgroupimageblock4BaseaSEOU10MTLraydataS_,60
operator= -> _ZNU10MTLraydata4BaseaSEOU9MTLdeviceS_,60
operator= -> _ZNU10MTLraydata4BaseaSEOU14MTLthreadgroupS_,60
operator= -> _ZNU10MTLraydata4BaseaSEOU24MTLthreadgroupimageblockS_,60
operator= -> _ZNU10MTLraydata4BaseaSEOU10MTLraydataS_,60
operator= -> _ZNU10MTLraydata4BaseaSEOS_,60
operator= -> _ZN4BaseaSEOU10MTLraydataS_,60
Bf -> _ZNU10MTLraydata2BfC1Ev,60
Bf -> _ZNU14MTLthreadgroup2BfC1ERU10MTLraydataKS_,60
Bf -> _ZNU10MTLraydata2BfC1ERU9MTLdeviceKS_,60
Bf -> _ZNU10MTLraydata2BfC1ERU14MTLthreadgroupKS_,60
Bf -> _ZNU10MTLraydata2BfC1ERU11MTLconstantKS_,60
Bf -> _ZNU10MTLraydata2BfC1ERU24MTLthreadgroupimageblockKS_,60
Bf -> _ZNU10MTLraydata2BfC1ERU10MTLraydataKS_,60
Bf -> _ZNU10MTLraydata2BfC1ERKS_,60
Bf -> _ZN2BfC1ERU10MTLraydataKS_,60
Bf -> _ZNU14MTLthreadgroup2BfC1EOU10MTLraydataS_,60
Bf -> _ZNU10MTLraydata2BfC1EOU9MTLdeviceS_,60
Bf -> _ZNU10MTLraydata2BfC1EOU14MTLthreadgroupS_,60
Bf -> _ZNU10MTLraydata2BfC1EOU24MTLthreadgroupimageblockS_,60
Bf -> _ZNU10MTLraydata2BfC1EOU10MTLraydataS_,60
Bf -> _ZNU10MTLraydata2BfC1EOS_,60
Bf -> _ZN2BfC1EOU10MTLraydataS_,60
V -> _ZNU10MTLraydata1VC1Ev,60
V -> _ZNU14MTLthreadgroup1VC1ERU10MTLraydataKS_,60
V -> _ZNU10MTLraydata1VC1ERU9MTLdeviceKS_,60
V -> _ZNU10MTLraydata1VC1ERU14MTLthreadgroupKS_,60
V -> _ZNU10MTLraydata1VC1ERU11MTLconstantKS_,60
V -> _ZNU10MTLraydata1VC1ERU24MTLthreadgroupimageblockKS_,60
V -> _ZNU10MTLraydata1VC1ERU10MTLraydataKS_,60
V -> _ZNU10MTLraydata1VC1ERKS_,60
V -> _ZN1VC1ERU10MTLraydataKS_,60
V -> _ZNU14MTLthreadgroup1VC1EOU10MTLraydataS_,60
V -> _ZNU10MTLraydata1VC1EOU9MTLdeviceS_,60
V -> _ZNU10MTLraydata1VC1EOU14MTLthreadgroupS_,60
V -> _ZNU10MTLraydata1VC1EOU24MTLthreadgroupimageblockS_,60
V -> _ZNU10MTLraydata1VC1EOU10MTLraydataS_,60
V -> _ZNU10MTLraydata1VC1EOS_,60
V -> _ZN1VC1EOU10MTLraydataS_,60
FO2 -> _ZNU10MTLraydata3FO2C1Ev,60
FO2 -> _ZNU14MTLthreadgroup3FO2C1ERU10MTLraydataKS_,60
FO2 -> _ZNU10MTLraydata3FO2C1ERU9MTLdeviceKS_,60
FO2 -> _ZNU10MTLraydata3FO2C1ERU14MTLthreadgroupKS_,60
FO2 -> _ZNU10MTLraydata3FO2C1ERU11MTLconstantKS_,60
FO2 -> _ZNU10MTLraydata3FO2C1ERU24MTLthreadgroupimageblockKS_,60
FO2 -> _ZNU10MTLraydata3FO2C1ERU10MTLraydataKS_,60
FO2 -> _ZNU10MTLraydata3FO2C1ERKS_,60
FO2 -> _ZN3FO2C1ERU10MTLraydataKS_,60
FO2 -> _ZNU14MTLthreadgroup3FO2C1EOU10MTLraydataS_,60
FO2 -> _ZNU10MTLraydata3FO2C1EOU9MTLdeviceS_,60
FO2 -> _ZNU10MTLraydata3FO2C1EOU14MTLthreadgroupS_,60
FO2 -> _ZNU10MTLraydata3FO2C1EOU24MTLthreadgroupimageblockS_,60
FO2 -> _ZNU10MTLraydata3FO2C1EOU10MTLraydataS_,60
FO2 -> _ZNU10MTLraydata3FO2C1EOS_,60
FO2 -> _ZN3FO2C1EOU10MTLraydataS_,60
FO -> _ZNU10MTLraydata2FOC1Ev,60
FO -> _ZNU14MTLthreadgroup2FOC1ERU10MTLraydataKS_,60
FO -> _ZNU10MTLraydata2FOC1ERU9MTLdeviceKS_,60
FO -> _ZNU10MTLraydata2FOC1ERU14MTLthreadgroupKS_,60
FO -> _ZNU10MTLraydata2FOC1ERU11MTLconstantKS_,60
FO -> _ZNU10MTLraydata2FOC1ERU24MTLthreadgroupimageblockKS_,60
FO -> _ZNU10MTLraydata2FOC1ERU10MTLraydataKS_,60
FO -> _ZNU10MTLraydata2FOC1ERKS_,60
FO -> _ZN2FOC1ERU10MTLraydataKS_,60
FO -> _ZNU14MTLthreadgroup2FOC1EOU10MTLraydataS_,60
FO -> _ZNU10MTLraydata2FOC1EOU9MTLdeviceS_,60
FO -> _ZNU10MTLraydata2FOC1EOU14MTLthreadgroupS_,60
FO -> _ZNU10MTLraydata2FOC1EOU24MTLthreadgroupimageblockS_,60
FO -> _ZNU10MTLraydata2FOC1EOU10MTLraydataS_,60
FO -> _ZNU10MTLraydata2FOC1EOS_,60
FO -> _ZN2FOC1EOU10MTLraydataS_,60
FOm -> _ZNU10MTLraydata3FOmC1Ev,60
FOm -> _ZNU14MTLthreadgroup3FOmC1ERU10MTLraydataKS_,60
FOm -> _ZNU10MTLraydata3FOmC1ERU9MTLdeviceKS_,60
FOm -> _ZNU10MTLraydata3FOmC1ERU14MTLthreadgroupKS_,60
FOm -> _ZNU10MTLraydata3FOmC1ERU11MTLconstantKS_,60
FOm -> _ZNU10MTLraydata3FOmC1ERU24MTLthreadgroupimageblockKS_,60
FOm -> _ZNU10MTLraydata3FOmC1ERU10MTLraydataKS_,60
FOm -> _ZNU10MTLraydata3FOmC1ERKS_,60
FOm -> _ZN3FOmC1ERU10MTLraydataKS_,60
FOm -> _ZNU14MTLthreadgroup3FOmC1EOU10MTLraydataS_,60
FOm -> _ZNU10MTLraydata3FOmC1EOU9MTLdeviceS_,60
FOm -> _ZNU10MTLraydata3FOmC1EOU14MTLthreadgroupS_,60
FOm -> _ZNU10MTLraydata3FOmC1EOU24MTLthreadgroupimageblockS_,60
FOm -> _ZNU10MTLraydata3FOmC1EOU10MTLraydataS_,60
FOm -> _ZNU10MTLraydata3FOmC1EOS_,60
FOm -> _ZN3FOmC1EOU10MTLraydataS_,60
VOc -> _ZNU10MTLraydata3VOcC1Ev,60
VOc -> _ZNU14MTLthreadgroup3VOcC1ERU10MTLraydataKS_,60
VOc -> _ZNU10MTLraydata3VOcC1ERU9MTLdeviceKS_,60
VOc -> _ZNU10MTLraydata3VOcC1ERU14MTLthreadgroupKS_,60
VOc -> _ZNU10MTLraydata3VOcC1ERU11MTLconstantKS_,60
VOc -> _ZNU10MTLraydata3VOcC1ERU24MTLthreadgroupimageblockKS_,60
VOc -> _ZNU10MTLraydata3VOcC1ERU10MTLraydataKS_,60
VOc -> _ZNU10MTLraydata3VOcC1ERKS_,60
VOc -> _ZN3VOcC1ERU10MTLraydataKS_,60
VOc -> _ZNU14MTLthreadgroup3VOcC1EOU10MTLraydataS_,60
VOc -> _ZNU10MTLraydata3VOcC1EOU9MTLdeviceS_,60
VOc -> _ZNU10MTLraydata3VOcC1EOU14MTLthreadgroupS_,60
VOc -> _ZNU10MTLraydata3VOcC1EOU24MTLthreadgroupimageblockS_,60
VOc -> _ZNU10MTLraydata3VOcC1EOU10MTLraydataS_,60
VOc -> _ZNU10MTLraydata3VOcC1EOS_,60
VOc -> _ZN3VOcC1EOU10MTLraydataS_,60
VOp -> _ZNU10MTLraydata3VOpC1Ev,60
VOp -> _ZNU14MTLthreadgroup3VOpC1ERU10MTLraydataKS_,60
VOp -> _ZNU10MTLraydata3VOpC1ERU9MTLdeviceKS_,60
VOp -> _ZNU10MTLraydata3VOpC1ERU14MTLthreadgroupKS_,60
VOp -> _ZNU10MTLraydata3VOpC1ERU11MTLconstantKS_,60
VOp -> _ZNU10MTLraydata3VOpC1ERU24MTLthreadgroupimageblockKS_,60
VOp -> _ZNU10MTLraydata3VOpC1ERU10MTLraydataKS_,60
VOp -> _ZNU10MTLraydata3VOpC1ERKS_,60
VOp -> _ZN3VOpC1ERU10MTLraydataKS_,60
VOp -> _ZNU14MTLthreadgroup3VOpC1EOU10MTLraydataS_,60
VOp -> _ZNU10MTLraydata3VOpC1EOU9MTLdeviceS_,60
VOp -> _ZNU10MTLraydata3VOpC1EOU14MTLthreadgroupS_,60
VOp -> _ZNU10MTLraydata3VOpC1EOU24MTLthreadgroupimageblockS_,60
VOp -> _ZNU10MTLraydata3VOpC1EOU10MTLraydataS_,60
VOp -> _ZNU10MTLraydata3VOpC1EOS_,60
VOp -> _ZN3VOpC1EOU10MTLraydataS_,60
SharedArgs -> _ZNU14MTLthreadgroup10SharedArgsC1ERU10MTLraydataKS_,60
SharedArgs -> _ZNU10MTLraydata10SharedArgsC1ERU9MTLdeviceKS_,60
SharedArgs -> _ZNU10MTLraydata10SharedArgsC1ERU14MTLthreadgroupKS_,60
SharedArgs -> _ZNU10MTLraydata10SharedArgsC1ERU11MTLconstantKS_,60
SharedArgs -> _ZNU10MTLraydata10SharedArgsC1ERU24MTLthreadgroupimageblockKS_,60
SharedArgs -> _ZNU10MTLraydata10SharedArgsC1ERU10MTLraydataKS_,60
SharedArgs -> _ZNU10MTLraydata10SharedArgsC1ERKS_,60
SharedArgs -> _ZN10SharedArgsC1ERU10MTLraydataKS_,60
SharedArgs -> _ZNU14MTLthreadgroup10SharedArgsC1EOU10MTLraydataS_,60
SharedArgs -> _ZNU10MTLraydata10SharedArgsC1EOU9MTLdeviceS_,60
SharedArgs -> _ZNU10MTLraydata10SharedArgsC1EOU14MTLthreadgroupS_,60
SharedArgs -> _ZNU10MTLraydata10SharedArgsC1EOU24MTLthreadgroupimageblockS_,60
SharedArgs -> _ZNU10MTLraydata10SharedArgsC1EOU10MTLraydataS_,60
SharedArgs -> _ZNU10MTLraydata10SharedArgsC1EOS_,60
SharedArgs -> _ZN10SharedArgsC1EOU10MTLraydataS_,60
operator= -> _ZNU9MTLdevice10SharedArgsaSERU10MTLraydataKS_,60
operator= -> _ZNU14MTLthreadgroup10SharedArgsaSERU10MTLraydataKS_,60
operator= -> _ZNU24MTLthreadgroupimageblock10SharedArgsaSERU10MTLraydataKS_,60
operator= -> _ZNU10MTLraydata10SharedArgsaSERU9MTLdeviceKS_,60
operator= -> _ZNU10MTLraydata10SharedArgsaSERU14MTLthreadgroupKS_,60
operator= -> _ZNU10MTLraydata10SharedArgsaSERU11MTLconstantKS_,60
operator= -> _ZNU10MTLraydata10SharedArgsaSERU24MTLthreadgroupimageblockKS_,60
operator= -> _ZNU10MTLraydata10SharedArgsaSERU10MTLraydataKS_,60
operator= -> _ZNU10MTLraydata10SharedArgsaSERKS_,60
operator= -> _ZN10SharedArgsaSERU10MTLraydataKS_,60
operator= -> _ZNU9MTLdevice10SharedArgsaSEOU10MTLraydataS_,60
operator= -> _ZNU14MTLthreadgroup10SharedArgsaSEOU10MTLraydataS_,60
operator= -> _ZNU24MTLthreadgroupimageblock10SharedArgsaSEOU10MTLraydataS_,60
operator= -> _ZNU10MTLraydata10SharedArgsaSEOU9MTLdeviceS_,60
operator= -> _ZNU10MTLraydata10SharedArgsaSEOU14MTLthreadgroupS_,60
operator= -> _ZNU10MTLraydata10SharedArgsaSEOU24MTLthreadgroupimageblockS_,60
operator= -> _ZNU10MTLraydata10SharedArgsaSEOU10MTLraydataS_,60
operator= -> _ZNU10MTLraydata10SharedArgsaSEOS_,60
operator= -> _ZN10SharedArgsaSEOU10MTLraydataS_,60
PM -> _ZNU10MTLraydata2PMC1Ev,60
PM -> _ZNU14MTLthreadgroup2PMC1ERU10MTLraydataKS_,60
PM -> _ZNU10MTLraydata2PMC1ERU9MTLdeviceKS_,60
PM -> _ZNU10MTLraydata2PMC1ERU14MTLthreadgroupKS_,60
PM -> _ZNU10MTLraydata2PMC1ERU11MTLconstantKS_,60
PM -> _ZNU10MTLraydata2PMC1ERU24MTLthreadgroupimageblockKS_,60
PM -> _ZNU10MTLraydata2PMC1ERU10MTLraydataKS_,60
PM -> _ZNU10MTLraydata2PMC1ERKS_,60
PM -> _ZN2PMC1ERU10MTLraydataKS_,60
PM -> _ZNU14MTLthreadgroup2PMC1EOU10MTLraydataS_,60
PM -> _ZNU10MTLraydata2PMC1EOU9MTLdeviceS_,60
PM -> _ZNU10MTLraydata2PMC1EOU14MTLthreadgroupS_,60
PM -> _ZNU10MTLraydata2PMC1EOU24MTLthreadgroupimageblockS_,60
PM -> _ZNU10MTLraydata2PMC1EOU10MTLraydataS_,60
PM -> _ZNU10MTLraydata2PMC1EOS_,60
PM -> _ZN2PMC1EOU10MTLraydataS_,60
AlignedTG -> _ZNU10MTLraydata9AlignedTGC1Ev,60
AlignedTG -> _ZNU14MTLthreadgroup9AlignedTGC1ERU10MTLraydataKS_,60
AlignedTG -> _ZNU10MTLraydata9AlignedTGC1ERU9MTLdeviceKS_,60
AlignedTG -> _ZNU10MTLraydata9AlignedTGC1ERU14MTLthreadgroupKS_,60
AlignedTG -> _ZNU10MTLraydata9AlignedTGC1ERU11MTLconstantKS_,60
AlignedTG -> _ZNU10MTLraydata9AlignedTGC1ERU24MTLthreadgroupimageblockKS_,60
AlignedTG -> _ZNU10MTLraydata9AlignedTGC1ERU10MTLraydataKS_,60
AlignedTG -> _ZNU10MTLraydata9AlignedTGC1ERKS_,60
AlignedTG -> _ZN9AlignedTGC1ERU10MTLraydataKS_,60
AlignedTG -> _ZNU14MTLthreadgroup9AlignedTGC1EOU10MTLraydataS_,60
AlignedTG -> _ZNU10MTLraydata9AlignedTGC1EOU9MTLdeviceS_,60
AlignedTG -> _ZNU10MTLraydata9AlignedTGC1EOU14MTLthreadgroupS_,60
AlignedTG -> _ZNU10MTLraydata9AlignedTGC1EOU24MTLthreadgroupimageblockS_,60
AlignedTG -> _ZNU10MTLraydata9AlignedTGC1EOU10MTLraydataS_,60
AlignedTG -> _ZNU10MTLraydata9AlignedTGC1EOS_,60
AlignedTG -> _ZN9AlignedTGC1EOU10MTLraydataS_,60
PackedTG -> _ZNU10MTLraydata8PackedTGC1Ev,60
PackedTG -> _ZNU14MTLthreadgroup8PackedTGC1ERU10MTLraydataKS_,60
PackedTG -> _ZNU10MTLraydata8PackedTGC1ERU9MTLdeviceKS_,60
PackedTG -> _ZNU10MTLraydata8PackedTGC1ERU14MTLthreadgroupKS_,60
PackedTG -> _ZNU10MTLraydata8PackedTGC1ERU11MTLconstantKS_,60
PackedTG -> _ZNU10MTLraydata8PackedTGC1ERU24MTLthreadgroupimageblockKS_,60
PackedTG -> _ZNU10MTLraydata8PackedTGC1ERU10MTLraydataKS_,60
PackedTG -> _ZNU10MTLraydata8PackedTGC1ERKS_,60
PackedTG -> _ZN8PackedTGC1ERU10MTLraydataKS_,60
PackedTG -> _ZNU14MTLthreadgroup8PackedTGC1EOU10MTLraydataS_,60
PackedTG -> _ZNU10MTLraydata8PackedTGC1EOU9MTLdeviceS_,60
PackedTG -> _ZNU10MTLraydata8PackedTGC1EOU14MTLthreadgroupS_,60
PackedTG -> _ZNU10MTLraydata8PackedTGC1EOU24MTLthreadgroupimageblockS_,60
PackedTG -> _ZNU10MTLraydata8PackedTGC1EOU10MTLraydataS_,60
PackedTG -> _ZNU10MTLraydata8PackedTGC1EOS_,60
PackedTG -> _ZN8PackedTGC1EOU10MTLraydataS_,60
operator new -> _Znwj,48
operator new[] -> _Znaj,48
AbiStruct -> _ZNU14MTLthreadgroup9AbiStructC1ERU9MTLdeviceU18MTLcoherent_deviceKS_,48
AbiStruct -> _ZNU10MTLraydata9AbiStructC1ERU9MTLdeviceU18MTLcoherent_deviceKS_,48
AbiStruct -> _ZN9AbiStructC1ERU9MTLdeviceU18MTLcoherent_deviceKS_,48
AbiStruct -> _ZNU14MTLthreadgroup9AbiStructC1EOU9MTLdeviceU18MTLcoherent_deviceS_,48
AbiStruct -> _ZNU10MTLraydata9AbiStructC1EOU9MTLdeviceU18MTLcoherent_deviceS_,48
AbiStruct -> _ZN9AbiStructC1EOU9MTLdeviceU18MTLcoherent_deviceS_,48
operator= -> _ZNU9MTLdevice9AbiStructaSEOU9MTLdeviceU18MTLcoherent_deviceS_,48
operator= -> _ZNU9MTLdeviceU18MTLcoherent_device9AbiStructaSEOU9MTLdeviceS_,48
operator= -> _ZNU9MTLdeviceU18MTLcoherent_device9AbiStructaSEOU9MTLdeviceU18MTLcoherent_deviceS_,48
operator= -> _ZNU9MTLdeviceU18MTLcoherent_device9AbiStructaSEOU14MTLthreadgroupS_,48
operator= -> _ZNU9MTLdeviceU18MTLcoherent_device9AbiStructaSEOU24MTLthreadgroupimageblockS_,48
operator= -> _ZNU9MTLdeviceU18MTLcoherent_device9AbiStructaSEOU10MTLraydataS_,48
operator= -> _ZNU9MTLdeviceU18MTLcoherent_device9AbiStructaSEOU13MTLobjectdataS_,48
operator= -> _ZNU9MTLdeviceU18MTLcoherent_device9AbiStructaSEOS_,48
operator= -> _ZNU14MTLthreadgroup9AbiStructaSEOU9MTLdeviceU18MTLcoherent_deviceS_,48
operator= -> _ZNU24MTLthreadgroupimageblock9AbiStructaSEOU9MTLdeviceU18MTLcoherent_deviceS_,48
operator= -> _ZNU10MTLraydata9AbiStructaSEOU9MTLdeviceU18MTLcoherent_deviceS_,48
operator= -> _ZNU13MTLobjectdata9AbiStructaSEOU9MTLdeviceU18MTLcoherent_deviceS_,48
operator= -> _ZN9AbiStructaSEOU9MTLdeviceU18MTLcoherent_deviceS_,48
AddressBox -> _ZNU14MTLthreadgroup10AddressBoxC1ERU9MTLdeviceU18MTLcoherent_deviceKS_,48
AddressBox -> _ZNU10MTLraydata10AddressBoxC1ERU9MTLdeviceU18MTLcoherent_deviceKS_,48
AddressBox -> _ZN10AddressBoxC1ERU9MTLdeviceU18MTLcoherent_deviceKS_,48
AddressBox -> _ZNU14MTLthreadgroup10AddressBoxC1EOU9MTLdeviceU18MTLcoherent_deviceS_,48
AddressBox -> _ZNU10MTLraydata10AddressBoxC1EOU9MTLdeviceU18MTLcoherent_deviceS_,48
AddressBox -> _ZN10AddressBoxC1EOU9MTLdeviceU18MTLcoherent_deviceS_,48
RayPayload -> _ZNU14MTLthreadgroup10RayPayloadC1ERU9MTLdeviceU18MTLcoherent_deviceKS_,48
RayPayload -> _ZNU10MTLraydata10RayPayloadC1ERU9MTLdeviceU18MTLcoherent_deviceKS_,48
RayPayload -> _ZN10RayPayloadC1ERU9MTLdeviceU18MTLcoherent_deviceKS_,48
RayPayload -> _ZNU14MTLthreadgroup10RayPayloadC1EOU9MTLdeviceU18MTLcoherent_deviceS_,48
RayPayload -> _ZNU10MTLraydata10RayPayloadC1EOU9MTLdeviceU18MTLcoherent_deviceS_,48
RayPayload -> _ZN10RayPayloadC1EOU9MTLdeviceU18MTLcoherent_deviceS_,48
operator= -> _ZNU9MTLdevice10RayPayloadaSERU9MTLdeviceU18MTLcoherent_deviceKS_,48
operator= -> _ZNU9MTLdeviceU18MTLcoherent_device10RayPayloadaSERU9MTLdeviceKS_,48
operator= -> _ZNU9MTLdeviceU18MTLcoherent_device10RayPayloadaSERU9MTLdeviceU18MTLcoherent_deviceKS_,48
operator= -> _ZNU9MTLdeviceU18MTLcoherent_device10RayPayloadaSERU14MTLthreadgroupKS_,48
operator= -> _ZNU9MTLdeviceU18MTLcoherent_device10RayPayloadaSERU11MTLconstantKS_,48
operator= -> _ZNU9MTLdeviceU18MTLcoherent_device10RayPayloadaSERU24MTLthreadgroupimageblockKS_,48
operator= -> _ZNU9MTLdeviceU18MTLcoherent_device10RayPayloadaSERU10MTLraydataKS_,48
operator= -> _ZNU9MTLdeviceU18MTLcoherent_device10RayPayloadaSERU13MTLobjectdataKS_,48
operator= -> _ZNU9MTLdeviceU18MTLcoherent_device10RayPayloadaSERKS_,48
operator= -> _ZNU14MTLthreadgroup10RayPayloadaSERU9MTLdeviceU18MTLcoherent_deviceKS_,48
operator= -> _ZNU24MTLthreadgroupimageblock10RayPayloadaSERU9MTLdeviceU18MTLcoherent_deviceKS_,48
operator= -> _ZNU10MTLraydata10RayPayloadaSERU9MTLdeviceU18MTLcoherent_deviceKS_,48
operator= -> _ZNU13MTLobjectdata10RayPayloadaSERU9MTLdeviceU18MTLcoherent_deviceKS_,48
operator= -> _ZN10RayPayloadaSERU9MTLdeviceU18MTLcoherent_deviceKS_,48
operator= -> _ZNU9MTLdevice10RayPayloadaSEOU9MTLdeviceU18MTLcoherent_deviceS_,48
operator= -> _ZNU9MTLdeviceU18MTLcoherent_device10RayPayloadaSEOU9MTLdeviceS_,48
operator= -> _ZNU9MTLdeviceU18MTLcoherent_device10RayPayloadaSEOU9MTLdeviceU18MTLcoherent_deviceS_,48
operator= -> _ZNU9MTLdeviceU18MTLcoherent_device10RayPayloadaSEOU14MTLthreadgroupS_,48
operator= -> _ZNU9MTLdeviceU18MTLcoherent_device10RayPayloadaSEOU24MTLthreadgroupimageblockS_,48
operator= -> _ZNU9MTLdeviceU18MTLcoherent_device10RayPayloadaSEOU10MTLraydataS_,48
operator= -> _ZNU9MTLdeviceU18MTLcoherent_device10RayPayloadaSEOU13MTLobjectdataS_,48
operator= -> _ZNU9MTLdeviceU18MTLcoherent_device10RayPayloadaSEOS_,48
operator= -> _ZNU14MTLthreadgroup10RayPayloadaSEOU9MTLdeviceU18MTLcoherent_deviceS_,48
operator= -> _ZNU24MTLthreadgroupimageblock10RayPayloadaSEOU9MTLdeviceU18MTLcoherent_deviceS_,48
operator= -> _ZNU10MTLraydata10RayPayloadaSEOU9MTLdeviceU18MTLcoherent_deviceS_,48
operator= -> _ZNU13MTLobjectdata10RayPayloadaSEOU9MTLdeviceU18MTLcoherent_deviceS_,48
operator= -> _ZN10RayPayloadaSEOU9MTLdeviceU18MTLcoherent_deviceS_,48
ArgBufArr -> _ZNU14MTLthreadgroup9ArgBufArrC1ERU9MTLdeviceU18MTLcoherent_deviceKS_,48
ArgBufArr -> _ZNU10MTLraydata9ArgBufArrC1ERU9MTLdeviceU18MTLcoherent_deviceKS_,48
ArgBufArr -> _ZN9ArgBufArrC1ERU9MTLdeviceU18MTLcoherent_deviceKS_,48
ArgBufArr -> _ZNU14MTLthreadgroup9ArgBufArrC1EOU9MTLdeviceU18MTLcoherent_deviceS_,48
ArgBufArr -> _ZNU10MTLraydata9ArgBufArrC1EOU9MTLdeviceU18MTLcoherent_deviceS_,48
ArgBufArr -> _ZN9ArgBufArrC1EOU9MTLdeviceU18MTLcoherent_deviceS_,48
operator= -> _ZNU9MTLdevice9ArgBufArraSERU9MTLdeviceU18MTLcoherent_deviceKS_,48
operator= -> _ZNU9MTLdeviceU18MTLcoherent_device9ArgBufArraSERU9MTLdeviceKS_,48
operator= -> _ZNU9MTLdeviceU18MTLcoherent_device9ArgBufArraSERU9MTLdeviceU18MTLcoherent_deviceKS_,48
operator= -> _ZNU9MTLdeviceU18MTLcoherent_device9ArgBufArraSERU14MTLthreadgroupKS_,48
operator= -> _ZNU9MTLdeviceU18MTLcoherent_device9ArgBufArraSERU11MTLconstantKS_,48
operator= -> _ZNU9MTLdeviceU18MTLcoherent_device9ArgBufArraSERU24MTLthreadgroupimageblockKS_,48
operator= -> _ZNU9MTLdeviceU18MTLcoherent_device9ArgBufArraSERU10MTLraydataKS_,48
operator= -> _ZNU9MTLdeviceU18MTLcoherent_device9ArgBufArraSERU13MTLobjectdataKS_,48
operator= -> _ZNU9MTLdeviceU18MTLcoherent_device9ArgBufArraSERKS_,48
operator= -> _ZNU14MTLthreadgroup9ArgBufArraSERU9MTLdeviceU18MTLcoherent_deviceKS_,48
operator= -> _ZNU24MTLthreadgroupimageblock9ArgBufArraSERU9MTLdeviceU18MTLcoherent_deviceKS_,48
operator= -> _ZNU10MTLraydata9ArgBufArraSERU9MTLdeviceU18MTLcoherent_deviceKS_,48
operator= -> _ZNU13MTLobjectdata9ArgBufArraSERU9MTLdeviceU18MTLcoherent_deviceKS_,48
operator= -> _ZN9ArgBufArraSERU9MTLdeviceU18MTLcoherent_deviceKS_,48
operator= -> _ZNU9MTLdevice9ArgBufArraSEOU9MTLdeviceU18MTLcoherent_deviceS_,48
operator= -> _ZNU9MTLdeviceU18MTLcoherent_device9ArgBufArraSEOU9MTLdeviceS_,48
operator= -> _ZNU9MTLdeviceU18MTLcoherent_device9ArgBufArraSEOU9MTLdeviceU18MTLcoherent_deviceS_,48
operator= -> _ZNU9MTLdeviceU18MTLcoherent_device9ArgBufArraSEOU14MTLthreadgroupS_,48
operator= -> _ZNU9MTLdeviceU18MTLcoherent_device9ArgBufArraSEOU24MTLthreadgroupimageblockS_,48
operator= -> _ZNU9MTLdeviceU18MTLcoherent_device9ArgBufArraSEOU10MTLraydataS_,48
operator= -> _ZNU9MTLdeviceU18MTLcoherent_device9ArgBufArraSEOU13MTLobjectdataS_,48
operator= -> _ZNU9MTLdeviceU18MTLcoherent_device9ArgBufArraSEOS_,48
operator= -> _ZNU14MTLthreadgroup9ArgBufArraSEOU9MTLdeviceU18MTLcoherent_deviceS_,48
operator= -> _ZNU24MTLthreadgroupimageblock9ArgBufArraSEOU9MTLdeviceU18MTLcoherent_deviceS_,48
operator= -> _ZNU10MTLraydata9ArgBufArraSEOU9MTLdeviceU18MTLcoherent_deviceS_,48
operator= -> _ZNU13MTLobjectdata9ArgBufArraSEOU9MTLdeviceU18MTLcoherent_deviceS_,48
operator= -> _ZN9ArgBufArraSEOU9MTLdeviceU18MTLcoherent_deviceS_,48
NestedLayout -> _ZNU14MTLthreadgroup12NestedLayoutC1ERU9MTLdeviceU18MTLcoherent_deviceKS_,48
NestedLayout -> _ZNU10MTLraydata12NestedLayoutC1ERU9MTLdeviceU18MTLcoherent_deviceKS_,48
NestedLayout -> _ZN12NestedLayoutC1ERU9MTLdeviceU18MTLcoherent_deviceKS_,48
NestedLayout -> _ZNU14MTLthreadgroup12NestedLayoutC1EOU9MTLdeviceU18MTLcoherent_deviceS_,48
NestedLayout -> _ZNU10MTLraydata12NestedLayoutC1EOU9MTLdeviceU18MTLcoherent_deviceS_,48
NestedLayout -> _ZN12NestedLayoutC1EOU9MTLdeviceU18MTLcoherent_deviceS_,48
operator() -> _ZZ18codegen_lambda_allPU9MTLdevicejjENK3$_0clEj,48
operator unsigned int (*)(unsigned int) -> _ZZ18codegen_lambda_allPU9MTLdevicejjENK3$_0cvPFjjEEv,48
__invoke -> _ZZ18codegen_lambda_allPU9MTLdevicejjEN3$_08__invokeEj,48
~ -> _ZZ18codegen_lambda_allPU9MTLdevicejjEN3$_0D1Ev,48
operator= -> _ZNU9MTLdevice4BaseaSERU9MTLdeviceU18MTLcoherent_deviceKS_,48
operator= -> _ZNU9MTLdeviceU18MTLcoherent_device4BaseaSERU9MTLdeviceKS_,48
operator= -> _ZNU9MTLdeviceU18MTLcoherent_device4BaseaSERU9MTLdeviceU18MTLcoherent_deviceKS_,48
operator= -> _ZNU9MTLdeviceU18MTLcoherent_device4BaseaSERU14MTLthreadgroupKS_,48
operator= -> _ZNU9MTLdeviceU18MTLcoherent_device4BaseaSERU11MTLconstantKS_,48
operator= -> _ZNU9MTLdeviceU18MTLcoherent_device4BaseaSERU24MTLthreadgroupimageblockKS_,48
operator= -> _ZNU9MTLdeviceU18MTLcoherent_device4BaseaSERU10MTLraydataKS_,48
operator= -> _ZNU9MTLdeviceU18MTLcoherent_device4BaseaSERU13MTLobjectdataKS_,48
operator= -> _ZNU9MTLdeviceU18MTLcoherent_device4BaseaSERKS_,48
operator= -> _ZNU14MTLthreadgroup4BaseaSERU9MTLdeviceU18MTLcoherent_deviceKS_,48
operator= -> _ZNU24MTLthreadgroupimageblock4BaseaSERU9MTLdeviceU18MTLcoherent_deviceKS_,48
operator= -> _ZNU10MTLraydata4BaseaSERU9MTLdeviceU18MTLcoherent_deviceKS_,48
operator= -> _ZNU13MTLobjectdata4BaseaSERU9MTLdeviceU18MTLcoherent_deviceKS_,48
operator= -> _ZN4BaseaSERU9MTLdeviceU18MTLcoherent_deviceKS_,48
Derived -> _ZNU14MTLthreadgroup7DerivedC1ERU9MTLdeviceU18MTLcoherent_deviceKS_,48
Derived -> _ZNU10MTLraydata7DerivedC1ERU9MTLdeviceU18MTLcoherent_deviceKS_,48
Derived -> _ZN7DerivedC1ERU9MTLdeviceU18MTLcoherent_deviceKS_,48
Derived -> _ZNU14MTLthreadgroup7DerivedC1EOU9MTLdeviceU18MTLcoherent_deviceS_,48
Derived -> _ZNU10MTLraydata7DerivedC1EOU9MTLdeviceU18MTLcoherent_deviceS_,48
Derived -> _ZN7DerivedC1EOU9MTLdeviceU18MTLcoherent_deviceS_,48
~ -> _ZZ1kPU9MTLdeviceiEN3$_0D1Ev,48
S -> _ZNU14MTLthreadgroup1SC1ERU9MTLdeviceU18MTLcoherent_deviceKS_,48
S -> _ZNU10MTLraydata1SC1ERU9MTLdeviceU18MTLcoherent_deviceKS_,48
S -> _ZN1SC1ERU9MTLdeviceU18MTLcoherent_deviceKS_,48
S -> _ZNU14MTLthreadgroup1SC1EOU9MTLdeviceU18MTLcoherent_deviceS_,48
S -> _ZNU10MTLraydata1SC1EOU9MTLdeviceU18MTLcoherent_deviceS_,48
S -> _ZN1SC1EOU9MTLdeviceU18MTLcoherent_deviceS_,48
VO -> _ZNU14MTLthreadgroup2VOC1ERU9MTLdeviceU18MTLcoherent_deviceKS_,48
VO -> _ZNU10MTLraydata2VOC1ERU9MTLdeviceU18MTLcoherent_deviceKS_,48
VO -> _ZN2VOC1ERU9MTLdeviceU18MTLcoherent_deviceKS_,48
VO -> _ZNU14MTLthreadgroup2VOC1EOU9MTLdeviceU18MTLcoherent_deviceS_,48
VO -> _ZNU10MTLraydata2VOC1EOU9MTLdeviceU18MTLcoherent_deviceS_,48
VO -> _ZN2VOC1EOU9MTLdeviceU18MTLcoherent_deviceS_,48
VOut -> _ZNU14MTLthreadgroup4VOutC1ERU9MTLdeviceU18MTLcoherent_deviceKS_,48
VOut -> _ZNU10MTLraydata4VOutC1ERU9MTLdeviceU18MTLcoherent_deviceKS_,48
VOut -> _ZN4VOutC1ERU9MTLdeviceU18MTLcoherent_deviceKS_,48
VOut -> _ZNU14MTLthreadgroup4VOutC1EOU9MTLdeviceU18MTLcoherent_deviceS_,48
VOut -> _ZNU10MTLraydata4VOutC1EOU9MTLdeviceU18MTLcoherent_deviceS_,48
VOut -> _ZN4VOutC1EOU9MTLdeviceU18MTLcoherent_deviceS_,48
IoVertexOut -> _ZNU14MTLthreadgroup11IoVertexOutC1ERU9MTLdeviceU18MTLcoherent_deviceKS_,48
IoVertexOut -> _ZNU10MTLraydata11IoVertexOutC1ERU9MTLdeviceU18MTLcoherent_deviceKS_,48
IoVertexOut -> _ZN11IoVertexOutC1ERU9MTLdeviceU18MTLcoherent_deviceKS_,48
IoVertexOut -> _ZNU14MTLthreadgroup11IoVertexOutC1EOU9MTLdeviceU18MTLcoherent_deviceS_,48
IoVertexOut -> _ZNU10MTLraydata11IoVertexOutC1EOU9MTLdeviceU18MTLcoherent_deviceS_,48
IoVertexOut -> _ZN11IoVertexOutC1EOU9MTLdeviceU18MTLcoherent_deviceS_,48
IoFragOutA -> _ZNU14MTLthreadgroup10IoFragOutAC1ERU9MTLdeviceU18MTLcoherent_deviceKS_,48
IoFragOutA -> _ZNU10MTLraydata10IoFragOutAC1ERU9MTLdeviceU18MTLcoherent_deviceKS_,48
IoFragOutA -> _ZN10IoFragOutAC1ERU9MTLdeviceU18MTLcoherent_deviceKS_,48
IoFragOutA -> _ZNU14MTLthreadgroup10IoFragOutAC1EOU9MTLdeviceU18MTLcoherent_deviceS_,48
IoFragOutA -> _ZNU10MTLraydata10IoFragOutAC1EOU9MTLdeviceU18MTLcoherent_deviceS_,48
IoFragOutA -> _ZN10IoFragOutAC1EOU9MTLdeviceU18MTLcoherent_deviceS_,48
IoFragOutG -> _ZNU14MTLthreadgroup10IoFragOutGC1ERU9MTLdeviceU18MTLcoherent_deviceKS_,48
IoFragOutG -> _ZNU10MTLraydata10IoFragOutGC1ERU9MTLdeviceU18MTLcoherent_deviceKS_,48
IoFragOutG -> _ZN10IoFragOutGC1ERU9MTLdeviceU18MTLcoherent_deviceKS_,48
IoFragOutG -> _ZNU14MTLthreadgroup10IoFragOutGC1EOU9MTLdeviceU18MTLcoherent_deviceS_,48
IoFragOutG -> _ZNU10MTLraydata10IoFragOutGC1EOU9MTLdeviceU18MTLcoherent_deviceS_,48
IoFragOutG -> _ZN10IoFragOutGC1EOU9MTLdeviceU18MTLcoherent_deviceS_,48
IoFragOutL -> _ZNU14MTLthreadgroup10IoFragOutLC1ERU9MTLdeviceU18MTLcoherent_deviceKS_,48
IoFragOutL -> _ZNU10MTLraydata10IoFragOutLC1ERU9MTLdeviceU18MTLcoherent_deviceKS_,48
IoFragOutL -> _ZN10IoFragOutLC1ERU9MTLdeviceU18MTLcoherent_deviceKS_,48
IoFragOutL -> _ZNU14MTLthreadgroup10IoFragOutLC1EOU9MTLdeviceU18MTLcoherent_deviceS_,48
IoFragOutL -> _ZNU10MTLraydata10IoFragOutLC1EOU9MTLdeviceU18MTLcoherent_deviceS_,48
IoFragOutL -> _ZN10IoFragOutLC1EOU9MTLdeviceU18MTLcoherent_deviceS_,48
MeshVertexOut -> _ZNU14MTLthreadgroup13MeshVertexOutC1ERU9MTLdeviceU18MTLcoherent_deviceKS_,48
MeshVertexOut -> _ZNU10MTLraydata13MeshVertexOutC1ERU9MTLdeviceU18MTLcoherent_deviceKS_,48
MeshVertexOut -> _ZN13MeshVertexOutC1ERU9MTLdeviceU18MTLcoherent_deviceKS_,48
MeshVertexOut -> _ZNU14MTLthreadgroup13MeshVertexOutC1EOU9MTLdeviceU18MTLcoherent_deviceS_,48
MeshVertexOut -> _ZNU10MTLraydata13MeshVertexOutC1EOU9MTLdeviceU18MTLcoherent_deviceS_,48
MeshVertexOut -> _ZN13MeshVertexOutC1EOU9MTLdeviceU18MTLcoherent_deviceS_,48
FixedArray -> _ZNU14MTLthreadgroup10FixedArrayIjLj4EEC1ERU9MTLdeviceU18MTLcoherent_deviceKS0_,48
FixedArray -> _ZNU10MTLraydata10FixedArrayIjLj4EEC1ERU9MTLdeviceU18MTLcoherent_deviceKS0_,48
FixedArray -> _ZN10FixedArrayIjLj4EEC1ERU9MTLdeviceU18MTLcoherent_deviceKS0_,48
FixedArray -> _ZNU14MTLthreadgroup10FixedArrayIjLj4EEC1EOU9MTLdeviceU18MTLcoherent_deviceS0_,48
FixedArray -> _ZNU10MTLraydata10FixedArrayIjLj4EEC1EOU9MTLdeviceU18MTLcoherent_deviceS0_,48
FixedArray -> _ZN10FixedArrayIjLj4EEC1EOU9MTLdeviceU18MTLcoherent_deviceS0_,48
OpBox -> _ZNU14MTLthreadgroup5OpBoxC1ERU9MTLdeviceU18MTLcoherent_deviceKS_,48
OpBox -> _ZNU10MTLraydata5OpBoxC1ERU9MTLdeviceU18MTLcoherent_deviceKS_,48
OpBox -> _ZN5OpBoxC1ERU9MTLdeviceU18MTLcoherent_deviceKS_,48
OpBox -> _ZNU14MTLthreadgroup5OpBoxC1EOU9MTLdeviceU18MTLcoherent_deviceS_,48
OpBox -> _ZNU10MTLraydata5OpBoxC1EOU9MTLdeviceU18MTLcoherent_deviceS_,48
OpBox -> _ZN5OpBoxC1EOU9MTLdeviceU18MTLcoherent_deviceS_,48
RayQuery -> _ZNU14MTLthreadgroup8RayQueryC1ERU9MTLdeviceU18MTLcoherent_deviceKS_,48
RayQuery -> _ZNU10MTLraydata8RayQueryC1ERU9MTLdeviceU18MTLcoherent_deviceKS_,48
RayQuery -> _ZN8RayQueryC1ERU9MTLdeviceU18MTLcoherent_deviceKS_,48
RayQuery -> _ZNU14MTLthreadgroup8RayQueryC1EOU9MTLdeviceU18MTLcoherent_deviceS_,48
RayQuery -> _ZNU10MTLraydata8RayQueryC1EOU9MTLdeviceU18MTLcoherent_deviceS_,48
RayQuery -> _ZN8RayQueryC1EOU9MTLdeviceU18MTLcoherent_deviceS_,48
operator= -> _ZNU9MTLdevice8RayQueryaSERU9MTLdeviceU18MTLcoherent_deviceKS_,48
operator= -> _ZNU9MTLdeviceU18MTLcoherent_device8RayQueryaSERU9MTLdeviceKS_,48
operator= -> _ZNU9MTLdeviceU18MTLcoherent_device8RayQueryaSERU9MTLdeviceU18MTLcoherent_deviceKS_,48
operator= -> _ZNU9MTLdeviceU18MTLcoherent_device8RayQueryaSERU14MTLthreadgroupKS_,48
operator= -> _ZNU9MTLdeviceU18MTLcoherent_device8RayQueryaSERU11MTLconstantKS_,48
operator= -> _ZNU9MTLdeviceU18MTLcoherent_device8RayQueryaSERU24MTLthreadgroupimageblockKS_,48
operator= -> _ZNU9MTLdeviceU18MTLcoherent_device8RayQueryaSERU10MTLraydataKS_,48
operator= -> _ZNU9MTLdeviceU18MTLcoherent_device8RayQueryaSERU13MTLobjectdataKS_,48
operator= -> _ZNU9MTLdeviceU18MTLcoherent_device8RayQueryaSERKS_,48
operator= -> _ZNU14MTLthreadgroup8RayQueryaSERU9MTLdeviceU18MTLcoherent_deviceKS_,48
operator= -> _ZNU24MTLthreadgroupimageblock8RayQueryaSERU9MTLdeviceU18MTLcoherent_deviceKS_,48
operator= -> _ZNU10MTLraydata8RayQueryaSERU9MTLdeviceU18MTLcoherent_deviceKS_,48
operator= -> _ZNU13MTLobjectdata8RayQueryaSERU9MTLdeviceU18MTLcoherent_deviceKS_,48
operator= -> _ZN8RayQueryaSERU9MTLdeviceU18MTLcoherent_deviceKS_,48
operator= -> _ZNU9MTLdevice8RayQueryaSEOU9MTLdeviceU18MTLcoherent_deviceS_,48
operator= -> _ZNU9MTLdeviceU18MTLcoherent_device8RayQueryaSEOU9MTLdeviceS_,48
operator= -> _ZNU9MTLdeviceU18MTLcoherent_device8RayQueryaSEOU9MTLdeviceU18MTLcoherent_deviceS_,48
operator= -> _ZNU9MTLdeviceU18MTLcoherent_device8RayQueryaSEOU14MTLthreadgroupS_,48
operator= -> _ZNU9MTLdeviceU18MTLcoherent_device8RayQueryaSEOU24MTLthreadgroupimageblockS_,48
operator= -> _ZNU9MTLdeviceU18MTLcoherent_device8RayQueryaSEOU10MTLraydataS_,48
operator= -> _ZNU9MTLdeviceU18MTLcoherent_device8RayQueryaSEOU13MTLobjectdataS_,48
operator= -> _ZNU9MTLdeviceU18MTLcoherent_device8RayQueryaSEOS_,48
operator= -> _ZNU14MTLthreadgroup8RayQueryaSEOU9MTLdeviceU18MTLcoherent_deviceS_,48
operator= -> _ZNU24MTLthreadgroupimageblock8RayQueryaSEOU9MTLdeviceU18MTLcoherent_deviceS_,48
operator= -> _ZNU10MTLraydata8RayQueryaSEOU9MTLdeviceU18MTLcoherent_deviceS_,48
operator= -> _ZNU13MTLobjectdata8RayQueryaSEOU9MTLdeviceU18MTLcoherent_deviceS_,48
operator= -> _ZN8RayQueryaSEOU9MTLdeviceU18MTLcoherent_deviceS_,48
ArrayBox -> _ZNU14MTLthreadgroup8ArrayBoxIDv4_fLj2EEC1ERU9MTLdeviceU18MTLcoherent_deviceKS1_,48
ArrayBox -> _ZNU10MTLraydata8ArrayBoxIDv4_fLj2EEC1ERU9MTLdeviceU18MTLcoherent_deviceKS1_,48
ArrayBox -> _ZN8ArrayBoxIDv4_fLj2EEC1ERU9MTLdeviceU18MTLcoherent_deviceKS1_,48
ArrayBox -> _ZNU14MTLthreadgroup8ArrayBoxIDv4_fLj2EEC1EOU9MTLdeviceU18MTLcoherent_deviceS1_,48
ArrayBox -> _ZNU10MTLraydata8ArrayBoxIDv4_fLj2EEC1EOU9MTLdeviceU18MTLcoherent_deviceS1_,48
ArrayBox -> _ZN8ArrayBoxIDv4_fLj2EEC1EOU9MTLdeviceU18MTLcoherent_deviceS1_,48
U -> _ZNU14MTLthreadgroup1UC1ERU9MTLdeviceU18MTLcoherent_deviceKS_,48
U -> _ZNU10MTLraydata1UC1ERU9MTLdeviceU18MTLcoherent_deviceKS_,48
U -> _ZN1UC1ERU9MTLdeviceU18MTLcoherent_deviceKS_,48
U -> _ZNU14MTLthreadgroup1UC1EOU9MTLdeviceU18MTLcoherent_deviceS_,48
U -> _ZNU10MTLraydata1UC1EOU9MTLdeviceU18MTLcoherent_deviceS_,48
U -> _ZN1UC1EOU9MTLdeviceU18MTLcoherent_deviceS_,48
C -> _ZNU14MTLthreadgroup1CC1ERU13MTLobjectdataKS_,44
C -> _ZNU10MTLraydata1CC1ERU13MTLobjectdataKS_,44
C -> _ZN1CC1ERU13MTLobjectdataKS_,44
C -> _ZNU14MTLthreadgroup1CC1EOU13MTLobjectdataS_,44
C -> _ZNU10MTLraydata1CC1EOU13MTLobjectdataS_,44
C -> _ZN1CC1EOU13MTLobjectdataS_,44
Vec -> _ZNU14MTLthreadgroup3VecC1ERU13MTLobjectdataKS_,44
Vec -> _ZNU10MTLraydata3VecC1ERU13MTLobjectdataKS_,44
Vec -> _ZN3VecC1ERU13MTLobjectdataKS_,44
Vec -> _ZNU14MTLthreadgroup3VecC1EOU13MTLobjectdataS_,44
Vec -> _ZNU10MTLraydata3VecC1EOU13MTLobjectdataS_,44
Vec -> _ZN3VecC1EOU13MTLobjectdataS_,44
P2 -> _ZNU14MTLthreadgroup2P2C1ERU13MTLobjectdataKS_,44
P2 -> _ZNU10MTLraydata2P2C1ERU13MTLobjectdataKS_,44
P2 -> _ZN2P2C1ERU13MTLobjectdataKS_,44
P2 -> _ZNU14MTLthreadgroup2P2C1EOU13MTLobjectdataS_,44
P2 -> _ZNU10MTLraydata2P2C1EOU13MTLobjectdataS_,44
P2 -> _ZN2P2C1EOU13MTLobjectdataS_,44
operator= -> _ZNU9MTLdevice1SaSERU13MTLobjectdataKS_,44
operator= -> _ZNU14MTLthreadgroup1SaSERU13MTLobjectdataKS_,44
operator= -> _ZNU24MTLthreadgroupimageblock1SaSERU13MTLobjectdataKS_,44
operator= -> _ZNU10MTLraydata1SaSERU13MTLobjectdataKS_,44
operator= -> _ZNU13MTLobjectdata1SaSERU9MTLdeviceKS_,44
operator= -> _ZNU13MTLobjectdata1SaSERU14MTLthreadgroupKS_,44
operator= -> _ZNU13MTLobjectdata1SaSERU11MTLconstantKS_,44
operator= -> _ZNU13MTLobjectdata1SaSERU24MTLthreadgroupimageblockKS_,44
operator= -> _ZNU13MTLobjectdata1SaSERU10MTLraydataKS_,44
operator= -> _ZNU13MTLobjectdata1SaSERU13MTLobjectdataKS_,44
operator= -> _ZNU13MTLobjectdata1SaSERKS_,44
operator= -> _ZN1SaSERU13MTLobjectdataKS_,44
operator= -> _ZNU9MTLdevice1SaSEOU13MTLobjectdataS_,44
operator= -> _ZNU14MTLthreadgroup1SaSEOU13MTLobjectdataS_,44
operator= -> _ZNU24MTLthreadgroupimageblock1SaSEOU13MTLobjectdataS_,44
operator= -> _ZNU10MTLraydata1SaSEOU13MTLobjectdataS_,44
operator= -> _ZNU13MTLobjectdata1SaSEOU9MTLdeviceS_,44
operator= -> _ZNU13MTLobjectdata1SaSEOU14MTLthreadgroupS_,44
operator= -> _ZNU13MTLobjectdata1SaSEOU24MTLthreadgroupimageblockS_,44
operator= -> _ZNU13MTLobjectdata1SaSEOU10MTLraydataS_,44
operator= -> _ZNU13MTLobjectdata1SaSEOU13MTLobjectdataS_,44
operator= -> _ZNU13MTLobjectdata1SaSEOS_,44
operator= -> _ZN1SaSEOU13MTLobjectdataS_,44
Dimensions -> _ZNU14MTLthreadgroup10DimensionsC1ERU13MTLobjectdataKS_,44
Dimensions -> _ZNU10MTLraydata10DimensionsC1ERU13MTLobjectdataKS_,44
Dimensions -> _ZN10DimensionsC1ERU13MTLobjectdataKS_,44
Dimensions -> _ZNU14MTLthreadgroup10DimensionsC1EOU13MTLobjectdataS_,44
Dimensions -> _ZNU10MTLraydata10DimensionsC1EOU13MTLobjectdataS_,44
Dimensions -> _ZN10DimensionsC1EOU13MTLobjectdataS_,44
FO4 -> _ZNU14MTLthreadgroup3FO4C1ERU13MTLobjectdataKS_,44
FO4 -> _ZNU10MTLraydata3FO4C1ERU13MTLobjectdataKS_,44
FO4 -> _ZN3FO4C1ERU13MTLobjectdataKS_,44
FO4 -> _ZNU14MTLthreadgroup3FO4C1EOU13MTLobjectdataS_,44
FO4 -> _ZNU10MTLraydata3FO4C1EOU13MTLobjectdataS_,44
FO4 -> _ZN3FO4C1EOU13MTLobjectdataS_,44
VOr -> _ZNU14MTLthreadgroup3VOrC1ERU13MTLobjectdataKS_,44
VOr -> _ZNU10MTLraydata3VOrC1ERU13MTLobjectdataKS_,44
VOr -> _ZN3VOrC1ERU13MTLobjectdataKS_,44
VOr -> _ZNU14MTLthreadgroup3VOrC1EOU13MTLobjectdataS_,44
VOr -> _ZNU10MTLraydata3VOrC1EOU13MTLobjectdataS_,44
VOr -> _ZN3VOrC1EOU13MTLobjectdataS_,44
VO4 -> _ZNU14MTLthreadgroup3VO4C1ERU13MTLobjectdataKS_,44
VO4 -> _ZNU10MTLraydata3VO4C1ERU13MTLobjectdataKS_,44
VO4 -> _ZN3VO4C1ERU13MTLobjectdataKS_,44
VO4 -> _ZNU14MTLthreadgroup3VO4C1EOU13MTLobjectdataS_,44
VO4 -> _ZNU10MTLraydata3VO4C1EOU13MTLobjectdataS_,44
VO4 -> _ZN3VO4C1EOU13MTLobjectdataS_,44
VO1 -> _ZNU14MTLthreadgroup3VO1C1ERU13MTLobjectdataKS_,44
VO1 -> _ZNU10MTLraydata3VO1C1ERU13MTLobjectdataKS_,44
VO1 -> _ZN3VO1C1ERU13MTLobjectdataKS_,44
VO1 -> _ZNU14MTLthreadgroup3VO1C1EOU13MTLobjectdataS_,44
VO1 -> _ZNU10MTLraydata3VO1C1EOU13MTLobjectdataS_,44
VO1 -> _ZN3VO1C1EOU13MTLobjectdataS_,44
VOu -> _ZNU14MTLthreadgroup3VOuC1ERU13MTLobjectdataKS_,44
VOu -> _ZNU10MTLraydata3VOuC1ERU13MTLobjectdataKS_,44
VOu -> _ZN3VOuC1ERU13MTLobjectdataKS_,44
VOu -> _ZNU14MTLthreadgroup3VOuC1EOU13MTLobjectdataS_,44
VOu -> _ZNU10MTLraydata3VOuC1EOU13MTLobjectdataS_,44
VOu -> _ZN3VOuC1EOU13MTLobjectdataS_,44
A8 -> _ZNU14MTLthreadgroup2A8C1ERU13MTLobjectdataKS_,44
A8 -> _ZNU10MTLraydata2A8C1ERU13MTLobjectdataKS_,44
A8 -> _ZN2A8C1ERU13MTLobjectdataKS_,44
A8 -> _ZNU14MTLthreadgroup2A8C1EOU13MTLobjectdataS_,44
A8 -> _ZNU10MTLraydata2A8C1EOU13MTLobjectdataS_,44
A8 -> _ZN2A8C1EOU13MTLobjectdataS_,44
A16 -> _ZNU14MTLthreadgroup3A16C1ERU13MTLobjectdataKS_,44
A16 -> _ZNU10MTLraydata3A16C1ERU13MTLobjectdataKS_,44
A16 -> _ZN3A16C1ERU13MTLobjectdataKS_,44
A16 -> _ZNU14MTLthreadgroup3A16C1EOU13MTLobjectdataS_,44
A16 -> _ZNU10MTLraydata3A16C1EOU13MTLobjectdataS_,44
A16 -> _ZN3A16C1EOU13MTLobjectdataS_,44
A32 -> _ZNU14MTLthreadgroup3A32C1ERU13MTLobjectdataKS_,44
A32 -> _ZNU10MTLraydata3A32C1ERU13MTLobjectdataKS_,44
A32 -> _ZN3A32C1ERU13MTLobjectdataKS_,44
A32 -> _ZNU14MTLthreadgroup3A32C1EOU13MTLobjectdataS_,44
A32 -> _ZNU10MTLraydata3A32C1EOU13MTLobjectdataS_,44
A32 -> _ZN3A32C1EOU13MTLobjectdataS_,44
Al -> _ZNU14MTLthreadgroup2AlC1ERU13MTLobjectdataKS_,44
Al -> _ZNU10MTLraydata2AlC1ERU13MTLobjectdataKS_,44
Al -> _ZN2AlC1ERU13MTLobjectdataKS_,44
Al -> _ZNU14MTLthreadgroup2AlC1EOU13MTLobjectdataS_,44
Al -> _ZNU10MTLraydata2AlC1EOU13MTLobjectdataS_,44
Al -> _ZN2AlC1EOU13MTLobjectdataS_,44
addi -> _Z4addiii,44
TGData -> _ZNU14MTLthreadgroup6TGDataC1ERU13MTLobjectdataKS_,44
TGData -> _ZNU10MTLraydata6TGDataC1ERU13MTLobjectdataKS_,44
TGData -> _ZN6TGDataC1ERU13MTLobjectdataKS_,44
TGData -> _ZNU14MTLthreadgroup6TGDataC1EOU13MTLobjectdataS_,44
TGData -> _ZNU10MTLraydata6TGDataC1EOU13MTLobjectdataS_,44
TGData -> _ZN6TGDataC1EOU13MTLobjectdataS_,44
operator= -> _ZNU9MTLdevice4BaseaSEOU13MTLobjectdataS_,44
operator= -> _ZNU14MTLthreadgroup4BaseaSEOU13MTLobjectdataS_,44
operator= -> _ZNU24MTLthreadgroupimageblock4BaseaSEOU13MTLobjectdataS_,44
operator= -> _ZNU10MTLraydata4BaseaSEOU13MTLobjectdataS_,44
operator= -> _ZNU13MTLobjectdata4BaseaSEOU9MTLdeviceS_,44
operator= -> _ZNU13MTLobjectdata4BaseaSEOU14MTLthreadgroupS_,44
operator= -> _ZNU13MTLobjectdata4BaseaSEOU24MTLthreadgroupimageblockS_,44
operator= -> _ZNU13MTLobjectdata4BaseaSEOU10MTLraydataS_,44
operator= -> _ZNU13MTLobjectdata4BaseaSEOU13MTLobjectdataS_,44
operator= -> _ZNU13MTLobjectdata4BaseaSEOS_,44
operator= -> _ZN4BaseaSEOU13MTLobjectdataS_,44
Bf -> _ZNU14MTLthreadgroup2BfC1ERU13MTLobjectdataKS_,44
Bf -> _ZNU10MTLraydata2BfC1ERU13MTLobjectdataKS_,44
Bf -> _ZN2BfC1ERU13MTLobjectdataKS_,44
Bf -> _ZNU14MTLthreadgroup2BfC1EOU13MTLobjectdataS_,44
Bf -> _ZNU10MTLraydata2BfC1EOU13MTLobjectdataS_,44
Bf -> _ZN2BfC1EOU13MTLobjectdataS_,44
V -> _ZNU14MTLthreadgroup1VC1ERU13MTLobjectdataKS_,44
V -> _ZNU10MTLraydata1VC1ERU13MTLobjectdataKS_,44
V -> _ZN1VC1ERU13MTLobjectdataKS_,44
V -> _ZNU14MTLthreadgroup1VC1EOU13MTLobjectdataS_,44
V -> _ZNU10MTLraydata1VC1EOU13MTLobjectdataS_,44
V -> _ZN1VC1EOU13MTLobjectdataS_,44
FO2 -> _ZNU14MTLthreadgroup3FO2C1ERU13MTLobjectdataKS_,44
FO2 -> _ZNU10MTLraydata3FO2C1ERU13MTLobjectdataKS_,44
FO2 -> _ZN3FO2C1ERU13MTLobjectdataKS_,44
FO2 -> _ZNU14MTLthreadgroup3FO2C1EOU13MTLobjectdataS_,44
FO2 -> _ZNU10MTLraydata3FO2C1EOU13MTLobjectdataS_,44
FO2 -> _ZN3FO2C1EOU13MTLobjectdataS_,44
FO -> _ZNU14MTLthreadgroup2FOC1ERU13MTLobjectdataKS_,44
FO -> _ZNU10MTLraydata2FOC1ERU13MTLobjectdataKS_,44
FO -> _ZN2FOC1ERU13MTLobjectdataKS_,44
FO -> _ZNU14MTLthreadgroup2FOC1EOU13MTLobjectdataS_,44
FO -> _ZNU10MTLraydata2FOC1EOU13MTLobjectdataS_,44
FO -> _ZN2FOC1EOU13MTLobjectdataS_,44
FOm -> _ZNU14MTLthreadgroup3FOmC1ERU13MTLobjectdataKS_,44
FOm -> _ZNU10MTLraydata3FOmC1ERU13MTLobjectdataKS_,44
FOm -> _ZN3FOmC1ERU13MTLobjectdataKS_,44
FOm -> _ZNU14MTLthreadgroup3FOmC1EOU13MTLobjectdataS_,44
FOm -> _ZNU10MTLraydata3FOmC1EOU13MTLobjectdataS_,44
FOm -> _ZN3FOmC1EOU13MTLobjectdataS_,44
VOc -> _ZNU14MTLthreadgroup3VOcC1ERU13MTLobjectdataKS_,44
VOc -> _ZNU10MTLraydata3VOcC1ERU13MTLobjectdataKS_,44
VOc -> _ZN3VOcC1ERU13MTLobjectdataKS_,44
VOc -> _ZNU14MTLthreadgroup3VOcC1EOU13MTLobjectdataS_,44
VOc -> _ZNU10MTLraydata3VOcC1EOU13MTLobjectdataS_,44
VOc -> _ZN3VOcC1EOU13MTLobjectdataS_,44
VOp -> _ZNU14MTLthreadgroup3VOpC1ERU13MTLobjectdataKS_,44
VOp -> _ZNU10MTLraydata3VOpC1ERU13MTLobjectdataKS_,44
VOp -> _ZN3VOpC1ERU13MTLobjectdataKS_,44
VOp -> _ZNU14MTLthreadgroup3VOpC1EOU13MTLobjectdataS_,44
VOp -> _ZNU10MTLraydata3VOpC1EOU13MTLobjectdataS_,44
VOp -> _ZN3VOpC1EOU13MTLobjectdataS_,44
PrimOut -> _ZN7PrimOutC1Ev,44
PrimOut -> _ZNU14MTLthreadgroup7PrimOutC1Ev,44
PrimOut -> _ZNU11MTLconstantK7PrimOutC1Ev,44
PrimOut -> _ZNU10MTLraydata7PrimOutC1Ev,44
PrimOut -> _ZN7PrimOutC1ERKS_,44
PrimOut -> _ZNU14MTLthreadgroup7PrimOutC1ERU9MTLdeviceKS_,44
PrimOut -> _ZNU14MTLthreadgroup7PrimOutC1ERU14MTLthreadgroupKS_,44
PrimOut -> _ZNU14MTLthreadgroup7PrimOutC1ERU11MTLconstantKS_,44
PrimOut -> _ZNU14MTLthreadgroup7PrimOutC1ERU24MTLthreadgroupimageblockKS_,44
PrimOut -> _ZNU14MTLthreadgroup7PrimOutC1ERU10MTLraydataKS_,44
PrimOut -> _ZNU14MTLthreadgroup7PrimOutC1ERU13MTLobjectdataKS_,44
PrimOut -> _ZNU14MTLthreadgroup7PrimOutC1ERKS_,44
PrimOut -> _ZNU11MTLconstantK7PrimOutC1ERU11MTLconstantKS_,44
PrimOut -> _ZNU11MTLconstantK7PrimOutC1ERKS_,44
PrimOut -> _ZNU10MTLraydata7PrimOutC1ERU9MTLdeviceKS_,44
PrimOut -> _ZNU10MTLraydata7PrimOutC1ERU14MTLthreadgroupKS_,44
PrimOut -> _ZNU10MTLraydata7PrimOutC1ERU11MTLconstantKS_,44
PrimOut -> _ZNU10MTLraydata7PrimOutC1ERU24MTLthreadgroupimageblockKS_,44
PrimOut -> _ZNU10MTLraydata7PrimOutC1ERU10MTLraydataKS_,44
PrimOut -> _ZNU10MTLraydata7PrimOutC1ERU13MTLobjectdataKS_,44
PrimOut -> _ZNU10MTLraydata7PrimOutC1ERKS_,44
PrimOut -> _ZN7PrimOutC1ERU9MTLdeviceKS_,44
PrimOut -> _ZN7PrimOutC1ERU14MTLthreadgroupKS_,44
PrimOut -> _ZN7PrimOutC1ERU11MTLconstantKS_,44
PrimOut -> _ZN7PrimOutC1ERU24MTLthreadgroupimageblockKS_,44
PrimOut -> _ZN7PrimOutC1ERU10MTLraydataKS_,44
PrimOut -> _ZN7PrimOutC1ERU13MTLobjectdataKS_,44
PrimOut -> _ZN7PrimOutC1EOS_,44
PrimOut -> _ZNU14MTLthreadgroup7PrimOutC1EOU9MTLdeviceS_,44
PrimOut -> _ZNU14MTLthreadgroup7PrimOutC1EOU14MTLthreadgroupS_,44
PrimOut -> _ZNU14MTLthreadgroup7PrimOutC1EOU24MTLthreadgroupimageblockS_,44
PrimOut -> _ZNU14MTLthreadgroup7PrimOutC1EOU10MTLraydataS_,44
PrimOut -> _ZNU14MTLthreadgroup7PrimOutC1EOU13MTLobjectdataS_,44
PrimOut -> _ZNU14MTLthreadgroup7PrimOutC1EOS_,44
PrimOut -> _ZNU11MTLconstantK7PrimOutC1EOS_,44
PrimOut -> _ZNU10MTLraydata7PrimOutC1EOU9MTLdeviceS_,44
PrimOut -> _ZNU10MTLraydata7PrimOutC1EOU14MTLthreadgroupS_,44
PrimOut -> _ZNU10MTLraydata7PrimOutC1EOU24MTLthreadgroupimageblockS_,44
PrimOut -> _ZNU10MTLraydata7PrimOutC1EOU10MTLraydataS_,44
PrimOut -> _ZNU10MTLraydata7PrimOutC1EOU13MTLobjectdataS_,44
PrimOut -> _ZNU10MTLraydata7PrimOutC1EOS_,44
PrimOut -> _ZN7PrimOutC1EOU9MTLdeviceS_,44
PrimOut -> _ZN7PrimOutC1EOU14MTLthreadgroupS_,44
PrimOut -> _ZN7PrimOutC1EOU24MTLthreadgroupimageblockS_,44
PrimOut -> _ZN7PrimOutC1EOU10MTLraydataS_,44
PrimOut -> _ZN7PrimOutC1EOU13MTLobjectdataS_,44
MeshVertex -> _ZN10MeshVertexC1Ev,44
MeshVertex -> _ZNU14MTLthreadgroup10MeshVertexC1Ev,44
MeshVertex -> _ZNU11MTLconstantK10MeshVertexC1Ev,44
MeshVertex -> _ZNU10MTLraydata10MeshVertexC1Ev,44
MeshVertex -> _ZN10MeshVertexC1ERKS_,44
MeshVertex -> _ZNU14MTLthreadgroup10MeshVertexC1ERU9MTLdeviceKS_,44
MeshVertex -> _ZNU14MTLthreadgroup10MeshVertexC1ERU14MTLthreadgroupKS_,44
MeshVertex -> _ZNU14MTLthreadgroup10MeshVertexC1ERU11MTLconstantKS_,44
MeshVertex -> _ZNU14MTLthreadgroup10MeshVertexC1ERU24MTLthreadgroupimageblockKS_,44
MeshVertex -> _ZNU14MTLthreadgroup10MeshVertexC1ERU10MTLraydataKS_,44
MeshVertex -> _ZNU14MTLthreadgroup10MeshVertexC1ERU13MTLobjectdataKS_,44
MeshVertex -> _ZNU14MTLthreadgroup10MeshVertexC1ERKS_,44
MeshVertex -> _ZNU11MTLconstantK10MeshVertexC1ERU11MTLconstantKS_,44
MeshVertex -> _ZNU11MTLconstantK10MeshVertexC1ERKS_,44
MeshVertex -> _ZNU10MTLraydata10MeshVertexC1ERU9MTLdeviceKS_,44
MeshVertex -> _ZNU10MTLraydata10MeshVertexC1ERU14MTLthreadgroupKS_,44
MeshVertex -> _ZNU10MTLraydata10MeshVertexC1ERU11MTLconstantKS_,44
MeshVertex -> _ZNU10MTLraydata10MeshVertexC1ERU24MTLthreadgroupimageblockKS_,44
MeshVertex -> _ZNU10MTLraydata10MeshVertexC1ERU10MTLraydataKS_,44
MeshVertex -> _ZNU10MTLraydata10MeshVertexC1ERU13MTLobjectdataKS_,44
MeshVertex -> _ZNU10MTLraydata10MeshVertexC1ERKS_,44
MeshVertex -> _ZN10MeshVertexC1ERU9MTLdeviceKS_,44
MeshVertex -> _ZN10MeshVertexC1ERU14MTLthreadgroupKS_,44
MeshVertex -> _ZN10MeshVertexC1ERU11MTLconstantKS_,44
MeshVertex -> _ZN10MeshVertexC1ERU24MTLthreadgroupimageblockKS_,44
MeshVertex -> _ZN10MeshVertexC1ERU10MTLraydataKS_,44
MeshVertex -> _ZN10MeshVertexC1ERU13MTLobjectdataKS_,44
MeshVertex -> _ZN10MeshVertexC1EOS_,44
MeshVertex -> _ZNU14MTLthreadgroup10MeshVertexC1EOU9MTLdeviceS_,44
MeshVertex -> _ZNU14MTLthreadgroup10MeshVertexC1EOU14MTLthreadgroupS_,44
MeshVertex -> _ZNU14MTLthreadgroup10MeshVertexC1EOU24MTLthreadgroupimageblockS_,44
MeshVertex -> _ZNU14MTLthreadgroup10MeshVertexC1EOU10MTLraydataS_,44
MeshVertex -> _ZNU14MTLthreadgroup10MeshVertexC1EOU13MTLobjectdataS_,44
MeshVertex -> _ZNU14MTLthreadgroup10MeshVertexC1EOS_,44
MeshVertex -> _ZNU11MTLconstantK10MeshVertexC1EOS_,44
MeshVertex -> _ZNU10MTLraydata10MeshVertexC1EOU9MTLdeviceS_,44
MeshVertex -> _ZNU10MTLraydata10MeshVertexC1EOU14MTLthreadgroupS_,44
MeshVertex -> _ZNU10MTLraydata10MeshVertexC1EOU24MTLthreadgroupimageblockS_,44
MeshVertex -> _ZNU10MTLraydata10MeshVertexC1EOU10MTLraydataS_,44
MeshVertex -> _ZNU10MTLraydata10MeshVertexC1EOU13MTLobjectdataS_,44
MeshVertex -> _ZNU10MTLraydata10MeshVertexC1EOS_,44
MeshVertex -> _ZN10MeshVertexC1EOU9MTLdeviceS_,44
MeshVertex -> _ZN10MeshVertexC1EOU14MTLthreadgroupS_,44
MeshVertex -> _ZN10MeshVertexC1EOU24MTLthreadgroupimageblockS_,44
MeshVertex -> _ZN10MeshVertexC1EOU10MTLraydataS_,44
MeshVertex -> _ZN10MeshVertexC1EOU13MTLobjectdataS_,44
~MeshVertex -> _ZN10MeshVertexD1Ev,44
SharedArgs -> _ZNU14MTLthreadgroup10SharedArgsC1ERU13MTLobjectdataKS_,44
SharedArgs -> _ZNU10MTLraydata10SharedArgsC1ERU13MTLobjectdataKS_,44
SharedArgs -> _ZN10SharedArgsC1ERU13MTLobjectdataKS_,44
SharedArgs -> _ZNU14MTLthreadgroup10SharedArgsC1EOU13MTLobjectdataS_,44
SharedArgs -> _ZNU10MTLraydata10SharedArgsC1EOU13MTLobjectdataS_,44
SharedArgs -> _ZN10SharedArgsC1EOU13MTLobjectdataS_,44
operator= -> _ZNU9MTLdevice10SharedArgsaSERU13MTLobjectdataKS_,44
operator= -> _ZNU14MTLthreadgroup10SharedArgsaSERU13MTLobjectdataKS_,44
operator= -> _ZNU24MTLthreadgroupimageblock10SharedArgsaSERU13MTLobjectdataKS_,44
operator= -> _ZNU10MTLraydata10SharedArgsaSERU13MTLobjectdataKS_,44
operator= -> _ZNU13MTLobjectdata10SharedArgsaSERU9MTLdeviceKS_,44
operator= -> _ZNU13MTLobjectdata10SharedArgsaSERU14MTLthreadgroupKS_,44
operator= -> _ZNU13MTLobjectdata10SharedArgsaSERU11MTLconstantKS_,44
operator= -> _ZNU13MTLobjectdata10SharedArgsaSERU24MTLthreadgroupimageblockKS_,44
operator= -> _ZNU13MTLobjectdata10SharedArgsaSERU10MTLraydataKS_,44
operator= -> _ZNU13MTLobjectdata10SharedArgsaSERU13MTLobjectdataKS_,44
operator= -> _ZNU13MTLobjectdata10SharedArgsaSERKS_,44
operator= -> _ZN10SharedArgsaSERU13MTLobjectdataKS_,44
operator= -> _ZNU9MTLdevice10SharedArgsaSEOU13MTLobjectdataS_,44
operator= -> _ZNU14MTLthreadgroup10SharedArgsaSEOU13MTLobjectdataS_,44
operator= -> _ZNU24MTLthreadgroupimageblock10SharedArgsaSEOU13MTLobjectdataS_,44
operator= -> _ZNU10MTLraydata10SharedArgsaSEOU13MTLobjectdataS_,44
operator= -> _ZNU13MTLobjectdata10SharedArgsaSEOU9MTLdeviceS_,44
operator= -> _ZNU13MTLobjectdata10SharedArgsaSEOU14MTLthreadgroupS_,44
operator= -> _ZNU13MTLobjectdata10SharedArgsaSEOU24MTLthreadgroupimageblockS_,44
operator= -> _ZNU13MTLobjectdata10SharedArgsaSEOU10MTLraydataS_,44
operator= -> _ZNU13MTLobjectdata10SharedArgsaSEOU13MTLobjectdataS_,44
operator= -> _ZNU13MTLobjectdata10SharedArgsaSEOS_,44
operator= -> _ZN10SharedArgsaSEOU13MTLobjectdataS_,44
PM -> _ZNU14MTLthreadgroup2PMC1ERU13MTLobjectdataKS_,44
PM -> _ZNU10MTLraydata2PMC1ERU13MTLobjectdataKS_,44
PM -> _ZN2PMC1ERU13MTLobjectdataKS_,44
PM -> _ZNU14MTLthreadgroup2PMC1EOU13MTLobjectdataS_,44
PM -> _ZNU10MTLraydata2PMC1EOU13MTLobjectdataS_,44
PM -> _ZN2PMC1EOU13MTLobjectdataS_,44
AlignedTG -> _ZNU14MTLthreadgroup9AlignedTGC1ERU13MTLobjectdataKS_,44
AlignedTG -> _ZNU10MTLraydata9AlignedTGC1ERU13MTLobjectdataKS_,44
AlignedTG -> _ZN9AlignedTGC1ERU13MTLobjectdataKS_,44
AlignedTG -> _ZNU14MTLthreadgroup9AlignedTGC1EOU13MTLobjectdataS_,44
AlignedTG -> _ZNU10MTLraydata9AlignedTGC1EOU13MTLobjectdataS_,44
AlignedTG -> _ZN9AlignedTGC1EOU13MTLobjectdataS_,44
PackedTG -> _ZNU14MTLthreadgroup8PackedTGC1ERU13MTLobjectdataKS_,44
PackedTG -> _ZNU10MTLraydata8PackedTGC1ERU13MTLobjectdataKS_,44
PackedTG -> _ZN8PackedTGC1ERU13MTLobjectdataKS_,44
PackedTG -> _ZNU14MTLthreadgroup8PackedTGC1EOU13MTLobjectdataS_,44
PackedTG -> _ZNU10MTLraydata8PackedTGC1EOU13MTLobjectdataS_,44
PackedTG -> _ZN8PackedTGC1EOU13MTLobjectdataS_,44
internal_helper -> _Z15internal_helperi,44
 -> _ZZ18codegen_lambda_allPU9MTLdevicejjEN3$_0C1ERKS1_,24
 -> _ZZ18codegen_lambda_allPU9MTLdevicejjENU14MTLthreadgroup3$_0C1ERU9MTLdeviceKS1_,24
 -> _ZZ18codegen_lambda_allPU9MTLdevicejjENU14MTLthreadgroup3$_0C1ERU9MTLdeviceU18MTLcoherent_deviceKS1_,24
 -> _ZZ18codegen_lambda_allPU9MTLdevicejjENU14MTLthreadgroup3$_0C1ERU14MTLthreadgroupKS1_,24
 -> _ZZ18codegen_lambda_allPU9MTLdevicejjENU14MTLthreadgroup3$_0C1ERU11MTLconstantKS1_,24
 -> _ZZ18codegen_lambda_allPU9MTLdevicejjENU14MTLthreadgroup3$_0C1ERU24MTLthreadgroupimageblockKS1_,24
 -> _ZZ18codegen_lambda_allPU9MTLdevicejjENU14MTLthreadgroup3$_0C1ERU10MTLraydataKS1_,24
 -> _ZZ18codegen_lambda_allPU9MTLdevicejjENU14MTLthreadgroup3$_0C1ERU13MTLobjectdataKS1_,24
 -> _ZZ18codegen_lambda_allPU9MTLdevicejjENU14MTLthreadgroup3$_0C1ERKS1_,24
 -> _ZZ18codegen_lambda_allPU9MTLdevicejjENU11MTLconstantK3$_0C1ERU11MTLconstantKS1_,24
 -> _ZZ18codegen_lambda_allPU9MTLdevicejjENU11MTLconstantK3$_0C1ERKS1_,24
 -> _ZZ18codegen_lambda_allPU9MTLdevicejjENU10MTLraydata3$_0C1ERU9MTLdeviceKS1_,24
 -> _ZZ18codegen_lambda_allPU9MTLdevicejjENU10MTLraydata3$_0C1ERU9MTLdeviceU18MTLcoherent_deviceKS1_,24
 -> _ZZ18codegen_lambda_allPU9MTLdevicejjENU10MTLraydata3$_0C1ERU14MTLthreadgroupKS1_,24
 -> _ZZ18codegen_lambda_allPU9MTLdevicejjENU10MTLraydata3$_0C1ERU11MTLconstantKS1_,24
 -> _ZZ18codegen_lambda_allPU9MTLdevicejjENU10MTLraydata3$_0C1ERU24MTLthreadgroupimageblockKS1_,24
 -> _ZZ18codegen_lambda_allPU9MTLdevicejjENU10MTLraydata3$_0C1ERU10MTLraydataKS1_,24
 -> _ZZ18codegen_lambda_allPU9MTLdevicejjENU10MTLraydata3$_0C1ERU13MTLobjectdataKS1_,24
 -> _ZZ18codegen_lambda_allPU9MTLdevicejjENU10MTLraydata3$_0C1ERKS1_,24
 -> _ZZ18codegen_lambda_allPU9MTLdevicejjEN3$_0C1ERU9MTLdeviceKS1_,24
 -> _ZZ18codegen_lambda_allPU9MTLdevicejjEN3$_0C1ERU9MTLdeviceU18MTLcoherent_deviceKS1_,24
 -> _ZZ18codegen_lambda_allPU9MTLdevicejjEN3$_0C1ERU14MTLthreadgroupKS1_,24
 -> _ZZ18codegen_lambda_allPU9MTLdevicejjEN3$_0C1ERU11MTLconstantKS1_,24
 -> _ZZ18codegen_lambda_allPU9MTLdevicejjEN3$_0C1ERU24MTLthreadgroupimageblockKS1_,24
 -> _ZZ18codegen_lambda_allPU9MTLdevicejjEN3$_0C1ERU10MTLraydataKS1_,24
 -> _ZZ18codegen_lambda_allPU9MTLdevicejjEN3$_0C1ERU13MTLobjectdataKS1_,24
 -> _ZZ18codegen_lambda_allPU9MTLdevicejjEN3$_0C1EOS1_,24
 -> _ZZ18codegen_lambda_allPU9MTLdevicejjENU14MTLthreadgroup3$_0C1EOU9MTLdeviceS1_,24
 -> _ZZ18codegen_lambda_allPU9MTLdevicejjENU14MTLthreadgroup3$_0C1EOU9MTLdeviceU18MTLcoherent_deviceS1_,24
 -> _ZZ18codegen_lambda_allPU9MTLdevicejjENU14MTLthreadgroup3$_0C1EOU14MTLthreadgroupS1_,24
 -> _ZZ18codegen_lambda_allPU9MTLdevicejjENU14MTLthreadgroup3$_0C1EOU24MTLthreadgroupimageblockS1_,24
 -> _ZZ18codegen_lambda_allPU9MTLdevicejjENU14MTLthreadgroup3$_0C1EOU10MTLraydataS1_,24
 -> _ZZ18codegen_lambda_allPU9MTLdevicejjENU14MTLthreadgroup3$_0C1EOU13MTLobjectdataS1_,24
 -> _ZZ18codegen_lambda_allPU9MTLdevicejjENU14MTLthreadgroup3$_0C1EOS1_,24
 -> _ZZ18codegen_lambda_allPU9MTLdevicejjENU11MTLconstantK3$_0C1EOS1_,24
 -> _ZZ18codegen_lambda_allPU9MTLdevicejjENU10MTLraydata3$_0C1EOU9MTLdeviceS1_,24
 -> _ZZ18codegen_lambda_allPU9MTLdevicejjENU10MTLraydata3$_0C1EOU9MTLdeviceU18MTLcoherent_deviceS1_,24
 -> _ZZ18codegen_lambda_allPU9MTLdevicejjENU10MTLraydata3$_0C1EOU14MTLthreadgroupS1_,24
 -> _ZZ18codegen_lambda_allPU9MTLdevicejjENU10MTLraydata3$_0C1EOU24MTLthreadgroupimageblockS1_,24
 -> _ZZ18codegen_lambda_allPU9MTLdevicejjENU10MTLraydata3$_0C1EOU10MTLraydataS1_,24
 -> _ZZ18codegen_lambda_allPU9MTLdevicejjENU10MTLraydata3$_0C1EOU13MTLobjectdataS1_,24
 -> _ZZ18codegen_lambda_allPU9MTLdevicejjENU10MTLraydata3$_0C1EOS1_,24
 -> _ZZ18codegen_lambda_allPU9MTLdevicejjEN3$_0C1EOU9MTLdeviceS1_,24
 -> _ZZ18codegen_lambda_allPU9MTLdevicejjEN3$_0C1EOU9MTLdeviceU18MTLcoherent_deviceS1_,24
 -> _ZZ18codegen_lambda_allPU9MTLdevicejjEN3$_0C1EOU14MTLthreadgroupS1_,24
 -> _ZZ18codegen_lambda_allPU9MTLdevicejjEN3$_0C1EOU24MTLthreadgroupimageblockS1_,24
 -> _ZZ18codegen_lambda_allPU9MTLdevicejjEN3$_0C1EOU10MTLraydataS1_,24
 -> _ZZ18codegen_lambda_allPU9MTLdevicejjEN3$_0C1EOU13MTLobjectdataS1_,24
operator= -> _ZNU9MTLdevice4BaseaSEOU9MTLdeviceU18MTLcoherent_deviceS_,24
operator= -> _ZNU9MTLdeviceU18MTLcoherent_device4BaseaSEOU9MTLdeviceS_,24
operator= -> _ZNU9MTLdeviceU18MTLcoherent_device4BaseaSEOU9MTLdeviceU18MTLcoherent_deviceS_,24
operator= -> _ZNU9MTLdeviceU18MTLcoherent_device4BaseaSEOU14MTLthreadgroupS_,24
operator= -> _ZNU9MTLdeviceU18MTLcoherent_device4BaseaSEOU24MTLthreadgroupimageblockS_,24
operator= -> _ZNU9MTLdeviceU18MTLcoherent_device4BaseaSEOU10MTLraydataS_,24
operator= -> _ZNU9MTLdeviceU18MTLcoherent_device4BaseaSEOU13MTLobjectdataS_,24
operator= -> _ZNU9MTLdeviceU18MTLcoherent_device4BaseaSEOS_,24
operator= -> _ZNU14MTLthreadgroup4BaseaSEOU9MTLdeviceU18MTLcoherent_deviceS_,24
operator= -> _ZNU24MTLthreadgroupimageblock4BaseaSEOU9MTLdeviceU18MTLcoherent_deviceS_,24
operator= -> _ZNU10MTLraydata4BaseaSEOU9MTLdeviceU18MTLcoherent_deviceS_,24
operator= -> _ZNU13MTLobjectdata4BaseaSEOU9MTLdeviceU18MTLcoherent_deviceS_,24
operator= -> _ZN4BaseaSEOU9MTLdeviceU18MTLcoherent_deviceS_,24
operator() -> _ZZ1kPU9MTLdeviceiENK3$_0clIiiEEDaT_T0_,24
 -> _ZZ1kPU9MTLdeviceiEN3$_0C1ERKS1_,24
 -> _ZZ1kPU9MTLdeviceiENU14MTLthreadgroup3$_0C1ERU9MTLdeviceKS1_,24
 -> _ZZ1kPU9MTLdeviceiENU14MTLthreadgroup3$_0C1ERU9MTLdeviceU18MTLcoherent_deviceKS1_,24
 -> _ZZ1kPU9MTLdeviceiENU14MTLthreadgroup3$_0C1ERU14MTLthreadgroupKS1_,24
 -> _ZZ1kPU9MTLdeviceiENU14MTLthreadgroup3$_0C1ERU11MTLconstantKS1_,24
 -> _ZZ1kPU9MTLdeviceiENU14MTLthreadgroup3$_0C1ERU24MTLthreadgroupimageblockKS1_,24
 -> _ZZ1kPU9MTLdeviceiENU14MTLthreadgroup3$_0C1ERU10MTLraydataKS1_,24
 -> _ZZ1kPU9MTLdeviceiENU14MTLthreadgroup3$_0C1ERU13MTLobjectdataKS1_,24
 -> _ZZ1kPU9MTLdeviceiENU14MTLthreadgroup3$_0C1ERKS1_,24
 -> _ZZ1kPU9MTLdeviceiENU11MTLconstantK3$_0C1ERU11MTLconstantKS1_,24
 -> _ZZ1kPU9MTLdeviceiENU11MTLconstantK3$_0C1ERKS1_,24
 -> _ZZ1kPU9MTLdeviceiENU10MTLraydata3$_0C1ERU9MTLdeviceKS1_,24
 -> _ZZ1kPU9MTLdeviceiENU10MTLraydata3$_0C1ERU9MTLdeviceU18MTLcoherent_deviceKS1_,24
 -> _ZZ1kPU9MTLdeviceiENU10MTLraydata3$_0C1ERU14MTLthreadgroupKS1_,24
 -> _ZZ1kPU9MTLdeviceiENU10MTLraydata3$_0C1ERU11MTLconstantKS1_,24
 -> _ZZ1kPU9MTLdeviceiENU10MTLraydata3$_0C1ERU24MTLthreadgroupimageblockKS1_,24
 -> _ZZ1kPU9MTLdeviceiENU10MTLraydata3$_0C1ERU10MTLraydataKS1_,24
 -> _ZZ1kPU9MTLdeviceiENU10MTLraydata3$_0C1ERU13MTLobjectdataKS1_,24
 -> _ZZ1kPU9MTLdeviceiENU10MTLraydata3$_0C1ERKS1_,24
 -> _ZZ1kPU9MTLdeviceiEN3$_0C1ERU9MTLdeviceKS1_,24
 -> _ZZ1kPU9MTLdeviceiEN3$_0C1ERU9MTLdeviceU18MTLcoherent_deviceKS1_,24
 -> _ZZ1kPU9MTLdeviceiEN3$_0C1ERU14MTLthreadgroupKS1_,24
 -> _ZZ1kPU9MTLdeviceiEN3$_0C1ERU11MTLconstantKS1_,24
 -> _ZZ1kPU9MTLdeviceiEN3$_0C1ERU24MTLthreadgroupimageblockKS1_,24
 -> _ZZ1kPU9MTLdeviceiEN3$_0C1ERU10MTLraydataKS1_,24
 -> _ZZ1kPU9MTLdeviceiEN3$_0C1ERU13MTLobjectdataKS1_,24
 -> _ZZ1kPU9MTLdeviceiEN3$_0C1EOS1_,24
 -> _ZZ1kPU9MTLdeviceiENU14MTLthreadgroup3$_0C1EOU9MTLdeviceS1_,24
 -> _ZZ1kPU9MTLdeviceiENU14MTLthreadgroup3$_0C1EOU9MTLdeviceU18MTLcoherent_deviceS1_,24
 -> _ZZ1kPU9MTLdeviceiENU14MTLthreadgroup3$_0C1EOU14MTLthreadgroupS1_,24
 -> _ZZ1kPU9MTLdeviceiENU14MTLthreadgroup3$_0C1EOU24MTLthreadgroupimageblockS1_,24
 -> _ZZ1kPU9MTLdeviceiENU14MTLthreadgroup3$_0C1EOU10MTLraydataS1_,24
 -> _ZZ1kPU9MTLdeviceiENU14MTLthreadgroup3$_0C1EOU13MTLobjectdataS1_,24
 -> _ZZ1kPU9MTLdeviceiENU14MTLthreadgroup3$_0C1EOS1_,24
 -> _ZZ1kPU9MTLdeviceiENU11MTLconstantK3$_0C1EOS1_,24
 -> _ZZ1kPU9MTLdeviceiENU10MTLraydata3$_0C1EOU9MTLdeviceS1_,24
 -> _ZZ1kPU9MTLdeviceiENU10MTLraydata3$_0C1EOU9MTLdeviceU18MTLcoherent_deviceS1_,24
 -> _ZZ1kPU9MTLdeviceiENU10MTLraydata3$_0C1EOU14MTLthreadgroupS1_,24
 -> _ZZ1kPU9MTLdeviceiENU10MTLraydata3$_0C1EOU24MTLthreadgroupimageblockS1_,24
 -> _ZZ1kPU9MTLdeviceiENU10MTLraydata3$_0C1EOU10MTLraydataS1_,24
 -> _ZZ1kPU9MTLdeviceiENU10MTLraydata3$_0C1EOU13MTLobjectdataS1_,24
 -> _ZZ1kPU9MTLdeviceiENU10MTLraydata3$_0C1EOS1_,24
 -> _ZZ1kPU9MTLdeviceiEN3$_0C1EOU9MTLdeviceS1_,24
 -> _ZZ1kPU9MTLdeviceiEN3$_0C1EOU9MTLdeviceU18MTLcoherent_deviceS1_,24
 -> _ZZ1kPU9MTLdeviceiEN3$_0C1EOU14MTLthreadgroupS1_,24
 -> _ZZ1kPU9MTLdeviceiEN3$_0C1EOU24MTLthreadgroupimageblockS1_,24
 -> _ZZ1kPU9MTLdeviceiEN3$_0C1EOU10MTLraydataS1_,24
 -> _ZZ1kPU9MTLdeviceiEN3$_0C1EOU13MTLobjectdataS1_,24
Bf -> _ZNU14MTLthreadgroup2BfC1ERU9MTLdeviceU18MTLcoherent_deviceKS_,24
Bf -> _ZNU10MTLraydata2BfC1ERU9MTLdeviceU18MTLcoherent_deviceKS_,24
Bf -> _ZN2BfC1ERU9MTLdeviceU18MTLcoherent_deviceKS_,24
Bf -> _ZNU14MTLthreadgroup2BfC1EOU9MTLdeviceU18MTLcoherent_deviceS_,24
Bf -> _ZNU10MTLraydata2BfC1EOU9MTLdeviceU18MTLcoherent_deviceS_,24
Bf -> _ZN2BfC1EOU9MTLdeviceU18MTLcoherent_deviceS_,24
V -> _ZNU14MTLthreadgroup1VC1ERU9MTLdeviceU18MTLcoherent_deviceKS_,24
V -> _ZNU10MTLraydata1VC1ERU9MTLdeviceU18MTLcoherent_deviceKS_,24
V -> _ZN1VC1ERU9MTLdeviceU18MTLcoherent_deviceKS_,24
V -> _ZNU14MTLthreadgroup1VC1EOU9MTLdeviceU18MTLcoherent_deviceS_,24
V -> _ZNU10MTLraydata1VC1EOU9MTLdeviceU18MTLcoherent_deviceS_,24
V -> _ZN1VC1EOU9MTLdeviceU18MTLcoherent_deviceS_,24
FO2 -> _ZNU14MTLthreadgroup3FO2C1ERU9MTLdeviceU18MTLcoherent_deviceKS_,24
FO2 -> _ZNU10MTLraydata3FO2C1ERU9MTLdeviceU18MTLcoherent_deviceKS_,24
FO2 -> _ZN3FO2C1ERU9MTLdeviceU18MTLcoherent_deviceKS_,24
FO2 -> _ZNU14MTLthreadgroup3FO2C1EOU9MTLdeviceU18MTLcoherent_deviceS_,24
FO2 -> _ZNU10MTLraydata3FO2C1EOU9MTLdeviceU18MTLcoherent_deviceS_,24
FO2 -> _ZN3FO2C1EOU9MTLdeviceU18MTLcoherent_deviceS_,24
FO -> _ZNU14MTLthreadgroup2FOC1ERU9MTLdeviceU18MTLcoherent_deviceKS_,24
FO -> _ZNU10MTLraydata2FOC1ERU9MTLdeviceU18MTLcoherent_deviceKS_,24
FO -> _ZN2FOC1ERU9MTLdeviceU18MTLcoherent_deviceKS_,24
FO -> _ZNU14MTLthreadgroup2FOC1EOU9MTLdeviceU18MTLcoherent_deviceS_,24
FO -> _ZNU10MTLraydata2FOC1EOU9MTLdeviceU18MTLcoherent_deviceS_,24
FO -> _ZN2FOC1EOU9MTLdeviceU18MTLcoherent_deviceS_,24
FOm -> _ZNU14MTLthreadgroup3FOmC1ERU9MTLdeviceU18MTLcoherent_deviceKS_,24
FOm -> _ZNU10MTLraydata3FOmC1ERU9MTLdeviceU18MTLcoherent_deviceKS_,24
FOm -> _ZN3FOmC1ERU9MTLdeviceU18MTLcoherent_deviceKS_,24
FOm -> _ZNU14MTLthreadgroup3FOmC1EOU9MTLdeviceU18MTLcoherent_deviceS_,24
FOm -> _ZNU10MTLraydata3FOmC1EOU9MTLdeviceU18MTLcoherent_deviceS_,24
FOm -> _ZN3FOmC1EOU9MTLdeviceU18MTLcoherent_deviceS_,24
VOc -> _ZNU14MTLthreadgroup3VOcC1ERU9MTLdeviceU18MTLcoherent_deviceKS_,24
VOc -> _ZNU10MTLraydata3VOcC1ERU9MTLdeviceU18MTLcoherent_deviceKS_,24
VOc -> _ZN3VOcC1ERU9MTLdeviceU18MTLcoherent_deviceKS_,24
VOc -> _ZNU14MTLthreadgroup3VOcC1EOU9MTLdeviceU18MTLcoherent_deviceS_,24
VOc -> _ZNU10MTLraydata3VOcC1EOU9MTLdeviceU18MTLcoherent_deviceS_,24
VOc -> _ZN3VOcC1EOU9MTLdeviceU18MTLcoherent_deviceS_,24
VOp -> _ZNU14MTLthreadgroup3VOpC1ERU9MTLdeviceU18MTLcoherent_deviceKS_,24
VOp -> _ZNU10MTLraydata3VOpC1ERU9MTLdeviceU18MTLcoherent_deviceKS_,24
VOp -> _ZN3VOpC1ERU9MTLdeviceU18MTLcoherent_deviceKS_,24
VOp -> _ZNU14MTLthreadgroup3VOpC1EOU9MTLdeviceU18MTLcoherent_deviceS_,24
VOp -> _ZNU10MTLraydata3VOpC1EOU9MTLdeviceU18MTLcoherent_deviceS_,24
VOp -> _ZN3VOpC1EOU9MTLdeviceU18MTLcoherent_deviceS_,24
PrimOut -> _ZNU14MTLthreadgroup7PrimOutC1ERU9MTLdeviceU18MTLcoherent_deviceKS_,24
PrimOut -> _ZNU10MTLraydata7PrimOutC1ERU9MTLdeviceU18MTLcoherent_deviceKS_,24
PrimOut -> _ZN7PrimOutC1ERU9MTLdeviceU18MTLcoherent_deviceKS_,24
PrimOut -> _ZNU14MTLthreadgroup7PrimOutC1EOU9MTLdeviceU18MTLcoherent_deviceS_,24
PrimOut -> _ZNU10MTLraydata7PrimOutC1EOU9MTLdeviceU18MTLcoherent_deviceS_,24
PrimOut -> _ZN7PrimOutC1EOU9MTLdeviceU18MTLcoherent_deviceS_,24
MeshVertex -> _ZNU14MTLthreadgroup10MeshVertexC1ERU9MTLdeviceU18MTLcoherent_deviceKS_,24
MeshVertex -> _ZNU10MTLraydata10MeshVertexC1ERU9MTLdeviceU18MTLcoherent_deviceKS_,24
MeshVertex -> _ZN10MeshVertexC1ERU9MTLdeviceU18MTLcoherent_deviceKS_,24
MeshVertex -> _ZNU14MTLthreadgroup10MeshVertexC1EOU9MTLdeviceU18MTLcoherent_deviceS_,24
MeshVertex -> _ZNU10MTLraydata10MeshVertexC1EOU9MTLdeviceU18MTLcoherent_deviceS_,24
MeshVertex -> _ZN10MeshVertexC1EOU9MTLdeviceU18MTLcoherent_deviceS_,24
SharedArgs -> _ZNU14MTLthreadgroup10SharedArgsC1ERU9MTLdeviceU18MTLcoherent_deviceKS_,24
SharedArgs -> _ZNU10MTLraydata10SharedArgsC1ERU9MTLdeviceU18MTLcoherent_deviceKS_,24
SharedArgs -> _ZN10SharedArgsC1ERU9MTLdeviceU18MTLcoherent_deviceKS_,24
SharedArgs -> _ZNU14MTLthreadgroup10SharedArgsC1EOU9MTLdeviceU18MTLcoherent_deviceS_,24
SharedArgs -> _ZNU10MTLraydata10SharedArgsC1EOU9MTLdeviceU18MTLcoherent_deviceS_,24
SharedArgs -> _ZN10SharedArgsC1EOU9MTLdeviceU18MTLcoherent_deviceS_,24
operator= -> _ZNU9MTLdevice10SharedArgsaSERU9MTLdeviceU18MTLcoherent_deviceKS_,24
operator= -> _ZNU9MTLdeviceU18MTLcoherent_device10SharedArgsaSERU9MTLdeviceKS_,24
operator= -> _ZNU9MTLdeviceU18MTLcoherent_device10SharedArgsaSERU9MTLdeviceU18MTLcoherent_deviceKS_,24
operator= -> _ZNU9MTLdeviceU18MTLcoherent_device10SharedArgsaSERU14MTLthreadgroupKS_,24
operator= -> _ZNU9MTLdeviceU18MTLcoherent_device10SharedArgsaSERU11MTLconstantKS_,24
operator= -> _ZNU9MTLdeviceU18MTLcoherent_device10SharedArgsaSERU24MTLthreadgroupimageblockKS_,24
operator= -> _ZNU9MTLdeviceU18MTLcoherent_device10SharedArgsaSERU10MTLraydataKS_,24
operator= -> _ZNU9MTLdeviceU18MTLcoherent_device10SharedArgsaSERU13MTLobjectdataKS_,24
operator= -> _ZNU9MTLdeviceU18MTLcoherent_device10SharedArgsaSERKS_,24
operator= -> _ZNU14MTLthreadgroup10SharedArgsaSERU9MTLdeviceU18MTLcoherent_deviceKS_,24
operator= -> _ZNU24MTLthreadgroupimageblock10SharedArgsaSERU9MTLdeviceU18MTLcoherent_deviceKS_,24
operator= -> _ZNU10MTLraydata10SharedArgsaSERU9MTLdeviceU18MTLcoherent_deviceKS_,24
operator= -> _ZNU13MTLobjectdata10SharedArgsaSERU9MTLdeviceU18MTLcoherent_deviceKS_,24
operator= -> _ZN10SharedArgsaSERU9MTLdeviceU18MTLcoherent_deviceKS_,24
operator= -> _ZNU9MTLdevice10SharedArgsaSEOU9MTLdeviceU18MTLcoherent_deviceS_,24
operator= -> _ZNU9MTLdeviceU18MTLcoherent_device10SharedArgsaSEOU9MTLdeviceS_,24
operator= -> _ZNU9MTLdeviceU18MTLcoherent_device10SharedArgsaSEOU9MTLdeviceU18MTLcoherent_deviceS_,24
operator= -> _ZNU9MTLdeviceU18MTLcoherent_device10SharedArgsaSEOU14MTLthreadgroupS_,24
operator= -> _ZNU9MTLdeviceU18MTLcoherent_device10SharedArgsaSEOU24MTLthreadgroupimageblockS_,24
operator= -> _ZNU9MTLdeviceU18MTLcoherent_device10SharedArgsaSEOU10MTLraydataS_,24
operator= -> _ZNU9MTLdeviceU18MTLcoherent_device10SharedArgsaSEOU13MTLobjectdataS_,24
operator= -> _ZNU9MTLdeviceU18MTLcoherent_device10SharedArgsaSEOS_,24
operator= -> _ZNU14MTLthreadgroup10SharedArgsaSEOU9MTLdeviceU18MTLcoherent_deviceS_,24
operator= -> _ZNU24MTLthreadgroupimageblock10SharedArgsaSEOU9MTLdeviceU18MTLcoherent_deviceS_,24
operator= -> _ZNU10MTLraydata10SharedArgsaSEOU9MTLdeviceU18MTLcoherent_deviceS_,24
operator= -> _ZNU13MTLobjectdata10SharedArgsaSEOU9MTLdeviceU18MTLcoherent_deviceS_,24
operator= -> _ZN10SharedArgsaSEOU9MTLdeviceU18MTLcoherent_deviceS_,24
PM -> _ZNU14MTLthreadgroup2PMC1ERU9MTLdeviceU18MTLcoherent_deviceKS_,24
PM -> _ZNU10MTLraydata2PMC1ERU9MTLdeviceU18MTLcoherent_deviceKS_,24
PM -> _ZN2PMC1ERU9MTLdeviceU18MTLcoherent_deviceKS_,24
PM -> _ZNU14MTLthreadgroup2PMC1EOU9MTLdeviceU18MTLcoherent_deviceS_,24
PM -> _ZNU10MTLraydata2PMC1EOU9MTLdeviceU18MTLcoherent_deviceS_,24
PM -> _ZN2PMC1EOU9MTLdeviceU18MTLcoherent_deviceS_,24
AlignedTG -> _ZNU14MTLthreadgroup9AlignedTGC1ERU9MTLdeviceU18MTLcoherent_deviceKS_,24
AlignedTG -> _ZNU10MTLraydata9AlignedTGC1ERU9MTLdeviceU18MTLcoherent_deviceKS_,24
AlignedTG -> _ZN9AlignedTGC1ERU9MTLdeviceU18MTLcoherent_deviceKS_,24
AlignedTG -> _ZNU14MTLthreadgroup9AlignedTGC1EOU9MTLdeviceU18MTLcoherent_deviceS_,24
AlignedTG -> _ZNU10MTLraydata9AlignedTGC1EOU9MTLdeviceU18MTLcoherent_deviceS_,24
AlignedTG -> _ZN9AlignedTGC1EOU9MTLdeviceU18MTLcoherent_deviceS_,24
PackedTG -> _ZNU14MTLthreadgroup8PackedTGC1ERU9MTLdeviceU18MTLcoherent_deviceKS_,24
PackedTG -> _ZNU10MTLraydata8PackedTGC1ERU9MTLdeviceU18MTLcoherent_deviceKS_,24
PackedTG -> _ZN8PackedTGC1ERU9MTLdeviceU18MTLcoherent_deviceKS_,24
PackedTG -> _ZNU14MTLthreadgroup8PackedTGC1EOU9MTLdeviceU18MTLcoherent_deviceS_,24
PackedTG -> _ZNU10MTLraydata8PackedTGC1EOU9MTLdeviceU18MTLcoherent_deviceS_,24
PackedTG -> _ZN8PackedTGC1EOU9MTLdeviceU18MTLcoherent_deviceS_,24
C -> _ZNU14MTLthreadgroup1CC1ERU9MTLdeviceU18MTLcoherent_deviceKS_,24
C -> _ZNU10MTLraydata1CC1ERU9MTLdeviceU18MTLcoherent_deviceKS_,24
C -> _ZN1CC1ERU9MTLdeviceU18MTLcoherent_deviceKS_,24
C -> _ZNU14MTLthreadgroup1CC1EOU9MTLdeviceU18MTLcoherent_deviceS_,24
C -> _ZNU10MTLraydata1CC1EOU9MTLdeviceU18MTLcoherent_deviceS_,24
C -> _ZN1CC1EOU9MTLdeviceU18MTLcoherent_deviceS_,24
operator() -> _ZZ1kPU9MTLdeviceiENK3$_0clEv,24
Vec -> _ZNU14MTLthreadgroup3VecC1ERU9MTLdeviceU18MTLcoherent_deviceKS_,24
Vec -> _ZNU10MTLraydata3VecC1ERU9MTLdeviceU18MTLcoherent_deviceKS_,24
Vec -> _ZN3VecC1ERU9MTLdeviceU18MTLcoherent_deviceKS_,24
Vec -> _ZNU14MTLthreadgroup3VecC1EOU9MTLdeviceU18MTLcoherent_deviceS_,24
Vec -> _ZNU10MTLraydata3VecC1EOU9MTLdeviceU18MTLcoherent_deviceS_,24
Vec -> _ZN3VecC1EOU9MTLdeviceU18MTLcoherent_deviceS_,24
P2 -> _ZNU14MTLthreadgroup2P2C1ERU9MTLdeviceU18MTLcoherent_deviceKS_,24
P2 -> _ZNU10MTLraydata2P2C1ERU9MTLdeviceU18MTLcoherent_deviceKS_,24
P2 -> _ZN2P2C1ERU9MTLdeviceU18MTLcoherent_deviceKS_,24
P2 -> _ZNU14MTLthreadgroup2P2C1EOU9MTLdeviceU18MTLcoherent_deviceS_,24
P2 -> _ZNU10MTLraydata2P2C1EOU9MTLdeviceU18MTLcoherent_deviceS_,24
P2 -> _ZN2P2C1EOU9MTLdeviceU18MTLcoherent_deviceS_,24
operator= -> _ZNU9MTLdevice1SaSERU9MTLdeviceU18MTLcoherent_deviceKS_,24
operator= -> _ZNU9MTLdeviceU18MTLcoherent_device1SaSERU9MTLdeviceKS_,24
operator= -> _ZNU9MTLdeviceU18MTLcoherent_device1SaSERU9MTLdeviceU18MTLcoherent_deviceKS_,24
operator= -> _ZNU9MTLdeviceU18MTLcoherent_device1SaSERU14MTLthreadgroupKS_,24
operator= -> _ZNU9MTLdeviceU18MTLcoherent_device1SaSERU11MTLconstantKS_,24
operator= -> _ZNU9MTLdeviceU18MTLcoherent_device1SaSERU24MTLthreadgroupimageblockKS_,24
operator= -> _ZNU9MTLdeviceU18MTLcoherent_device1SaSERU10MTLraydataKS_,24
operator= -> _ZNU9MTLdeviceU18MTLcoherent_device1SaSERU13MTLobjectdataKS_,24
operator= -> _ZNU9MTLdeviceU18MTLcoherent_device1SaSERKS_,24
operator= -> _ZNU14MTLthreadgroup1SaSERU9MTLdeviceU18MTLcoherent_deviceKS_,24
operator= -> _ZNU24MTLthreadgroupimageblock1SaSERU9MTLdeviceU18MTLcoherent_deviceKS_,24
operator= -> _ZNU10MTLraydata1SaSERU9MTLdeviceU18MTLcoherent_deviceKS_,24
operator= -> _ZNU13MTLobjectdata1SaSERU9MTLdeviceU18MTLcoherent_deviceKS_,24
operator= -> _ZN1SaSERU9MTLdeviceU18MTLcoherent_deviceKS_,24
operator= -> _ZNU9MTLdevice1SaSEOU9MTLdeviceU18MTLcoherent_deviceS_,24
operator= -> _ZNU9MTLdeviceU18MTLcoherent_device1SaSEOU9MTLdeviceS_,24
operator= -> _ZNU9MTLdeviceU18MTLcoherent_device1SaSEOU9MTLdeviceU18MTLcoherent_deviceS_,24
operator= -> _ZNU9MTLdeviceU18MTLcoherent_device1SaSEOU14MTLthreadgroupS_,24
operator= -> _ZNU9MTLdeviceU18MTLcoherent_device1SaSEOU24MTLthreadgroupimageblockS_,24
operator= -> _ZNU9MTLdeviceU18MTLcoherent_device1SaSEOU10MTLraydataS_,24
operator= -> _ZNU9MTLdeviceU18MTLcoherent_device1SaSEOU13MTLobjectdataS_,24
operator= -> _ZNU9MTLdeviceU18MTLcoherent_device1SaSEOS_,24
operator= -> _ZNU14MTLthreadgroup1SaSEOU9MTLdeviceU18MTLcoherent_deviceS_,24
operator= -> _ZNU24MTLthreadgroupimageblock1SaSEOU9MTLdeviceU18MTLcoherent_deviceS_,24
operator= -> _ZNU10MTLraydata1SaSEOU9MTLdeviceU18MTLcoherent_deviceS_,24
operator= -> _ZNU13MTLobjectdata1SaSEOU9MTLdeviceU18MTLcoherent_deviceS_,24
operator= -> _ZN1SaSEOU9MTLdeviceU18MTLcoherent_deviceS_,24
Dimensions -> _ZNU14MTLthreadgroup10DimensionsC1ERU9MTLdeviceU18MTLcoherent_deviceKS_,24
Dimensions -> _ZNU10MTLraydata10DimensionsC1ERU9MTLdeviceU18MTLcoherent_deviceKS_,24
Dimensions -> _ZN10DimensionsC1ERU9MTLdeviceU18MTLcoherent_deviceKS_,24
Dimensions -> _ZNU14MTLthreadgroup10DimensionsC1EOU9MTLdeviceU18MTLcoherent_deviceS_,24
Dimensions -> _ZNU10MTLraydata10DimensionsC1EOU9MTLdeviceU18MTLcoherent_deviceS_,24
Dimensions -> _ZN10DimensionsC1EOU9MTLdeviceU18MTLcoherent_deviceS_,24
FO4 -> _ZNU14MTLthreadgroup3FO4C1ERU9MTLdeviceU18MTLcoherent_deviceKS_,24
FO4 -> _ZNU10MTLraydata3FO4C1ERU9MTLdeviceU18MTLcoherent_deviceKS_,24
FO4 -> _ZN3FO4C1ERU9MTLdeviceU18MTLcoherent_deviceKS_,24
FO4 -> _ZNU14MTLthreadgroup3FO4C1EOU9MTLdeviceU18MTLcoherent_deviceS_,24
FO4 -> _ZNU10MTLraydata3FO4C1EOU9MTLdeviceU18MTLcoherent_deviceS_,24
FO4 -> _ZN3FO4C1EOU9MTLdeviceU18MTLcoherent_deviceS_,24
VOr -> _ZNU14MTLthreadgroup3VOrC1ERU9MTLdeviceU18MTLcoherent_deviceKS_,24
VOr -> _ZNU10MTLraydata3VOrC1ERU9MTLdeviceU18MTLcoherent_deviceKS_,24
VOr -> _ZN3VOrC1ERU9MTLdeviceU18MTLcoherent_deviceKS_,24
VOr -> _ZNU14MTLthreadgroup3VOrC1EOU9MTLdeviceU18MTLcoherent_deviceS_,24
VOr -> _ZNU10MTLraydata3VOrC1EOU9MTLdeviceU18MTLcoherent_deviceS_,24
VOr -> _ZN3VOrC1EOU9MTLdeviceU18MTLcoherent_deviceS_,24
VO4 -> _ZNU14MTLthreadgroup3VO4C1ERU9MTLdeviceU18MTLcoherent_deviceKS_,24
VO4 -> _ZNU10MTLraydata3VO4C1ERU9MTLdeviceU18MTLcoherent_deviceKS_,24
VO4 -> _ZN3VO4C1ERU9MTLdeviceU18MTLcoherent_deviceKS_,24
VO4 -> _ZNU14MTLthreadgroup3VO4C1EOU9MTLdeviceU18MTLcoherent_deviceS_,24
VO4 -> _ZNU10MTLraydata3VO4C1EOU9MTLdeviceU18MTLcoherent_deviceS_,24
VO4 -> _ZN3VO4C1EOU9MTLdeviceU18MTLcoherent_deviceS_,24
VO1 -> _ZNU14MTLthreadgroup3VO1C1ERU9MTLdeviceU18MTLcoherent_deviceKS_,24
VO1 -> _ZNU10MTLraydata3VO1C1ERU9MTLdeviceU18MTLcoherent_deviceKS_,24
VO1 -> _ZN3VO1C1ERU9MTLdeviceU18MTLcoherent_deviceKS_,24
VO1 -> _ZNU14MTLthreadgroup3VO1C1EOU9MTLdeviceU18MTLcoherent_deviceS_,24
VO1 -> _ZNU10MTLraydata3VO1C1EOU9MTLdeviceU18MTLcoherent_deviceS_,24
VO1 -> _ZN3VO1C1EOU9MTLdeviceU18MTLcoherent_deviceS_,24
VOu -> _ZNU14MTLthreadgroup3VOuC1ERU9MTLdeviceU18MTLcoherent_deviceKS_,24
VOu -> _ZNU10MTLraydata3VOuC1ERU9MTLdeviceU18MTLcoherent_deviceKS_,24
VOu -> _ZN3VOuC1ERU9MTLdeviceU18MTLcoherent_deviceKS_,24
VOu -> _ZNU14MTLthreadgroup3VOuC1EOU9MTLdeviceU18MTLcoherent_deviceS_,24
VOu -> _ZNU10MTLraydata3VOuC1EOU9MTLdeviceU18MTLcoherent_deviceS_,24
VOu -> _ZN3VOuC1EOU9MTLdeviceU18MTLcoherent_deviceS_,24
A8 -> _ZNU14MTLthreadgroup2A8C1ERU9MTLdeviceU18MTLcoherent_deviceKS_,24
A8 -> _ZNU10MTLraydata2A8C1ERU9MTLdeviceU18MTLcoherent_deviceKS_,24
A8 -> _ZN2A8C1ERU9MTLdeviceU18MTLcoherent_deviceKS_,24
A8 -> _ZNU14MTLthreadgroup2A8C1EOU9MTLdeviceU18MTLcoherent_deviceS_,24
A8 -> _ZNU10MTLraydata2A8C1EOU9MTLdeviceU18MTLcoherent_deviceS_,24
A8 -> _ZN2A8C1EOU9MTLdeviceU18MTLcoherent_deviceS_,24
A16 -> _ZNU14MTLthreadgroup3A16C1ERU9MTLdeviceU18MTLcoherent_deviceKS_,24
A16 -> _ZNU10MTLraydata3A16C1ERU9MTLdeviceU18MTLcoherent_deviceKS_,24
A16 -> _ZN3A16C1ERU9MTLdeviceU18MTLcoherent_deviceKS_,24
A16 -> _ZNU14MTLthreadgroup3A16C1EOU9MTLdeviceU18MTLcoherent_deviceS_,24
A16 -> _ZNU10MTLraydata3A16C1EOU9MTLdeviceU18MTLcoherent_deviceS_,24
A16 -> _ZN3A16C1EOU9MTLdeviceU18MTLcoherent_deviceS_,24
A32 -> _ZNU14MTLthreadgroup3A32C1ERU9MTLdeviceU18MTLcoherent_deviceKS_,24
A32 -> _ZNU10MTLraydata3A32C1ERU9MTLdeviceU18MTLcoherent_deviceKS_,24
A32 -> _ZN3A32C1ERU9MTLdeviceU18MTLcoherent_deviceKS_,24
A32 -> _ZNU14MTLthreadgroup3A32C1EOU9MTLdeviceU18MTLcoherent_deviceS_,24
A32 -> _ZNU10MTLraydata3A32C1EOU9MTLdeviceU18MTLcoherent_deviceS_,24
A32 -> _ZN3A32C1EOU9MTLdeviceU18MTLcoherent_deviceS_,24
Al -> _ZNU14MTLthreadgroup2AlC1ERU9MTLdeviceU18MTLcoherent_deviceKS_,24
Al -> _ZNU10MTLraydata2AlC1ERU9MTLdeviceU18MTLcoherent_deviceKS_,24
Al -> _ZN2AlC1ERU9MTLdeviceU18MTLcoherent_deviceKS_,24
Al -> _ZNU14MTLthreadgroup2AlC1EOU9MTLdeviceU18MTLcoherent_deviceS_,24
Al -> _ZNU10MTLraydata2AlC1EOU9MTLdeviceU18MTLcoherent_deviceS_,24
Al -> _ZN2AlC1EOU9MTLdeviceU18MTLcoherent_deviceS_,24
TGData -> _ZNU14MTLthreadgroup6TGDataC1ERU9MTLdeviceU18MTLcoherent_deviceKS_,24
TGData -> _ZNU10MTLraydata6TGDataC1ERU9MTLdeviceU18MTLcoherent_deviceKS_,24
TGData -> _ZN6TGDataC1ERU9MTLdeviceU18MTLcoherent_deviceKS_,24
TGData -> _ZNU14MTLthreadgroup6TGDataC1EOU9MTLdeviceU18MTLcoherent_deviceS_,24
TGData -> _ZNU10MTLraydata6TGDataC1EOU9MTLdeviceU18MTLcoherent_deviceS_,24
TGData -> _ZN6TGDataC1EOU9MTLdeviceU18MTLcoherent_deviceS_,24
operator delete -> _ZdlPvN5metal11align_val_tE,12
operator delete[] -> _ZdaPvN5metal11align_val_tE,12
operator new -> _ZnwmN5metal11align_val_tE,7
operator new[] -> _ZnamN5metal11align_val_tE,7
operator new -> _ZnwjN5metal11align_val_tE,5
operator new[] -> _ZnajN5metal11align_val_tE,5
