value,count
k,47066
_ZN8UniformsC1ERKS_,8314
_ZNU14MTLthreadgroup8UniformsC1ERU9MTLdeviceKS_,8314
_ZNU14MTLthreadgroup8UniformsC1ERU14MTLthreadgroupKS_,8314
_ZNU14MTLthreadgroup8UniformsC1ERU11MTLconstantKS_,8314
_ZNU14MTLthreadgroup8UniformsC1ERKS_,8314
_ZNU11MTLconstantK8UniformsC1ERU11MTLconstantKS_,8314
_ZNU11MTLconstantK8UniformsC1ERKS_,8314
_ZN8UniformsC1ERU9MTLdeviceKS_,8314
_ZN8UniformsC1ERU14MTLthreadgroupKS_,8314
_ZN8UniformsC1ERU11MTLconstantKS_,8314
_ZN8UniformsC1EOS_,8314
_ZNU14MTLthreadgroup8UniformsC1EOU9MTLdeviceS_,8314
_ZNU14MTLthreadgroup8UniformsC1EOU14MTLthreadgroupS_,8314
_ZNU14MTLthreadgroup8UniformsC1EOS_,8314
_ZNU11MTLconstantK8UniformsC1EOS_,8314
_ZN8UniformsC1EOU9MTLdeviceS_,8314
_ZN8UniformsC1EOU14MTLthreadgroupS_,8314
_ZN8UniformsaSEOS_,8314
_ZNU9MTLdevice8UniformsaSEOU9MTLdeviceS_,8314
_ZNU9MTLdevice8UniformsaSEOU14MTLthreadgroupS_,8314
_ZNU9MTLdevice8UniformsaSEOS_,8314
_ZNU14MTLthreadgroup8UniformsaSEOU9MTLdeviceS_,8314
_ZNU14MTLthreadgroup8UniformsaSEOU14MTLthreadgroupS_,8314
_ZNU14MTLthreadgroup8UniformsaSEOS_,8314
_ZN8UniformsaSEOU9MTLdeviceS_,8314
_ZN8UniformsaSEOU14MTLthreadgroupS_,8314
_ZL7fc_bool,8314
_ZL6fc_int,8314
_ZNU14MTLthreadgroup8UniformsC1ERU24MTLthreadgroupimageblockKS_,5552
_ZN8UniformsC1ERU24MTLthreadgroupimageblockKS_,5552
_ZNU14MTLthreadgroup8UniformsC1EOU24MTLthreadgroupimageblockS_,5552
_ZN8UniformsC1EOU24MTLthreadgroupimageblockS_,5552
_ZNU9MTLdevice8UniformsaSEOU24MTLthreadgroupimageblockS_,5552
_ZNU14MTLthreadgroup8UniformsaSEOU24MTLthreadgroupimageblockS_,5552
_ZNU24MTLthreadgroupimageblock8UniformsaSEOU9MTLdeviceS_,5552
_ZNU24MTLthreadgroupimageblock8UniformsaSEOU14MTLthreadgroupS_,5552
_ZNU24MTLthreadgroupimageblock8UniformsaSEOU24MTLthreadgroupimageblockS_,5552
_ZNU24MTLthreadgroupimageblock8UniformsaSEOS_,5552
_ZN8UniformsaSEOU24MTLthreadgroupimageblockS_,5552
_ZNU14MTLthreadgroup8UniformsC1ERU10MTLraydataKS_,4392
_ZNU10MTLraydata8UniformsC1ERU9MTLdeviceKS_,4392
_ZNU10MTLraydata8UniformsC1ERU14MTLthreadgroupKS_,4392
_ZNU10MTLraydata8UniformsC1ERU11MTLconstantKS_,4392
_ZNU10MTLraydata8UniformsC1ERU24MTLthreadgroupimageblockKS_,4392
_ZNU10MTLraydata8UniformsC1ERU10MTLraydataKS_,4392
_ZNU10MTLraydata8UniformsC1ERKS_,4392
_ZN8UniformsC1ERU10MTLraydataKS_,4392
_ZNU14MTLthreadgroup8UniformsC1EOU10MTLraydataS_,4392
_ZNU10MTLraydata8UniformsC1EOU9MTLdeviceS_,4392
_ZNU10MTLraydata8UniformsC1EOU14MTLthreadgroupS_,4392
_ZNU10MTLraydata8UniformsC1EOU24MTLthreadgroupimageblockS_,4392
_ZNU10MTLraydata8UniformsC1EOU10MTLraydataS_,4392
_ZNU10MTLraydata8UniformsC1EOS_,4392
_ZN8UniformsC1EOU10MTLraydataS_,4392
_ZNU9MTLdevice8UniformsaSEOU10MTLraydataS_,4392
_ZNU14MTLthreadgroup8UniformsaSEOU10MTLraydataS_,4392
_ZNU24MTLthreadgroupimageblock8UniformsaSEOU10MTLraydataS_,4392
_ZNU10MTLraydata8UniformsaSEOU9MTLdeviceS_,4392
_ZNU10MTLraydata8UniformsaSEOU14MTLthreadgroupS_,4392
_ZNU10MTLraydata8UniformsaSEOU24MTLthreadgroupimageblockS_,4392
_ZNU10MTLraydata8UniformsaSEOU10MTLraydataS_,4392
_ZNU10MTLraydata8UniformsaSEOS_,4392
_ZN8UniformsaSEOU10MTLraydataS_,4392
_ZNU14MTLthreadgroup8UniformsC1ERU13MTLobjectdataKS_,3368
_ZNU10MTLraydata8UniformsC1ERU13MTLobjectdataKS_,3368
_ZN8UniformsC1ERU13MTLobjectdataKS_,3368
_ZNU14MTLthreadgroup8UniformsC1EOU13MTLobjectdataS_,3368
_ZNU10MTLraydata8UniformsC1EOU13MTLobjectdataS_,3368
_ZN8UniformsC1EOU13MTLobjectdataS_,3368
_ZNU9MTLdevice8UniformsaSEOU13MTLobjectdataS_,3368
_ZNU14MTLthreadgroup8UniformsaSEOU13MTLobjectdataS_,3368
_ZNU24MTLthreadgroupimageblock8UniformsaSEOU13MTLobjectdataS_,3368
_ZNU10MTLraydata8UniformsaSEOU13MTLobjectdataS_,3368
_ZNU13MTLobjectdata8UniformsaSEOU9MTLdeviceS_,3368
_ZNU13MTLobjectdata8UniformsaSEOU14MTLthreadgroupS_,3368
_ZNU13MTLobjectdata8UniformsaSEOU24MTLthreadgroupimageblockS_,3368
_ZNU13MTLobjectdata8UniformsaSEOU10MTLraydataS_,3368
_ZNU13MTLobjectdata8UniformsaSEOU13MTLobjectdataS_,3368
_ZNU13MTLobjectdata8UniformsaSEOS_,3368
_ZN8UniformsaSEOU13MTLobjectdataS_,3368
_ZNU14MTLthreadgroup8UniformsC1ERU9MTLdeviceU18MTLcoherent_deviceKS_,1888
_ZNU10MTLraydata8UniformsC1ERU9MTLdeviceU18MTLcoherent_deviceKS_,1888
_ZN8UniformsC1ERU9MTLdeviceU18MTLcoherent_deviceKS_,1888
_ZNU14MTLthreadgroup8UniformsC1EOU9MTLdeviceU18MTLcoherent_deviceS_,1888
_ZNU10MTLraydata8UniformsC1EOU9MTLdeviceU18MTLcoherent_deviceS_,1888
_ZN8UniformsC1EOU9MTLdeviceU18MTLcoherent_deviceS_,1888
_ZNU9MTLdevice8UniformsaSEOU9MTLdeviceU18MTLcoherent_deviceS_,1888
_ZNU9MTLdeviceU18MTLcoherent_device8UniformsaSEOU9MTLdeviceS_,1888
_ZNU9MTLdeviceU18MTLcoherent_device8UniformsaSEOU9MTLdeviceU18MTLcoherent_deviceS_,1888
_ZNU9MTLdeviceU18MTLcoherent_device8UniformsaSEOU14MTLthreadgroupS_,1888
_ZNU9MTLdeviceU18MTLcoherent_device8UniformsaSEOU24MTLthreadgroupimageblockS_,1888
_ZNU9MTLdeviceU18MTLcoherent_device8UniformsaSEOU10MTLraydataS_,1888
_ZNU9MTLdeviceU18MTLcoherent_device8UniformsaSEOU13MTLobjectdataS_,1888
_ZNU9MTLdeviceU18MTLcoherent_device8UniformsaSEOS_,1888
_ZNU14MTLthreadgroup8UniformsaSEOU9MTLdeviceU18MTLcoherent_deviceS_,1888
_ZNU24MTLthreadgroupimageblock8UniformsaSEOU9MTLdeviceU18MTLcoherent_deviceS_,1888
_ZNU10MTLraydata8UniformsaSEOU9MTLdeviceU18MTLcoherent_deviceS_,1888
_ZNU13MTLobjectdata8UniformsaSEOU9MTLdeviceU18MTLcoherent_deviceS_,1888
_ZN8UniformsaSEOU9MTLdeviceU18MTLcoherent_deviceS_,1888
v,1062
f,944
address_spaces_all,766
_ZN9VertexOutC1Ev,766
_ZNU14MTLthreadgroup9VertexOutC1Ev,766
_ZNU11MTLconstantK9VertexOutC1Ev,766
_ZN9VertexOutC1ERKS_,766
_ZNU14MTLthreadgroup9VertexOutC1ERU9MTLdeviceKS_,766
_ZNU14MTLthreadgroup9VertexOutC1ERU14MTLthreadgroupKS_,766
_ZNU14MTLthreadgroup9VertexOutC1ERU11MTLconstantKS_,766
_ZNU14MTLthreadgroup9VertexOutC1ERKS_,766
_ZNU11MTLconstantK9VertexOutC1ERU11MTLconstantKS_,766
_ZNU11MTLconstantK9VertexOutC1ERKS_,766
_ZN9VertexOutC1ERU9MTLdeviceKS_,766
_ZN9VertexOutC1ERU14MTLthreadgroupKS_,766
_ZN9VertexOutC1ERU11MTLconstantKS_,766
_ZN9VertexOutC1EOS_,766
_ZNU14MTLthreadgroup9VertexOutC1EOU9MTLdeviceS_,766
_ZNU14MTLthreadgroup9VertexOutC1EOU14MTLthreadgroupS_,766
_ZNU14MTLthreadgroup9VertexOutC1EOS_,766
_ZNU11MTLconstantK9VertexOutC1EOS_,766
_ZN9VertexOutC1EOU9MTLdeviceS_,766
_ZN9VertexOutC1EOU14MTLthreadgroupS_,766
attr_vertex,766
attr_fragment,766
attr_kernel,766
headers_only,766
_ZNU14MTLthreadgroup9VertexOutC1ERU24MTLthreadgroupimageblockKS_,592
_ZN9VertexOutC1ERU24MTLthreadgroupimageblockKS_,592
_ZNU14MTLthreadgroup9VertexOutC1EOU24MTLthreadgroupimageblockS_,592
_ZN9VertexOutC1EOU24MTLthreadgroupimageblockS_,592
_ZNU10MTLraydata9VertexOutC1Ev,516
_ZNU14MTLthreadgroup9VertexOutC1ERU10MTLraydataKS_,516
_ZNU10MTLraydata9VertexOutC1ERU9MTLdeviceKS_,516
_ZNU10MTLraydata9VertexOutC1ERU14MTLthreadgroupKS_,516
_ZNU10MTLraydata9VertexOutC1ERU11MTLconstantKS_,516
_ZNU10MTLraydata9VertexOutC1ERU24MTLthreadgroupimageblockKS_,516
_ZNU10MTLraydata9VertexOutC1ERU10MTLraydataKS_,516
_ZNU10MTLraydata9VertexOutC1ERKS_,516
_ZN9VertexOutC1ERU10MTLraydataKS_,516
_ZNU14MTLthreadgroup9VertexOutC1EOU10MTLraydataS_,516
_ZNU10MTLraydata9VertexOutC1EOU9MTLdeviceS_,516
_ZNU10MTLraydata9VertexOutC1EOU14MTLthreadgroupS_,516
_ZNU10MTLraydata9VertexOutC1EOU24MTLthreadgroupimageblockS_,516
_ZNU10MTLraydata9VertexOutC1EOU10MTLraydataS_,516
_ZNU10MTLraydata9VertexOutC1EOS_,516
_ZN9VertexOutC1EOU10MTLraydataS_,516
_ZNU14MTLthreadgroup9VertexOutC1ERU13MTLobjectdataKS_,452
_ZNU10MTLraydata9VertexOutC1ERU13MTLobjectdataKS_,452
_ZN9VertexOutC1ERU13MTLobjectdataKS_,452
_ZNU14MTLthreadgroup9VertexOutC1EOU13MTLobjectdataS_,452
_ZNU10MTLraydata9VertexOutC1EOU13MTLobjectdataS_,452
_ZN9VertexOutC1EOU13MTLobjectdataS_,452
_ZNU14MTLthreadgroup9VertexOutC1ERU9MTLdeviceU18MTLcoherent_deviceKS_,272
_ZNU10MTLraydata9VertexOutC1ERU9MTLdeviceU18MTLcoherent_deviceKS_,272
_ZN9VertexOutC1ERU9MTLdeviceU18MTLcoherent_deviceKS_,272
_ZNU14MTLthreadgroup9VertexOutC1EOU9MTLdeviceU18MTLcoherent_deviceS_,272
_ZNU10MTLraydata9VertexOutC1EOU9MTLdeviceU18MTLcoherent_deviceS_,272
_ZN9VertexOutC1EOU9MTLdeviceU18MTLcoherent_deviceS_,272
_ZN9AbiStructC1ERKS_,236
_ZNU14MTLthreadgroup9AbiStructC1ERU9MTLdeviceKS_,236
_ZNU14MTLthreadgroup9AbiStructC1ERU14MTLthreadgroupKS_,236
_ZNU14MTLthreadgroup9AbiStructC1ERU11MTLconstantKS_,236
_ZNU14MTLthreadgroup9AbiStructC1ERKS_,236
_ZNU11MTLconstantK9AbiStructC1ERU11MTLconstantKS_,236
_ZNU11MTLconstantK9AbiStructC1ERKS_,236
_ZN9AbiStructC1ERU9MTLdeviceKS_,236
_ZN9AbiStructC1ERU14MTLthreadgroupKS_,236
_ZN9AbiStructC1ERU11MTLconstantKS_,236
_ZN9AbiStructC1EOS_,236
_ZNU14MTLthreadgroup9AbiStructC1EOU9MTLdeviceS_,236
_ZNU14MTLthreadgroup9AbiStructC1EOU14MTLthreadgroupS_,236
_ZNU14MTLthreadgroup9AbiStructC1EOS_,236
_ZNU11MTLconstantK9AbiStructC1EOS_,236
_ZN9AbiStructC1EOU9MTLdeviceS_,236
_ZN9AbiStructC1EOU14MTLthreadgroupS_,236
_ZN9AbiStructaSEOS_,236
_ZNU9MTLdevice9AbiStructaSEOU9MTLdeviceS_,236
_ZNU9MTLdevice9AbiStructaSEOU14MTLthreadgroupS_,236
_ZNU9MTLdevice9AbiStructaSEOS_,236
_ZNU14MTLthreadgroup9AbiStructaSEOU9MTLdeviceS_,236
_ZNU14MTLthreadgroup9AbiStructaSEOU14MTLthreadgroupS_,236
_ZNU14MTLthreadgroup9AbiStructaSEOS_,236
_ZN9AbiStructaSEOU9MTLdeviceS_,236
_ZN9AbiStructaSEOU14MTLthreadgroupS_,236
abi_layout_all,236
_ZN10AddressBoxC1Ev,236
_ZNU14MTLthreadgroup10AddressBoxC1Ev,236
_ZNU11MTLconstantK10AddressBoxC1Ev,236
_ZN10AddressBoxC1ERKS_,236
_ZNU14MTLthreadgroup10AddressBoxC1ERU9MTLdeviceKS_,236
_ZNU14MTLthreadgroup10AddressBoxC1ERU14MTLthreadgroupKS_,236
_ZNU14MTLthreadgroup10AddressBoxC1ERU11MTLconstantKS_,236
_ZNU14MTLthreadgroup10AddressBoxC1ERKS_,236
_ZNU11MTLconstantK10AddressBoxC1ERU11MTLconstantKS_,236
_ZNU11MTLconstantK10AddressBoxC1ERKS_,236
_ZN10AddressBoxC1ERU9MTLdeviceKS_,236
_ZN10AddressBoxC1ERU14MTLthreadgroupKS_,236
_ZN10AddressBoxC1ERU11MTLconstantKS_,236
_ZN10AddressBoxC1EOS_,236
_ZNU14MTLthreadgroup10AddressBoxC1EOU9MTLdeviceS_,236
_ZNU14MTLthreadgroup10AddressBoxC1EOU14MTLthreadgroupS_,236
_ZNU14MTLthreadgroup10AddressBoxC1EOS_,236
_ZNU11MTLconstantK10AddressBoxC1EOS_,236
_ZN10AddressBoxC1EOU9MTLdeviceS_,236
_ZN10AddressBoxC1EOU14MTLthreadgroupS_,236
_Z13read_constantPU11MTLconstantK10AddressBox,236
_Z11read_devicePU9MTLdevice10AddressBox,236
_Z11read_threadP10AddressBox,236
address_spaces_extended_all,236
args_dump_kernel,236
args_dump_unused,236
atomics_all,236
builtin_catalog_all,236
builtins_dump,236
builtins_all,236
_ZN12NestedLayoutC1Ev,236
_ZNU14MTLthreadgroup12NestedLayoutC1Ev,236
_ZNU11MTLconstantK12NestedLayoutC1Ev,236
_ZN12NestedLayoutC1ERKS_,236
_ZNU14MTLthreadgroup12NestedLayoutC1ERU9MTLdeviceKS_,236
_ZNU14MTLthreadgroup12NestedLayoutC1ERU14MTLthreadgroupKS_,236
_ZNU14MTLthreadgroup12NestedLayoutC1ERU11MTLconstantKS_,236
_ZNU14MTLthreadgroup12NestedLayoutC1ERKS_,236
_ZNU11MTLconstantK12NestedLayoutC1ERU11MTLconstantKS_,236
_ZNU11MTLconstantK12NestedLayoutC1ERKS_,236
_ZN12NestedLayoutC1ERU9MTLdeviceKS_,236
_ZN12NestedLayoutC1ERU14MTLthreadgroupKS_,236
_ZN12NestedLayoutC1ERU11MTLconstantKS_,236
_ZN12NestedLayoutC1EOS_,236
_ZNU14MTLthreadgroup12NestedLayoutC1EOU9MTLdeviceS_,236
_ZNU14MTLthreadgroup12NestedLayoutC1EOU14MTLthreadgroupS_,236
_ZNU14MTLthreadgroup12NestedLayoutC1EOS_,236
_ZNU11MTLconstantK12NestedLayoutC1EOS_,236
_ZN12NestedLayoutC1EOU9MTLdeviceS_,236
_ZN12NestedLayoutC1EOU14MTLthreadgroupS_,236
_Z13constexpr_addjj,236
codegen_struct_array_pointer_all,236
codegen_threadgroup_barrier_all,236
_ZN4BaseD1Ev,236
_ZN4BaseaSERKS_,236
_ZNU9MTLdevice4BaseaSERU9MTLdeviceKS_,236
_ZNU9MTLdevice4BaseaSERU14MTLthreadgroupKS_,236
_ZNU9MTLdevice4BaseaSERU11MTLconstantKS_,236
_ZNU9MTLdevice4BaseaSERKS_,236
_ZNU14MTLthreadgroup4BaseaSERU9MTLdeviceKS_,236
_ZNU14MTLthreadgroup4BaseaSERU14MTLthreadgroupKS_,236
_ZNU14MTLthreadgroup4BaseaSERU11MTLconstantKS_,236
_ZNU14MTLthreadgroup4BaseaSERKS_,236
_ZN4BaseaSERU9MTLdeviceKS_,236
_ZN4BaseaSERU14MTLthreadgroupKS_,236
_ZN4BaseaSERU11MTLconstantKS_,236
_ZN7DerivedC1Ev,236
_ZNU14MTLthreadgroup7DerivedC1Ev,236
_ZNU11MTLconstantK7DerivedC1Ev,236
_ZN7DerivedC1ERKS_,236
_ZNU14MTLthreadgroup7DerivedC1ERU9MTLdeviceKS_,236
_ZNU14MTLthreadgroup7DerivedC1ERU14MTLthreadgroupKS_,236
_ZNU14MTLthreadgroup7DerivedC1ERU11MTLconstantKS_,236
_ZNU14MTLthreadgroup7DerivedC1ERKS_,236
_ZNU11MTLconstantK7DerivedC1ERU11MTLconstantKS_,236
_ZNU11MTLconstantK7DerivedC1ERKS_,236
_ZN7DerivedC1ERU9MTLdeviceKS_,236
_ZN7DerivedC1ERU14MTLthreadgroupKS_,236
_ZN7DerivedC1ERU11MTLconstantKS_,236
_ZN7DerivedC1EOS_,236
_ZNU14MTLthreadgroup7DerivedC1EOU9MTLdeviceS_,236
_ZNU14MTLthreadgroup7DerivedC1EOU14MTLthreadgroupS_,236
_ZNU14MTLthreadgroup7DerivedC1EOS_,236
_ZNU11MTLconstantK7DerivedC1EOS_,236
_ZN7DerivedC1EOU9MTLdeviceS_,236
_ZN7DerivedC1EOU14MTLthreadgroupS_,236
_ZN1UC1Ev,236
_ZNU14MTLthreadgroup1UC1Ev,236
_ZNU11MTLconstantK1UC1Ev,236
_ZN1UC1ERKS_,236
_ZNU14MTLthreadgroup1UC1ERU9MTLdeviceKS_,236
_ZNU14MTLthreadgroup1UC1ERU14MTLthreadgroupKS_,236
_ZNU14MTLthreadgroup1UC1ERU11MTLconstantKS_,236
_ZNU14MTLthreadgroup1UC1ERKS_,236
_ZNU11MTLconstantK1UC1ERU11MTLconstantKS_,236
_ZNU11MTLconstantK1UC1ERKS_,236
_ZN1UC1ERU9MTLdeviceKS_,236
_ZN1UC1ERU14MTLthreadgroupKS_,236
_ZN1UC1ERU11MTLconstantKS_,236
_ZN1UC1EOS_,236
_ZNU14MTLthreadgroup1UC1EOU9MTLdeviceS_,236
_ZNU14MTLthreadgroup1UC1EOU14MTLthreadgroupS_,236
_ZNU14MTLthreadgroup1UC1EOS_,236
_ZNU11MTLconstantK1UC1EOS_,236
_ZN1UC1EOU9MTLdeviceS_,236
_ZN1UC1EOU14MTLthreadgroupS_,236
_Z5plus1i,236
_Z1fi,236
_ZN1SC1Ev,236
_ZNU14MTLthreadgroup1SC1Ev,236
_ZNU11MTLconstantK1SC1Ev,236
_ZN1SC1ERKS_,236
_ZNU14MTLthreadgroup1SC1ERU9MTLdeviceKS_,236
_ZNU14MTLthreadgroup1SC1ERU14MTLthreadgroupKS_,236
_ZNU14MTLthreadgroup1SC1ERU11MTLconstantKS_,236
_ZNU14MTLthreadgroup1SC1ERKS_,236
_ZNU11MTLconstantK1SC1ERU11MTLconstantKS_,236
_ZNU11MTLconstantK1SC1ERKS_,236
_ZN1SC1ERU9MTLdeviceKS_,236
_ZN1SC1ERU14MTLthreadgroupKS_,236
_ZN1SC1ERU11MTLconstantKS_,236
_ZN1SC1EOS_,236
_ZNU14MTLthreadgroup1SC1EOU9MTLdeviceS_,236
_ZNU14MTLthreadgroup1SC1EOU14MTLthreadgroupS_,236
_ZNU14MTLthreadgroup1SC1EOS_,236
_ZNU11MTLconstantK1SC1EOS_,236
_ZN1SC1EOU9MTLdeviceS_,236
_ZN1SC1EOU14MTLthreadgroupS_,236
_ZN2VOC1Ev,236
_ZNU14MTLthreadgroup2VOC1Ev,236
_ZNU11MTLconstantK2VOC1Ev,236
_ZN2VOC1ERKS_,236
_ZNU14MTLthreadgroup2VOC1ERU9MTLdeviceKS_,236
_ZNU14MTLthreadgroup2VOC1ERU14MTLthreadgroupKS_,236
_ZNU14MTLthreadgroup2VOC1ERU11MTLconstantKS_,236
_ZNU14MTLthreadgroup2VOC1ERKS_,236
_ZNU11MTLconstantK2VOC1ERU11MTLconstantKS_,236
_ZNU11MTLconstantK2VOC1ERKS_,236
_ZN2VOC1ERU9MTLdeviceKS_,236
_ZN2VOC1ERU14MTLthreadgroupKS_,236
_ZN2VOC1ERU11MTLconstantKS_,236
_ZN2VOC1EOS_,236
_ZNU14MTLthreadgroup2VOC1EOU9MTLdeviceS_,236
_ZNU14MTLthreadgroup2VOC1EOU14MTLthreadgroupS_,236
_ZNU14MTLthreadgroup2VOC1EOS_,236
_ZNU11MTLconstantK2VOC1EOS_,236
_ZN2VOC1EOU9MTLdeviceS_,236
_ZN2VOC1EOU14MTLthreadgroupS_,236
_ZN4VOutC1Ev,236
_ZNU14MTLthreadgroup4VOutC1Ev,236
_ZNU11MTLconstantK4VOutC1Ev,236
_ZN4VOutC1ERKS_,236
_ZNU14MTLthreadgroup4VOutC1ERU9MTLdeviceKS_,236
_ZNU14MTLthreadgroup4VOutC1ERU14MTLthreadgroupKS_,236
_ZNU14MTLthreadgroup4VOutC1ERU11MTLconstantKS_,236
_ZNU14MTLthreadgroup4VOutC1ERKS_,236
_ZNU11MTLconstantK4VOutC1ERU11MTLconstantKS_,236
_ZNU11MTLconstantK4VOutC1ERKS_,236
_ZN4VOutC1ERU9MTLdeviceKS_,236
_ZN4VOutC1ERU14MTLthreadgroupKS_,236
_ZN4VOutC1ERU11MTLconstantKS_,236
_ZN4VOutC1EOS_,236
_ZNU14MTLthreadgroup4VOutC1EOU9MTLdeviceS_,236
_ZNU14MTLthreadgroup4VOutC1EOU14MTLthreadgroupS_,236
_ZNU14MTLthreadgroup4VOutC1EOS_,236
_ZNU11MTLconstantK4VOutC1EOS_,236
_ZN4VOutC1EOU9MTLdeviceS_,236
_ZN4VOutC1EOU14MTLthreadgroupS_,236
_ZN11IoVertexOutC1Ev,236
_ZNU14MTLthreadgroup11IoVertexOutC1Ev,236
_ZNU11MTLconstantK11IoVertexOutC1Ev,236
_ZN11IoVertexOutC1ERKS_,236
_ZNU14MTLthreadgroup11IoVertexOutC1ERU9MTLdeviceKS_,236
_ZNU14MTLthreadgroup11IoVertexOutC1ERU14MTLthreadgroupKS_,236
_ZNU14MTLthreadgroup11IoVertexOutC1ERU11MTLconstantKS_,236
_ZNU14MTLthreadgroup11IoVertexOutC1ERKS_,236
_ZNU11MTLconstantK11IoVertexOutC1ERU11MTLconstantKS_,236
_ZNU11MTLconstantK11IoVertexOutC1ERKS_,236
_ZN11IoVertexOutC1ERU9MTLdeviceKS_,236
_ZN11IoVertexOutC1ERU14MTLthreadgroupKS_,236
_ZN11IoVertexOutC1ERU11MTLconstantKS_,236
_ZN11IoVertexOutC1EOS_,236
_ZNU14MTLthreadgroup11IoVertexOutC1EOU9MTLdeviceS_,236
_ZNU14MTLthreadgroup11IoVertexOutC1EOU14MTLthreadgroupS_,236
_ZNU14MTLthreadgroup11IoVertexOutC1EOS_,236
_ZNU11MTLconstantK11IoVertexOutC1EOS_,236
_ZN11IoVertexOutC1EOU9MTLdeviceS_,236
_ZN11IoVertexOutC1EOU14MTLthreadgroupS_,236
io_dump_vertex,236
_ZN10IoFragOutAC1Ev,236
_ZNU14MTLthreadgroup10IoFragOutAC1Ev,236
_ZNU11MTLconstantK10IoFragOutAC1Ev,236
_ZN10IoFragOutAC1ERKS_,236
_ZNU14MTLthreadgroup10IoFragOutAC1ERU9MTLdeviceKS_,236
_ZNU14MTLthreadgroup10IoFragOutAC1ERU14MTLthreadgroupKS_,236
_ZNU14MTLthreadgroup10IoFragOutAC1ERU11MTLconstantKS_,236
_ZNU14MTLthreadgroup10IoFragOutAC1ERKS_,236
_ZNU11MTLconstantK10IoFragOutAC1ERU11MTLconstantKS_,236
_ZNU11MTLconstantK10IoFragOutAC1ERKS_,236
_ZN10IoFragOutAC1ERU9MTLdeviceKS_,236
_ZN10IoFragOutAC1ERU14MTLthreadgroupKS_,236
_ZN10IoFragOutAC1ERU11MTLconstantKS_,236
_ZN10IoFragOutAC1EOS_,236
_ZNU14MTLthreadgroup10IoFragOutAC1EOU9MTLdeviceS_,236
_ZNU14MTLthreadgroup10IoFragOutAC1EOU14MTLthreadgroupS_,236
_ZNU14MTLthreadgroup10IoFragOutAC1EOS_,236
_ZNU11MTLconstantK10IoFragOutAC1EOS_,236
_ZN10IoFragOutAC1EOU9MTLdeviceS_,236
_ZN10IoFragOutAC1EOU14MTLthreadgroupS_,236
io_dump_frag_any,236
_ZN10IoFragOutGC1Ev,236
_ZNU14MTLthreadgroup10IoFragOutGC1Ev,236
_ZNU11MTLconstantK10IoFragOutGC1Ev,236
_ZN10IoFragOutGC1ERKS_,236
_ZNU14MTLthreadgroup10IoFragOutGC1ERU9MTLdeviceKS_,236
_ZNU14MTLthreadgroup10IoFragOutGC1ERU14MTLthreadgroupKS_,236
_ZNU14MTLthreadgroup10IoFragOutGC1ERU11MTLconstantKS_,236
_ZNU14MTLthreadgroup10IoFragOutGC1ERKS_,236
_ZNU11MTLconstantK10IoFragOutGC1ERU11MTLconstantKS_,236
_ZNU11MTLconstantK10IoFragOutGC1ERKS_,236
_ZN10IoFragOutGC1ERU9MTLdeviceKS_,236
_ZN10IoFragOutGC1ERU14MTLthreadgroupKS_,236
_ZN10IoFragOutGC1ERU11MTLconstantKS_,236
_ZN10IoFragOutGC1EOS_,236
_ZNU14MTLthreadgroup10IoFragOutGC1EOU9MTLdeviceS_,236
_ZNU14MTLthreadgroup10IoFragOutGC1EOU14MTLthreadgroupS_,236
_ZNU14MTLthreadgroup10IoFragOutGC1EOS_,236
_ZNU11MTLconstantK10IoFragOutGC1EOS_,236
_ZN10IoFragOutGC1EOU9MTLdeviceS_,236
_ZN10IoFragOutGC1EOU14MTLthreadgroupS_,236
io_dump_frag_greater,236
_ZN10IoFragOutLC1Ev,236
_ZNU14MTLthreadgroup10IoFragOutLC1Ev,236
_ZNU11MTLconstantK10IoFragOutLC1Ev,236
_ZN10IoFragOutLC1ERKS_,236
_ZNU14MTLthreadgroup10IoFragOutLC1ERU9MTLdeviceKS_,236
_ZNU14MTLthreadgroup10IoFragOutLC1ERU14MTLthreadgroupKS_,236
_ZNU14MTLthreadgroup10IoFragOutLC1ERU11MTLconstantKS_,236
_ZNU14MTLthreadgroup10IoFragOutLC1ERKS_,236
_ZNU11MTLconstantK10IoFragOutLC1ERU11MTLconstantKS_,236
_ZNU11MTLconstantK10IoFragOutLC1ERKS_,236
_ZN10IoFragOutLC1ERU9MTLdeviceKS_,236
_ZN10IoFragOutLC1ERU14MTLthreadgroupKS_,236
_ZN10IoFragOutLC1ERU11MTLconstantKS_,236
_ZN10IoFragOutLC1EOS_,236
_ZNU14MTLthreadgroup10IoFragOutLC1EOU9MTLdeviceS_,236
_ZNU14MTLthreadgroup10IoFragOutLC1EOU14MTLthreadgroupS_,236
_ZNU14MTLthreadgroup10IoFragOutLC1EOS_,236
_ZNU11MTLconstantK10IoFragOutLC1EOS_,236
_ZN10IoFragOutLC1EOU9MTLdeviceS_,236
_ZN10IoFragOutLC1EOU14MTLthreadgroupS_,236
io_dump_frag_less,236
_ZL16ld_helper_staticj,236
_Z24ld_helper_visible_unusedj,236
_Z9ld_squareIjET_S0_,236
_Z9ld_squareIiET_S0_,236
linkage_dump_a,236
linkage_dump_b,236
metal_object_types_all,236
_ZN5OpBoxC1Ev,236
_ZNU14MTLthreadgroup5OpBoxC1Ev,236
_ZNU11MTLconstantK5OpBoxC1Ev,236
_ZN5OpBoxC1ERKS_,236
_ZNU14MTLthreadgroup5OpBoxC1ERU9MTLdeviceKS_,236
_ZNU14MTLthreadgroup5OpBoxC1ERU14MTLthreadgroupKS_,236
_ZNU14MTLthreadgroup5OpBoxC1ERU11MTLconstantKS_,236
_ZNU14MTLthreadgroup5OpBoxC1ERKS_,236
_ZNU11MTLconstantK5OpBoxC1ERU11MTLconstantKS_,236
_ZNU11MTLconstantK5OpBoxC1ERKS_,236
_ZN5OpBoxC1ERU9MTLdeviceKS_,236
_ZN5OpBoxC1ERU14MTLthreadgroupKS_,236
_ZN5OpBoxC1ERU11MTLconstantKS_,236
_ZN5OpBoxC1EOS_,236
_ZNU14MTLthreadgroup5OpBoxC1EOU9MTLdeviceS_,236
_ZNU14MTLthreadgroup5OpBoxC1EOU14MTLthreadgroupS_,236
_ZNU14MTLthreadgroup5OpBoxC1EOS_,236
_ZNU11MTLconstantK5OpBoxC1EOS_,236
_ZN5OpBoxC1EOU9MTLdeviceS_,236
_ZN5OpBoxC1EOU14MTLthreadgroupS_,236
operators_swizzles_all,236
probe_min,236
_ZL20sampler_coord_filter,236
sampler_states_all,236
simdgroup_all,236
_ZN8ArrayBoxIDv4_fLj2EEC1Ev,236
_ZNU14MTLthreadgroup8ArrayBoxIDv4_fLj2EEC1Ev,236
_ZNU11MTLconstantK8ArrayBoxIDv4_fLj2EEC1Ev,236
_ZN8ArrayBoxIDv4_fLj2EEC1ERKS1_,236
_ZNU14MTLthreadgroup8ArrayBoxIDv4_fLj2EEC1ERU9MTLdeviceKS1_,236
_ZNU14MTLthreadgroup8ArrayBoxIDv4_fLj2EEC1ERU14MTLthreadgroupKS1_,236
_ZNU14MTLthreadgroup8ArrayBoxIDv4_fLj2EEC1ERU11MTLconstantKS1_,236
_ZNU14MTLthreadgroup8ArrayBoxIDv4_fLj2EEC1ERKS1_,236
_ZNU11MTLconstantK8ArrayBoxIDv4_fLj2EEC1ERU11MTLconstantKS1_,236
_ZNU11MTLconstantK8ArrayBoxIDv4_fLj2EEC1ERKS1_,236
_ZN8ArrayBoxIDv4_fLj2EEC1ERU9MTLdeviceKS1_,236
_ZN8ArrayBoxIDv4_fLj2EEC1ERU14MTLthreadgroupKS1_,236
_ZN8ArrayBoxIDv4_fLj2EEC1ERU11MTLconstantKS1_,236
_ZN8ArrayBoxIDv4_fLj2EEC1EOS1_,236
_ZNU14MTLthreadgroup8ArrayBoxIDv4_fLj2EEC1EOU9MTLdeviceS1_,236
_ZNU14MTLthreadgroup8ArrayBoxIDv4_fLj2EEC1EOU14MTLthreadgroupS1_,236
_ZNU14MTLthreadgroup8ArrayBoxIDv4_fLj2EEC1EOS1_,236
_ZNU11MTLconstantK8ArrayBoxIDv4_fLj2EEC1EOS1_,236
_ZN8ArrayBoxIDv4_fLj2EEC1EOU9MTLdeviceS1_,236
_ZN8ArrayBoxIDv4_fLj2EEC1EOU14MTLthreadgroupS1_,236
_ZN6Traits5lanesE,236
_ZN6TraitsIDv4_fE5lanesE,236
_Z12add_templateIDv4_fET_S1_S1_,236
_Z15select_templateIDv4_fET_bS1_S1_,236
templates_all,236
texture_depth_cube_ms,236
texture_methods_all,236
texture_read,236
texture_sample,236
texture_write,236
textures_all,236
__atomic_load,184
mfn,176
_ZN12TypeHolder33C1ERKS_,174
_ZNU14MTLthreadgroup12TypeHolder33C1ERU9MTLdeviceKS_,174
_ZNU14MTLthreadgroup12TypeHolder33C1ERU14MTLthreadgroupKS_,174
_ZNU14MTLthreadgroup12TypeHolder33C1ERU11MTLconstantKS_,174
_ZNU14MTLthreadgroup12TypeHolder33C1ERKS_,174
_ZNU11MTLconstantK12TypeHolder33C1ERU11MTLconstantKS_,174
_ZNU11MTLconstantK12TypeHolder33C1ERKS_,174
_ZN12TypeHolder33C1ERU9MTLdeviceKS_,174
_ZN12TypeHolder33C1ERU14MTLthreadgroupKS_,174
_ZN12TypeHolder33C1ERU11MTLconstantKS_,174
_ZN12TypeHolder33C1EOS_,174
_ZNU14MTLthreadgroup12TypeHolder33C1EOU9MTLdeviceS_,174
_ZNU14MTLthreadgroup12TypeHolder33C1EOU14MTLthreadgroupS_,174
_ZNU14MTLthreadgroup12TypeHolder33C1EOS_,174
_ZNU11MTLconstantK12TypeHolder33C1EOS_,174
_ZN12TypeHolder33C1EOU9MTLdeviceS_,174
_ZN12TypeHolder33C1EOU14MTLthreadgroupS_,174
_ZN12TypeHolder33aSEOS_,174
_ZNU9MTLdevice12TypeHolder33aSEOU9MTLdeviceS_,174
_ZNU9MTLdevice12TypeHolder33aSEOU14MTLthreadgroupS_,174
_ZNU9MTLdevice12TypeHolder33aSEOS_,174
_ZNU14MTLthreadgroup12TypeHolder33aSEOU9MTLdeviceS_,174
_ZNU14MTLthreadgroup12TypeHolder33aSEOU14MTLthreadgroupS_,174
_ZNU14MTLthreadgroup12TypeHolder33aSEOS_,174
_ZN12TypeHolder33aSEOU9MTLdeviceS_,174
_ZN12TypeHolder33aSEOU14MTLthreadgroupS_,174
_ZN12TypeHolder34C1ERKS_,174
_ZNU14MTLthreadgroup12TypeHolder34C1ERU9MTLdeviceKS_,174
_ZNU14MTLthreadgroup12TypeHolder34C1ERU14MTLthreadgroupKS_,174
_ZNU14MTLthreadgroup12TypeHolder34C1ERU11MTLconstantKS_,174
_ZNU14MTLthreadgroup12TypeHolder34C1ERKS_,174
_ZNU11MTLconstantK12TypeHolder34C1ERU11MTLconstantKS_,174
_ZNU11MTLconstantK12TypeHolder34C1ERKS_,174
_ZN12TypeHolder34C1ERU9MTLdeviceKS_,174
_ZN12TypeHolder34C1ERU14MTLthreadgroupKS_,174
_ZN12TypeHolder34C1ERU11MTLconstantKS_,174
_ZN12TypeHolder34C1EOS_,174
_ZNU14MTLthreadgroup12TypeHolder34C1EOU9MTLdeviceS_,174
_ZNU14MTLthreadgroup12TypeHolder34C1EOU14MTLthreadgroupS_,174
_ZNU14MTLthreadgroup12TypeHolder34C1EOS_,174
_ZNU11MTLconstantK12TypeHolder34C1EOS_,174
_ZN12TypeHolder34C1EOU9MTLdeviceS_,174
_ZN12TypeHolder34C1EOU14MTLthreadgroupS_,174
_ZN12TypeHolder34aSEOS_,174
_ZNU9MTLdevice12TypeHolder34aSEOU9MTLdeviceS_,174
_ZNU9MTLdevice12TypeHolder34aSEOU14MTLthreadgroupS_,174
_ZNU9MTLdevice12TypeHolder34aSEOS_,174
_ZNU14MTLthreadgroup12TypeHolder34aSEOU9MTLdeviceS_,174
_ZNU14MTLthreadgroup12TypeHolder34aSEOU14MTLthreadgroupS_,174
_ZNU14MTLthreadgroup12TypeHolder34aSEOS_,174
_ZN12TypeHolder34aSEOU9MTLdeviceS_,174
_ZN12TypeHolder34aSEOU14MTLthreadgroupS_,174
_ZN12TypeHolder35C1ERKS_,174
_ZNU14MTLthreadgroup12TypeHolder35C1ERU9MTLdeviceKS_,174
_ZNU14MTLthreadgroup12TypeHolder35C1ERU14MTLthreadgroupKS_,174
_ZNU14MTLthreadgroup12TypeHolder35C1ERU11MTLconstantKS_,174
_ZNU14MTLthreadgroup12TypeHolder35C1ERKS_,174
_ZNU11MTLconstantK12TypeHolder35C1ERU11MTLconstantKS_,174
_ZNU11MTLconstantK12TypeHolder35C1ERKS_,174
_ZN12TypeHolder35C1ERU9MTLdeviceKS_,174
_ZN12TypeHolder35C1ERU14MTLthreadgroupKS_,174
_ZN12TypeHolder35C1ERU11MTLconstantKS_,174
_ZN12TypeHolder35C1EOS_,174
_ZNU14MTLthreadgroup12TypeHolder35C1EOU9MTLdeviceS_,174
_ZNU14MTLthreadgroup12TypeHolder35C1EOU14MTLthreadgroupS_,174
_ZNU14MTLthreadgroup12TypeHolder35C1EOS_,174
_ZNU11MTLconstantK12TypeHolder35C1EOS_,174
_ZN12TypeHolder35C1EOU9MTLdeviceS_,174
_ZN12TypeHolder35C1EOU14MTLthreadgroupS_,174
_ZN12TypeHolder35aSEOS_,174
_ZNU9MTLdevice12TypeHolder35aSEOU9MTLdeviceS_,174
_ZNU9MTLdevice12TypeHolder35aSEOU14MTLthreadgroupS_,174
_ZNU9MTLdevice12TypeHolder35aSEOS_,174
_ZNU14MTLthreadgroup12TypeHolder35aSEOU9MTLdeviceS_,174
_ZNU14MTLthreadgroup12TypeHolder35aSEOU14MTLthreadgroupS_,174
_ZNU14MTLthreadgroup12TypeHolder35aSEOS_,174
_ZN12TypeHolder35aSEOU9MTLdeviceS_,174
_ZN12TypeHolder35aSEOU14MTLthreadgroupS_,174
_ZN12TypeHolder36C1ERKS_,174
_ZNU14MTLthreadgroup12TypeHolder36C1ERU9MTLdeviceKS_,174
_ZNU14MTLthreadgroup12TypeHolder36C1ERU14MTLthreadgroupKS_,174
_ZNU14MTLthreadgroup12TypeHolder36C1ERU11MTLconstantKS_,174
_ZNU14MTLthreadgroup12TypeHolder36C1ERKS_,174
_ZNU11MTLconstantK12TypeHolder36C1ERU11MTLconstantKS_,174
_ZNU11MTLconstantK12TypeHolder36C1ERKS_,174
_ZN12TypeHolder36C1ERU9MTLdeviceKS_,174
_ZN12TypeHolder36C1ERU14MTLthreadgroupKS_,174
_ZN12TypeHolder36C1ERU11MTLconstantKS_,174
_ZN12TypeHolder36C1EOS_,174
_ZNU14MTLthreadgroup12TypeHolder36C1EOU9MTLdeviceS_,174
_ZNU14MTLthreadgroup12TypeHolder36C1EOU14MTLthreadgroupS_,174
_ZNU14MTLthreadgroup12TypeHolder36C1EOS_,174
_ZNU11MTLconstantK12TypeHolder36C1EOS_,174
_ZN12TypeHolder36C1EOU9MTLdeviceS_,174
_ZN12TypeHolder36C1EOU14MTLthreadgroupS_,174
_ZN12TypeHolder36aSEOS_,174
_ZNU9MTLdevice12TypeHolder36aSEOU9MTLdeviceS_,174
_ZNU9MTLdevice12TypeHolder36aSEOU14MTLthreadgroupS_,174
_ZNU9MTLdevice12TypeHolder36aSEOS_,174
_ZNU14MTLthreadgroup12TypeHolder36aSEOU9MTLdeviceS_,174
_ZNU14MTLthreadgroup12TypeHolder36aSEOU14MTLthreadgroupS_,174
_ZNU14MTLthreadgroup12TypeHolder36aSEOS_,174
_ZN12TypeHolder36aSEOU9MTLdeviceS_,174
_ZN12TypeHolder36aSEOU14MTLthreadgroupS_,174
_ZN12TypeHolder37C1ERKS_,174
_ZNU14MTLthreadgroup12TypeHolder37C1ERU9MTLdeviceKS_,174
_ZNU14MTLthreadgroup12TypeHolder37C1ERU14MTLthreadgroupKS_,174
_ZNU14MTLthreadgroup12TypeHolder37C1ERU11MTLconstantKS_,174
_ZNU14MTLthreadgroup12TypeHolder37C1ERKS_,174
_ZNU11MTLconstantK12TypeHolder37C1ERU11MTLconstantKS_,174
_ZNU11MTLconstantK12TypeHolder37C1ERKS_,174
_ZN12TypeHolder37C1ERU9MTLdeviceKS_,174
_ZN12TypeHolder37C1ERU14MTLthreadgroupKS_,174
_ZN12TypeHolder37C1ERU11MTLconstantKS_,174
_ZN12TypeHolder37C1EOS_,174
_ZNU14MTLthreadgroup12TypeHolder37C1EOU9MTLdeviceS_,174
_ZNU14MTLthreadgroup12TypeHolder37C1EOU14MTLthreadgroupS_,174
_ZNU14MTLthreadgroup12TypeHolder37C1EOS_,174
_ZNU11MTLconstantK12TypeHolder37C1EOS_,174
_ZN12TypeHolder37C1EOU9MTLdeviceS_,174
_ZN12TypeHolder37C1EOU14MTLthreadgroupS_,174
_ZN12TypeHolder37aSEOS_,174
_ZNU9MTLdevice12TypeHolder37aSEOU9MTLdeviceS_,174
_ZNU9MTLdevice12TypeHolder37aSEOU14MTLthreadgroupS_,174
_ZNU9MTLdevice12TypeHolder37aSEOS_,174
_ZNU14MTLthreadgroup12TypeHolder37aSEOU9MTLdeviceS_,174
_ZNU14MTLthreadgroup12TypeHolder37aSEOU14MTLthreadgroupS_,174
_ZNU14MTLthreadgroup12TypeHolder37aSEOS_,174
_ZN12TypeHolder37aSEOU9MTLdeviceS_,174
_ZN12TypeHolder37aSEOU14MTLthreadgroupS_,174
_ZN12TypeHolder38C1ERKS_,174
_ZNU14MTLthreadgroup12TypeHolder38C1ERU9MTLdeviceKS_,174
_ZNU14MTLthreadgroup12TypeHolder38C1ERU14MTLthreadgroupKS_,174
_ZNU14MTLthreadgroup12TypeHolder38C1ERU11MTLconstantKS_,174
_ZNU14MTLthreadgroup12TypeHolder38C1ERKS_,174
_ZNU11MTLconstantK12TypeHolder38C1ERU11MTLconstantKS_,174
_ZNU11MTLconstantK12TypeHolder38C1ERKS_,174
_ZN12TypeHolder38C1ERU9MTLdeviceKS_,174
_ZN12TypeHolder38C1ERU14MTLthreadgroupKS_,174
_ZN12TypeHolder38C1ERU11MTLconstantKS_,174
_ZN12TypeHolder38C1EOS_,174
_ZNU14MTLthreadgroup12TypeHolder38C1EOU9MTLdeviceS_,174
_ZNU14MTLthreadgroup12TypeHolder38C1EOU14MTLthreadgroupS_,174
_ZNU14MTLthreadgroup12TypeHolder38C1EOS_,174
_ZNU11MTLconstantK12TypeHolder38C1EOS_,174
_ZN12TypeHolder38C1EOU9MTLdeviceS_,174
_ZN12TypeHolder38C1EOU14MTLthreadgroupS_,174
_ZN12TypeHolder38aSEOS_,174
_ZNU9MTLdevice12TypeHolder38aSEOU9MTLdeviceS_,174
_ZNU9MTLdevice12TypeHolder38aSEOU14MTLthreadgroupS_,174
_ZNU9MTLdevice12TypeHolder38aSEOS_,174
_ZNU14MTLthreadgroup12TypeHolder38aSEOU9MTLdeviceS_,174
_ZNU14MTLthreadgroup12TypeHolder38aSEOU14MTLthreadgroupS_,174
_ZNU14MTLthreadgroup12TypeHolder38aSEOS_,174
_ZN12TypeHolder38aSEOU9MTLdeviceS_,174
_ZN12TypeHolder38aSEOU14MTLthreadgroupS_,174
_ZN12TypeHolder39C1ERKS_,174
_ZNU14MTLthreadgroup12TypeHolder39C1ERU9MTLdeviceKS_,174
_ZNU14MTLthreadgroup12TypeHolder39C1ERU14MTLthreadgroupKS_,174
_ZNU14MTLthreadgroup12TypeHolder39C1ERU11MTLconstantKS_,174
_ZNU14MTLthreadgroup12TypeHolder39C1ERKS_,174
_ZNU11MTLconstantK12TypeHolder39C1ERU11MTLconstantKS_,174
_ZNU11MTLconstantK12TypeHolder39C1ERKS_,174
_ZN12TypeHolder39C1ERU9MTLdeviceKS_,174
_ZN12TypeHolder39C1ERU14MTLthreadgroupKS_,174
_ZN12TypeHolder39C1ERU11MTLconstantKS_,174
_ZN12TypeHolder39C1EOS_,174
_ZNU14MTLthreadgroup12TypeHolder39C1EOU9MTLdeviceS_,174
_ZNU14MTLthreadgroup12TypeHolder39C1EOU14MTLthreadgroupS_,174
_ZNU14MTLthreadgroup12TypeHolder39C1EOS_,174
_ZNU11MTLconstantK12TypeHolder39C1EOS_,174
_ZN12TypeHolder39C1EOU9MTLdeviceS_,174
_ZN12TypeHolder39C1EOU14MTLthreadgroupS_,174
_ZN12TypeHolder39aSEOS_,174
_ZNU9MTLdevice12TypeHolder39aSEOU9MTLdeviceS_,174
_ZNU9MTLdevice12TypeHolder39aSEOU14MTLthreadgroupS_,174
_ZNU9MTLdevice12TypeHolder39aSEOS_,174
_ZNU14MTLthreadgroup12TypeHolder39aSEOU9MTLdeviceS_,174
_ZNU14MTLthreadgroup12TypeHolder39aSEOU14MTLthreadgroupS_,174
_ZNU14MTLthreadgroup12TypeHolder39aSEOS_,174
_ZN12TypeHolder39aSEOU9MTLdeviceS_,174
_ZN12TypeHolder39aSEOU14MTLthreadgroupS_,174
_ZN12TypeHolder40C1ERKS_,174
_ZNU14MTLthreadgroup12TypeHolder40C1ERU9MTLdeviceKS_,174
_ZNU14MTLthreadgroup12TypeHolder40C1ERU14MTLthreadgroupKS_,174
_ZNU14MTLthreadgroup12TypeHolder40C1ERU11MTLconstantKS_,174
_ZNU14MTLthreadgroup12TypeHolder40C1ERKS_,174
_ZNU11MTLconstantK12TypeHolder40C1ERU11MTLconstantKS_,174
_ZNU11MTLconstantK12TypeHolder40C1ERKS_,174
_ZN12TypeHolder40C1ERU9MTLdeviceKS_,174
_ZN12TypeHolder40C1ERU14MTLthreadgroupKS_,174
_ZN12TypeHolder40C1ERU11MTLconstantKS_,174
_ZN12TypeHolder40C1EOS_,174
_ZNU14MTLthreadgroup12TypeHolder40C1EOU9MTLdeviceS_,174
_ZNU14MTLthreadgroup12TypeHolder40C1EOU14MTLthreadgroupS_,174
_ZNU14MTLthreadgroup12TypeHolder40C1EOS_,174
_ZNU11MTLconstantK12TypeHolder40C1EOS_,174
_ZN12TypeHolder40C1EOU9MTLdeviceS_,174
_ZN12TypeHolder40C1EOU14MTLthreadgroupS_,174
_ZN12TypeHolder40aSEOS_,174
_ZNU9MTLdevice12TypeHolder40aSEOU9MTLdeviceS_,174
_ZNU9MTLdevice12TypeHolder40aSEOU14MTLthreadgroupS_,174
_ZNU9MTLdevice12TypeHolder40aSEOS_,174
_ZNU14MTLthreadgroup12TypeHolder40aSEOU9MTLdeviceS_,174
_ZNU14MTLthreadgroup12TypeHolder40aSEOU14MTLthreadgroupS_,174
_ZNU14MTLthreadgroup12TypeHolder40aSEOS_,174
_ZN12TypeHolder40aSEOU9MTLdeviceS_,174
_ZN12TypeHolder40aSEOU14MTLthreadgroupS_,174
_ZN12TypeHolder41C1ERKS_,174
_ZNU14MTLthreadgroup12TypeHolder41C1ERU9MTLdeviceKS_,174
_ZNU14MTLthreadgroup12TypeHolder41C1ERU14MTLthreadgroupKS_,174
_ZNU14MTLthreadgroup12TypeHolder41C1ERU11MTLconstantKS_,174
_ZNU14MTLthreadgroup12TypeHolder41C1ERKS_,174
_ZNU11MTLconstantK12TypeHolder41C1ERU11MTLconstantKS_,174
_ZNU11MTLconstantK12TypeHolder41C1ERKS_,174
_ZN12TypeHolder41C1ERU9MTLdeviceKS_,174
_ZN12TypeHolder41C1ERU14MTLthreadgroupKS_,174
_ZN12TypeHolder41C1ERU11MTLconstantKS_,174
_ZN12TypeHolder41C1EOS_,174
_ZNU14MTLthreadgroup12TypeHolder41C1EOU9MTLdeviceS_,174
_ZNU14MTLthreadgroup12TypeHolder41C1EOU14MTLthreadgroupS_,174
_ZNU14MTLthreadgroup12TypeHolder41C1EOS_,174
_ZNU11MTLconstantK12TypeHolder41C1EOS_,174
_ZN12TypeHolder41C1EOU9MTLdeviceS_,174
_ZN12TypeHolder41C1EOU14MTLthreadgroupS_,174
_ZN12TypeHolder41aSEOS_,174
_ZNU9MTLdevice12TypeHolder41aSEOU9MTLdeviceS_,174
_ZNU9MTLdevice12TypeHolder41aSEOU14MTLthreadgroupS_,174
_ZNU9MTLdevice12TypeHolder41aSEOS_,174
_ZNU14MTLthreadgroup12TypeHolder41aSEOU9MTLdeviceS_,174
_ZNU14MTLthreadgroup12TypeHolder41aSEOU14MTLthreadgroupS_,174
_ZNU14MTLthreadgroup12TypeHolder41aSEOS_,174
_ZN12TypeHolder41aSEOU9MTLdeviceS_,174
_ZN12TypeHolder41aSEOU14MTLthreadgroupS_,174
_ZN12TypeHolder42C1ERKS_,174
_ZNU14MTLthreadgroup12TypeHolder42C1ERU9MTLdeviceKS_,174
_ZNU14MTLthreadgroup12TypeHolder42C1ERU14MTLthreadgroupKS_,174
_ZNU14MTLthreadgroup12TypeHolder42C1ERU11MTLconstantKS_,174
_ZNU14MTLthreadgroup12TypeHolder42C1ERKS_,174
_ZNU11MTLconstantK12TypeHolder42C1ERU11MTLconstantKS_,174
_ZNU11MTLconstantK12TypeHolder42C1ERKS_,174
_ZN12TypeHolder42C1ERU9MTLdeviceKS_,174
_ZN12TypeHolder42C1ERU14MTLthreadgroupKS_,174
_ZN12TypeHolder42C1ERU11MTLconstantKS_,174
_ZN12TypeHolder42C1EOS_,174
_ZNU14MTLthreadgroup12TypeHolder42C1EOU9MTLdeviceS_,174
_ZNU14MTLthreadgroup12TypeHolder42C1EOU14MTLthreadgroupS_,174
_ZNU14MTLthreadgroup12TypeHolder42C1EOS_,174
_ZNU11MTLconstantK12TypeHolder42C1EOS_,174
_ZN12TypeHolder42C1EOU9MTLdeviceS_,174
_ZN12TypeHolder42C1EOU14MTLthreadgroupS_,174
_ZN12TypeHolder42aSEOS_,174
_ZNU9MTLdevice12TypeHolder42aSEOU9MTLdeviceS_,174
_ZNU9MTLdevice12TypeHolder42aSEOU14MTLthreadgroupS_,174
_ZNU9MTLdevice12TypeHolder42aSEOS_,174
_ZNU14MTLthreadgroup12TypeHolder42aSEOU9MTLdeviceS_,174
_ZNU14MTLthreadgroup12TypeHolder42aSEOU14MTLthreadgroupS_,174
_ZNU14MTLthreadgroup12TypeHolder42aSEOS_,174
_ZN12TypeHolder42aSEOU9MTLdeviceS_,174
_ZN12TypeHolder42aSEOU14MTLthreadgroupS_,174
_ZN12TypeHolder43C1ERKS_,174
_ZNU14MTLthreadgroup12TypeHolder43C1ERU9MTLdeviceKS_,174
_ZNU14MTLthreadgroup12TypeHolder43C1ERU14MTLthreadgroupKS_,174
_ZNU14MTLthreadgroup12TypeHolder43C1ERU11MTLconstantKS_,174
_ZNU14MTLthreadgroup12TypeHolder43C1ERKS_,174
_ZNU11MTLconstantK12TypeHolder43C1ERU11MTLconstantKS_,174
_ZNU11MTLconstantK12TypeHolder43C1ERKS_,174
_ZN12TypeHolder43C1ERU9MTLdeviceKS_,174
_ZN12TypeHolder43C1ERU14MTLthreadgroupKS_,174
_ZN12TypeHolder43C1ERU11MTLconstantKS_,174
_ZN12TypeHolder43C1EOS_,174
_ZNU14MTLthreadgroup12TypeHolder43C1EOU9MTLdeviceS_,174
_ZNU14MTLthreadgroup12TypeHolder43C1EOU14MTLthreadgroupS_,174
_ZNU14MTLthreadgroup12TypeHolder43C1EOS_,174
_ZNU11MTLconstantK12TypeHolder43C1EOS_,174
_ZN12TypeHolder43C1EOU9MTLdeviceS_,174
_ZN12TypeHolder43C1EOU14MTLthreadgroupS_,174
_ZN12TypeHolder43aSEOS_,174
_ZNU9MTLdevice12TypeHolder43aSEOU9MTLdeviceS_,174
_ZNU9MTLdevice12TypeHolder43aSEOU14MTLthreadgroupS_,174
_ZNU9MTLdevice12TypeHolder43aSEOS_,174
_ZNU14MTLthreadgroup12TypeHolder43aSEOU9MTLdeviceS_,174
_ZNU14MTLthreadgroup12TypeHolder43aSEOU14MTLthreadgroupS_,174
_ZNU14MTLthreadgroup12TypeHolder43aSEOS_,174
_ZN12TypeHolder43aSEOU9MTLdeviceS_,174
_ZN12TypeHolder43aSEOU14MTLthreadgroupS_,174
_ZN12TypeHolder44C1ERKS_,174
_ZNU14MTLthreadgroup12TypeHolder44C1ERU9MTLdeviceKS_,174
_ZNU14MTLthreadgroup12TypeHolder44C1ERU14MTLthreadgroupKS_,174
_ZNU14MTLthreadgroup12TypeHolder44C1ERU11MTLconstantKS_,174
_ZNU14MTLthreadgroup12TypeHolder44C1ERKS_,174
_ZNU11MTLconstantK12TypeHolder44C1ERU11MTLconstantKS_,174
_ZNU11MTLconstantK12TypeHolder44C1ERKS_,174
_ZN12TypeHolder44C1ERU9MTLdeviceKS_,174
_ZN12TypeHolder44C1ERU14MTLthreadgroupKS_,174
_ZN12TypeHolder44C1ERU11MTLconstantKS_,174
_ZN12TypeHolder44C1EOS_,174
_ZNU14MTLthreadgroup12TypeHolder44C1EOU9MTLdeviceS_,174
_ZNU14MTLthreadgroup12TypeHolder44C1EOU14MTLthreadgroupS_,174
_ZNU14MTLthreadgroup12TypeHolder44C1EOS_,174
_ZNU11MTLconstantK12TypeHolder44C1EOS_,174
_ZN12TypeHolder44C1EOU9MTLdeviceS_,174
_ZN12TypeHolder44C1EOU14MTLthreadgroupS_,174
_ZN12TypeHolder44aSEOS_,174
_ZNU9MTLdevice12TypeHolder44aSEOU9MTLdeviceS_,174
_ZNU9MTLdevice12TypeHolder44aSEOU14MTLthreadgroupS_,174
_ZNU9MTLdevice12TypeHolder44aSEOS_,174
_ZNU14MTLthreadgroup12TypeHolder44aSEOU9MTLdeviceS_,174
_ZNU14MTLthreadgroup12TypeHolder44aSEOU14MTLthreadgroupS_,174
_ZNU14MTLthreadgroup12TypeHolder44aSEOS_,174
_ZN12TypeHolder44aSEOU9MTLdeviceS_,174
_ZN12TypeHolder44aSEOU14MTLthreadgroupS_,174
_ZN12TypeHolder45C1ERKS_,174
_ZNU14MTLthreadgroup12TypeHolder45C1ERU9MTLdeviceKS_,174
_ZNU14MTLthreadgroup12TypeHolder45C1ERU14MTLthreadgroupKS_,174
_ZNU14MTLthreadgroup12TypeHolder45C1ERU11MTLconstantKS_,174
_ZNU14MTLthreadgroup12TypeHolder45C1ERKS_,174
_ZNU11MTLconstantK12TypeHolder45C1ERU11MTLconstantKS_,174
_ZNU11MTLconstantK12TypeHolder45C1ERKS_,174
_ZN12TypeHolder45C1ERU9MTLdeviceKS_,174
_ZN12TypeHolder45C1ERU14MTLthreadgroupKS_,174
_ZN12TypeHolder45C1ERU11MTLconstantKS_,174
_ZN12TypeHolder45C1EOS_,174
_ZNU14MTLthreadgroup12TypeHolder45C1EOU9MTLdeviceS_,174
_ZNU14MTLthreadgroup12TypeHolder45C1EOU14MTLthreadgroupS_,174
_ZNU14MTLthreadgroup12TypeHolder45C1EOS_,174
_ZNU11MTLconstantK12TypeHolder45C1EOS_,174
_ZN12TypeHolder45C1EOU9MTLdeviceS_,174
_ZN12TypeHolder45C1EOU14MTLthreadgroupS_,174
_ZN12TypeHolder45aSEOS_,174
_ZNU9MTLdevice12TypeHolder45aSEOU9MTLdeviceS_,174
_ZNU9MTLdevice12TypeHolder45aSEOU14MTLthreadgroupS_,174
_ZNU9MTLdevice12TypeHolder45aSEOS_,174
_ZNU14MTLthreadgroup12TypeHolder45aSEOU9MTLdeviceS_,174
_ZNU14MTLthreadgroup12TypeHolder45aSEOU14MTLthreadgroupS_,174
_ZNU14MTLthreadgroup12TypeHolder45aSEOS_,174
_ZN12TypeHolder45aSEOU9MTLdeviceS_,174
_ZN12TypeHolder45aSEOU14MTLthreadgroupS_,174
_ZN12TypeHolder46C1ERKS_,174
_ZNU14MTLthreadgroup12TypeHolder46C1ERU9MTLdeviceKS_,174
_ZNU14MTLthreadgroup12TypeHolder46C1ERU14MTLthreadgroupKS_,174
_ZNU14MTLthreadgroup12TypeHolder46C1ERU11MTLconstantKS_,174
_ZNU14MTLthreadgroup12TypeHolder46C1ERKS_,174
_ZNU11MTLconstantK12TypeHolder46C1ERU11MTLconstantKS_,174
_ZNU11MTLconstantK12TypeHolder46C1ERKS_,174
_ZN12TypeHolder46C1ERU9MTLdeviceKS_,174
_ZN12TypeHolder46C1ERU14MTLthreadgroupKS_,174
_ZN12TypeHolder46C1ERU11MTLconstantKS_,174
_ZN12TypeHolder46C1EOS_,174
_ZNU14MTLthreadgroup12TypeHolder46C1EOU9MTLdeviceS_,174
_ZNU14MTLthreadgroup12TypeHolder46C1EOU14MTLthreadgroupS_,174
_ZNU14MTLthreadgroup12TypeHolder46C1EOS_,174
_ZNU11MTLconstantK12TypeHolder46C1EOS_,174
_ZN12TypeHolder46C1EOU9MTLdeviceS_,174
_ZN12TypeHolder46C1EOU14MTLthreadgroupS_,174
_ZN12TypeHolder46aSEOS_,174
_ZNU9MTLdevice12TypeHolder46aSEOU9MTLdeviceS_,174
_ZNU9MTLdevice12TypeHolder46aSEOU14MTLthreadgroupS_,174
_ZNU9MTLdevice12TypeHolder46aSEOS_,174
_ZNU14MTLthreadgroup12TypeHolder46aSEOU9MTLdeviceS_,174
_ZNU14MTLthreadgroup12TypeHolder46aSEOU14MTLthreadgroupS_,174
_ZNU14MTLthreadgroup12TypeHolder46aSEOS_,174
_ZN12TypeHolder46aSEOU9MTLdeviceS_,174
_ZN12TypeHolder46aSEOU14MTLthreadgroupS_,174
_ZN12TypeHolder47C1ERKS_,174
_ZNU14MTLthreadgroup12TypeHolder47C1ERU9MTLdeviceKS_,174
_ZNU14MTLthreadgroup12TypeHolder47C1ERU14MTLthreadgroupKS_,174
_ZNU14MTLthreadgroup12TypeHolder47C1ERU11MTLconstantKS_,174
_ZNU14MTLthreadgroup12TypeHolder47C1ERKS_,174
_ZNU11MTLconstantK12TypeHolder47C1ERU11MTLconstantKS_,174
_ZNU11MTLconstantK12TypeHolder47C1ERKS_,174
_ZN12TypeHolder47C1ERU9MTLdeviceKS_,174
_ZN12TypeHolder47C1ERU14MTLthreadgroupKS_,174
_ZN12TypeHolder47C1ERU11MTLconstantKS_,174
_ZN12TypeHolder47C1EOS_,174
_ZNU14MTLthreadgroup12TypeHolder47C1EOU9MTLdeviceS_,174
_ZNU14MTLthreadgroup12TypeHolder47C1EOU14MTLthreadgroupS_,174
_ZNU14MTLthreadgroup12TypeHolder47C1EOS_,174
_ZNU11MTLconstantK12TypeHolder47C1EOS_,174
_ZN12TypeHolder47C1EOU9MTLdeviceS_,174
_ZN12TypeHolder47C1EOU14MTLthreadgroupS_,174
_ZN12TypeHolder47aSEOS_,174
_ZNU9MTLdevice12TypeHolder47aSEOU9MTLdeviceS_,174
_ZNU9MTLdevice12TypeHolder47aSEOU14MTLthreadgroupS_,174
_ZNU9MTLdevice12TypeHolder47aSEOS_,174
_ZNU14MTLthreadgroup12TypeHolder47aSEOU9MTLdeviceS_,174
_ZNU14MTLthreadgroup12TypeHolder47aSEOU14MTLthreadgroupS_,174
_ZNU14MTLthreadgroup12TypeHolder47aSEOS_,174
_ZN12TypeHolder47aSEOU9MTLdeviceS_,174
_ZN12TypeHolder47aSEOU14MTLthreadgroupS_,174
_ZN12TypeHolder48C1ERKS_,174
_ZNU14MTLthreadgroup12TypeHolder48C1ERU9MTLdeviceKS_,174
_ZNU14MTLthreadgroup12TypeHolder48C1ERU14MTLthreadgroupKS_,174
_ZNU14MTLthreadgroup12TypeHolder48C1ERU11MTLconstantKS_,174
_ZNU14MTLthreadgroup12TypeHolder48C1ERKS_,174
_ZNU11MTLconstantK12TypeHolder48C1ERU11MTLconstantKS_,174
_ZNU11MTLconstantK12TypeHolder48C1ERKS_,174
_ZN12TypeHolder48C1ERU9MTLdeviceKS_,174
_ZN12TypeHolder48C1ERU14MTLthreadgroupKS_,174
_ZN12TypeHolder48C1ERU11MTLconstantKS_,174
_ZN12TypeHolder48C1EOS_,174
_ZNU14MTLthreadgroup12TypeHolder48C1EOU9MTLdeviceS_,174
_ZNU14MTLthreadgroup12TypeHolder48C1EOU14MTLthreadgroupS_,174
_ZNU14MTLthreadgroup12TypeHolder48C1EOS_,174
_ZNU11MTLconstantK12TypeHolder48C1EOS_,174
_ZN12TypeHolder48C1EOU9MTLdeviceS_,174
_ZN12TypeHolder48C1EOU14MTLthreadgroupS_,174
_ZN12TypeHolder48aSEOS_,174
_ZNU9MTLdevice12TypeHolder48aSEOU9MTLdeviceS_,174
_ZNU9MTLdevice12TypeHolder48aSEOU14MTLthreadgroupS_,174
_ZNU9MTLdevice12TypeHolder48aSEOS_,174
_ZNU14MTLthreadgroup12TypeHolder48aSEOU9MTLdeviceS_,174
_ZNU14MTLthreadgroup12TypeHolder48aSEOU14MTLthreadgroupS_,174
_ZNU14MTLthreadgroup12TypeHolder48aSEOS_,174
_ZN12TypeHolder48aSEOU9MTLdeviceS_,174
_ZN12TypeHolder48aSEOU14MTLthreadgroupS_,174
_ZN12TypeHolder49C1ERKS_,174
_ZNU14MTLthreadgroup12TypeHolder49C1ERU9MTLdeviceKS_,174
_ZNU14MTLthreadgroup12TypeHolder49C1ERU14MTLthreadgroupKS_,174
_ZNU14MTLthreadgroup12TypeHolder49C1ERU11MTLconstantKS_,174
_ZNU14MTLthreadgroup12TypeHolder49C1ERKS_,174
_ZNU11MTLconstantK12TypeHolder49C1ERU11MTLconstantKS_,174
_ZNU11MTLconstantK12TypeHolder49C1ERKS_,174
_ZN12TypeHolder49C1ERU9MTLdeviceKS_,174
_ZN12TypeHolder49C1ERU14MTLthreadgroupKS_,174
_ZN12TypeHolder49C1ERU11MTLconstantKS_,174
_ZN12TypeHolder49C1EOS_,174
_ZNU14MTLthreadgroup12TypeHolder49C1EOU9MTLdeviceS_,174
_ZNU14MTLthreadgroup12TypeHolder49C1EOU14MTLthreadgroupS_,174
_ZNU14MTLthreadgroup12TypeHolder49C1EOS_,174
_ZNU11MTLconstantK12TypeHolder49C1EOS_,174
_ZN12TypeHolder49C1EOU9MTLdeviceS_,174
_ZN12TypeHolder49C1EOU14MTLthreadgroupS_,174
_ZN12TypeHolder49aSEOS_,174
_ZNU9MTLdevice12TypeHolder49aSEOU9MTLdeviceS_,174
_ZNU9MTLdevice12TypeHolder49aSEOU14MTLthreadgroupS_,174
_ZNU9MTLdevice12TypeHolder49aSEOS_,174
_ZNU14MTLthreadgroup12TypeHolder49aSEOU9MTLdeviceS_,174
_ZNU14MTLthreadgroup12TypeHolder49aSEOU14MTLthreadgroupS_,174
_ZNU14MTLthreadgroup12TypeHolder49aSEOS_,174
_ZN12TypeHolder49aSEOU9MTLdeviceS_,174
_ZN12TypeHolder49aSEOU14MTLthreadgroupS_,174
_ZN12TypeHolder50C1ERKS_,174
_ZNU14MTLthreadgroup12TypeHolder50C1ERU9MTLdeviceKS_,174
_ZNU14MTLthreadgroup12TypeHolder50C1ERU14MTLthreadgroupKS_,174
_ZNU14MTLthreadgroup12TypeHolder50C1ERU11MTLconstantKS_,174
_ZNU14MTLthreadgroup12TypeHolder50C1ERKS_,174
_ZNU11MTLconstantK12TypeHolder50C1ERU11MTLconstantKS_,174
_ZNU11MTLconstantK12TypeHolder50C1ERKS_,174
_ZN12TypeHolder50C1ERU9MTLdeviceKS_,174
_ZN12TypeHolder50C1ERU14MTLthreadgroupKS_,174
_ZN12TypeHolder50C1ERU11MTLconstantKS_,174
_ZN12TypeHolder50C1EOS_,174
_ZNU14MTLthreadgroup12TypeHolder50C1EOU9MTLdeviceS_,174
_ZNU14MTLthreadgroup12TypeHolder50C1EOU14MTLthreadgroupS_,174
_ZNU14MTLthreadgroup12TypeHolder50C1EOS_,174
_ZNU11MTLconstantK12TypeHolder50C1EOS_,174
_ZN12TypeHolder50C1EOU9MTLdeviceS_,174
_ZN12TypeHolder50C1EOU14MTLthreadgroupS_,174
_ZN12TypeHolder50aSEOS_,174
_ZNU9MTLdevice12TypeHolder50aSEOU9MTLdeviceS_,174
_ZNU9MTLdevice12TypeHolder50aSEOU14MTLthreadgroupS_,174
_ZNU9MTLdevice12TypeHolder50aSEOS_,174
_ZNU14MTLthreadgroup12TypeHolder50aSEOU9MTLdeviceS_,174
_ZNU14MTLthreadgroup12TypeHolder50aSEOU14MTLthreadgroupS_,174
_ZNU14MTLthreadgroup12TypeHolder50aSEOS_,174
_ZN12TypeHolder50aSEOU9MTLdeviceS_,174
_ZN12TypeHolder50aSEOU14MTLthreadgroupS_,174
types_all,174
_ZN9ArgBufArrC1ERKS_,172
_ZNU14MTLthreadgroup9ArgBufArrC1ERU9MTLdeviceKS_,172
_ZNU14MTLthreadgroup9ArgBufArrC1ERU14MTLthreadgroupKS_,172
_ZNU14MTLthreadgroup9ArgBufArrC1ERU11MTLconstantKS_,172
_ZNU14MTLthreadgroup9ArgBufArrC1ERKS_,172
_ZNU11MTLconstantK9ArgBufArrC1ERU11MTLconstantKS_,172
_ZNU11MTLconstantK9ArgBufArrC1ERKS_,172
_ZN9ArgBufArrC1ERU9MTLdeviceKS_,172
_ZN9ArgBufArrC1ERU14MTLthreadgroupKS_,172
_ZN9ArgBufArrC1ERU11MTLconstantKS_,172
_ZN9ArgBufArrC1EOS_,172
_ZNU14MTLthreadgroup9ArgBufArrC1EOU9MTLdeviceS_,172
_ZNU14MTLthreadgroup9ArgBufArrC1EOU14MTLthreadgroupS_,172
_ZNU14MTLthreadgroup9ArgBufArrC1EOS_,172
_ZNU11MTLconstantK9ArgBufArrC1EOS_,172
_ZN9ArgBufArrC1EOU9MTLdeviceS_,172
_ZN9ArgBufArrC1EOU14MTLthreadgroupS_,172
_ZN9ArgBufArraSERKS_,172
_ZNU9MTLdevice9ArgBufArraSERU9MTLdeviceKS_,172
_ZNU9MTLdevice9ArgBufArraSERU14MTLthreadgroupKS_,172
_ZNU9MTLdevice9ArgBufArraSERU11MTLconstantKS_,172
_ZNU9MTLdevice9ArgBufArraSERKS_,172
_ZNU14MTLthreadgroup9ArgBufArraSERU9MTLdeviceKS_,172
_ZNU14MTLthreadgroup9ArgBufArraSERU14MTLthreadgroupKS_,172
_ZNU14MTLthreadgroup9ArgBufArraSERU11MTLconstantKS_,172
_ZNU14MTLthreadgroup9ArgBufArraSERKS_,172
_ZN9ArgBufArraSERU9MTLdeviceKS_,172
_ZN9ArgBufArraSERU14MTLthreadgroupKS_,172
_ZN9ArgBufArraSERU11MTLconstantKS_,172
_ZN9ArgBufArraSEOS_,172
_ZNU9MTLdevice9ArgBufArraSEOU9MTLdeviceS_,172
_ZNU9MTLdevice9ArgBufArraSEOU14MTLthreadgroupS_,172
_ZNU9MTLdevice9ArgBufArraSEOS_,172
_ZNU14MTLthreadgroup9ArgBufArraSEOU9MTLdeviceS_,172
_ZNU14MTLthreadgroup9ArgBufArraSEOU14MTLthreadgroupS_,172
_ZNU14MTLthreadgroup9ArgBufArraSEOS_,172
_ZN9ArgBufArraSEOU9MTLdeviceS_,172
_ZN9ArgBufArraSEOU14MTLthreadgroupS_,172
args_dump_argument_buffer,172
builtins_dump_m2,172
io_dump_eft,172
_ZNU14MTLthreadgroup9AbiStructC1ERU24MTLthreadgroupimageblockKS_,156
_ZN9AbiStructC1ERU24MTLthreadgroupimageblockKS_,156
_ZNU14MTLthreadgroup9AbiStructC1EOU24MTLthreadgroupimageblockS_,156
_ZN9AbiStructC1EOU24MTLthreadgroupimageblockS_,156
_ZNU9MTLdevice9AbiStructaSEOU24MTLthreadgroupimageblockS_,156
_ZNU14MTLthreadgroup9AbiStructaSEOU24MTLthreadgroupimageblockS_,156
_ZNU24MTLthreadgroupimageblock9AbiStructaSEOU9MTLdeviceS_,156
_ZNU24MTLthreadgroupimageblock9AbiStructaSEOU14MTLthreadgroupS_,156
_ZNU24MTLthreadgroupimageblock9AbiStructaSEOU24MTLthreadgroupimageblockS_,156
_ZNU24MTLthreadgroupimageblock9AbiStructaSEOS_,156
_ZN9AbiStructaSEOU24MTLthreadgroupimageblockS_,156
_ZNU14MTLthreadgroup10AddressBoxC1ERU24MTLthreadgroupimageblockKS_,156
_ZN10AddressBoxC1ERU24MTLthreadgroupimageblockKS_,156
_ZNU14MTLthreadgroup10AddressBoxC1EOU24MTLthreadgroupimageblockS_,156
_ZN10AddressBoxC1EOU24MTLthreadgroupimageblockS_,156
_ZNU14MTLthreadgroup9ArgBufArrC1ERU24MTLthreadgroupimageblockKS_,156
_ZN9ArgBufArrC1ERU24MTLthreadgroupimageblockKS_,156
_ZNU14MTLthreadgroup9ArgBufArrC1EOU24MTLthreadgroupimageblockS_,156
_ZN9ArgBufArrC1EOU24MTLthreadgroupimageblockS_,156
_ZNU9MTLdevice9ArgBufArraSERU24MTLthreadgroupimageblockKS_,156
_ZNU14MTLthreadgroup9ArgBufArraSERU24MTLthreadgroupimageblockKS_,156
_ZNU24MTLthreadgroupimageblock9ArgBufArraSERU9MTLdeviceKS_,156
_ZNU24MTLthreadgroupimageblock9ArgBufArraSERU14MTLthreadgroupKS_,156
_ZNU24MTLthreadgroupimageblock9ArgBufArraSERU11MTLconstantKS_,156
_ZNU24MTLthreadgroupimageblock9ArgBufArraSERU24MTLthreadgroupimageblockKS_,156
_ZNU24MTLthreadgroupimageblock9ArgBufArraSERKS_,156
_ZN9ArgBufArraSERU24MTLthreadgroupimageblockKS_,156
_ZNU9MTLdevice9ArgBufArraSEOU24MTLthreadgroupimageblockS_,156
_ZNU14MTLthreadgroup9ArgBufArraSEOU24MTLthreadgroupimageblockS_,156
_ZNU24MTLthreadgroupimageblock9ArgBufArraSEOU9MTLdeviceS_,156
_ZNU24MTLthreadgroupimageblock9ArgBufArraSEOU14MTLthreadgroupS_,156
_ZNU24MTLthreadgroupimageblock9ArgBufArraSEOU24MTLthreadgroupimageblockS_,156
_ZNU24MTLthreadgroupimageblock9ArgBufArraSEOS_,156
_ZN9ArgBufArraSEOU24MTLthreadgroupimageblockS_,156
_ZNU14MTLthreadgroup12NestedLayoutC1ERU24MTLthreadgroupimageblockKS_,156
_ZN12NestedLayoutC1ERU24MTLthreadgroupimageblockKS_,156
_ZNU14MTLthreadgroup12NestedLayoutC1EOU24MTLthreadgroupimageblockS_,156
_ZN12NestedLayoutC1EOU24MTLthreadgroupimageblockS_,156
_ZNU9MTLdevice4BaseaSERU24MTLthreadgroupimageblockKS_,156
_ZNU14MTLthreadgroup4BaseaSERU24MTLthreadgroupimageblockKS_,156
_ZNU24MTLthreadgroupimageblock4BaseaSERU9MTLdeviceKS_,156
_ZNU24MTLthreadgroupimageblock4BaseaSERU14MTLthreadgroupKS_,156
_ZNU24MTLthreadgroupimageblock4BaseaSERU11MTLconstantKS_,156
_ZNU24MTLthreadgroupimageblock4BaseaSERU24MTLthreadgroupimageblockKS_,156
_ZNU24MTLthreadgroupimageblock4BaseaSERKS_,156
_ZN4BaseaSERU24MTLthreadgroupimageblockKS_,156
_ZNU14MTLthreadgroup7DerivedC1ERU24MTLthreadgroupimageblockKS_,156
_ZN7DerivedC1ERU24MTLthreadgroupimageblockKS_,156
_ZNU14MTLthreadgroup7DerivedC1EOU24MTLthreadgroupimageblockS_,156
_ZN7DerivedC1EOU24MTLthreadgroupimageblockS_,156
_ZNU14MTLthreadgroup1SC1ERU24MTLthreadgroupimageblockKS_,156
_ZN1SC1ERU24MTLthreadgroupimageblockKS_,156
_ZNU14MTLthreadgroup1SC1EOU24MTLthreadgroupimageblockS_,156
_ZN1SC1EOU24MTLthreadgroupimageblockS_,156
_ZNU14MTLthreadgroup2VOC1ERU24MTLthreadgroupimageblockKS_,156
_ZN2VOC1ERU24MTLthreadgroupimageblockKS_,156
_ZNU14MTLthreadgroup2VOC1EOU24MTLthreadgroupimageblockS_,156
_ZN2VOC1EOU24MTLthreadgroupimageblockS_,156
_ZNU14MTLthreadgroup4VOutC1ERU24MTLthreadgroupimageblockKS_,156
_ZN4VOutC1ERU24MTLthreadgroupimageblockKS_,156
_ZNU14MTLthreadgroup4VOutC1EOU24MTLthreadgroupimageblockS_,156
_ZN4VOutC1EOU24MTLthreadgroupimageblockS_,156
_ZNU14MTLthreadgroup11IoVertexOutC1ERU24MTLthreadgroupimageblockKS_,156
_ZN11IoVertexOutC1ERU24MTLthreadgroupimageblockKS_,156
_ZNU14MTLthreadgroup11IoVertexOutC1EOU24MTLthreadgroupimageblockS_,156
_ZN11IoVertexOutC1EOU24MTLthreadgroupimageblockS_,156
_ZNU14MTLthreadgroup10IoFragOutAC1ERU24MTLthreadgroupimageblockKS_,156
_ZN10IoFragOutAC1ERU24MTLthreadgroupimageblockKS_,156
_ZNU14MTLthreadgroup10IoFragOutAC1EOU24MTLthreadgroupimageblockS_,156
_ZN10IoFragOutAC1EOU24MTLthreadgroupimageblockS_,156
_ZNU14MTLthreadgroup10IoFragOutGC1ERU24MTLthreadgroupimageblockKS_,156
_ZN10IoFragOutGC1ERU24MTLthreadgroupimageblockKS_,156
_ZNU14MTLthreadgroup10IoFragOutGC1EOU24MTLthreadgroupimageblockS_,156
_ZN10IoFragOutGC1EOU24MTLthreadgroupimageblockS_,156
_ZNU14MTLthreadgroup10IoFragOutLC1ERU24MTLthreadgroupimageblockKS_,156
_ZN10IoFragOutLC1ERU24MTLthreadgroupimageblockKS_,156
_ZNU14MTLthreadgroup10IoFragOutLC1EOU24MTLthreadgroupimageblockS_,156
_ZN10IoFragOutLC1EOU24MTLthreadgroupimageblockS_,156
_ZNU14MTLthreadgroup5OpBoxC1ERU24MTLthreadgroupimageblockKS_,156
_ZN5OpBoxC1ERU24MTLthreadgroupimageblockKS_,156
_ZNU14MTLthreadgroup5OpBoxC1EOU24MTLthreadgroupimageblockS_,156
_ZN5OpBoxC1EOU24MTLthreadgroupimageblockS_,156
_ZNU14MTLthreadgroup8ArrayBoxIDv4_fLj2EEC1ERU24MTLthreadgroupimageblockKS1_,156
_ZN8ArrayBoxIDv4_fLj2EEC1ERU24MTLthreadgroupimageblockKS1_,156
_ZNU14MTLthreadgroup8ArrayBoxIDv4_fLj2EEC1EOU24MTLthreadgroupimageblockS1_,156
_ZN8ArrayBoxIDv4_fLj2EEC1EOU24MTLthreadgroupimageblockS1_,156
_ZNU14MTLthreadgroup1UC1ERU24MTLthreadgroupimageblockKS_,156
_ZN1UC1ERU24MTLthreadgroupimageblockKS_,156
_ZNU14MTLthreadgroup1UC1EOU24MTLthreadgroupimageblockS_,156
_ZN1UC1EOU24MTLthreadgroupimageblockS_,156
builtins_dump_m21,152
_Z11id_templateIjET_S0_,148
_ZNU14MTLthreadgroup9AbiStructC1ERU10MTLraydataKS_,120
_ZNU10MTLraydata9AbiStructC1ERU9MTLdeviceKS_,120
_ZNU10MTLraydata9AbiStructC1ERU14MTLthreadgroupKS_,120
_ZNU10MTLraydata9AbiStructC1ERU11MTLconstantKS_,120
_ZNU10MTLraydata9AbiStructC1ERU24MTLthreadgroupimageblockKS_,120
_ZNU10MTLraydata9AbiStructC1ERU10MTLraydataKS_,120
_ZNU10MTLraydata9AbiStructC1ERKS_,120
_ZN9AbiStructC1ERU10MTLraydataKS_,120
_ZNU14MTLthreadgroup9AbiStructC1EOU10MTLraydataS_,120
_ZNU10MTLraydata9AbiStructC1EOU9MTLdeviceS_,120
_ZNU10MTLraydata9AbiStructC1EOU14MTLthreadgroupS_,120
_ZNU10MTLraydata9AbiStructC1EOU24MTLthreadgroupimageblockS_,120
_ZNU10MTLraydata9AbiStructC1EOU10MTLraydataS_,120
_ZNU10MTLraydata9AbiStructC1EOS_,120
_ZN9AbiStructC1EOU10MTLraydataS_,120
_ZNU9MTLdevice9AbiStructaSEOU10MTLraydataS_,120
_ZNU14MTLthreadgroup9AbiStructaSEOU10MTLraydataS_,120
_ZNU24MTLthreadgroupimageblock9AbiStructaSEOU10MTLraydataS_,120
_ZNU10MTLraydata9AbiStructaSEOU9MTLdeviceS_,120
_ZNU10MTLraydata9AbiStructaSEOU14MTLthreadgroupS_,120
_ZNU10MTLraydata9AbiStructaSEOU24MTLthreadgroupimageblockS_,120
_ZNU10MTLraydata9AbiStructaSEOU10MTLraydataS_,120
_ZNU10MTLraydata9AbiStructaSEOS_,120
_ZN9AbiStructaSEOU10MTLraydataS_,120
_ZNU10MTLraydata10AddressBoxC1Ev,120
_ZNU14MTLthreadgroup10AddressBoxC1ERU10MTLraydataKS_,120
_ZNU10MTLraydata10AddressBoxC1ERU9MTLdeviceKS_,120
_ZNU10MTLraydata10AddressBoxC1ERU14MTLthreadgroupKS_,120
_ZNU10MTLraydata10AddressBoxC1ERU11MTLconstantKS_,120
_ZNU10MTLraydata10AddressBoxC1ERU24MTLthreadgroupimageblockKS_,120
_ZNU10MTLraydata10AddressBoxC1ERU10MTLraydataKS_,120
_ZNU10MTLraydata10AddressBoxC1ERKS_,120
_ZN10AddressBoxC1ERU10MTLraydataKS_,120
_ZNU14MTLthreadgroup10AddressBoxC1EOU10MTLraydataS_,120
_ZNU10MTLraydata10AddressBoxC1EOU9MTLdeviceS_,120
_ZNU10MTLraydata10AddressBoxC1EOU14MTLthreadgroupS_,120
_ZNU10MTLraydata10AddressBoxC1EOU24MTLthreadgroupimageblockS_,120
_ZNU10MTLraydata10AddressBoxC1EOU10MTLraydataS_,120
_ZNU10MTLraydata10AddressBoxC1EOS_,120
_ZN10AddressBoxC1EOU10MTLraydataS_,120
_ZN10RayPayloadC1ERKS_,120
_ZNU14MTLthreadgroup10RayPayloadC1ERU9MTLdeviceKS_,120
_ZNU14MTLthreadgroup10RayPayloadC1ERU14MTLthreadgroupKS_,120
_ZNU14MTLthreadgroup10RayPayloadC1ERU11MTLconstantKS_,120
_ZNU14MTLthreadgroup10RayPayloadC1ERU24MTLthreadgroupimageblockKS_,120
_ZNU14MTLthreadgroup10RayPayloadC1ERU10MTLraydataKS_,120
_ZNU14MTLthreadgroup10RayPayloadC1ERKS_,120
_ZNU11MTLconstantK10RayPayloadC1ERU11MTLconstantKS_,120
_ZNU11MTLconstantK10RayPayloadC1ERKS_,120
_ZNU10MTLraydata10RayPayloadC1ERU9MTLdeviceKS_,120
_ZNU10MTLraydata10RayPayloadC1ERU14MTLthreadgroupKS_,120
_ZNU10MTLraydata10RayPayloadC1ERU11MTLconstantKS_,120
_ZNU10MTLraydata10RayPayloadC1ERU24MTLthreadgroupimageblockKS_,120
_ZNU10MTLraydata10RayPayloadC1ERU10MTLraydataKS_,120
_ZNU10MTLraydata10RayPayloadC1ERKS_,120
_ZN10RayPayloadC1ERU9MTLdeviceKS_,120
_ZN10RayPayloadC1ERU14MTLthreadgroupKS_,120
_ZN10RayPayloadC1ERU11MTLconstantKS_,120
_ZN10RayPayloadC1ERU24MTLthreadgroupimageblockKS_,120
_ZN10RayPayloadC1ERU10MTLraydataKS_,120
_ZN10RayPayloadC1EOS_,120
_ZNU14MTLthreadgroup10RayPayloadC1EOU9MTLdeviceS_,120
_ZNU14MTLthreadgroup10RayPayloadC1EOU14MTLthreadgroupS_,120
_ZNU14MTLthreadgroup10RayPayloadC1EOU24MTLthreadgroupimageblockS_,120
_ZNU14MTLthreadgroup10RayPayloadC1EOU10MTLraydataS_,120
_ZNU14MTLthreadgroup10RayPayloadC1EOS_,120
_ZNU11MTLconstantK10RayPayloadC1EOS_,120
_ZNU10MTLraydata10RayPayloadC1EOU9MTLdeviceS_,120
_ZNU10MTLraydata10RayPayloadC1EOU14MTLthreadgroupS_,120
_ZNU10MTLraydata10RayPayloadC1EOU24MTLthreadgroupimageblockS_,120
_ZNU10MTLraydata10RayPayloadC1EOU10MTLraydataS_,120
_ZNU10MTLraydata10RayPayloadC1EOS_,120
_ZN10RayPayloadC1EOU9MTLdeviceS_,120
_ZN10RayPayloadC1EOU14MTLthreadgroupS_,120
_ZN10RayPayloadC1EOU24MTLthreadgroupimageblockS_,120
_ZN10RayPayloadC1EOU10MTLraydataS_,120
_ZN10RayPayloadaSERKS_,120
_ZNU9MTLdevice10RayPayloadaSERU9MTLdeviceKS_,120
_ZNU9MTLdevice10RayPayloadaSERU14MTLthreadgroupKS_,120
_ZNU9MTLdevice10RayPayloadaSERU11MTLconstantKS_,120
_ZNU9MTLdevice10RayPayloadaSERU24MTLthreadgroupimageblockKS_,120
_ZNU9MTLdevice10RayPayloadaSERU10MTLraydataKS_,120
_ZNU9MTLdevice10RayPayloadaSERKS_,120
_ZNU14MTLthreadgroup10RayPayloadaSERU9MTLdeviceKS_,120
_ZNU14MTLthreadgroup10RayPayloadaSERU14MTLthreadgroupKS_,120
_ZNU14MTLthreadgroup10RayPayloadaSERU11MTLconstantKS_,120
_ZNU14MTLthreadgroup10RayPayloadaSERU24MTLthreadgroupimageblockKS_,120
_ZNU14MTLthreadgroup10RayPayloadaSERU10MTLraydataKS_,120
_ZNU14MTLthreadgroup10RayPayloadaSERKS_,120
_ZNU24MTLthreadgroupimageblock10RayPayloadaSERU9MTLdeviceKS_,120
_ZNU24MTLthreadgroupimageblock10RayPayloadaSERU14MTLthreadgroupKS_,120
_ZNU24MTLthreadgroupimageblock10RayPayloadaSERU11MTLconstantKS_,120
_ZNU24MTLthreadgroupimageblock10RayPayloadaSERU24MTLthreadgroupimageblockKS_,120
_ZNU24MTLthreadgroupimageblock10RayPayloadaSERU10MTLraydataKS_,120
_ZNU24MTLthreadgroupimageblock10RayPayloadaSERKS_,120
_ZNU10MTLraydata10RayPayloadaSERU9MTLdeviceKS_,120
_ZNU10MTLraydata10RayPayloadaSERU14MTLthreadgroupKS_,120
_ZNU10MTLraydata10RayPayloadaSERU11MTLconstantKS_,120
_ZNU10MTLraydata10RayPayloadaSERU24MTLthreadgroupimageblockKS_,120
_ZNU10MTLraydata10RayPayloadaSERU10MTLraydataKS_,120
_ZNU10MTLraydata10RayPayloadaSERKS_,120
_ZN10RayPayloadaSERU9MTLdeviceKS_,120
_ZN10RayPayloadaSERU14MTLthreadgroupKS_,120
_ZN10RayPayloadaSERU11MTLconstantKS_,120
_ZN10RayPayloadaSERU24MTLthreadgroupimageblockKS_,120
_ZN10RayPayloadaSERU10MTLraydataKS_,120
_ZN10RayPayloadaSEOS_,120
_ZNU9MTLdevice10RayPayloadaSEOU9MTLdeviceS_,120
_ZNU9MTLdevice10RayPayloadaSEOU14MTLthreadgroupS_,120
_ZNU9MTLdevice10RayPayloadaSEOU24MTLthreadgroupimageblockS_,120
_ZNU9MTLdevice10RayPayloadaSEOU10MTLraydataS_,120
_ZNU9MTLdevice10RayPayloadaSEOS_,120
_ZNU14MTLthreadgroup10RayPayloadaSEOU9MTLdeviceS_,120
_ZNU14MTLthreadgroup10RayPayloadaSEOU14MTLthreadgroupS_,120
_ZNU14MTLthreadgroup10RayPayloadaSEOU24MTLthreadgroupimageblockS_,120
_ZNU14MTLthreadgroup10RayPayloadaSEOU10MTLraydataS_,120
_ZNU14MTLthreadgroup10RayPayloadaSEOS_,120
_ZNU24MTLthreadgroupimageblock10RayPayloadaSEOU9MTLdeviceS_,120
_ZNU24MTLthreadgroupimageblock10RayPayloadaSEOU14MTLthreadgroupS_,120
_ZNU24MTLthreadgroupimageblock10RayPayloadaSEOU24MTLthreadgroupimageblockS_,120
_ZNU24MTLthreadgroupimageblock10RayPayloadaSEOU10MTLraydataS_,120
_ZNU24MTLthreadgroupimageblock10RayPayloadaSEOS_,120
_ZNU10MTLraydata10RayPayloadaSEOU9MTLdeviceS_,120
_ZNU10MTLraydata10RayPayloadaSEOU14MTLthreadgroupS_,120
_ZNU10MTLraydata10RayPayloadaSEOU24MTLthreadgroupimageblockS_,120
_ZNU10MTLraydata10RayPayloadaSEOU10MTLraydataS_,120
_ZNU10MTLraydata10RayPayloadaSEOS_,120
_ZN10RayPayloadaSEOU9MTLdeviceS_,120
_ZN10RayPayloadaSEOU14MTLthreadgroupS_,120
_ZN10RayPayloadaSEOU24MTLthreadgroupimageblockS_,120
_ZN10RayPayloadaSEOU10MTLraydataS_,120
_ZN10RayPayloadD1Ev,120
address_spaces_ray_data_all,120
_ZNU14MTLthreadgroup9ArgBufArrC1ERU10MTLraydataKS_,120
_ZNU10MTLraydata9ArgBufArrC1ERU9MTLdeviceKS_,120
_ZNU10MTLraydata9ArgBufArrC1ERU14MTLthreadgroupKS_,120
_ZNU10MTLraydata9ArgBufArrC1ERU11MTLconstantKS_,120
_ZNU10MTLraydata9ArgBufArrC1ERU24MTLthreadgroupimageblockKS_,120
_ZNU10MTLraydata9ArgBufArrC1ERU10MTLraydataKS_,120
_ZNU10MTLraydata9ArgBufArrC1ERKS_,120
_ZN9ArgBufArrC1ERU10MTLraydataKS_,120
_ZNU14MTLthreadgroup9ArgBufArrC1EOU10MTLraydataS_,120
_ZNU10MTLraydata9ArgBufArrC1EOU9MTLdeviceS_,120
_ZNU10MTLraydata9ArgBufArrC1EOU14MTLthreadgroupS_,120
_ZNU10MTLraydata9ArgBufArrC1EOU24MTLthreadgroupimageblockS_,120
_ZNU10MTLraydata9ArgBufArrC1EOU10MTLraydataS_,120
_ZNU10MTLraydata9ArgBufArrC1EOS_,120
_ZN9ArgBufArrC1EOU10MTLraydataS_,120
_ZNU9MTLdevice9ArgBufArraSERU10MTLraydataKS_,120
_ZNU14MTLthreadgroup9ArgBufArraSERU10MTLraydataKS_,120
_ZNU24MTLthreadgroupimageblock9ArgBufArraSERU10MTLraydataKS_,120
_ZNU10MTLraydata9ArgBufArraSERU9MTLdeviceKS_,120
_ZNU10MTLraydata9ArgBufArraSERU14MTLthreadgroupKS_,120
_ZNU10MTLraydata9ArgBufArraSERU11MTLconstantKS_,120
_ZNU10MTLraydata9ArgBufArraSERU24MTLthreadgroupimageblockKS_,120
_ZNU10MTLraydata9ArgBufArraSERU10MTLraydataKS_,120
_ZNU10MTLraydata9ArgBufArraSERKS_,120
_ZN9ArgBufArraSERU10MTLraydataKS_,120
_ZNU9MTLdevice9ArgBufArraSEOU10MTLraydataS_,120
_ZNU14MTLthreadgroup9ArgBufArraSEOU10MTLraydataS_,120
_ZNU24MTLthreadgroupimageblock9ArgBufArraSEOU10MTLraydataS_,120
_ZNU10MTLraydata9ArgBufArraSEOU9MTLdeviceS_,120
_ZNU10MTLraydata9ArgBufArraSEOU14MTLthreadgroupS_,120
_ZNU10MTLraydata9ArgBufArraSEOU24MTLthreadgroupimageblockS_,120
_ZNU10MTLraydata9ArgBufArraSEOU10MTLraydataS_,120
_ZNU10MTLraydata9ArgBufArraSEOS_,120
_ZN9ArgBufArraSEOU10MTLraydataS_,120
_ZNU10MTLraydata12NestedLayoutC1Ev,120
_ZNU14MTLthreadgroup12NestedLayoutC1ERU10MTLraydataKS_,120
_ZNU10MTLraydata12NestedLayoutC1ERU9MTLdeviceKS_,120
_ZNU10MTLraydata12NestedLayoutC1ERU14MTLthreadgroupKS_,120
_ZNU10MTLraydata12NestedLayoutC1ERU11MTLconstantKS_,120
_ZNU10MTLraydata12NestedLayoutC1ERU24MTLthreadgroupimageblockKS_,120
_ZNU10MTLraydata12NestedLayoutC1ERU10MTLraydataKS_,120
_ZNU10MTLraydata12NestedLayoutC1ERKS_,120
_ZN12NestedLayoutC1ERU10MTLraydataKS_,120
_ZNU14MTLthreadgroup12NestedLayoutC1EOU10MTLraydataS_,120
_ZNU10MTLraydata12NestedLayoutC1EOU9MTLdeviceS_,120
_ZNU10MTLraydata12NestedLayoutC1EOU14MTLthreadgroupS_,120
_ZNU10MTLraydata12NestedLayoutC1EOU24MTLthreadgroupimageblockS_,120
_ZNU10MTLraydata12NestedLayoutC1EOU10MTLraydataS_,120
_ZNU10MTLraydata12NestedLayoutC1EOS_,120
_ZN12NestedLayoutC1EOU10MTLraydataS_,120
_ZNU9MTLdevice4BaseaSERU10MTLraydataKS_,120
_ZNU14MTLthreadgroup4BaseaSERU10MTLraydataKS_,120
_ZNU24MTLthreadgroupimageblock4BaseaSERU10MTLraydataKS_,120
_ZNU10MTLraydata4BaseaSERU9MTLdeviceKS_,120
_ZNU10MTLraydata4BaseaSERU14MTLthreadgroupKS_,120
_ZNU10MTLraydata4BaseaSERU11MTLconstantKS_,120
_ZNU10MTLraydata4BaseaSERU24MTLthreadgroupimageblockKS_,120
_ZNU10MTLraydata4BaseaSERU10MTLraydataKS_,120
_ZNU10MTLraydata4BaseaSERKS_,120
_ZN4BaseaSERU10MTLraydataKS_,120
_ZNU10MTLraydata7DerivedC1Ev,120
_ZNU14MTLthreadgroup7DerivedC1ERU10MTLraydataKS_,120
_ZNU10MTLraydata7DerivedC1ERU9MTLdeviceKS_,120
_ZNU10MTLraydata7DerivedC1ERU14MTLthreadgroupKS_,120
_ZNU10MTLraydata7DerivedC1ERU11MTLconstantKS_,120
_ZNU10MTLraydata7DerivedC1ERU24MTLthreadgroupimageblockKS_,120
_ZNU10MTLraydata7DerivedC1ERU10MTLraydataKS_,120
_ZNU10MTLraydata7DerivedC1ERKS_,120
_ZN7DerivedC1ERU10MTLraydataKS_,120
_ZNU14MTLthreadgroup7DerivedC1EOU10MTLraydataS_,120
_ZNU10MTLraydata7DerivedC1EOU9MTLdeviceS_,120
_ZNU10MTLraydata7DerivedC1EOU14MTLthreadgroupS_,120
_ZNU10MTLraydata7DerivedC1EOU24MTLthreadgroupimageblockS_,120
_ZNU10MTLraydata7DerivedC1EOU10MTLraydataS_,120
_ZNU10MTLraydata7DerivedC1EOS_,120
_ZN7DerivedC1EOU10MTLraydataS_,120
_ZNU10MTLraydata1UC1Ev,120
_ZNU14MTLthreadgroup1UC1ERU10MTLraydataKS_,120
_ZNU10MTLraydata1UC1ERU9MTLdeviceKS_,120
_ZNU10MTLraydata1UC1ERU14MTLthreadgroupKS_,120
_ZNU10MTLraydata1UC1ERU11MTLconstantKS_,120
_ZNU10MTLraydata1UC1ERU24MTLthreadgroupimageblockKS_,120
_ZNU10MTLraydata1UC1ERU10MTLraydataKS_,120
_ZNU10MTLraydata1UC1ERKS_,120
_ZN1UC1ERU10MTLraydataKS_,120
_ZNU14MTLthreadgroup1UC1EOU10MTLraydataS_,120
_ZNU10MTLraydata1UC1EOU9MTLdeviceS_,120
_ZNU10MTLraydata1UC1EOU14MTLthreadgroupS_,120
_ZNU10MTLraydata1UC1EOU24MTLthreadgroupimageblockS_,120
_ZNU10MTLraydata1UC1EOU10MTLraydataS_,120
_ZNU10MTLraydata1UC1EOS_,120
_ZN1UC1EOU10MTLraydataS_,120
_ZNU10MTLraydata1SC1Ev,120
_ZNU14MTLthreadgroup1SC1ERU10MTLraydataKS_,120
_ZNU10MTLraydata1SC1ERU9MTLdeviceKS_,120
_ZNU10MTLraydata1SC1ERU14MTLthreadgroupKS_,120
_ZNU10MTLraydata1SC1ERU11MTLconstantKS_,120
_ZNU10MTLraydata1SC1ERU24MTLthreadgroupimageblockKS_,120
_ZNU10MTLraydata1SC1ERU10MTLraydataKS_,120
_ZNU10MTLraydata1SC1ERKS_,120
_ZN1SC1ERU10MTLraydataKS_,120
_ZNU14MTLthreadgroup1SC1EOU10MTLraydataS_,120
_ZNU10MTLraydata1SC1EOU9MTLdeviceS_,120
_ZNU10MTLraydata1SC1EOU14MTLthreadgroupS_,120
_ZNU10MTLraydata1SC1EOU24MTLthreadgroupimageblockS_,120
_ZNU10MTLraydata1SC1EOU10MTLraydataS_,120
_ZNU10MTLraydata1SC1EOS_,120
_ZN1SC1EOU10MTLraydataS_,120
_ZNU10MTLraydata2VOC1Ev,120
_ZNU14MTLthreadgroup2VOC1ERU10MTLraydataKS_,120
_ZNU10MTLraydata2VOC1ERU9MTLdeviceKS_,120
_ZNU10MTLraydata2VOC1ERU14MTLthreadgroupKS_,120
_ZNU10MTLraydata2VOC1ERU11MTLconstantKS_,120
_ZNU10MTLraydata2VOC1ERU24MTLthreadgroupimageblockKS_,120
_ZNU10MTLraydata2VOC1ERU10MTLraydataKS_,120
_ZNU10MTLraydata2VOC1ERKS_,120
_ZN2VOC1ERU10MTLraydataKS_,120
_ZNU14MTLthreadgroup2VOC1EOU10MTLraydataS_,120
_ZNU10MTLraydata2VOC1EOU9MTLdeviceS_,120
_ZNU10MTLraydata2VOC1EOU14MTLthreadgroupS_,120
_ZNU10MTLraydata2VOC1EOU24MTLthreadgroupimageblockS_,120
_ZNU10MTLraydata2VOC1EOU10MTLraydataS_,120
_ZNU10MTLraydata2VOC1EOS_,120
_ZN2VOC1EOU10MTLraydataS_,120
_ZNU10MTLraydata4VOutC1Ev,120
_ZNU14MTLthreadgroup4VOutC1ERU10MTLraydataKS_,120
_ZNU10MTLraydata4VOutC1ERU9MTLdeviceKS_,120
_ZNU10MTLraydata4VOutC1ERU14MTLthreadgroupKS_,120
_ZNU10MTLraydata4VOutC1ERU11MTLconstantKS_,120
_ZNU10MTLraydata4VOutC1ERU24MTLthreadgroupimageblockKS_,120
_ZNU10MTLraydata4VOutC1ERU10MTLraydataKS_,120
_ZNU10MTLraydata4VOutC1ERKS_,120
_ZN4VOutC1ERU10MTLraydataKS_,120
_ZNU14MTLthreadgroup4VOutC1EOU10MTLraydataS_,120
_ZNU10MTLraydata4VOutC1EOU9MTLdeviceS_,120
_ZNU10MTLraydata4VOutC1EOU14MTLthreadgroupS_,120
_ZNU10MTLraydata4VOutC1EOU24MTLthreadgroupimageblockS_,120
_ZNU10MTLraydata4VOutC1EOU10MTLraydataS_,120
_ZNU10MTLraydata4VOutC1EOS_,120
_ZN4VOutC1EOU10MTLraydataS_,120
_ZNU10MTLraydata11IoVertexOutC1Ev,120
_ZNU14MTLthreadgroup11IoVertexOutC1ERU10MTLraydataKS_,120
_ZNU10MTLraydata11IoVertexOutC1ERU9MTLdeviceKS_,120
_ZNU10MTLraydata11IoVertexOutC1ERU14MTLthreadgroupKS_,120
_ZNU10MTLraydata11IoVertexOutC1ERU11MTLconstantKS_,120
_ZNU10MTLraydata11IoVertexOutC1ERU24MTLthreadgroupimageblockKS_,120
_ZNU10MTLraydata11IoVertexOutC1ERU10MTLraydataKS_,120
_ZNU10MTLraydata11IoVertexOutC1ERKS_,120
_ZN11IoVertexOutC1ERU10MTLraydataKS_,120
_ZNU14MTLthreadgroup11IoVertexOutC1EOU10MTLraydataS_,120
_ZNU10MTLraydata11IoVertexOutC1EOU9MTLdeviceS_,120
_ZNU10MTLraydata11IoVertexOutC1EOU14MTLthreadgroupS_,120
_ZNU10MTLraydata11IoVertexOutC1EOU24MTLthreadgroupimageblockS_,120
_ZNU10MTLraydata11IoVertexOutC1EOU10MTLraydataS_,120
_ZNU10MTLraydata11IoVertexOutC1EOS_,120
_ZN11IoVertexOutC1EOU10MTLraydataS_,120
_ZNU10MTLraydata10IoFragOutAC1Ev,120
_ZNU14MTLthreadgroup10IoFragOutAC1ERU10MTLraydataKS_,120
_ZNU10MTLraydata10IoFragOutAC1ERU9MTLdeviceKS_,120
_ZNU10MTLraydata10IoFragOutAC1ERU14MTLthreadgroupKS_,120
_ZNU10MTLraydata10IoFragOutAC1ERU11MTLconstantKS_,120
_ZNU10MTLraydata10IoFragOutAC1ERU24MTLthreadgroupimageblockKS_,120
_ZNU10MTLraydata10IoFragOutAC1ERU10MTLraydataKS_,120
_ZNU10MTLraydata10IoFragOutAC1ERKS_,120
_ZN10IoFragOutAC1ERU10MTLraydataKS_,120
_ZNU14MTLthreadgroup10IoFragOutAC1EOU10MTLraydataS_,120
_ZNU10MTLraydata10IoFragOutAC1EOU9MTLdeviceS_,120
_ZNU10MTLraydata10IoFragOutAC1EOU14MTLthreadgroupS_,120
_ZNU10MTLraydata10IoFragOutAC1EOU24MTLthreadgroupimageblockS_,120
_ZNU10MTLraydata10IoFragOutAC1EOU10MTLraydataS_,120
_ZNU10MTLraydata10IoFragOutAC1EOS_,120
_ZN10IoFragOutAC1EOU10MTLraydataS_,120
_ZNU10MTLraydata10IoFragOutGC1Ev,120
_ZNU14MTLthreadgroup10IoFragOutGC1ERU10MTLraydataKS_,120
_ZNU10MTLraydata10IoFragOutGC1ERU9MTLdeviceKS_,120
_ZNU10MTLraydata10IoFragOutGC1ERU14MTLthreadgroupKS_,120
_ZNU10MTLraydata10IoFragOutGC1ERU11MTLconstantKS_,120
_ZNU10MTLraydata10IoFragOutGC1ERU24MTLthreadgroupimageblockKS_,120
_ZNU10MTLraydata10IoFragOutGC1ERU10MTLraydataKS_,120
_ZNU10MTLraydata10IoFragOutGC1ERKS_,120
_ZN10IoFragOutGC1ERU10MTLraydataKS_,120
_ZNU14MTLthreadgroup10IoFragOutGC1EOU10MTLraydataS_,120
_ZNU10MTLraydata10IoFragOutGC1EOU9MTLdeviceS_,120
_ZNU10MTLraydata10IoFragOutGC1EOU14MTLthreadgroupS_,120
_ZNU10MTLraydata10IoFragOutGC1EOU24MTLthreadgroupimageblockS_,120
_ZNU10MTLraydata10IoFragOutGC1EOU10MTLraydataS_,120
_ZNU10MTLraydata10IoFragOutGC1EOS_,120
_ZN10IoFragOutGC1EOU10MTLraydataS_,120
_ZNU10MTLraydata10IoFragOutLC1Ev,120
_ZNU14MTLthreadgroup10IoFragOutLC1ERU10MTLraydataKS_,120
_ZNU10MTLraydata10IoFragOutLC1ERU9MTLdeviceKS_,120
_ZNU10MTLraydata10IoFragOutLC1ERU14MTLthreadgroupKS_,120
_ZNU10MTLraydata10IoFragOutLC1ERU11MTLconstantKS_,120
_ZNU10MTLraydata10IoFragOutLC1ERU24MTLthreadgroupimageblockKS_,120
_ZNU10MTLraydata10IoFragOutLC1ERU10MTLraydataKS_,120
_ZNU10MTLraydata10IoFragOutLC1ERKS_,120
_ZN10IoFragOutLC1ERU10MTLraydataKS_,120
_ZNU14MTLthreadgroup10IoFragOutLC1EOU10MTLraydataS_,120
_ZNU10MTLraydata10IoFragOutLC1EOU9MTLdeviceS_,120
_ZNU10MTLraydata10IoFragOutLC1EOU14MTLthreadgroupS_,120
_ZNU10MTLraydata10IoFragOutLC1EOU24MTLthreadgroupimageblockS_,120
_ZNU10MTLraydata10IoFragOutLC1EOU10MTLraydataS_,120
_ZNU10MTLraydata10IoFragOutLC1EOS_,120
_ZN10IoFragOutLC1EOU10MTLraydataS_,120
metal_raytracing_object_types_all,120
_ZNU10MTLraydata5OpBoxC1Ev,120
_ZNU14MTLthreadgroup5OpBoxC1ERU10MTLraydataKS_,120
_ZNU10MTLraydata5OpBoxC1ERU9MTLdeviceKS_,120
_ZNU10MTLraydata5OpBoxC1ERU14MTLthreadgroupKS_,120
_ZNU10MTLraydata5OpBoxC1ERU11MTLconstantKS_,120
_ZNU10MTLraydata5OpBoxC1ERU24MTLthreadgroupimageblockKS_,120
_ZNU10MTLraydata5OpBoxC1ERU10MTLraydataKS_,120
_ZNU10MTLraydata5OpBoxC1ERKS_,120
_ZN5OpBoxC1ERU10MTLraydataKS_,120
_ZNU14MTLthreadgroup5OpBoxC1EOU10MTLraydataS_,120
_ZNU10MTLraydata5OpBoxC1EOU9MTLdeviceS_,120
_ZNU10MTLraydata5OpBoxC1EOU14MTLthreadgroupS_,120
_ZNU10MTLraydata5OpBoxC1EOU24MTLthreadgroupimageblockS_,120
_ZNU10MTLraydata5OpBoxC1EOU10MTLraydataS_,120
_ZNU10MTLraydata5OpBoxC1EOS_,120
_ZN5OpBoxC1EOU10MTLraydataS_,120
_ZN8RayQueryC1ERKS_,120
_ZNU14MTLthreadgroup8RayQueryC1ERU9MTLdeviceKS_,120
_ZNU14MTLthreadgroup8RayQueryC1ERU14MTLthreadgroupKS_,120
_ZNU14MTLthreadgroup8RayQueryC1ERU11MTLconstantKS_,120
_ZNU14MTLthreadgroup8RayQueryC1ERU24MTLthreadgroupimageblockKS_,120
_ZNU14MTLthreadgroup8RayQueryC1ERU10MTLraydataKS_,120
_ZNU14MTLthreadgroup8RayQueryC1ERKS_,120
_ZNU11MTLconstantK8RayQueryC1ERU11MTLconstantKS_,120
_ZNU11MTLconstantK8RayQueryC1ERKS_,120
_ZNU10MTLraydata8RayQueryC1ERU9MTLdeviceKS_,120
_ZNU10MTLraydata8RayQueryC1ERU14MTLthreadgroupKS_,120
_ZNU10MTLraydata8RayQueryC1ERU11MTLconstantKS_,120
_ZNU10MTLraydata8RayQueryC1ERU24MTLthreadgroupimageblockKS_,120
_ZNU10MTLraydata8RayQueryC1ERU10MTLraydataKS_,120
_ZNU10MTLraydata8RayQueryC1ERKS_,120
_ZN8RayQueryC1ERU9MTLdeviceKS_,120
_ZN8RayQueryC1ERU14MTLthreadgroupKS_,120
_ZN8RayQueryC1ERU11MTLconstantKS_,120
_ZN8RayQueryC1ERU24MTLthreadgroupimageblockKS_,120
_ZN8RayQueryC1ERU10MTLraydataKS_,120
_ZN8RayQueryC1EOS_,120
_ZNU14MTLthreadgroup8RayQueryC1EOU9MTLdeviceS_,120
_ZNU14MTLthreadgroup8RayQueryC1EOU14MTLthreadgroupS_,120
_ZNU14MTLthreadgroup8RayQueryC1EOU24MTLthreadgroupimageblockS_,120
_ZNU14MTLthreadgroup8RayQueryC1EOU10MTLraydataS_,120
_ZNU14MTLthreadgroup8RayQueryC1EOS_,120
_ZNU11MTLconstantK8RayQueryC1EOS_,120
_ZNU10MTLraydata8RayQueryC1EOU9MTLdeviceS_,120
_ZNU10MTLraydata8RayQueryC1EOU14MTLthreadgroupS_,120
_ZNU10MTLraydata8RayQueryC1EOU24MTLthreadgroupimageblockS_,120
_ZNU10MTLraydata8RayQueryC1EOU10MTLraydataS_,120
_ZNU10MTLraydata8RayQueryC1EOS_,120
_ZN8RayQueryC1EOU9MTLdeviceS_,120
_ZN8RayQueryC1EOU14MTLthreadgroupS_,120
_ZN8RayQueryC1EOU24MTLthreadgroupimageblockS_,120
_ZN8RayQueryC1EOU10MTLraydataS_,120
_ZN8RayQueryaSERKS_,120
_ZNU9MTLdevice8RayQueryaSERU9MTLdeviceKS_,120
_ZNU9MTLdevice8RayQueryaSERU14MTLthreadgroupKS_,120
_ZNU9MTLdevice8RayQueryaSERU11MTLconstantKS_,120
_ZNU9MTLdevice8RayQueryaSERU24MTLthreadgroupimageblockKS_,120
_ZNU9MTLdevice8RayQueryaSERU10MTLraydataKS_,120
_ZNU9MTLdevice8RayQueryaSERKS_,120
_ZNU14MTLthreadgroup8RayQueryaSERU9MTLdeviceKS_,120
_ZNU14MTLthreadgroup8RayQueryaSERU14MTLthreadgroupKS_,120
_ZNU14MTLthreadgroup8RayQueryaSERU11MTLconstantKS_,120
_ZNU14MTLthreadgroup8RayQueryaSERU24MTLthreadgroupimageblockKS_,120
_ZNU14MTLthreadgroup8RayQueryaSERU10MTLraydataKS_,120
_ZNU14MTLthreadgroup8RayQueryaSERKS_,120
_ZNU24MTLthreadgroupimageblock8RayQueryaSERU9MTLdeviceKS_,120
_ZNU24MTLthreadgroupimageblock8RayQueryaSERU14MTLthreadgroupKS_,120
_ZNU24MTLthreadgroupimageblock8RayQueryaSERU11MTLconstantKS_,120
_ZNU24MTLthreadgroupimageblock8RayQueryaSERU24MTLthreadgroupimageblockKS_,120
_ZNU24MTLthreadgroupimageblock8RayQueryaSERU10MTLraydataKS_,120
_ZNU24MTLthreadgroupimageblock8RayQueryaSERKS_,120
_ZNU10MTLraydata8RayQueryaSERU9MTLdeviceKS_,120
_ZNU10MTLraydata8RayQueryaSERU14MTLthreadgroupKS_,120
_ZNU10MTLraydata8RayQueryaSERU11MTLconstantKS_,120
_ZNU10MTLraydata8RayQueryaSERU24MTLthreadgroupimageblockKS_,120
_ZNU10MTLraydata8RayQueryaSERU10MTLraydataKS_,120
_ZNU10MTLraydata8RayQueryaSERKS_,120
_ZN8RayQueryaSERU9MTLdeviceKS_,120
_ZN8RayQueryaSERU14MTLthreadgroupKS_,120
_ZN8RayQueryaSERU11MTLconstantKS_,120
_ZN8RayQueryaSERU24MTLthreadgroupimageblockKS_,120
_ZN8RayQueryaSERU10MTLraydataKS_,120
_ZN8RayQueryaSEOS_,120
_ZNU9MTLdevice8RayQueryaSEOU9MTLdeviceS_,120
_ZNU9MTLdevice8RayQueryaSEOU14MTLthreadgroupS_,120
_ZNU9MTLdevice8RayQueryaSEOU24MTLthreadgroupimageblockS_,120
_ZNU9MTLdevice8RayQueryaSEOU10MTLraydataS_,120
_ZNU9MTLdevice8RayQueryaSEOS_,120
_ZNU14MTLthreadgroup8RayQueryaSEOU9MTLdeviceS_,120
_ZNU14MTLthreadgroup8RayQueryaSEOU14MTLthreadgroupS_,120
_ZNU14MTLthreadgroup8RayQueryaSEOU24MTLthreadgroupimageblockS_,120
_ZNU14MTLthreadgroup8RayQueryaSEOU10MTLraydataS_,120
_ZNU14MTLthreadgroup8RayQueryaSEOS_,120
_ZNU24MTLthreadgroupimageblock8RayQueryaSEOU9MTLdeviceS_,120
_ZNU24MTLthreadgroupimageblock8RayQueryaSEOU14MTLthreadgroupS_,120
_ZNU24MTLthreadgroupimageblock8RayQueryaSEOU24MTLthreadgroupimageblockS_,120
_ZNU24MTLthreadgroupimageblock8RayQueryaSEOU10MTLraydataS_,120
_ZNU24MTLthreadgroupimageblock8RayQueryaSEOS_,120
_ZNU10MTLraydata8RayQueryaSEOU9MTLdeviceS_,120
_ZNU10MTLraydata8RayQueryaSEOU14MTLthreadgroupS_,120
_ZNU10MTLraydata8RayQueryaSEOU24MTLthreadgroupimageblockS_,120
_ZNU10MTLraydata8RayQueryaSEOU10MTLraydataS_,120
_ZNU10MTLraydata8RayQueryaSEOS_,120
_ZN8RayQueryaSEOU9MTLdeviceS_,120
_ZN8RayQueryaSEOU14MTLthreadgroupS_,120
_ZN8RayQueryaSEOU24MTLthreadgroupimageblockS_,120
_ZN8RayQueryaSEOU10MTLraydataS_,120
_ZN8RayQueryC1Ev,120
_ZNU14MTLthreadgroup8RayQueryC1Ev,120
_ZNU11MTLconstantK8RayQueryC1Ev,120
_ZNU10MTLraydata8RayQueryC1Ev,120
raytracing_all,120
raytracing_metal2_all,120
_ZNU10MTLraydata8ArrayBoxIDv4_fLj2EEC1Ev,120
_ZNU14MTLthreadgroup8ArrayBoxIDv4_fLj2EEC1ERU10MTLraydataKS1_,120
_ZNU10MTLraydata8ArrayBoxIDv4_fLj2EEC1ERU9MTLdeviceKS1_,120
_ZNU10MTLraydata8ArrayBoxIDv4_fLj2EEC1ERU14MTLthreadgroupKS1_,120
_ZNU10MTLraydata8ArrayBoxIDv4_fLj2EEC1ERU11MTLconstantKS1_,120
_ZNU10MTLraydata8ArrayBoxIDv4_fLj2EEC1ERU24MTLthreadgroupimageblockKS1_,120
_ZNU10MTLraydata8ArrayBoxIDv4_fLj2EEC1ERU10MTLraydataKS1_,120
_ZNU10MTLraydata8ArrayBoxIDv4_fLj2EEC1ERKS1_,120
_ZN8ArrayBoxIDv4_fLj2EEC1ERU10MTLraydataKS1_,120
_ZNU14MTLthreadgroup8ArrayBoxIDv4_fLj2EEC1EOU10MTLraydataS1_,120
_ZNU10MTLraydata8ArrayBoxIDv4_fLj2EEC1EOU9MTLdeviceS1_,120
_ZNU10MTLraydata8ArrayBoxIDv4_fLj2EEC1EOU14MTLthreadgroupS1_,120
_ZNU10MTLraydata8ArrayBoxIDv4_fLj2EEC1EOU24MTLthreadgroupimageblockS1_,120
_ZNU10MTLraydata8ArrayBoxIDv4_fLj2EEC1EOU10MTLraydataS1_,120
_ZNU10MTLraydata8ArrayBoxIDv4_fLj2EEC1EOS1_,120
_ZN8ArrayBoxIDv4_fLj2EEC1EOU10MTLraydataS1_,120
builtin_atomic_all,118
builtin_geometry_all,118
builtin_math_clamp_all,118
builtin_math_exp_all,118
builtin_math_special_all,118
builtin_raytracing_all,118
builtin_simd_other_all,118
builtin_simd_reduce_all,118
builtin_tex_00_texture1d_sample_float,118
builtin_tex_02_texture1d_write_float,118
builtin_tex_04_texture2d_read_float,118
builtin_tex_06_texture2d_sample_half,118
builtin_tex_08_texture2d_read_uint,118
builtin_tex_10_texture2d_array_read_float,118
builtin_tex_12_texture2d_ms_read_float,118
builtin_tex_14_texture3d_read_float,118
builtin_tex_16_texturecube_sample_float,118
builtin_tex_18_texturecube_array_sample_float,118
builtin_tex_20_texture_buffer_write_float,118
builtin_tex_22_depth2d_read_float,118
builtin_vector_ops_all,118
conv_001_bool_to_uchar,118
conv_003_bool_to_ushort,118
conv_005_bool_to_uint,118
conv_007_bool_to_float,118
conv_009_char_to_uchar,118
conv_011_char_to_ushort,118
conv_013_char_to_uint,118
conv_015_char_to_float,118
conv_017_uchar_to_char,118
conv_019_uchar_to_ushort,118
conv_021_uchar_to_uint,118
conv_023_uchar_to_float,118
conv_025_short_to_char,118
conv_027_short_to_ushort,118
conv_029_short_to_uint,118
conv_031_short_to_float,118
conv_033_ushort_to_char,118
conv_035_ushort_to_short,118
conv_037_ushort_to_uint,118
conv_039_ushort_to_float,118
conv_041_int_to_char,118
conv_043_int_to_short,118
conv_045_int_to_uint,118
conv_047_int_to_float,118
conv_049_uint_to_char,118
conv_051_uint_to_short,118
conv_053_uint_to_int,118
conv_055_uint_to_float,118
conv_057_half_to_char,118
conv_059_half_to_short,118
conv_061_half_to_int,118
conv_063_half_to_float,118
conv_065_float_to_char,118
conv_067_float_to_short,118
conv_069_float_to_int,118
conv_071_float_to_half,118
conv_073_float2_to_float,118
conv_075_float3_to_float,118
conv_077_float4_to_float,118
conv_079_half2_to_half,118
conv_081_half3_to_half,118
conv_083_half4_to_half,118
conv_085_int2_to_int,118
conv_087_int3_to_int,118
conv_089_int4_to_int,118
conv_091_uint2_to_uint,118
conv_093_uint3_to_uint,118
conv_095_uint4_to_uint,118
conv_097_float3_to_half3,118
conv_099_float2_to_int2,118
conv_101_float4_to_int4,118
conv_103_float3_to_uint3,118
conv_105_half2_to_float2,118
conv_107_half4_to_float4,118
conv_109_half3_to_int3,118
conv_111_half2_to_uint2,118
conv_113_half4_to_uint4,118
conv_115_int3_to_float3,118
conv_117_int2_to_half2,118
conv_119_int4_to_half4,118
conv_121_int3_to_uint3,118
conv_123_uint2_to_float2,118
conv_125_uint4_to_float4,118
conv_127_uint3_to_half3,118
conv_129_uint2_to_int2,118
conv_131_uint4_to_int4,118
conv_133_packed_float3_to_float3,118
conv_135_packed_half2_to_half2,118
conv_137_packed_half4_to_half4,118
conv_139_packed_int3_to_int3,118
conv_141_packed_uint2_to_uint2,118
conv_143_packed_uint4_to_uint4,118
conv_145_packed_short3_to_short3,118
conv_147_packed_ushort2_to_ushort2,118
conv_149_packed_ushort4_to_ushort4,118
conv_151_packed_char3_to_char3,118
conv_153_packed_uchar2_to_uchar2,118
conv_155_packed_uchar4_to_uchar4,118
conv_157_mat_float2x3,118
conv_159_mat_float3x2,118
conv_161_mat_float3x4,118
conv_163_mat_float4x3,118
conv_165_mat_half2x2,118
conv_167_mat_half2x4,118
conv_169_mat_half3x3,118
conv_171_mat_half4x2,118
conv_173_mat_half4x4,118
conv_175_astype_uint_to_float,118
conv_177_astype_short_to_half,118
conv_179_astype_uint2_to_float2,118
conv_181_astype_short_to_half2,118
conv_183_astype_uint_to_int,118
_ZN1A1aEv,118
_ZN1B1bEv,118
_ZN1C1cEv,118
_ZN1CC1Ev,118
_ZNU14MTLthreadgroup1CC1Ev,118
_ZNU11MTLconstantK1CC1Ev,118
_ZN1CC1ERKS_,118
_ZNU14MTLthreadgroup1CC1ERU9MTLdeviceKS_,118
_ZNU14MTLthreadgroup1CC1ERU14MTLthreadgroupKS_,118
_ZNU14MTLthreadgroup1CC1ERU11MTLconstantKS_,118
_ZNU14MTLthreadgroup1CC1ERKS_,118
_ZNU11MTLconstantK1CC1ERU11MTLconstantKS_,118
_ZNU11MTLconstantK1CC1ERKS_,118
_ZN1CC1ERU9MTLdeviceKS_,118
_ZN1CC1ERU14MTLthreadgroupKS_,118
_ZN1CC1ERU11MTLconstantKS_,118
_ZN1CC1EOS_,118
_ZNU14MTLthreadgroup1CC1EOU9MTLdeviceS_,118
_ZNU14MTLthreadgroup1CC1EOU14MTLthreadgroupS_,118
_ZNU14MTLthreadgroup1CC1EOS_,118
_ZNU11MTLconstantK1CC1EOS_,118
_ZN1CC1EOU9MTLdeviceS_,118
_ZN1CC1EOU14MTLthreadgroupS_,118
_ZdlPv,118
_ZdaPv,118
_Z7counterv,118
_ZZ7countervE1c,118
_Z3sumIJiiiiEEiDpT_,118
_Z4add1i,118
_ZN4Size5valueE,118
_ZN4SizeIAT0__T_E5valueE,118
_Z9factoriali,118
_ZN3VecC1Ev,118
_ZNU14MTLthreadgroup3VecC1Ev,118
_ZNU11MTLconstantK3VecC1Ev,118
_ZN3VecC1ERKS_,118
_ZNU14MTLthreadgroup3VecC1ERU9MTLdeviceKS_,118
_ZNU14MTLthreadgroup3VecC1ERU14MTLthreadgroupKS_,118
_ZNU14MTLthreadgroup3VecC1ERU11MTLconstantKS_,118
_ZNU14MTLthreadgroup3VecC1ERKS_,118
_ZNU11MTLconstantK3VecC1ERU11MTLconstantKS_,118
_ZNU11MTLconstantK3VecC1ERKS_,118
_ZN3VecC1ERU9MTLdeviceKS_,118
_ZN3VecC1ERU14MTLthreadgroupKS_,118
_ZN3VecC1ERU11MTLconstantKS_,118
_ZN3VecC1EOS_,118
_ZNU14MTLthreadgroup3VecC1EOU9MTLdeviceS_,118
_ZNU14MTLthreadgroup3VecC1EOU14MTLthreadgroupS_,118
_ZNU14MTLthreadgroup3VecC1EOS_,118
_ZNU11MTLconstantK3VecC1EOS_,118
_ZN3VecC1EOU9MTLdeviceS_,118
_ZN3VecC1EOU14MTLthreadgroupS_,118
_ZN3VecD1Ev,118
_Zpl3VecS_,118
_ZN3Fib5valueE,118
_ZN3FibILi0EE5valueE,118
_ZN3FibILi1EE5valueE,118
_Z1hii,118
_Z6minus1i,118
_ZNK2P23sumEv,118
_ZN2P2D1Ev,118
_ZN2P2C1Ev,118
_ZNU14MTLthreadgroup2P2C1Ev,118
_ZNU11MTLconstantK2P2C1Ev,118
_ZN2P2C1ERKS_,118
_ZNU14MTLthreadgroup2P2C1ERU9MTLdeviceKS_,118
_ZNU14MTLthreadgroup2P2C1ERU14MTLthreadgroupKS_,118
_ZNU14MTLthreadgroup2P2C1ERU11MTLconstantKS_,118
_ZNU14MTLthreadgroup2P2C1ERKS_,118
_ZNU11MTLconstantK2P2C1ERU11MTLconstantKS_,118
_ZNU11MTLconstantK2P2C1ERKS_,118
_ZN2P2C1ERU9MTLdeviceKS_,118
_ZN2P2C1ERU14MTLthreadgroupKS_,118
_ZN2P2C1ERU11MTLconstantKS_,118
_ZN2P2C1EOS_,118
_ZNU14MTLthreadgroup2P2C1EOU9MTLdeviceS_,118
_ZNU14MTLthreadgroup2P2C1EOU14MTLthreadgroupS_,118
_ZNU14MTLthreadgroup2P2C1EOS_,118
_ZNU11MTLconstantK2P2C1EOS_,118
_ZN2P2C1EOU9MTLdeviceS_,118
_ZN2P2C1EOU14MTLthreadgroupS_,118
_Zpl2P2S_,118
_Z1ff,118
_ZN2MxIiE2idEi,118
_ZN2MxIDhE2idEDh,118
_Z2f0v,118
_Z2f1v,118
_Z2f2v,118
_Z2f3v,118
_Z2f4v,118
_Z2f5v,118
_Z2f6v,118
_Z2f7v,118
_Z2f8v,118
_Z2f9v,118
_Z3f10v,118
_Z3f11v,118
_Z3f12v,118
_Z3f13v,118
_Z3f14v,118
_Z3f15v,118
_Z3f16v,118
_Z3f17v,118
_Z3f18v,118
_Z3f19v,118
_Z3f20v,118
_Z3f21v,118
_Z3f22v,118
_Z3f23v,118
_Z3f24v,118
_Z3f25v,118
_Z3f26v,118
_Z3f27v,118
_Z3f28v,118
_Z3f29v,118
_Z3f30v,118
_Z3f31v,118
_Z3f32v,118
_Z3f33v,118
_Z3f34v,118
_Z3f35v,118
_Z3f36v,118
_Z3f37v,118
_Z3f38v,118
_Z3f39v,118
_Z3f40v,118
_Z3f41v,118
_Z3f42v,118
_Z3f43v,118
_Z3f44v,118
_Z3f45v,118
_Z3f46v,118
_Z3f47v,118
_Z3f48v,118
_Z3f49v,118
_ZZ1kPU9MTLdeviceiE1x,118
_ZN1SaSERKS_,118
_ZNU9MTLdevice1SaSERU9MTLdeviceKS_,118
_ZNU9MTLdevice1SaSERU14MTLthreadgroupKS_,118
_ZNU9MTLdevice1SaSERU11MTLconstantKS_,118
_ZNU9MTLdevice1SaSERKS_,118
_ZNU14MTLthreadgroup1SaSERU9MTLdeviceKS_,118
_ZNU14MTLthreadgroup1SaSERU14MTLthreadgroupKS_,118
_ZNU14MTLthreadgroup1SaSERU11MTLconstantKS_,118
_ZNU14MTLthreadgroup1SaSERKS_,118
_ZN1SaSERU9MTLdeviceKS_,118
_ZN1SaSERU14MTLthreadgroupKS_,118
_ZN1SaSERU11MTLconstantKS_,118
_ZN1SaSEOS_,118
_ZNU9MTLdevice1SaSEOU9MTLdeviceS_,118
_ZNU9MTLdevice1SaSEOU14MTLthreadgroupS_,118
_ZNU9MTLdevice1SaSEOS_,118
_ZNU14MTLthreadgroup1SaSEOU9MTLdeviceS_,118
_ZNU14MTLthreadgroup1SaSEOU14MTLthreadgroupS_,118
_ZNU14MTLthreadgroup1SaSEOS_,118
_ZN1SaSEOU9MTLdeviceS_,118
_ZN1SaSEOU14MTLthreadgroupS_,118
_ZN1SD1Ev,118
_ZL18use_half_precision,118
_ZL5width,118
_ZL6height,118
_ZN10DimensionsC1Ev,118
_ZNU14MTLthreadgroup10DimensionsC1Ev,118
_ZNU11MTLconstantK10DimensionsC1Ev,118
_ZN10DimensionsC1ERKS_,118
_ZNU14MTLthreadgroup10DimensionsC1ERU9MTLdeviceKS_,118
_ZNU14MTLthreadgroup10DimensionsC1ERU14MTLthreadgroupKS_,118
_ZNU14MTLthreadgroup10DimensionsC1ERU11MTLconstantKS_,118
_ZNU14MTLthreadgroup10DimensionsC1ERKS_,118
_ZNU11MTLconstantK10DimensionsC1ERU11MTLconstantKS_,118
_ZNU11MTLconstantK10DimensionsC1ERKS_,118
_ZN10DimensionsC1ERU9MTLdeviceKS_,118
_ZN10DimensionsC1ERU14MTLthreadgroupKS_,118
_ZN10DimensionsC1ERU11MTLconstantKS_,118
_ZN10DimensionsC1EOS_,118
_ZNU14MTLthreadgroup10DimensionsC1EOU9MTLdeviceS_,118
_ZNU14MTLthreadgroup10DimensionsC1EOU14MTLthreadgroupS_,118
_ZNU14MTLthreadgroup10DimensionsC1EOS_,118
_ZNU11MTLconstantK10DimensionsC1EOS_,118
_ZN10DimensionsC1EOU9MTLdeviceS_,118
_ZN10DimensionsC1EOU14MTLthreadgroupS_,118
_ZL14enable_feature,118
_ZL15iteration_count,118
_ZL5alpha,118
_ZL11max_threads,118
_ZL9tile_size,118
intrinsics_half_ops_all,118
intrinsics_math_binary_all,118
intrinsics_math_unary_all,118
intrinsics_texture_ops_all,118
_ZN3FO4C1Ev,118
_ZNU14MTLthreadgroup3FO4C1Ev,118
_ZNU11MTLconstantK3FO4C1Ev,118
_ZN3FO4C1ERKS_,118
_ZNU14MTLthreadgroup3FO4C1ERU9MTLdeviceKS_,118
_ZNU14MTLthreadgroup3FO4C1ERU14MTLthreadgroupKS_,118
_ZNU14MTLthreadgroup3FO4C1ERU11MTLconstantKS_,118
_ZNU14MTLthreadgroup3FO4C1ERKS_,118
_ZNU11MTLconstantK3FO4C1ERU11MTLconstantKS_,118
_ZNU11MTLconstantK3FO4C1ERKS_,118
_ZN3FO4C1ERU9MTLdeviceKS_,118
_ZN3FO4C1ERU14MTLthreadgroupKS_,118
_ZN3FO4C1ERU11MTLconstantKS_,118
_ZN3FO4C1EOS_,118
_ZNU14MTLthreadgroup3FO4C1EOU9MTLdeviceS_,118
_ZNU14MTLthreadgroup3FO4C1EOU14MTLthreadgroupS_,118
_ZNU14MTLthreadgroup3FO4C1EOS_,118
_ZNU11MTLconstantK3FO4C1EOS_,118
_ZN3FO4C1EOU9MTLdeviceS_,118
_ZN3FO4C1EOU14MTLthreadgroupS_,118
_ZN3VOrC1Ev,118
_ZNU14MTLthreadgroup3VOrC1Ev,118
_ZNU11MTLconstantK3VOrC1Ev,118
_ZN3VOrC1ERKS_,118
_ZNU14MTLthreadgroup3VOrC1ERU9MTLdeviceKS_,118
_ZNU14MTLthreadgroup3VOrC1ERU14MTLthreadgroupKS_,118
_ZNU14MTLthreadgroup3VOrC1ERU11MTLconstantKS_,118
_ZNU14MTLthreadgroup3VOrC1ERKS_,118
_ZNU11MTLconstantK3VOrC1ERU11MTLconstantKS_,118
_ZNU11MTLconstantK3VOrC1ERKS_,118
_ZN3VOrC1ERU9MTLdeviceKS_,118
_ZN3VOrC1ERU14MTLthreadgroupKS_,118
_ZN3VOrC1ERU11MTLconstantKS_,118
_ZN3VOrC1EOS_,118
_ZNU14MTLthreadgroup3VOrC1EOU9MTLdeviceS_,118
_ZNU14MTLthreadgroup3VOrC1EOU14MTLthreadgroupS_,118
_ZNU14MTLthreadgroup3VOrC1EOS_,118
_ZNU11MTLconstantK3VOrC1EOS_,118
_ZN3VOrC1EOU9MTLdeviceS_,118
_ZN3VOrC1EOU14MTLthreadgroupS_,118
vv,118
ff,118
_ZN3VO4C1Ev,118
_ZNU14MTLthreadgroup3VO4C1Ev,118
_ZNU11MTLconstantK3VO4C1Ev,118
_ZN3VO4C1ERKS_,118
_ZNU14MTLthreadgroup3VO4C1ERU9MTLdeviceKS_,118
_ZNU14MTLthreadgroup3VO4C1ERU14MTLthreadgroupKS_,118
_ZNU14MTLthreadgroup3VO4C1ERU11MTLconstantKS_,118
_ZNU14MTLthreadgroup3VO4C1ERKS_,118
_ZNU11MTLconstantK3VO4C1ERU11MTLconstantKS_,118
_ZNU11MTLconstantK3VO4C1ERKS_,118
_ZN3VO4C1ERU9MTLdeviceKS_,118
_ZN3VO4C1ERU14MTLthreadgroupKS_,118
_ZN3VO4C1ERU11MTLconstantKS_,118
_ZN3VO4C1EOS_,118
_ZNU14MTLthreadgroup3VO4C1EOU9MTLdeviceS_,118
_ZNU14MTLthreadgroup3VO4C1EOU14MTLthreadgroupS_,118
_ZNU14MTLthreadgroup3VO4C1EOS_,118
_ZNU11MTLconstantK3VO4C1EOS_,118
_ZN3VO4C1EOU9MTLdeviceS_,118
_ZN3VO4C1EOU14MTLthreadgroupS_,118
_ZN3VO1C1Ev,118
_ZNU14MTLthreadgroup3VO1C1Ev,118
_ZNU11MTLconstantK3VO1C1Ev,118
_ZN3VO1C1ERKS_,118
_ZNU14MTLthreadgroup3VO1C1ERU9MTLdeviceKS_,118
_ZNU14MTLthreadgroup3VO1C1ERU14MTLthreadgroupKS_,118
_ZNU14MTLthreadgroup3VO1C1ERU11MTLconstantKS_,118
_ZNU14MTLthreadgroup3VO1C1ERKS_,118
_ZNU11MTLconstantK3VO1C1ERU11MTLconstantKS_,118
_ZNU11MTLconstantK3VO1C1ERKS_,118
_ZN3VO1C1ERU9MTLdeviceKS_,118
_ZN3VO1C1ERU14MTLthreadgroupKS_,118
_ZN3VO1C1ERU11MTLconstantKS_,118
_ZN3VO1C1EOS_,118
_ZNU14MTLthreadgroup3VO1C1EOU9MTLdeviceS_,118
_ZNU14MTLthreadgroup3VO1C1EOU14MTLthreadgroupS_,118
_ZNU14MTLthreadgroup3VO1C1EOS_,118
_ZNU11MTLconstantK3VO1C1EOS_,118
_ZN3VO1C1EOU9MTLdeviceS_,118
_ZN3VO1C1EOU14MTLthreadgroupS_,118
_ZN3VOuC1Ev,118
_ZNU14MTLthreadgroup3VOuC1Ev,118
_ZNU11MTLconstantK3VOuC1Ev,118
_ZN3VOuC1ERKS_,118
_ZNU14MTLthreadgroup3VOuC1ERU9MTLdeviceKS_,118
_ZNU14MTLthreadgroup3VOuC1ERU14MTLthreadgroupKS_,118
_ZNU14MTLthreadgroup3VOuC1ERU11MTLconstantKS_,118
_ZNU14MTLthreadgroup3VOuC1ERKS_,118
_ZNU11MTLconstantK3VOuC1ERU11MTLconstantKS_,118
_ZNU11MTLconstantK3VOuC1ERKS_,118
_ZN3VOuC1ERU9MTLdeviceKS_,118
_ZN3VOuC1ERU14MTLthreadgroupKS_,118
_ZN3VOuC1ERU11MTLconstantKS_,118
_ZN3VOuC1EOS_,118
_ZNU14MTLthreadgroup3VOuC1EOU9MTLdeviceS_,118
_ZNU14MTLthreadgroup3VOuC1EOU14MTLthreadgroupS_,118
_ZNU14MTLthreadgroup3VOuC1EOS_,118
_ZNU11MTLconstantK3VOuC1EOS_,118
_ZN3VOuC1EOU9MTLdeviceS_,118
_ZN3VOuC1EOU14MTLthreadgroupS_,118
k_add,118
k_mul,118
k_max,118
k_min,118
v_main,118
f_main,118
k_main,118
k_sample,118
k_read,118
k_write,118
_ZN2A8C1Ev,118
_ZNU14MTLthreadgroup2A8C1Ev,118
_ZNU11MTLconstantK2A8C1Ev,118
_ZN2A8C1ERKS_,118
_ZNU14MTLthreadgroup2A8C1ERU9MTLdeviceKS_,118
_ZNU14MTLthreadgroup2A8C1ERU14MTLthreadgroupKS_,118
_ZNU14MTLthreadgroup2A8C1ERU11MTLconstantKS_,118
_ZNU14MTLthreadgroup2A8C1ERKS_,118
_ZNU11MTLconstantK2A8C1ERU11MTLconstantKS_,118
_ZNU11MTLconstantK2A8C1ERKS_,118
_ZN2A8C1ERU9MTLdeviceKS_,118
_ZN2A8C1ERU14MTLthreadgroupKS_,118
_ZN2A8C1ERU11MTLconstantKS_,118
_ZN2A8C1EOS_,118
_ZNU14MTLthreadgroup2A8C1EOU9MTLdeviceS_,118
_ZNU14MTLthreadgroup2A8C1EOU14MTLthreadgroupS_,118
_ZNU14MTLthreadgroup2A8C1EOS_,118
_ZNU11MTLconstantK2A8C1EOS_,118
_ZN2A8C1EOU9MTLdeviceS_,118
_ZN2A8C1EOU14MTLthreadgroupS_,118
_ZN3A16C1Ev,118
_ZNU14MTLthreadgroup3A16C1Ev,118
_ZNU11MTLconstantK3A16C1Ev,118
_ZN3A16C1ERKS_,118
_ZNU14MTLthreadgroup3A16C1ERU9MTLdeviceKS_,118
_ZNU14MTLthreadgroup3A16C1ERU14MTLthreadgroupKS_,118
_ZNU14MTLthreadgroup3A16C1ERU11MTLconstantKS_,118
_ZNU14MTLthreadgroup3A16C1ERKS_,118
_ZNU11MTLconstantK3A16C1ERU11MTLconstantKS_,118
_ZNU11MTLconstantK3A16C1ERKS_,118
_ZN3A16C1ERU9MTLdeviceKS_,118
_ZN3A16C1ERU14MTLthreadgroupKS_,118
_ZN3A16C1ERU11MTLconstantKS_,118
_ZN3A16C1EOS_,118
_ZNU14MTLthreadgroup3A16C1EOU9MTLdeviceS_,118
_ZNU14MTLthreadgroup3A16C1EOU14MTLthreadgroupS_,118
_ZNU14MTLthreadgroup3A16C1EOS_,118
_ZNU11MTLconstantK3A16C1EOS_,118
_ZN3A16C1EOU9MTLdeviceS_,118
_ZN3A16C1EOU14MTLthreadgroupS_,118
_ZN3A32C1Ev,118
_ZNU14MTLthreadgroup3A32C1Ev,118
_ZNU11MTLconstantK3A32C1Ev,118
_ZN3A32C1ERKS_,118
_ZNU14MTLthreadgroup3A32C1ERU9MTLdeviceKS_,118
_ZNU14MTLthreadgroup3A32C1ERU14MTLthreadgroupKS_,118
_ZNU14MTLthreadgroup3A32C1ERU11MTLconstantKS_,118
_ZNU14MTLthreadgroup3A32C1ERKS_,118
_ZNU11MTLconstantK3A32C1ERU11MTLconstantKS_,118
_ZNU11MTLconstantK3A32C1ERKS_,118
_ZN3A32C1ERU9MTLdeviceKS_,118
_ZN3A32C1ERU14MTLthreadgroupKS_,118
_ZN3A32C1ERU11MTLconstantKS_,118
_ZN3A32C1EOS_,118
_ZNU14MTLthreadgroup3A32C1EOU9MTLdeviceS_,118
_ZNU14MTLthreadgroup3A32C1EOU14MTLthreadgroupS_,118
_ZNU14MTLthreadgroup3A32C1EOS_,118
_ZNU11MTLconstantK3A32C1EOS_,118
_ZN3A32C1EOU9MTLdeviceS_,118
_ZN3A32C1EOU14MTLthreadgroupS_,118
_ZL3fc0,118
_ZL4fc31,118
_ZN2AlC1Ev,118
_ZNU14MTLthreadgroup2AlC1Ev,118
_ZNU11MTLconstantK2AlC1Ev,118
_ZN2AlC1ERKS_,118
_ZNU14MTLthreadgroup2AlC1ERU9MTLdeviceKS_,118
_ZNU14MTLthreadgroup2AlC1ERU14MTLthreadgroupKS_,118
_ZNU14MTLthreadgroup2AlC1ERU11MTLconstantKS_,118
_ZNU14MTLthreadgroup2AlC1ERKS_,118
_ZNU11MTLconstantK2AlC1ERU11MTLconstantKS_,118
_ZNU11MTLconstantK2AlC1ERKS_,118
_ZN2AlC1ERU9MTLdeviceKS_,118
_ZN2AlC1ERU14MTLthreadgroupKS_,118
_ZN2AlC1ERU11MTLconstantKS_,118
_ZN2AlC1EOS_,118
_ZNU14MTLthreadgroup2AlC1EOU9MTLdeviceS_,118
_ZNU14MTLthreadgroup2AlC1EOU14MTLthreadgroupS_,118
_ZNU14MTLthreadgroup2AlC1EOS_,118
_ZNU11MTLconstantK2AlC1EOS_,118
_ZN2AlC1EOU9MTLdeviceS_,118
_ZN2AlC1EOU14MTLthreadgroupS_,118
vk,118
texm_000_texture2d_sample_basic_float,118
texm_002_texture2d_sample_bias_float,118
texm_004_texture2d_sample_offset_float,118
texm_006_texture2d_gather_offset_float,118
texm_008_texture2d_read_lod_float,118
texm_010_texture2d_sample_basic_half,118
texm_012_texture2d_sample_bias_half,118
texm_014_texture2d_sample_offset_half,118
texm_016_texture2d_gather_offset_half,118
texm_018_texture2d_read_lod_half,118
texm_020_texture2d_sample_basic_int,118
texm_022_texture2d_sample_bias_int,118
texm_024_texture2d_sample_offset_int,118
texm_026_texture2d_gather_offset_int,118
texm_028_texture2d_read_lod_int,118
texm_030_texture2d_sample_basic_uint,118
texm_032_texture2d_sample_bias_uint,118
texm_034_texture2d_sample_offset_uint,118
texm_036_texture2d_gather_offset_uint,118
texm_038_texture2d_read_lod_uint,118
texm_040_texture2d_array_sample_basic_float,118
texm_042_texture2d_array_sample_bias_float,118
texm_044_texture2d_array_sample_offset_float,118
texm_046_texture2d_array_gather_offset_float,118
texm_048_texture2d_array_read_lod_float,118
texm_050_texture2d_array_sample_basic_half,118
texm_052_texture2d_array_sample_bias_half,118
texm_054_texture2d_array_sample_offset_half,118
texm_056_texture2d_array_gather_offset_half,118
texm_058_texture2d_array_read_lod_half,118
texm_060_texture2d_array_sample_basic_int,118
texm_062_texture2d_array_sample_bias_int,118
texm_064_texture2d_array_sample_offset_int,118
texm_066_texture2d_array_gather_offset_int,118
texm_068_texture2d_array_read_lod_int,118
texm_070_texture2d_array_sample_basic_uint,118
texm_072_texture2d_array_sample_bias_uint,118
texm_074_texture2d_array_sample_offset_uint,118
texm_076_texture2d_array_gather_offset_uint,118
texm_078_texture2d_array_read_lod_uint,118
texm_080_texture1d_sample_basic_float,118
texm_082_texture1d_sample_bias_float,118
texm_084_texture1d_sample_offset_float,118
texm_086_texture1d_read_lod_float,118
texm_088_texture1d_sample_basic_half,118
texm_090_texture1d_sample_bias_half,118
texm_092_texture1d_sample_offset_half,118
texm_094_texture1d_read_lod_half,118
texm_096_texture1d_sample_basic_int,118
texm_098_texture1d_sample_bias_int,118
texm_100_texture1d_sample_offset_int,118
texm_102_texture1d_read_lod_int,118
texm_104_texture1d_sample_basic_uint,118
texm_106_texture1d_sample_bias_uint,118
texm_108_texture1d_sample_offset_uint,118
texm_110_texture1d_read_lod_uint,118
texm_112_texture3d_sample_basic_float,118
texm_114_texture3d_sample_bias_float,118
texm_116_texture3d_sample_offset_float,118
texm_118_texture3d_read_lod_float,118
texm_120_texture3d_sample_basic_half,118
texm_122_texture3d_sample_bias_half,118
texm_124_texture3d_sample_offset_half,118
texm_126_texture3d_read_lod_half,118
texm_128_texture3d_sample_basic_int,118
texm_130_texture3d_sample_bias_int,118
texm_132_texture3d_sample_offset_int,118
texm_134_texture3d_read_lod_int,118
texm_136_texture3d_sample_basic_uint,118
texm_138_texture3d_sample_bias_uint,118
texm_140_texture3d_sample_offset_uint,118
texm_142_texture3d_read_lod_uint,118
texm_144_texturecube_sample_basic_float,118
texm_146_texturecube_sample_bias_float,118
texm_148_texturecube_read_basic_float,118
texm_150_texturecube_write_float,118
texm_152_texturecube_sample_level_half,118
texm_154_texturecube_sample_offset_half,118
texm_156_texturecube_read_lod_half,118
texm_158_texturecube_sample_basic_int,118
texm_160_texturecube_sample_bias_int,118
texm_162_texturecube_read_basic_int,118
texm_164_texturecube_write_int,118
texm_166_texturecube_sample_level_uint,118
texm_168_texturecube_sample_offset_uint,118
texm_170_texturecube_read_lod_uint,118
texq_172_texture2d_get_width,118
texq_174_texture2d_get_num_mip_levels,118
texq_176_texture2d_array_get_height,118
texq_178_texture2d_array_get_num_mip_levels,118
texq_180_texture1d_get_height,118
texq_182_texture3d_get_width,118
texq_184_texture3d_get_depth,118
texq_186_texturecube_get_width,118
texq_188_texturecube_get_num_mip_levels,118
_ZN6TGDataC1Ev,118
_ZNU14MTLthreadgroup6TGDataC1Ev,118
_ZNU11MTLconstantK6TGDataC1Ev,118
_ZN6TGDataC1ERKS_,118
_ZNU14MTLthreadgroup6TGDataC1ERU9MTLdeviceKS_,118
_ZNU14MTLthreadgroup6TGDataC1ERU14MTLthreadgroupKS_,118
_ZNU14MTLthreadgroup6TGDataC1ERU11MTLconstantKS_,118
_ZNU14MTLthreadgroup6TGDataC1ERKS_,118
_ZNU11MTLconstantK6TGDataC1ERU11MTLconstantKS_,118
_ZNU11MTLconstantK6TGDataC1ERKS_,118
_ZN6TGDataC1ERU9MTLdeviceKS_,118
_ZN6TGDataC1ERU14MTLthreadgroupKS_,118
_ZN6TGDataC1ERU11MTLconstantKS_,118
_ZN6TGDataC1EOS_,118
_ZNU14MTLthreadgroup6TGDataC1EOU9MTLdeviceS_,118
_ZNU14MTLthreadgroup6TGDataC1EOU14MTLthreadgroupS_,118
_ZNU14MTLthreadgroup6TGDataC1EOS_,118
_ZNU11MTLconstantK6TGDataC1EOS_,118
_ZN6TGDataC1EOU9MTLdeviceS_,118
_ZN6TGDataC1EOU14MTLthreadgroupS_,118
_Z6helperi,118
__metal_simd_prefix_exclusive_sum,118
__metal_simd_prefix_inclusive_sum,118
builtin_color_all,118
builtin_integer_all,118
builtin_math_compare_all,118
builtin_math_round_all,118
builtin_math_trig_all,118
builtin_simd_matrix_all,118
builtin_simd_prefix_all,118
builtin_simd_shuffle_all,118
builtin_tex_01_texture1d_read_float,118
builtin_tex_03_texture2d_sample_float,118
builtin_tex_05_texture2d_write_float,118
builtin_tex_07_texture2d_read_int,118
builtin_tex_09_texture2d_array_sample_float,118
builtin_tex_11_texture2d_array_write_float,118
builtin_tex_13_texture3d_sample_float,118
builtin_tex_15_texture3d_write_float,118
builtin_tex_17_texturecube_read_float,118
builtin_tex_19_texture_buffer_read_float,118
builtin_tex_21_depth2d_sample_float,118
builtin_tex_23_depthcube_sample_float,118
conv_000_bool_to_char,118
conv_002_bool_to_short,118
conv_004_bool_to_int,118
conv_006_bool_to_half,118
conv_008_char_to_bool,118
conv_010_char_to_short,118
conv_012_char_to_int,118
conv_014_char_to_half,118
conv_016_uchar_to_bool,118
conv_018_uchar_to_short,118
conv_020_uchar_to_int,118
conv_022_uchar_to_half,118
conv_024_short_to_bool,118
conv_026_short_to_uchar,118
conv_028_short_to_int,118
conv_030_short_to_half,118
conv_032_ushort_to_bool,118
conv_034_ushort_to_uchar,118
conv_036_ushort_to_int,118
conv_038_ushort_to_half,118
conv_040_int_to_bool,118
conv_042_int_to_uchar,118
conv_044_int_to_ushort,118
conv_046_int_to_half,118
conv_048_uint_to_bool,118
conv_050_uint_to_uchar,118
conv_052_uint_to_ushort,118
conv_054_uint_to_half,118
conv_056_half_to_bool,118
conv_058_half_to_uchar,118
conv_060_half_to_ushort,118
conv_062_half_to_uint,118
conv_064_float_to_bool,118
conv_066_float_to_uchar,118
conv_068_float_to_ushort,118
conv_070_float_to_uint,118
conv_072_float_to_float2,118
conv_074_float_to_float3,118
conv_076_float_to_float4,118
conv_078_half_to_half2,118
conv_080_half_to_half3,118
conv_082_half_to_half4,118
conv_084_int_to_int2,118
conv_086_int_to_int3,118
conv_088_int_to_int4,118
conv_090_uint_to_uint2,118
conv_092_uint_to_uint3,118
conv_094_uint_to_uint4,118
conv_096_float2_to_half2,118
conv_098_float4_to_half4,118
conv_100_float3_to_int3,118
conv_102_float2_to_uint2,118
conv_104_float4_to_uint4,118
conv_106_half3_to_float3,118
conv_108_half2_to_int2,118
conv_110_half4_to_int4,118
conv_112_half3_to_uint3,118
conv_114_int2_to_float2,118
conv_116_int4_to_float4,118
conv_118_int3_to_half3,118
conv_120_int2_to_uint2,118
conv_122_int4_to_uint4,118
conv_124_uint3_to_float3,118
conv_126_uint2_to_half2,118
conv_128_uint4_to_half4,118
conv_130_uint3_to_int3,118
conv_132_packed_float2_to_float2,118
conv_134_packed_float4_to_float4,118
conv_136_packed_half3_to_half3,118
conv_138_packed_int2_to_int2,118
conv_140_packed_int4_to_int4,118
conv_142_packed_uint3_to_uint3,118
conv_144_packed_short2_to_short2,118
conv_146_packed_short4_to_short4,118
conv_148_packed_ushort3_to_ushort3,118
conv_150_packed_char2_to_char2,118
conv_152_packed_char4_to_char4,118
conv_154_packed_uchar3_to_uchar3,118
conv_156_mat_float2x2,118
conv_158_mat_float2x4,118
conv_160_mat_float3x3,118
conv_162_mat_float4x2,118
conv_164_mat_float4x4,118
conv_166_mat_half2x3,118
conv_168_mat_half3x2,118
conv_170_mat_half3x4,118
conv_172_mat_half4x3,118
conv_174_astype_float_to_uint,118
conv_176_astype_half_to_short,118
conv_178_astype_float2_to_uint2,118
conv_180_astype_half2_to_short,118
conv_182_astype_int_to_uint,118
_ZN4Base1fEv,118
_ZN4BaseaSEOS_,118
_ZNU9MTLdevice4BaseaSEOU9MTLdeviceS_,118
_ZNU9MTLdevice4BaseaSEOU14MTLthreadgroupS_,118
_ZNU9MTLdevice4BaseaSEOS_,118
_ZNU14MTLthreadgroup4BaseaSEOU9MTLdeviceS_,118
_ZNU14MTLthreadgroup4BaseaSEOU14MTLthreadgroupS_,118
_ZNU14MTLthreadgroup4BaseaSEOS_,118
_ZN4BaseaSEOU9MTLdeviceS_,118
_ZN4BaseaSEOU14MTLthreadgroupS_,118
_ZN7Derived1fEv,118
tl,118
_Z8fold_sumIJiiiEEiDpT_,118
_Z5checkIfEiv,118
_ZN2ns3fooEv,118
_ZN2BfC1Ev,118
_ZNU14MTLthreadgroup2BfC1Ev,118
_ZNU11MTLconstantK2BfC1Ev,118
_ZN2BfC1ERKS_,118
_ZNU14MTLthreadgroup2BfC1ERU9MTLdeviceKS_,118
_ZNU14MTLthreadgroup2BfC1ERU14MTLthreadgroupKS_,118
_ZNU14MTLthreadgroup2BfC1ERU11MTLconstantKS_,118
_ZNU14MTLthreadgroup2BfC1ERKS_,118
_ZNU11MTLconstantK2BfC1ERU11MTLconstantKS_,118
_ZNU11MTLconstantK2BfC1ERKS_,118
_ZN2BfC1ERU9MTLdeviceKS_,118
_ZN2BfC1ERU14MTLthreadgroupKS_,118
_ZN2BfC1ERU11MTLconstantKS_,118
_ZN2BfC1EOS_,118
_ZNU14MTLthreadgroup2BfC1EOU9MTLdeviceS_,118
_ZNU14MTLthreadgroup2BfC1EOU14MTLthreadgroupS_,118
_ZNU14MTLthreadgroup2BfC1EOS_,118
_ZNU11MTLconstantK2BfC1EOS_,118
_ZN2BfC1EOU9MTLdeviceS_,118
_ZN2BfC1EOU14MTLthreadgroupS_,118
_Z8safe_divIfvET_S0_S0_,118
_Z2sqi,118
_ZN2nn1vEv,118
_ZN2nn5inner1wEv,118
_Z1gPi,118
_Z1gPU9MTLdevicei,118
_Z4convIiEN5metal9enable_ifIXsr5metal11is_integralIT_EE5valueES2_E4typeES2_,118
_Z5twiceIiET_S0_,118
_Z6helperj,118
_Z3addIjET_S0_S0_,118
g,118
_ZN1VC1Ev,118
_ZNU14MTLthreadgroup1VC1Ev,118
_ZNU11MTLconstantK1VC1Ev,118
_ZN1VC1ERKS_,118
_ZNU14MTLthreadgroup1VC1ERU9MTLdeviceKS_,118
_ZNU14MTLthreadgroup1VC1ERU14MTLthreadgroupKS_,118
_ZNU14MTLthreadgroup1VC1ERU11MTLconstantKS_,118
_ZNU14MTLthreadgroup1VC1ERKS_,118
_ZNU11MTLconstantK1VC1ERU11MTLconstantKS_,118
_ZNU11MTLconstantK1VC1ERKS_,118
_ZN1VC1ERU9MTLdeviceKS_,118
_ZN1VC1ERU14MTLthreadgroupKS_,118
_ZN1VC1ERU11MTLconstantKS_,118
_ZN1VC1EOS_,118
_ZNU14MTLthreadgroup1VC1EOU9MTLdeviceS_,118
_ZNU14MTLthreadgroup1VC1EOU14MTLthreadgroupS_,118
_ZNU14MTLthreadgroup1VC1EOS_,118
_ZNU11MTLconstantK1VC1EOS_,118
_ZN1VC1EOU9MTLdeviceS_,118
_ZN1VC1EOU14MTLthreadgroupS_,118
_ZL10use_path_a,118
_ZL5scale,118
_ZL9threshold,118
_ZL11buffer_size,118
has_feature_probe,118
intrinsics_integer_ops_all,118
intrinsics_math_ternary_all,118
intrinsics_simd_ops_all,118
intrinsics_vector_ops_all,118
_ZN3FO2C1Ev,118
_ZNU14MTLthreadgroup3FO2C1Ev,118
_ZNU11MTLconstantK3FO2C1Ev,118
_ZN3FO2C1ERKS_,118
_ZNU14MTLthreadgroup3FO2C1ERU9MTLdeviceKS_,118
_ZNU14MTLthreadgroup3FO2C1ERU14MTLthreadgroupKS_,118
_ZNU14MTLthreadgroup3FO2C1ERU11MTLconstantKS_,118
_ZNU14MTLthreadgroup3FO2C1ERKS_,118
_ZNU11MTLconstantK3FO2C1ERU11MTLconstantKS_,118
_ZNU11MTLconstantK3FO2C1ERKS_,118
_ZN3FO2C1ERU9MTLdeviceKS_,118
_ZN3FO2C1ERU14MTLthreadgroupKS_,118
_ZN3FO2C1ERU11MTLconstantKS_,118
_ZN3FO2C1EOS_,118
_ZNU14MTLthreadgroup3FO2C1EOU9MTLdeviceS_,118
_ZNU14MTLthreadgroup3FO2C1EOU14MTLthreadgroupS_,118
_ZNU14MTLthreadgroup3FO2C1EOS_,118
_ZNU11MTLconstantK3FO2C1EOS_,118
_ZN3FO2C1EOU9MTLdeviceS_,118
_ZN3FO2C1EOU14MTLthreadgroupS_,118
_ZN2FOC1Ev,118
_ZNU14MTLthreadgroup2FOC1Ev,118
_ZNU11MTLconstantK2FOC1Ev,118
_ZN2FOC1ERKS_,118
_ZNU14MTLthreadgroup2FOC1ERU9MTLdeviceKS_,118
_ZNU14MTLthreadgroup2FOC1ERU14MTLthreadgroupKS_,118
_ZNU14MTLthreadgroup2FOC1ERU11MTLconstantKS_,118
_ZNU14MTLthreadgroup2FOC1ERKS_,118
_ZNU11MTLconstantK2FOC1ERU11MTLconstantKS_,118
_ZNU11MTLconstantK2FOC1ERKS_,118
_ZN2FOC1ERU9MTLdeviceKS_,118
_ZN2FOC1ERU14MTLthreadgroupKS_,118
_ZN2FOC1ERU11MTLconstantKS_,118
_ZN2FOC1EOS_,118
_ZNU14MTLthreadgroup2FOC1EOU9MTLdeviceS_,118
_ZNU14MTLthreadgroup2FOC1EOU14MTLthreadgroupS_,118
_ZNU14MTLthreadgroup2FOC1EOS_,118
_ZNU11MTLconstantK2FOC1EOS_,118
_ZN2FOC1EOU9MTLdeviceS_,118
_ZN2FOC1EOU14MTLthreadgroupS_,118
_ZN3FOmC1Ev,118
_ZNU14MTLthreadgroup3FOmC1Ev,118
_ZNU11MTLconstantK3FOmC1Ev,118
_ZN3FOmC1ERKS_,118
_ZNU14MTLthreadgroup3FOmC1ERU9MTLdeviceKS_,118
_ZNU14MTLthreadgroup3FOmC1ERU14MTLthreadgroupKS_,118
_ZNU14MTLthreadgroup3FOmC1ERU11MTLconstantKS_,118
_ZNU14MTLthreadgroup3FOmC1ERKS_,118
_ZNU11MTLconstantK3FOmC1ERU11MTLconstantKS_,118
_ZNU11MTLconstantK3FOmC1ERKS_,118
_ZN3FOmC1ERU9MTLdeviceKS_,118
_ZN3FOmC1ERU14MTLthreadgroupKS_,118
_ZN3FOmC1ERU11MTLconstantKS_,118
_ZN3FOmC1EOS_,118
_ZNU14MTLthreadgroup3FOmC1EOU9MTLdeviceS_,118
_ZNU14MTLthreadgroup3FOmC1EOU14MTLthreadgroupS_,118
_ZNU14MTLthreadgroup3FOmC1EOS_,118
_ZNU11MTLconstantK3FOmC1EOS_,118
_ZN3FOmC1EOU9MTLdeviceS_,118
_ZN3FOmC1EOU14MTLthreadgroupS_,118
_ZN3VOcC1Ev,118
_ZNU14MTLthreadgroup3VOcC1Ev,118
_ZNU11MTLconstantK3VOcC1Ev,118
_ZN3VOcC1ERKS_,118
_ZNU14MTLthreadgroup3VOcC1ERU9MTLdeviceKS_,118
_ZNU14MTLthreadgroup3VOcC1ERU14MTLthreadgroupKS_,118
_ZNU14MTLthreadgroup3VOcC1ERU11MTLconstantKS_,118
_ZNU14MTLthreadgroup3VOcC1ERKS_,118
_ZNU11MTLconstantK3VOcC1ERU11MTLconstantKS_,118
_ZNU11MTLconstantK3VOcC1ERKS_,118
_ZN3VOcC1ERU9MTLdeviceKS_,118
_ZN3VOcC1ERU14MTLthreadgroupKS_,118
_ZN3VOcC1ERU11MTLconstantKS_,118
_ZN3VOcC1EOS_,118
_ZNU14MTLthreadgroup3VOcC1EOU9MTLdeviceS_,118
_ZNU14MTLthreadgroup3VOcC1EOU14MTLthreadgroupS_,118
_ZNU14MTLthreadgroup3VOcC1EOS_,118
_ZNU11MTLconstantK3VOcC1EOS_,118
_ZN3VOcC1EOU9MTLdeviceS_,118
_ZN3VOcC1EOU14MTLthreadgroupS_,118
_ZN3VOpC1Ev,118
_ZNU14MTLthreadgroup3VOpC1Ev,118
_ZNU11MTLconstantK3VOpC1Ev,118
_ZN3VOpC1ERKS_,118
_ZNU14MTLthreadgroup3VOpC1ERU9MTLdeviceKS_,118
_ZNU14MTLthreadgroup3VOpC1ERU14MTLthreadgroupKS_,118
_ZNU14MTLthreadgroup3VOpC1ERU11MTLconstantKS_,118
_ZNU14MTLthreadgroup3VOpC1ERKS_,118
_ZNU11MTLconstantK3VOpC1ERU11MTLconstantKS_,118
_ZNU11MTLconstantK3VOpC1ERKS_,118
_ZN3VOpC1ERU9MTLdeviceKS_,118
_ZN3VOpC1ERU14MTLthreadgroupKS_,118
_ZN3VOpC1ERU11MTLconstantKS_,118
_ZN3VOpC1EOS_,118
_ZNU14MTLthreadgroup3VOpC1EOU9MTLdeviceS_,118
_ZNU14MTLthreadgroup3VOpC1EOU14MTLthreadgroupS_,118
_ZNU14MTLthreadgroup3VOpC1EOS_,118
_ZNU11MTLconstantK3VOpC1EOS_,118
_ZN3VOpC1EOU9MTLdeviceS_,118
_ZN3VOpC1EOU14MTLthreadgroupS_,118
kernel_a,118
kernel_b,118
k_fallback,118
k_process_a,118
k_process_b,118
_ZL10helper_addff,118
_Z10helper_mulff,118
k_using_add,118
k_using_mul,118
_ZL4fc15,118
_ZN2PMC1Ev,118
_ZNU14MTLthreadgroup2PMC1Ev,118
_ZNU11MTLconstantK2PMC1Ev,118
_ZN2PMC1ERKS_,118
_ZNU14MTLthreadgroup2PMC1ERU9MTLdeviceKS_,118
_ZNU14MTLthreadgroup2PMC1ERU14MTLthreadgroupKS_,118
_ZNU14MTLthreadgroup2PMC1ERU11MTLconstantKS_,118
_ZNU14MTLthreadgroup2PMC1ERKS_,118
_ZNU11MTLconstantK2PMC1ERU11MTLconstantKS_,118
_ZNU11MTLconstantK2PMC1ERKS_,118
_ZN2PMC1ERU9MTLdeviceKS_,118
_ZN2PMC1ERU14MTLthreadgroupKS_,118
_ZN2PMC1ERU11MTLconstantKS_,118
_ZN2PMC1EOS_,118
_ZNU14MTLthreadgroup2PMC1EOU9MTLdeviceS_,118
_ZNU14MTLthreadgroup2PMC1EOU14MTLthreadgroupS_,118
_ZNU14MTLthreadgroup2PMC1EOS_,118
_ZNU11MTLconstantK2PMC1EOS_,118
_ZN2PMC1EOU9MTLdeviceS_,118
_ZN2PMC1EOU14MTLthreadgroupS_,118
texm_001_texture2d_sample_level_float,118
texm_003_texture2d_sample_gradient_float,118
texm_005_texture2d_gather_basic_float,118
texm_007_texture2d_read_basic_float,118
texm_009_texture2d_write_float,118
texm_011_texture2d_sample_level_half,118
texm_013_texture2d_sample_gradient_half,118
texm_015_texture2d_gather_basic_half,118
texm_017_texture2d_read_basic_half,118
texm_019_texture2d_write_half,118
texm_021_texture2d_sample_level_int,118
texm_023_texture2d_sample_gradient_int,118
texm_025_texture2d_gather_basic_int,118
texm_027_texture2d_read_basic_int,118
texm_029_texture2d_write_int,118
texm_031_texture2d_sample_level_uint,118
texm_033_texture2d_sample_gradient_uint,118
texm_035_texture2d_gather_basic_uint,118
texm_037_texture2d_read_basic_uint,118
texm_039_texture2d_write_uint,118
texm_041_texture2d_array_sample_level_float,118
texm_043_texture2d_array_sample_gradient_float,118
texm_045_texture2d_array_gather_basic_float,118
texm_047_texture2d_array_read_basic_float,118
texm_049_texture2d_array_write_float,118
texm_051_texture2d_array_sample_level_half,118
texm_053_texture2d_array_sample_gradient_half,118
texm_055_texture2d_array_gather_basic_half,118
texm_057_texture2d_array_read_basic_half,118
texm_059_texture2d_array_write_half,118
texm_061_texture2d_array_sample_level_int,118
texm_063_texture2d_array_sample_gradient_int,118
texm_065_texture2d_array_gather_basic_int,118
texm_067_texture2d_array_read_basic_int,118
texm_069_texture2d_array_write_int,118
texm_071_texture2d_array_sample_level_uint,118
texm_073_texture2d_array_sample_gradient_uint,118
texm_075_texture2d_array_gather_basic_uint,118
texm_077_texture2d_array_read_basic_uint,118
texm_079_texture2d_array_write_uint,118
texm_081_texture1d_sample_level_float,118
texm_083_texture1d_sample_gradient_float,118
texm_085_texture1d_read_basic_float,118
texm_087_texture1d_write_float,118
texm_089_texture1d_sample_level_half,118
texm_091_texture1d_sample_gradient_half,118
texm_093_texture1d_read_basic_half,118
texm_095_texture1d_write_half,118
texm_097_texture1d_sample_level_int,118
texm_099_texture1d_sample_gradient_int,118
texm_101_texture1d_read_basic_int,118
texm_103_texture1d_write_int,118
texm_105_texture1d_sample_level_uint,118
texm_107_texture1d_sample_gradient_uint,118
texm_109_texture1d_read_basic_uint,118
texm_111_texture1d_write_uint,118
texm_113_texture3d_sample_level_float,118
texm_115_texture3d_sample_gradient_float,118
texm_117_texture3d_read_basic_float,118
texm_119_texture3d_write_float,118
texm_121_texture3d_sample_level_half,118
texm_123_texture3d_sample_gradient_half,118
texm_125_texture3d_read_basic_half,118
texm_127_texture3d_write_half,118
texm_129_texture3d_sample_level_int,118
texm_131_texture3d_sample_gradient_int,118
texm_133_texture3d_read_basic_int,118
texm_135_texture3d_write_int,118
texm_137_texture3d_sample_level_uint,118
texm_139_texture3d_sample_gradient_uint,118
texm_141_texture3d_read_basic_uint,118
texm_143_texture3d_write_uint,118
texm_145_texturecube_sample_level_float,118
texm_147_texturecube_sample_offset_float,118
texm_149_texturecube_read_lod_float,118
texm_151_texturecube_sample_basic_half,118
texm_153_texturecube_sample_bias_half,118
texm_155_texturecube_read_basic_half,118
texm_157_texturecube_write_half,118
texm_159_texturecube_sample_level_int,118
texm_161_texturecube_sample_offset_int,118
texm_163_texturecube_read_lod_int,118
texm_165_texturecube_sample_basic_uint,118
texm_167_texturecube_sample_bias_uint,118
texm_169_texturecube_read_basic_uint,118
texm_171_texturecube_write_uint,118
texq_173_texture2d_get_height,118
texq_175_texture2d_array_get_width,118
texq_177_texture2d_array_get_array_size,118
texq_179_texture1d_get_width,118
texq_181_texture1d_get_num_mip_levels,118
texq_183_texture3d_get_height,118
texq_185_texture3d_get_num_mip_levels,118
texq_187_texturecube_get_height,118
_ZN9AlignedTGC1Ev,118
_ZNU14MTLthreadgroup9AlignedTGC1Ev,118
_ZNU11MTLconstantK9AlignedTGC1Ev,118
_ZN9AlignedTGC1ERKS_,118
_ZNU14MTLthreadgroup9AlignedTGC1ERU9MTLdeviceKS_,118
_ZNU14MTLthreadgroup9AlignedTGC1ERU14MTLthreadgroupKS_,118
_ZNU14MTLthreadgroup9AlignedTGC1ERU11MTLconstantKS_,118
_ZNU14MTLthreadgroup9AlignedTGC1ERKS_,118
_ZNU11MTLconstantK9AlignedTGC1ERU11MTLconstantKS_,118
_ZNU11MTLconstantK9AlignedTGC1ERKS_,118
_ZN9AlignedTGC1ERU9MTLdeviceKS_,118
_ZN9AlignedTGC1ERU14MTLthreadgroupKS_,118
_ZN9AlignedTGC1ERU11MTLconstantKS_,118
_ZN9AlignedTGC1EOS_,118
_ZNU14MTLthreadgroup9AlignedTGC1EOU9MTLdeviceS_,118
_ZNU14MTLthreadgroup9AlignedTGC1EOU14MTLthreadgroupS_,118
_ZNU14MTLthreadgroup9AlignedTGC1EOS_,118
_ZNU11MTLconstantK9AlignedTGC1EOS_,118
_ZN9AlignedTGC1EOU9MTLdeviceS_,118
_ZN9AlignedTGC1EOU14MTLthreadgroupS_,118
_ZN8PackedTGC1Ev,118
_ZNU14MTLthreadgroup8PackedTGC1Ev,118
_ZNU11MTLconstantK8PackedTGC1Ev,118
_ZN8PackedTGC1ERKS_,118
_ZNU14MTLthreadgroup8PackedTGC1ERU9MTLdeviceKS_,118
_ZNU14MTLthreadgroup8PackedTGC1ERU14MTLthreadgroupKS_,118
_ZNU14MTLthreadgroup8PackedTGC1ERU11MTLconstantKS_,118
_ZNU14MTLthreadgroup8PackedTGC1ERKS_,118
_ZNU11MTLconstantK8PackedTGC1ERU11MTLconstantKS_,118
_ZNU11MTLconstantK8PackedTGC1ERKS_,118
_ZN8PackedTGC1ERU9MTLdeviceKS_,118
_ZN8PackedTGC1ERU14MTLthreadgroupKS_,118
_ZN8PackedTGC1ERU11MTLconstantKS_,118
_ZN8PackedTGC1EOS_,118
_ZNU14MTLthreadgroup8PackedTGC1EOU9MTLdeviceS_,118
_ZNU14MTLthreadgroup8PackedTGC1EOU14MTLthreadgroupS_,118
_ZNU14MTLthreadgroup8PackedTGC1EOS_,118
_ZNU11MTLconstantK8PackedTGC1EOS_,118
_ZN8PackedTGC1EOU9MTLdeviceS_,118
_ZN8PackedTGC1EOU14MTLthreadgroupS_,118
_Z3minIfET_S0_S0_,118
_ZL6helperi,118
k_fb,118
_ZNU14MTLthreadgroup9AbiStructC1ERU13MTLobjectdataKS_,88
_ZNU10MTLraydata9AbiStructC1ERU13MTLobjectdataKS_,88
_ZN9AbiStructC1ERU13MTLobjectdataKS_,88
_ZNU14MTLthreadgroup9AbiStructC1EOU13MTLobjectdataS_,88
_ZNU10MTLraydata9AbiStructC1EOU13MTLobjectdataS_,88
_ZN9AbiStructC1EOU13MTLobjectdataS_,88
_ZNU9MTLdevice9AbiStructaSEOU13MTLobjectdataS_,88
_ZNU14MTLthreadgroup9AbiStructaSEOU13MTLobjectdataS_,88
_ZNU24MTLthreadgroupimageblock9AbiStructaSEOU13MTLobjectdataS_,88
_ZNU10MTLraydata9AbiStructaSEOU13MTLobjectdataS_,88
_ZNU13MTLobjectdata9AbiStructaSEOU9MTLdeviceS_,88
_ZNU13MTLobjectdata9AbiStructaSEOU14MTLthreadgroupS_,88
_ZNU13MTLobjectdata9AbiStructaSEOU24MTLthreadgroupimageblockS_,88
_ZNU13MTLobjectdata9AbiStructaSEOU10MTLraydataS_,88
_ZNU13MTLobjectdata9AbiStructaSEOU13MTLobjectdataS_,88
_ZNU13MTLobjectdata9AbiStructaSEOS_,88
_ZN9AbiStructaSEOU13MTLobjectdataS_,88
_ZNU14MTLthreadgroup10AddressBoxC1ERU13MTLobjectdataKS_,88
_ZNU10MTLraydata10AddressBoxC1ERU13MTLobjectdataKS_,88
_ZN10AddressBoxC1ERU13MTLobjectdataKS_,88
_ZNU14MTLthreadgroup10AddressBoxC1EOU13MTLobjectdataS_,88
_ZNU10MTLraydata10AddressBoxC1EOU13MTLobjectdataS_,88
_ZN10AddressBoxC1EOU13MTLobjectdataS_,88
_ZNU14MTLthreadgroup10RayPayloadC1ERU13MTLobjectdataKS_,88
_ZNU10MTLraydata10RayPayloadC1ERU13MTLobjectdataKS_,88
_ZN10RayPayloadC1ERU13MTLobjectdataKS_,88
_ZNU14MTLthreadgroup10RayPayloadC1EOU13MTLobjectdataS_,88
_ZNU10MTLraydata10RayPayloadC1EOU13MTLobjectdataS_,88
_ZN10RayPayloadC1EOU13MTLobjectdataS_,88
_ZNU9MTLdevice10RayPayloadaSERU13MTLobjectdataKS_,88
_ZNU14MTLthreadgroup10RayPayloadaSERU13MTLobjectdataKS_,88
_ZNU24MTLthreadgroupimageblock10RayPayloadaSERU13MTLobjectdataKS_,88
_ZNU10MTLraydata10RayPayloadaSERU13MTLobjectdataKS_,88
_ZNU13MTLobjectdata10RayPayloadaSERU9MTLdeviceKS_,88
_ZNU13MTLobjectdata10RayPayloadaSERU14MTLthreadgroupKS_,88
_ZNU13MTLobjectdata10RayPayloadaSERU11MTLconstantKS_,88
_ZNU13MTLobjectdata10RayPayloadaSERU24MTLthreadgroupimageblockKS_,88
_ZNU13MTLobjectdata10RayPayloadaSERU10MTLraydataKS_,88
_ZNU13MTLobjectdata10RayPayloadaSERU13MTLobjectdataKS_,88
_ZNU13MTLobjectdata10RayPayloadaSERKS_,88
_ZN10RayPayloadaSERU13MTLobjectdataKS_,88
_ZNU9MTLdevice10RayPayloadaSEOU13MTLobjectdataS_,88
_ZNU14MTLthreadgroup10RayPayloadaSEOU13MTLobjectdataS_,88
_ZNU24MTLthreadgroupimageblock10RayPayloadaSEOU13MTLobjectdataS_,88
_ZNU10MTLraydata10RayPayloadaSEOU13MTLobjectdataS_,88
_ZNU13MTLobjectdata10RayPayloadaSEOU9MTLdeviceS_,88
_ZNU13MTLobjectdata10RayPayloadaSEOU14MTLthreadgroupS_,88
_ZNU13MTLobjectdata10RayPayloadaSEOU24MTLthreadgroupimageblockS_,88
_ZNU13MTLobjectdata10RayPayloadaSEOU10MTLraydataS_,88
_ZNU13MTLobjectdata10RayPayloadaSEOU13MTLobjectdataS_,88
_ZNU13MTLobjectdata10RayPayloadaSEOS_,88
_ZN10RayPayloadaSEOU13MTLobjectdataS_,88
_ZNU14MTLthreadgroup9ArgBufArrC1ERU13MTLobjectdataKS_,88
_ZNU10MTLraydata9ArgBufArrC1ERU13MTLobjectdataKS_,88
_ZN9ArgBufArrC1ERU13MTLobjectdataKS_,88
_ZNU14MTLthreadgroup9ArgBufArrC1EOU13MTLobjectdataS_,88
_ZNU10MTLraydata9ArgBufArrC1EOU13MTLobjectdataS_,88
_ZN9ArgBufArrC1EOU13MTLobjectdataS_,88
_ZNU9MTLdevice9ArgBufArraSERU13MTLobjectdataKS_,88
_ZNU14MTLthreadgroup9ArgBufArraSERU13MTLobjectdataKS_,88
_ZNU24MTLthreadgroupimageblock9ArgBufArraSERU13MTLobjectdataKS_,88
_ZNU10MTLraydata9ArgBufArraSERU13MTLobjectdataKS_,88
_ZNU13MTLobjectdata9ArgBufArraSERU9MTLdeviceKS_,88
_ZNU13MTLobjectdata9ArgBufArraSERU14MTLthreadgroupKS_,88
_ZNU13MTLobjectdata9ArgBufArraSERU11MTLconstantKS_,88
_ZNU13MTLobjectdata9ArgBufArraSERU24MTLthreadgroupimageblockKS_,88
_ZNU13MTLobjectdata9ArgBufArraSERU10MTLraydataKS_,88
_ZNU13MTLobjectdata9ArgBufArraSERU13MTLobjectdataKS_,88
_ZNU13MTLobjectdata9ArgBufArraSERKS_,88
_ZN9ArgBufArraSERU13MTLobjectdataKS_,88
_ZNU9MTLdevice9ArgBufArraSEOU13MTLobjectdataS_,88
_ZNU14MTLthreadgroup9ArgBufArraSEOU13MTLobjectdataS_,88
_ZNU24MTLthreadgroupimageblock9ArgBufArraSEOU13MTLobjectdataS_,88
_ZNU10MTLraydata9ArgBufArraSEOU13MTLobjectdataS_,88
_ZNU13MTLobjectdata9ArgBufArraSEOU9MTLdeviceS_,88
_ZNU13MTLobjectdata9ArgBufArraSEOU14MTLthreadgroupS_,88
_ZNU13MTLobjectdata9ArgBufArraSEOU24MTLthreadgroupimageblockS_,88
_ZNU13MTLobjectdata9ArgBufArraSEOU10MTLraydataS_,88
_ZNU13MTLobjectdata9ArgBufArraSEOU13MTLobjectdataS_,88
_ZNU13MTLobjectdata9ArgBufArraSEOS_,88
_ZN9ArgBufArraSEOU13MTLobjectdataS_,88
_ZNU14MTLthreadgroup12NestedLayoutC1ERU13MTLobjectdataKS_,88
_ZNU10MTLraydata12NestedLayoutC1ERU13MTLobjectdataKS_,88
_ZN12NestedLayoutC1ERU13MTLobjectdataKS_,88
_ZNU14MTLthreadgroup12NestedLayoutC1EOU13MTLobjectdataS_,88
_ZNU10MTLraydata12NestedLayoutC1EOU13MTLobjectdataS_,88
_ZN12NestedLayoutC1EOU13MTLobjectdataS_,88
codegen_lambda_all,88
_ZNU9MTLdevice4BaseaSERU13MTLobjectdataKS_,88
_ZNU14MTLthreadgroup4BaseaSERU13MTLobjectdataKS_,88
_ZNU24MTLthreadgroupimageblock4BaseaSERU13MTLobjectdataKS_,88
_ZNU10MTLraydata4BaseaSERU13MTLobjectdataKS_,88
_ZNU13MTLobjectdata4BaseaSERU9MTLdeviceKS_,88
_ZNU13MTLobjectdata4BaseaSERU14MTLthreadgroupKS_,88
_ZNU13MTLobjectdata4BaseaSERU11MTLconstantKS_,88
_ZNU13MTLobjectdata4BaseaSERU24MTLthreadgroupimageblockKS_,88
_ZNU13MTLobjectdata4BaseaSERU10MTLraydataKS_,88
_ZNU13MTLobjectdata4BaseaSERU13MTLobjectdataKS_,88
_ZNU13MTLobjectdata4BaseaSERKS_,88
_ZN4BaseaSERU13MTLobjectdataKS_,88
_ZNU14MTLthreadgroup7DerivedC1ERU13MTLobjectdataKS_,88
_ZNU10MTLraydata7DerivedC1ERU13MTLobjectdataKS_,88
_ZN7DerivedC1ERU13MTLobjectdataKS_,88
_ZNU14MTLthreadgroup7DerivedC1EOU13MTLobjectdataS_,88
_ZNU10MTLraydata7DerivedC1EOU13MTLobjectdataS_,88
_ZN7DerivedC1EOU13MTLobjectdataS_,88
_ZNU14MTLthreadgroup1UC1ERU13MTLobjectdataKS_,88
_ZNU10MTLraydata1UC1ERU13MTLobjectdataKS_,88
_ZN1UC1ERU13MTLobjectdataKS_,88
_ZNU14MTLthreadgroup1UC1EOU13MTLobjectdataS_,88
_ZNU10MTLraydata1UC1EOU13MTLobjectdataS_,88
_ZN1UC1EOU13MTLobjectdataS_,88
_ZNU14MTLthreadgroup1SC1ERU13MTLobjectdataKS_,88
_ZNU10MTLraydata1SC1ERU13MTLobjectdataKS_,88
_ZN1SC1ERU13MTLobjectdataKS_,88
_ZNU14MTLthreadgroup1SC1EOU13MTLobjectdataS_,88
_ZNU10MTLraydata1SC1EOU13MTLobjectdataS_,88
_ZN1SC1EOU13MTLobjectdataS_,88
_ZNU14MTLthreadgroup2VOC1ERU13MTLobjectdataKS_,88
_ZNU10MTLraydata2VOC1ERU13MTLobjectdataKS_,88
_ZN2VOC1ERU13MTLobjectdataKS_,88
_ZNU14MTLthreadgroup2VOC1EOU13MTLobjectdataS_,88
_ZNU10MTLraydata2VOC1EOU13MTLobjectdataS_,88
_ZN2VOC1EOU13MTLobjectdataS_,88
_ZNU14MTLthreadgroup4VOutC1ERU13MTLobjectdataKS_,88
_ZNU10MTLraydata4VOutC1ERU13MTLobjectdataKS_,88
_ZN4VOutC1ERU13MTLobjectdataKS_,88
_ZNU14MTLthreadgroup4VOutC1EOU13MTLobjectdataS_,88
_ZNU10MTLraydata4VOutC1EOU13MTLobjectdataS_,88
_ZN4VOutC1EOU13MTLobjectdataS_,88
ofn,88
_ZNU14MTLthreadgroup11IoVertexOutC1ERU13MTLobjectdataKS_,88
_ZNU10MTLraydata11IoVertexOutC1ERU13MTLobjectdataKS_,88
_ZN11IoVertexOutC1ERU13MTLobjectdataKS_,88
_ZNU14MTLthreadgroup11IoVertexOutC1EOU13MTLobjectdataS_,88
_ZNU10MTLraydata11IoVertexOutC1EOU13MTLobjectdataS_,88
_ZN11IoVertexOutC1EOU13MTLobjectdataS_,88
_ZNU14MTLthreadgroup10IoFragOutAC1ERU13MTLobjectdataKS_,88
_ZNU10MTLraydata10IoFragOutAC1ERU13MTLobjectdataKS_,88
_ZN10IoFragOutAC1ERU13MTLobjectdataKS_,88
_ZNU14MTLthreadgroup10IoFragOutAC1EOU13MTLobjectdataS_,88
_ZNU10MTLraydata10IoFragOutAC1EOU13MTLobjectdataS_,88
_ZN10IoFragOutAC1EOU13MTLobjectdataS_,88
_ZNU14MTLthreadgroup10IoFragOutGC1ERU13MTLobjectdataKS_,88
_ZNU10MTLraydata10IoFragOutGC1ERU13MTLobjectdataKS_,88
_ZN10IoFragOutGC1ERU13MTLobjectdataKS_,88
_ZNU14MTLthreadgroup10IoFragOutGC1EOU13MTLobjectdataS_,88
_ZNU10MTLraydata10IoFragOutGC1EOU13MTLobjectdataS_,88
_ZN10IoFragOutGC1EOU13MTLobjectdataS_,88
_ZNU14MTLthreadgroup10IoFragOutLC1ERU13MTLobjectdataKS_,88
_ZNU10MTLraydata10IoFragOutLC1ERU13MTLobjectdataKS_,88
_ZN10IoFragOutLC1ERU13MTLobjectdataKS_,88
_ZNU14MTLthreadgroup10IoFragOutLC1EOU13MTLobjectdataS_,88
_ZNU10MTLraydata10IoFragOutLC1EOU13MTLobjectdataS_,88
_ZN10IoFragOutLC1EOU13MTLobjectdataS_,88
ld_visible_fn,88
linkage_dump_fp,88
_ZN13MeshVertexOutC1Ev,88
_ZNU14MTLthreadgroup13MeshVertexOutC1Ev,88
_ZNU11MTLconstantK13MeshVertexOutC1Ev,88
_ZNU10MTLraydata13MeshVertexOutC1Ev,88
_ZN13MeshVertexOutC1ERKS_,88
_ZNU14MTLthreadgroup13MeshVertexOutC1ERU9MTLdeviceKS_,88
_ZNU14MTLthreadgroup13MeshVertexOutC1ERU14MTLthreadgroupKS_,88
_ZNU14MTLthreadgroup13MeshVertexOutC1ERU11MTLconstantKS_,88
_ZNU14MTLthreadgroup13MeshVertexOutC1ERU24MTLthreadgroupimageblockKS_,88
_ZNU14MTLthreadgroup13MeshVertexOutC1ERU10MTLraydataKS_,88
_ZNU14MTLthreadgroup13MeshVertexOutC1ERU13MTLobjectdataKS_,88
_ZNU14MTLthreadgroup13MeshVertexOutC1ERKS_,88
_ZNU11MTLconstantK13MeshVertexOutC1ERU11MTLconstantKS_,88
_ZNU11MTLconstantK13MeshVertexOutC1ERKS_,88
_ZNU10MTLraydata13MeshVertexOutC1ERU9MTLdeviceKS_,88
_ZNU10MTLraydata13MeshVertexOutC1ERU14MTLthreadgroupKS_,88
_ZNU10MTLraydata13MeshVertexOutC1ERU11MTLconstantKS_,88
_ZNU10MTLraydata13MeshVertexOutC1ERU24MTLthreadgroupimageblockKS_,88
_ZNU10MTLraydata13MeshVertexOutC1ERU10MTLraydataKS_,88
_ZNU10MTLraydata13MeshVertexOutC1ERU13MTLobjectdataKS_,88
_ZNU10MTLraydata13MeshVertexOutC1ERKS_,88
_ZN13MeshVertexOutC1ERU9MTLdeviceKS_,88
_ZN13MeshVertexOutC1ERU14MTLthreadgroupKS_,88
_ZN13MeshVertexOutC1ERU11MTLconstantKS_,88
_ZN13MeshVertexOutC1ERU24MTLthreadgroupimageblockKS_,88
_ZN13MeshVertexOutC1ERU10MTLraydataKS_,88
_ZN13MeshVertexOutC1ERU13MTLobjectdataKS_,88
_ZN13MeshVertexOutC1EOS_,88
_ZNU14MTLthreadgroup13MeshVertexOutC1EOU9MTLdeviceS_,88
_ZNU14MTLthreadgroup13MeshVertexOutC1EOU14MTLthreadgroupS_,88
_ZNU14MTLthreadgroup13MeshVertexOutC1EOU24MTLthreadgroupimageblockS_,88
_ZNU14MTLthreadgroup13MeshVertexOutC1EOU10MTLraydataS_,88
_ZNU14MTLthreadgroup13MeshVertexOutC1EOU13MTLobjectdataS_,88
_ZNU14MTLthreadgroup13MeshVertexOutC1EOS_,88
_ZNU11MTLconstantK13MeshVertexOutC1EOS_,88
_ZNU10MTLraydata13MeshVertexOutC1EOU9MTLdeviceS_,88
_ZNU10MTLraydata13MeshVertexOutC1EOU14MTLthreadgroupS_,88
_ZNU10MTLraydata13MeshVertexOutC1EOU24MTLthreadgroupimageblockS_,88
_ZNU10MTLraydata13MeshVertexOutC1EOU10MTLraydataS_,88
_ZNU10MTLraydata13MeshVertexOutC1EOU13MTLobjectdataS_,88
_ZNU10MTLraydata13MeshVertexOutC1EOS_,88
_ZN13MeshVertexOutC1EOU9MTLdeviceS_,88
_ZN13MeshVertexOutC1EOU14MTLthreadgroupS_,88
_ZN13MeshVertexOutC1EOU24MTLthreadgroupimageblockS_,88
_ZN13MeshVertexOutC1EOU10MTLraydataS_,88
_ZN13MeshVertexOutC1EOU13MTLobjectdataS_,88
_ZN13MeshVertexOutD1Ev,88
mesh_all_mesh,88
mesh_all_object,88
_ZNK10FixedArrayIjLj4EE4sizeEv,88
_ZN10FixedArrayIjLj4EEC1Ev,88
_ZNU14MTLthreadgroup10FixedArrayIjLj4EEC1Ev,88
_ZNU11MTLconstantK10FixedArrayIjLj4EEC1Ev,88
_ZNU10MTLraydata10FixedArrayIjLj4EEC1Ev,88
_ZN10FixedArrayIjLj4EEC1ERKS0_,88
_ZNU14MTLthreadgroup10FixedArrayIjLj4EEC1ERU9MTLdeviceKS0_,88
_ZNU14MTLthreadgroup10FixedArrayIjLj4EEC1ERU14MTLthreadgroupKS0_,88
_ZNU14MTLthreadgroup10FixedArrayIjLj4EEC1ERU11MTLconstantKS0_,88
_ZNU14MTLthreadgroup10FixedArrayIjLj4EEC1ERU24MTLthreadgroupimageblockKS0_,88
_ZNU14MTLthreadgroup10FixedArrayIjLj4EEC1ERU10MTLraydataKS0_,88
_ZNU14MTLthreadgroup10FixedArrayIjLj4EEC1ERU13MTLobjectdataKS0_,88
_ZNU14MTLthreadgroup10FixedArrayIjLj4EEC1ERKS0_,88
_ZNU11MTLconstantK10FixedArrayIjLj4EEC1ERU11MTLconstantKS0_,88
_ZNU11MTLconstantK10FixedArrayIjLj4EEC1ERKS0_,88
_ZNU10MTLraydata10FixedArrayIjLj4EEC1ERU9MTLdeviceKS0_,88
_ZNU10MTLraydata10FixedArrayIjLj4EEC1ERU14MTLthreadgroupKS0_,88
_ZNU10MTLraydata10FixedArrayIjLj4EEC1ERU11MTLconstantKS0_,88
_ZNU10MTLraydata10FixedArrayIjLj4EEC1ERU24MTLthreadgroupimageblockKS0_,88
_ZNU10MTLraydata10FixedArrayIjLj4EEC1ERU10MTLraydataKS0_,88
_ZNU10MTLraydata10FixedArrayIjLj4EEC1ERU13MTLobjectdataKS0_,88
_ZNU10MTLraydata10FixedArrayIjLj4EEC1ERKS0_,88
_ZN10FixedArrayIjLj4EEC1ERU9MTLdeviceKS0_,88
_ZN10FixedArrayIjLj4EEC1ERU14MTLthreadgroupKS0_,88
_ZN10FixedArrayIjLj4EEC1ERU11MTLconstantKS0_,88
_ZN10FixedArrayIjLj4EEC1ERU24MTLthreadgroupimageblockKS0_,88
_ZN10FixedArrayIjLj4EEC1ERU10MTLraydataKS0_,88
_ZN10FixedArrayIjLj4EEC1ERU13MTLobjectdataKS0_,88
_ZN10FixedArrayIjLj4EEC1EOS0_,88
_ZNU14MTLthreadgroup10FixedArrayIjLj4EEC1EOU9MTLdeviceS0_,88
_ZNU14MTLthreadgroup10FixedArrayIjLj4EEC1EOU14MTLthreadgroupS0_,88
_ZNU14MTLthreadgroup10FixedArrayIjLj4EEC1EOU24MTLthreadgroupimageblockS0_,88
_ZNU14MTLthreadgroup10FixedArrayIjLj4EEC1EOU10MTLraydataS0_,88
_ZNU14MTLthreadgroup10FixedArrayIjLj4EEC1EOU13MTLobjectdataS0_,88
_ZNU14MTLthreadgroup10FixedArrayIjLj4EEC1EOS0_,88
_ZNU11MTLconstantK10FixedArrayIjLj4EEC1EOS0_,88
_ZNU10MTLraydata10FixedArrayIjLj4EEC1EOU9MTLdeviceS0_,88
_ZNU10MTLraydata10FixedArrayIjLj4EEC1EOU14MTLthreadgroupS0_,88
_ZNU10MTLraydata10FixedArrayIjLj4EEC1EOU24MTLthreadgroupimageblockS0_,88
_ZNU10MTLraydata10FixedArrayIjLj4EEC1EOU10MTLraydataS0_,88
_ZNU10MTLraydata10FixedArrayIjLj4EEC1EOU13MTLobjectdataS0_,88
_ZNU10MTLraydata10FixedArrayIjLj4EEC1EOS0_,88
_ZN10FixedArrayIjLj4EEC1EOU9MTLdeviceS0_,88
_ZN10FixedArrayIjLj4EEC1EOU14MTLthreadgroupS0_,88
_ZN10FixedArrayIjLj4EEC1EOU24MTLthreadgroupimageblockS0_,88
_ZN10FixedArrayIjLj4EEC1EOU10MTLraydataS0_,88
_ZN10FixedArrayIjLj4EEC1EOU13MTLobjectdataS0_,88
metal3_template_constexpr_all,88
_ZNU14MTLthreadgroup5OpBoxC1ERU13MTLobjectdataKS_,88
_ZNU10MTLraydata5OpBoxC1ERU13MTLobjectdataKS_,88
_ZN5OpBoxC1ERU13MTLobjectdataKS_,88
_ZNU14MTLthreadgroup5OpBoxC1EOU13MTLobjectdataS_,88
_ZNU10MTLraydata5OpBoxC1EOU13MTLobjectdataS_,88
_ZN5OpBoxC1EOU13MTLobjectdataS_,88
_ZNU14MTLthreadgroup8RayQueryC1ERU13MTLobjectdataKS_,88
_ZNU10MTLraydata8RayQueryC1ERU13MTLobjectdataKS_,88
_ZN8RayQueryC1ERU13MTLobjectdataKS_,88
_ZNU14MTLthreadgroup8RayQueryC1EOU13MTLobjectdataS_,88
_ZNU10MTLraydata8RayQueryC1EOU13MTLobjectdataS_,88
_ZN8RayQueryC1EOU13MTLobjectdataS_,88
_ZNU9MTLdevice8RayQueryaSERU13MTLobjectdataKS_,88
_ZNU14MTLthreadgroup8RayQueryaSERU13MTLobjectdataKS_,88
_ZNU24MTLthreadgroupimageblock8RayQueryaSERU13MTLobjectdataKS_,88
_ZNU10MTLraydata8RayQueryaSERU13MTLobjectdataKS_,88
_ZNU13MTLobjectdata8RayQueryaSERU9MTLdeviceKS_,88
_ZNU13MTLobjectdata8RayQueryaSERU14MTLthreadgroupKS_,88
_ZNU13MTLobjectdata8RayQueryaSERU11MTLconstantKS_,88
_ZNU13MTLobjectdata8RayQueryaSERU24MTLthreadgroupimageblockKS_,88
_ZNU13MTLobjectdata8RayQueryaSERU10MTLraydataKS_,88
_ZNU13MTLobjectdata8RayQueryaSERU13MTLobjectdataKS_,88
_ZNU13MTLobjectdata8RayQueryaSERKS_,88
_ZN8RayQueryaSERU13MTLobjectdataKS_,88
_ZNU9MTLdevice8RayQueryaSEOU13MTLobjectdataS_,88
_ZNU14MTLthreadgroup8RayQueryaSEOU13MTLobjectdataS_,88
_ZNU24MTLthreadgroupimageblock8RayQueryaSEOU13MTLobjectdataS_,88
_ZNU10MTLraydata8RayQueryaSEOU13MTLobjectdataS_,88
_ZNU13MTLobjectdata8RayQueryaSEOU9MTLdeviceS_,88
_ZNU13MTLobjectdata8RayQueryaSEOU14MTLthreadgroupS_,88
_ZNU13MTLobjectdata8RayQueryaSEOU24MTLthreadgroupimageblockS_,88
_ZNU13MTLobjectdata8RayQueryaSEOU10MTLraydataS_,88
_ZNU13MTLobjectdata8RayQueryaSEOU13MTLobjectdataS_,88
_ZNU13MTLobjectdata8RayQueryaSEOS_,88
_ZN8RayQueryaSEOU13MTLobjectdataS_,88
_ZNU14MTLthreadgroup8ArrayBoxIDv4_fLj2EEC1ERU13MTLobjectdataKS1_,88
_ZNU10MTLraydata8ArrayBoxIDv4_fLj2EEC1ERU13MTLobjectdataKS1_,88
_ZN8ArrayBoxIDv4_fLj2EEC1ERU13MTLobjectdataKS1_,88
_ZNU14MTLthreadgroup8ArrayBoxIDv4_fLj2EEC1EOU13MTLobjectdataS1_,88
_ZNU10MTLraydata8ArrayBoxIDv4_fLj2EEC1EOU13MTLobjectdataS1_,88
_ZN8ArrayBoxIDv4_fLj2EEC1EOU13MTLobjectdataS1_,88
_ZN10SharedArgsC1ERKS_,86
_ZNU14MTLthreadgroup10SharedArgsC1ERU9MTLdeviceKS_,86
_ZNU14MTLthreadgroup10SharedArgsC1ERU14MTLthreadgroupKS_,86
_ZNU14MTLthreadgroup10SharedArgsC1ERU11MTLconstantKS_,86
_ZNU14MTLthreadgroup10SharedArgsC1ERKS_,86
_ZNU11MTLconstantK10SharedArgsC1ERU11MTLconstantKS_,86
_ZNU11MTLconstantK10SharedArgsC1ERKS_,86
_ZN10SharedArgsC1ERU9MTLdeviceKS_,86
_ZN10SharedArgsC1ERU14MTLthreadgroupKS_,86
_ZN10SharedArgsC1ERU11MTLconstantKS_,86
_ZN10SharedArgsC1EOS_,86
_ZNU14MTLthreadgroup10SharedArgsC1EOU9MTLdeviceS_,86
_ZNU14MTLthreadgroup10SharedArgsC1EOU14MTLthreadgroupS_,86
_ZNU14MTLthreadgroup10SharedArgsC1EOS_,86
_ZNU11MTLconstantK10SharedArgsC1EOS_,86
_ZN10SharedArgsC1EOU9MTLdeviceS_,86
_ZN10SharedArgsC1EOU14MTLthreadgroupS_,86
_ZN10SharedArgsaSERKS_,86
_ZNU9MTLdevice10SharedArgsaSERU9MTLdeviceKS_,86
_ZNU9MTLdevice10SharedArgsaSERU14MTLthreadgroupKS_,86
_ZNU9MTLdevice10SharedArgsaSERU11MTLconstantKS_,86
_ZNU9MTLdevice10SharedArgsaSERKS_,86
_ZNU14MTLthreadgroup10SharedArgsaSERU9MTLdeviceKS_,86
_ZNU14MTLthreadgroup10SharedArgsaSERU14MTLthreadgroupKS_,86
_ZNU14MTLthreadgroup10SharedArgsaSERU11MTLconstantKS_,86
_ZNU14MTLthreadgroup10SharedArgsaSERKS_,86
_ZN10SharedArgsaSERU9MTLdeviceKS_,86
_ZN10SharedArgsaSERU14MTLthreadgroupKS_,86
_ZN10SharedArgsaSERU11MTLconstantKS_,86
_ZN10SharedArgsaSEOS_,86
_ZNU9MTLdevice10SharedArgsaSEOU9MTLdeviceS_,86
_ZNU9MTLdevice10SharedArgsaSEOU14MTLthreadgroupS_,86
_ZNU9MTLdevice10SharedArgsaSEOS_,86
_ZNU14MTLthreadgroup10SharedArgsaSEOU9MTLdeviceS_,86
_ZNU14MTLthreadgroup10SharedArgsaSEOU14MTLthreadgroupS_,86
_ZNU14MTLthreadgroup10SharedArgsaSEOS_,86
_ZN10SharedArgsaSEOU9MTLdeviceS_,86
_ZN10SharedArgsaSEOU14MTLthreadgroupS_,86
_ZNU9MTLdevice4BaseaSEOU24MTLthreadgroupimageblockS_,78
_ZNU14MTLthreadgroup4BaseaSEOU24MTLthreadgroupimageblockS_,78
_ZNU24MTLthreadgroupimageblock4BaseaSEOU9MTLdeviceS_,78
_ZNU24MTLthreadgroupimageblock4BaseaSEOU14MTLthreadgroupS_,78
_ZNU24MTLthreadgroupimageblock4BaseaSEOU24MTLthreadgroupimageblockS_,78
_ZNU24MTLthreadgroupimageblock4BaseaSEOS_,78
_ZN4BaseaSEOU24MTLthreadgroupimageblockS_,78
_ZNU14MTLthreadgroup2BfC1ERU24MTLthreadgroupimageblockKS_,78
_ZN2BfC1ERU24MTLthreadgroupimageblockKS_,78
_ZNU14MTLthreadgroup2BfC1EOU24MTLthreadgroupimageblockS_,78
_ZN2BfC1EOU24MTLthreadgroupimageblockS_,78
_ZNU14MTLthreadgroup1VC1ERU24MTLthreadgroupimageblockKS_,78
_ZN1VC1ERU24MTLthreadgroupimageblockKS_,78
_ZNU14MTLthreadgroup1VC1EOU24MTLthreadgroupimageblockS_,78
_ZN1VC1EOU24MTLthreadgroupimageblockS_,78
_ZNU14MTLthreadgroup3FO2C1ERU24MTLthreadgroupimageblockKS_,78
_ZN3FO2C1ERU24MTLthreadgroupimageblockKS_,78
_ZNU14MTLthreadgroup3FO2C1EOU24MTLthreadgroupimageblockS_,78
_ZN3FO2C1EOU24MTLthreadgroupimageblockS_,78
_ZNU14MTLthreadgroup2FOC1ERU24MTLthreadgroupimageblockKS_,78
_ZN2FOC1ERU24MTLthreadgroupimageblockKS_,78
_ZNU14MTLthreadgroup2FOC1EOU24MTLthreadgroupimageblockS_,78
_ZN2FOC1EOU24MTLthreadgroupimageblockS_,78
_ZNU14MTLthreadgroup3FOmC1ERU24MTLthreadgroupimageblockKS_,78
_ZN3FOmC1ERU24MTLthreadgroupimageblockKS_,78
_ZNU14MTLthreadgroup3FOmC1EOU24MTLthreadgroupimageblockS_,78
_ZN3FOmC1EOU24MTLthreadgroupimageblockS_,78
_ZNU14MTLthreadgroup3VOcC1ERU24MTLthreadgroupimageblockKS_,78
_ZN3VOcC1ERU24MTLthreadgroupimageblockKS_,78
_ZNU14MTLthreadgroup3VOcC1EOU24MTLthreadgroupimageblockS_,78
_ZN3VOcC1EOU24MTLthreadgroupimageblockS_,78
_ZNU14MTLthreadgroup3VOpC1ERU24MTLthreadgroupimageblockKS_,78
_ZN3VOpC1ERU24MTLthreadgroupimageblockKS_,78
_ZNU14MTLthreadgroup3VOpC1EOU24MTLthreadgroupimageblockS_,78
_ZN3VOpC1EOU24MTLthreadgroupimageblockS_,78
_ZNU14MTLthreadgroup10SharedArgsC1ERU24MTLthreadgroupimageblockKS_,78
_ZN10SharedArgsC1ERU24MTLthreadgroupimageblockKS_,78
_ZNU14MTLthreadgroup10SharedArgsC1EOU24MTLthreadgroupimageblockS_,78
_ZN10SharedArgsC1EOU24MTLthreadgroupimageblockS_,78
_ZNU9MTLdevice10SharedArgsaSERU24MTLthreadgroupimageblockKS_,78
_ZNU14MTLthreadgroup10SharedArgsaSERU24MTLthreadgroupimageblockKS_,78
_ZNU24MTLthreadgroupimageblock10SharedArgsaSERU9MTLdeviceKS_,78
_ZNU24MTLthreadgroupimageblock10SharedArgsaSERU14MTLthreadgroupKS_,78
_ZNU24MTLthreadgroupimageblock10SharedArgsaSERU11MTLconstantKS_,78
_ZNU24MTLthreadgroupimageblock10SharedArgsaSERU24MTLthreadgroupimageblockKS_,78
_ZNU24MTLthreadgroupimageblock10SharedArgsaSERKS_,78
_ZN10SharedArgsaSERU24MTLthreadgroupimageblockKS_,78
_ZNU9MTLdevice10SharedArgsaSEOU24MTLthreadgroupimageblockS_,78
_ZNU14MTLthreadgroup10SharedArgsaSEOU24MTLthreadgroupimageblockS_,78
_ZNU24MTLthreadgroupimageblock10SharedArgsaSEOU9MTLdeviceS_,78
_ZNU24MTLthreadgroupimageblock10SharedArgsaSEOU14MTLthreadgroupS_,78
_ZNU24MTLthreadgroupimageblock10SharedArgsaSEOU24MTLthreadgroupimageblockS_,78
_ZNU24MTLthreadgroupimageblock10SharedArgsaSEOS_,78
_ZN10SharedArgsaSEOU24MTLthreadgroupimageblockS_,78
_ZNU14MTLthreadgroup2PMC1ERU24MTLthreadgroupimageblockKS_,78
_ZN2PMC1ERU24MTLthreadgroupimageblockKS_,78
_ZNU14MTLthreadgroup2PMC1EOU24MTLthreadgroupimageblockS_,78
_ZN2PMC1EOU24MTLthreadgroupimageblockS_,78
_ZNU14MTLthreadgroup9AlignedTGC1ERU24MTLthreadgroupimageblockKS_,78
_ZN9AlignedTGC1ERU24MTLthreadgroupimageblockKS_,78
_ZNU14MTLthreadgroup9AlignedTGC1EOU24MTLthreadgroupimageblockS_,78
_ZN9AlignedTGC1EOU24MTLthreadgroupimageblockS_,78
_ZNU14MTLthreadgroup8PackedTGC1ERU24MTLthreadgroupimageblockKS_,78
_ZN8PackedTGC1ERU24MTLthreadgroupimageblockKS_,78
_ZNU14MTLthreadgroup8PackedTGC1EOU24MTLthreadgroupimageblockS_,78
_ZN8PackedTGC1EOU24MTLthreadgroupimageblockS_,78
_ZNU14MTLthreadgroup1CC1ERU24MTLthreadgroupimageblockKS_,78
_ZN1CC1ERU24MTLthreadgroupimageblockKS_,78
_ZNU14MTLthreadgroup1CC1EOU24MTLthreadgroupimageblockS_,78
_ZN1CC1EOU24MTLthreadgroupimageblockS_,78
_ZNU14MTLthreadgroup3VecC1ERU24MTLthreadgroupimageblockKS_,78
_ZN3VecC1ERU24MTLthreadgroupimageblockKS_,78
_ZNU14MTLthreadgroup3VecC1EOU24MTLthreadgroupimageblockS_,78
_ZN3VecC1EOU24MTLthreadgroupimageblockS_,78
_ZNU14MTLthreadgroup2P2C1ERU24MTLthreadgroupimageblockKS_,78
_ZN2P2C1ERU24MTLthreadgroupimageblockKS_,78
_ZNU14MTLthreadgroup2P2C1EOU24MTLthreadgroupimageblockS_,78
_ZN2P2C1EOU24MTLthreadgroupimageblockS_,78
_ZNU9MTLdevice1SaSERU24MTLthreadgroupimageblockKS_,78
_ZNU14MTLthreadgroup1SaSERU24MTLthreadgroupimageblockKS_,78
_ZNU24MTLthreadgroupimageblock1SaSERU9MTLdeviceKS_,78
_ZNU24MTLthreadgroupimageblock1SaSERU14MTLthreadgroupKS_,78
_ZNU24MTLthreadgroupimageblock1SaSERU11MTLconstantKS_,78
_ZNU24MTLthreadgroupimageblock1SaSERU24MTLthreadgroupimageblockKS_,78
_ZNU24MTLthreadgroupimageblock1SaSERKS_,78
_ZN1SaSERU24MTLthreadgroupimageblockKS_,78
_ZNU9MTLdevice1SaSEOU24MTLthreadgroupimageblockS_,78
_ZNU14MTLthreadgroup1SaSEOU24MTLthreadgroupimageblockS_,78
_ZNU24MTLthreadgroupimageblock1SaSEOU9MTLdeviceS_,78
_ZNU24MTLthreadgroupimageblock1SaSEOU14MTLthreadgroupS_,78
_ZNU24MTLthreadgroupimageblock1SaSEOU24MTLthreadgroupimageblockS_,78
_ZNU24MTLthreadgroupimageblock1SaSEOS_,78
_ZN1SaSEOU24MTLthreadgroupimageblockS_,78
_ZNU14MTLthreadgroup10DimensionsC1ERU24MTLthreadgroupimageblockKS_,78
_ZN10DimensionsC1ERU24MTLthreadgroupimageblockKS_,78
_ZNU14MTLthreadgroup10DimensionsC1EOU24MTLthreadgroupimageblockS_,78
_ZN10DimensionsC1EOU24MTLthreadgroupimageblockS_,78
_ZNU14MTLthreadgroup3FO4C1ERU24MTLthreadgroupimageblockKS_,78
_ZN3FO4C1ERU24MTLthreadgroupimageblockKS_,78
_ZNU14MTLthreadgroup3FO4C1EOU24MTLthreadgroupimageblockS_,78
_ZN3FO4C1EOU24MTLthreadgroupimageblockS_,78
_ZNU14MTLthreadgroup3VOrC1ERU24MTLthreadgroupimageblockKS_,78
_ZN3VOrC1ERU24MTLthreadgroupimageblockKS_,78
_ZNU14MTLthreadgroup3VOrC1EOU24MTLthreadgroupimageblockS_,78
_ZN3VOrC1EOU24MTLthreadgroupimageblockS_,78
_ZNU14MTLthreadgroup3VO4C1ERU24MTLthreadgroupimageblockKS_,78
_ZN3VO4C1ERU24MTLthreadgroupimageblockKS_,78
_ZNU14MTLthreadgroup3VO4C1EOU24MTLthreadgroupimageblockS_,78
_ZN3VO4C1EOU24MTLthreadgroupimageblockS_,78
_ZNU14MTLthreadgroup3VO1C1ERU24MTLthreadgroupimageblockKS_,78
_ZN3VO1C1ERU24MTLthreadgroupimageblockKS_,78
_ZNU14MTLthreadgroup3VO1C1EOU24MTLthreadgroupimageblockS_,78
_ZN3VO1C1EOU24MTLthreadgroupimageblockS_,78
_ZNU14MTLthreadgroup3VOuC1ERU24MTLthreadgroupimageblockKS_,78
_ZN3VOuC1ERU24MTLthreadgroupimageblockKS_,78
_ZNU14MTLthreadgroup3VOuC1EOU24MTLthreadgroupimageblockS_,78
_ZN3VOuC1EOU24MTLthreadgroupimageblockS_,78
_ZNU14MTLthreadgroup2A8C1ERU24MTLthreadgroupimageblockKS_,78
_ZN2A8C1ERU24MTLthreadgroupimageblockKS_,78
_ZNU14MTLthreadgroup2A8C1EOU24MTLthreadgroupimageblockS_,78
_ZN2A8C1EOU24MTLthreadgroupimageblockS_,78
_ZNU14MTLthreadgroup3A16C1ERU24MTLthreadgroupimageblockKS_,78
_ZN3A16C1ERU24MTLthreadgroupimageblockKS_,78
_ZNU14MTLthreadgroup3A16C1EOU24MTLthreadgroupimageblockS_,78
_ZN3A16C1EOU24MTLthreadgroupimageblockS_,78
_ZNU14MTLthreadgroup3A32C1ERU24MTLthreadgroupimageblockKS_,78
_ZN3A32C1ERU24MTLthreadgroupimageblockKS_,78
_ZNU14MTLthreadgroup3A32C1EOU24MTLthreadgroupimageblockS_,78
_ZN3A32C1EOU24MTLthreadgroupimageblockS_,78
_ZNU14MTLthreadgroup2AlC1ERU24MTLthreadgroupimageblockKS_,78
_ZN2AlC1ERU24MTLthreadgroupimageblockKS_,78
_ZNU14MTLthreadgroup2AlC1EOU24MTLthreadgroupimageblockS_,78
_ZN2AlC1EOU24MTLthreadgroupimageblockS_,78
_ZNU14MTLthreadgroup6TGDataC1ERU24MTLthreadgroupimageblockKS_,78
_ZN6TGDataC1ERU24MTLthreadgroupimageblockKS_,78
_ZNU14MTLthreadgroup6TGDataC1EOU24MTLthreadgroupimageblockS_,78
_ZN6TGDataC1EOU24MTLthreadgroupimageblockS_,78
_Znwm,70
_Znam,70
my_kernel,68
_ZNU10MTLraydata1CC1Ev,60
_ZNU14MTLthreadgroup1CC1ERU10MTLraydataKS_,60
_ZNU10MTLraydata1CC1ERU9MTLdeviceKS_,60
_ZNU10MTLraydata1CC1ERU14MTLthreadgroupKS_,60
_ZNU10MTLraydata1CC1ERU11MTLconstantKS_,60
_ZNU10MTLraydata1CC1ERU24MTLthreadgroupimageblockKS_,60
_ZNU10MTLraydata1CC1ERU10MTLraydataKS_,60
_ZNU10MTLraydata1CC1ERKS_,60
_ZN1CC1ERU10MTLraydataKS_,60
_ZNU14MTLthreadgroup1CC1EOU10MTLraydataS_,60
_ZNU10MTLraydata1CC1EOU9MTLdeviceS_,60
_ZNU10MTLraydata1CC1EOU14MTLthreadgroupS_,60
_ZNU10MTLraydata1CC1EOU24MTLthreadgroupimageblockS_,60
_ZNU10MTLraydata1CC1EOU10MTLraydataS_,60
_ZNU10MTLraydata1CC1EOS_,60
_ZN1CC1EOU10MTLraydataS_,60
_ZNU10MTLraydata3VecC1Ev,60
_ZNU14MTLthreadgroup3VecC1ERU10MTLraydataKS_,60
_ZNU10MTLraydata3VecC1ERU9MTLdeviceKS_,60
_ZNU10MTLraydata3VecC1ERU14MTLthreadgroupKS_,60
_ZNU10MTLraydata3VecC1ERU11MTLconstantKS_,60
_ZNU10MTLraydata3VecC1ERU24MTLthreadgroupimageblockKS_,60
_ZNU10MTLraydata3VecC1ERU10MTLraydataKS_,60
_ZNU10MTLraydata3VecC1ERKS_,60
_ZN3VecC1ERU10MTLraydataKS_,60
_ZNU14MTLthreadgroup3VecC1EOU10MTLraydataS_,60
_ZNU10MTLraydata3VecC1EOU9MTLdeviceS_,60
_ZNU10MTLraydata3VecC1EOU14MTLthreadgroupS_,60
_ZNU10MTLraydata3VecC1EOU24MTLthreadgroupimageblockS_,60
_ZNU10MTLraydata3VecC1EOU10MTLraydataS_,60
_ZNU10MTLraydata3VecC1EOS_,60
_ZN3VecC1EOU10MTLraydataS_,60
_ZNU10MTLraydata2P2C1Ev,60
_ZNU14MTLthreadgroup2P2C1ERU10MTLraydataKS_,60
_ZNU10MTLraydata2P2C1ERU9MTLdeviceKS_,60
_ZNU10MTLraydata2P2C1ERU14MTLthreadgroupKS_,60
_ZNU10MTLraydata2P2C1ERU11MTLconstantKS_,60
_ZNU10MTLraydata2P2C1ERU24MTLthreadgroupimageblockKS_,60
_ZNU10MTLraydata2P2C1ERU10MTLraydataKS_,60
_ZNU10MTLraydata2P2C1ERKS_,60
_ZN2P2C1ERU10MTLraydataKS_,60
_ZNU14MTLthreadgroup2P2C1EOU10MTLraydataS_,60
_ZNU10MTLraydata2P2C1EOU9MTLdeviceS_,60
_ZNU10MTLraydata2P2C1EOU14MTLthreadgroupS_,60
_ZNU10MTLraydata2P2C1EOU24MTLthreadgroupimageblockS_,60
_ZNU10MTLraydata2P2C1EOU10MTLraydataS_,60
_ZNU10MTLraydata2P2C1EOS_,60
_ZN2P2C1EOU10MTLraydataS_,60
_ZNU9MTLdevice1SaSERU10MTLraydataKS_,60
_ZNU14MTLthreadgroup1SaSERU10MTLraydataKS_,60
_ZNU24MTLthreadgroupimageblock1SaSERU10MTLraydataKS_,60
_ZNU10MTLraydata1SaSERU9MTLdeviceKS_,60
_ZNU10MTLraydata1SaSERU14MTLthreadgroupKS_,60
_ZNU10MTLraydata1SaSERU11MTLconstantKS_,60
_ZNU10MTLraydata1SaSERU24MTLthreadgroupimageblockKS_,60
_ZNU10MTLraydata1SaSERU10MTLraydataKS_,60
_ZNU10MTLraydata1SaSERKS_,60
_ZN1SaSERU10MTLraydataKS_,60
_ZNU9MTLdevice1SaSEOU10MTLraydataS_,60
_ZNU14MTLthreadgroup1SaSEOU10MTLraydataS_,60
_ZNU24MTLthreadgroupimageblock1SaSEOU10MTLraydataS_,60
_ZNU10MTLraydata1SaSEOU9MTLdeviceS_,60
_ZNU10MTLraydata1SaSEOU14MTLthreadgroupS_,60
_ZNU10MTLraydata1SaSEOU24MTLthreadgroupimageblockS_,60
_ZNU10MTLraydata1SaSEOU10MTLraydataS_,60
_ZNU10MTLraydata1SaSEOS_,60
_ZN1SaSEOU10MTLraydataS_,60
_ZNU10MTLraydata10DimensionsC1Ev,60
_ZNU14MTLthreadgroup10DimensionsC1ERU10MTLraydataKS_,60
_ZNU10MTLraydata10DimensionsC1ERU9MTLdeviceKS_,60
_ZNU10MTLraydata10DimensionsC1ERU14MTLthreadgroupKS_,60
_ZNU10MTLraydata10DimensionsC1ERU11MTLconstantKS_,60
_ZNU10MTLraydata10DimensionsC1ERU24MTLthreadgroupimageblockKS_,60
_ZNU10MTLraydata10DimensionsC1ERU10MTLraydataKS_,60
_ZNU10MTLraydata10DimensionsC1ERKS_,60
_ZN10DimensionsC1ERU10MTLraydataKS_,60
_ZNU14MTLthreadgroup10DimensionsC1EOU10MTLraydataS_,60
_ZNU10MTLraydata10DimensionsC1EOU9MTLdeviceS_,60
_ZNU10MTLraydata10DimensionsC1EOU14MTLthreadgroupS_,60
_ZNU10MTLraydata10DimensionsC1EOU24MTLthreadgroupimageblockS_,60
_ZNU10MTLraydata10DimensionsC1EOU10MTLraydataS_,60
_ZNU10MTLraydata10DimensionsC1EOS_,60
_ZN10DimensionsC1EOU10MTLraydataS_,60
_ZNU10MTLraydata3FO4C1Ev,60
_ZNU14MTLthreadgroup3FO4C1ERU10MTLraydataKS_,60
_ZNU10MTLraydata3FO4C1ERU9MTLdeviceKS_,60
_ZNU10MTLraydata3FO4C1ERU14MTLthreadgroupKS_,60
_ZNU10MTLraydata3FO4C1ERU11MTLconstantKS_,60
_ZNU10MTLraydata3FO4C1ERU24MTLthreadgroupimageblockKS_,60
_ZNU10MTLraydata3FO4C1ERU10MTLraydataKS_,60
_ZNU10MTLraydata3FO4C1ERKS_,60
_ZN3FO4C1ERU10MTLraydataKS_,60
_ZNU14MTLthreadgroup3FO4C1EOU10MTLraydataS_,60
_ZNU10MTLraydata3FO4C1EOU9MTLdeviceS_,60
_ZNU10MTLraydata3FO4C1EOU14MTLthreadgroupS_,60
_ZNU10MTLraydata3FO4C1EOU24MTLthreadgroupimageblockS_,60
_ZNU10MTLraydata3FO4C1EOU10MTLraydataS_,60
_ZNU10MTLraydata3FO4C1EOS_,60
_ZN3FO4C1EOU10MTLraydataS_,60
_ZNU10MTLraydata3VOrC1Ev,60
_ZNU14MTLthreadgroup3VOrC1ERU10MTLraydataKS_,60
_ZNU10MTLraydata3VOrC1ERU9MTLdeviceKS_,60
_ZNU10MTLraydata3VOrC1ERU14MTLthreadgroupKS_,60
_ZNU10MTLraydata3VOrC1ERU11MTLconstantKS_,60
_ZNU10MTLraydata3VOrC1ERU24MTLthreadgroupimageblockKS_,60
_ZNU10MTLraydata3VOrC1ERU10MTLraydataKS_,60
_ZNU10MTLraydata3VOrC1ERKS_,60
_ZN3VOrC1ERU10MTLraydataKS_,60
_ZNU14MTLthreadgroup3VOrC1EOU10MTLraydataS_,60
_ZNU10MTLraydata3VOrC1EOU9MTLdeviceS_,60
_ZNU10MTLraydata3VOrC1EOU14MTLthreadgroupS_,60
_ZNU10MTLraydata3VOrC1EOU24MTLthreadgroupimageblockS_,60
_ZNU10MTLraydata3VOrC1EOU10MTLraydataS_,60
_ZNU10MTLraydata3VOrC1EOS_,60
_ZN3VOrC1EOU10MTLraydataS_,60
_ZNU10MTLraydata3VO4C1Ev,60
_ZNU14MTLthreadgroup3VO4C1ERU10MTLraydataKS_,60
_ZNU10MTLraydata3VO4C1ERU9MTLdeviceKS_,60
_ZNU10MTLraydata3VO4C1ERU14MTLthreadgroupKS_,60
_ZNU10MTLraydata3VO4C1ERU11MTLconstantKS_,60
_ZNU10MTLraydata3VO4C1ERU24MTLthreadgroupimageblockKS_,60
_ZNU10MTLraydata3VO4C1ERU10MTLraydataKS_,60
_ZNU10MTLraydata3VO4C1ERKS_,60
_ZN3VO4C1ERU10MTLraydataKS_,60
_ZNU14MTLthreadgroup3VO4C1EOU10MTLraydataS_,60
_ZNU10MTLraydata3VO4C1EOU9MTLdeviceS_,60
_ZNU10MTLraydata3VO4C1EOU14MTLthreadgroupS_,60
_ZNU10MTLraydata3VO4C1EOU24MTLthreadgroupimageblockS_,60
_ZNU10MTLraydata3VO4C1EOU10MTLraydataS_,60
_ZNU10MTLraydata3VO4C1EOS_,60
_ZN3VO4C1EOU10MTLraydataS_,60
_ZNU10MTLraydata3VO1C1Ev,60
_ZNU14MTLthreadgroup3VO1C1ERU10MTLraydataKS_,60
_ZNU10MTLraydata3VO1C1ERU9MTLdeviceKS_,60
_ZNU10MTLraydata3VO1C1ERU14MTLthreadgroupKS_,60
_ZNU10MTLraydata3VO1C1ERU11MTLconstantKS_,60
_ZNU10MTLraydata3VO1C1ERU24MTLthreadgroupimageblockKS_,60
_ZNU10MTLraydata3VO1C1ERU10MTLraydataKS_,60
_ZNU10MTLraydata3VO1C1ERKS_,60
_ZN3VO1C1ERU10MTLraydataKS_,60
_ZNU14MTLthreadgroup3VO1C1EOU10MTLraydataS_,60
_ZNU10MTLraydata3VO1C1EOU9MTLdeviceS_,60
_ZNU10MTLraydata3VO1C1EOU14MTLthreadgroupS_,60
_ZNU10MTLraydata3VO1C1EOU24MTLthreadgroupimageblockS_,60
_ZNU10MTLraydata3VO1C1EOU10MTLraydataS_,60
_ZNU10MTLraydata3VO1C1EOS_,60
_ZN3VO1C1EOU10MTLraydataS_,60
_ZNU10MTLraydata3VOuC1Ev,60
_ZNU14MTLthreadgroup3VOuC1ERU10MTLraydataKS_,60
_ZNU10MTLraydata3VOuC1ERU9MTLdeviceKS_,60
_ZNU10MTLraydata3VOuC1ERU14MTLthreadgroupKS_,60
_ZNU10MTLraydata3VOuC1ERU11MTLconstantKS_,60
_ZNU10MTLraydata3VOuC1ERU24MTLthreadgroupimageblockKS_,60
_ZNU10MTLraydata3VOuC1ERU10MTLraydataKS_,60
_ZNU10MTLraydata3VOuC1ERKS_,60
_ZN3VOuC1ERU10MTLraydataKS_,60
_ZNU14MTLthreadgroup3VOuC1EOU10MTLraydataS_,60
_ZNU10MTLraydata3VOuC1EOU9MTLdeviceS_,60
_ZNU10MTLraydata3VOuC1EOU14MTLthreadgroupS_,60
_ZNU10MTLraydata3VOuC1EOU24MTLthreadgroupimageblockS_,60
_ZNU10MTLraydata3VOuC1EOU10MTLraydataS_,60
_ZNU10MTLraydata3VOuC1EOS_,60
_ZN3VOuC1EOU10MTLraydataS_,60
_ZNU10MTLraydata2A8C1Ev,60
_ZNU14MTLthreadgroup2A8C1ERU10MTLraydataKS_,60
_ZNU10MTLraydata2A8C1ERU9MTLdeviceKS_,60
_ZNU10MTLraydata2A8C1ERU14MTLthreadgroupKS_,60
_ZNU10MTLraydata2A8C1ERU11MTLconstantKS_,60
_ZNU10MTLraydata2A8C1ERU24MTLthreadgroupimageblockKS_,60
_ZNU10MTLraydata2A8C1ERU10MTLraydataKS_,60
_ZNU10MTLraydata2A8C1ERKS_,60
_ZN2A8C1ERU10MTLraydataKS_,60
_ZNU14MTLthreadgroup2A8C1EOU10MTLraydataS_,60
_ZNU10MTLraydata2A8C1EOU9MTLdeviceS_,60
_ZNU10MTLraydata2A8C1EOU14MTLthreadgroupS_,60
_ZNU10MTLraydata2A8C1EOU24MTLthreadgroupimageblockS_,60
_ZNU10MTLraydata2A8C1EOU10MTLraydataS_,60
_ZNU10MTLraydata2A8C1EOS_,60
_ZN2A8C1EOU10MTLraydataS_,60
_ZNU10MTLraydata3A16C1Ev,60
_ZNU14MTLthreadgroup3A16C1ERU10MTLraydataKS_,60
_ZNU10MTLraydata3A16C1ERU9MTLdeviceKS_,60
_ZNU10MTLraydata3A16C1ERU14MTLthreadgroupKS_,60
_ZNU10MTLraydata3A16C1ERU11MTLconstantKS_,60
_ZNU10MTLraydata3A16C1ERU24MTLthreadgroupimageblockKS_,60
_ZNU10MTLraydata3A16C1ERU10MTLraydataKS_,60
_ZNU10MTLraydata3A16C1ERKS_,60
_ZN3A16C1ERU10MTLraydataKS_,60
_ZNU14MTLthreadgroup3A16C1EOU10MTLraydataS_,60
_ZNU10MTLraydata3A16C1EOU9MTLdeviceS_,60
_ZNU10MTLraydata3A16C1EOU14MTLthreadgroupS_,60
_ZNU10MTLraydata3A16C1EOU24MTLthreadgroupimageblockS_,60
_ZNU10MTLraydata3A16C1EOU10MTLraydataS_,60
_ZNU10MTLraydata3A16C1EOS_,60
_ZN3A16C1EOU10MTLraydataS_,60
_ZNU10MTLraydata3A32C1Ev,60
_ZNU14MTLthreadgroup3A32C1ERU10MTLraydataKS_,60
_ZNU10MTLraydata3A32C1ERU9MTLdeviceKS_,60
_ZNU10MTLraydata3A32C1ERU14MTLthreadgroupKS_,60
_ZNU10MTLraydata3A32C1ERU11MTLconstantKS_,60
_ZNU10MTLraydata3A32C1ERU24MTLthreadgroupimageblockKS_,60
_ZNU10MTLraydata3A32C1ERU10MTLraydataKS_,60
_ZNU10MTLraydata3A32C1ERKS_,60
_ZN3A32C1ERU10MTLraydataKS_,60
_ZNU14MTLthreadgroup3A32C1EOU10MTLraydataS_,60
_ZNU10MTLraydata3A32C1EOU9MTLdeviceS_,60
_ZNU10MTLraydata3A32C1EOU14MTLthreadgroupS_,60
_ZNU10MTLraydata3A32C1EOU24MTLthreadgroupimageblockS_,60
_ZNU10MTLraydata3A32C1EOU10MTLraydataS_,60
_ZNU10MTLraydata3A32C1EOS_,60
_ZN3A32C1EOU10MTLraydataS_,60
_ZNU10MTLraydata2AlC1Ev,60
_ZNU14MTLthreadgroup2AlC1ERU10MTLraydataKS_,60
_ZNU10MTLraydata2AlC1ERU9MTLdeviceKS_,60
_ZNU10MTLraydata2AlC1ERU14MTLthreadgroupKS_,60
_ZNU10MTLraydata2AlC1ERU11MTLconstantKS_,60
_ZNU10MTLraydata2AlC1ERU24MTLthreadgroupimageblockKS_,60
_ZNU10MTLraydata2AlC1ERU10MTLraydataKS_,60
_ZNU10MTLraydata2AlC1ERKS_,60
_ZN2AlC1ERU10MTLraydataKS_,60
_ZNU14MTLthreadgroup2AlC1EOU10MTLraydataS_,60
_ZNU10MTLraydata2AlC1EOU9MTLdeviceS_,60
_ZNU10MTLraydata2AlC1EOU14MTLthreadgroupS_,60
_ZNU10MTLraydata2AlC1EOU24MTLthreadgroupimageblockS_,60
_ZNU10MTLraydata2AlC1EOU10MTLraydataS_,60
_ZNU10MTLraydata2AlC1EOS_,60
_ZN2AlC1EOU10MTLraydataS_,60
ch,60
_ZNU10MTLraydata6TGDataC1Ev,60
_ZNU14MTLthreadgroup6TGDataC1ERU10MTLraydataKS_,60
_ZNU10MTLraydata6TGDataC1ERU9MTLdeviceKS_,60
_ZNU10MTLraydata6TGDataC1ERU14MTLthreadgroupKS_,60
_ZNU10MTLraydata6TGDataC1ERU11MTLconstantKS_,60
_ZNU10MTLraydata6TGDataC1ERU24MTLthreadgroupimageblockKS_,60
_ZNU10MTLraydata6TGDataC1ERU10MTLraydataKS_,60
_ZNU10MTLraydata6TGDataC1ERKS_,60
_ZN6TGDataC1ERU10MTLraydataKS_,60
_ZNU14MTLthreadgroup6TGDataC1EOU10MTLraydataS_,60
_ZNU10MTLraydata6TGDataC1EOU9MTLdeviceS_,60
_ZNU10MTLraydata6TGDataC1EOU14MTLthreadgroupS_,60
_ZNU10MTLraydata6TGDataC1EOU24MTLthreadgroupimageblockS_,60
_ZNU10MTLraydata6TGDataC1EOU10MTLraydataS_,60
_ZNU10MTLraydata6TGDataC1EOS_,60
_ZN6TGDataC1EOU10MTLraydataS_,60
_ZNU9MTLdevice4BaseaSEOU10MTLraydataS_,60
_ZNU14MTLthreadgroup4BaseaSEOU10MTLraydataS_,60
_ZNU24MTLthreadgroupimageblock4BaseaSEOU10MTLraydataS_,60
_ZNU10MTLraydata4BaseaSEOU9MTLdeviceS_,60
_ZNU10MTLraydata4BaseaSEOU14MTLthreadgroupS_,60
_ZNU10MTLraydata4BaseaSEOU24MTLthreadgroupimageblockS_,60
_ZNU10MTLraydata4BaseaSEOU10MTLraydataS_,60
_ZNU10MTLraydata4BaseaSEOS_,60
_ZN4BaseaSEOU10MTLraydataS_,60
_ZNU10MTLraydata2BfC1Ev,60
_ZNU14MTLthreadgroup2BfC1ERU10MTLraydataKS_,60
_ZNU10MTLraydata2BfC1ERU9MTLdeviceKS_,60
_ZNU10MTLraydata2BfC1ERU14MTLthreadgroupKS_,60
_ZNU10MTLraydata2BfC1ERU11MTLconstantKS_,60
_ZNU10MTLraydata2BfC1ERU24MTLthreadgroupimageblockKS_,60
_ZNU10MTLraydata2BfC1ERU10MTLraydataKS_,60
_ZNU10MTLraydata2BfC1ERKS_,60
_ZN2BfC1ERU10MTLraydataKS_,60
_ZNU14MTLthreadgroup2BfC1EOU10MTLraydataS_,60
_ZNU10MTLraydata2BfC1EOU9MTLdeviceS_,60
_ZNU10MTLraydata2BfC1EOU14MTLthreadgroupS_,60
_ZNU10MTLraydata2BfC1EOU24MTLthreadgroupimageblockS_,60
_ZNU10MTLraydata2BfC1EOU10MTLraydataS_,60
_ZNU10MTLraydata2BfC1EOS_,60
_ZN2BfC1EOU10MTLraydataS_,60
_ZNU10MTLraydata1VC1Ev,60
_ZNU14MTLthreadgroup1VC1ERU10MTLraydataKS_,60
_ZNU10MTLraydata1VC1ERU9MTLdeviceKS_,60
_ZNU10MTLraydata1VC1ERU14MTLthreadgroupKS_,60
_ZNU10MTLraydata1VC1ERU11MTLconstantKS_,60
_ZNU10MTLraydata1VC1ERU24MTLthreadgroupimageblockKS_,60
_ZNU10MTLraydata1VC1ERU10MTLraydataKS_,60
_ZNU10MTLraydata1VC1ERKS_,60
_ZN1VC1ERU10MTLraydataKS_,60
_ZNU14MTLthreadgroup1VC1EOU10MTLraydataS_,60
_ZNU10MTLraydata1VC1EOU9MTLdeviceS_,60
_ZNU10MTLraydata1VC1EOU14MTLthreadgroupS_,60
_ZNU10MTLraydata1VC1EOU24MTLthreadgroupimageblockS_,60
_ZNU10MTLraydata1VC1EOU10MTLraydataS_,60
_ZNU10MTLraydata1VC1EOS_,60
_ZN1VC1EOU10MTLraydataS_,60
_ZNU10MTLraydata3FO2C1Ev,60
_ZNU14MTLthreadgroup3FO2C1ERU10MTLraydataKS_,60
_ZNU10MTLraydata3FO2C1ERU9MTLdeviceKS_,60
_ZNU10MTLraydata3FO2C1ERU14MTLthreadgroupKS_,60
_ZNU10MTLraydata3FO2C1ERU11MTLconstantKS_,60
_ZNU10MTLraydata3FO2C1ERU24MTLthreadgroupimageblockKS_,60
_ZNU10MTLraydata3FO2C1ERU10MTLraydataKS_,60
_ZNU10MTLraydata3FO2C1ERKS_,60
_ZN3FO2C1ERU10MTLraydataKS_,60
_ZNU14MTLthreadgroup3FO2C1EOU10MTLraydataS_,60
_ZNU10MTLraydata3FO2C1EOU9MTLdeviceS_,60
_ZNU10MTLraydata3FO2C1EOU14MTLthreadgroupS_,60
_ZNU10MTLraydata3FO2C1EOU24MTLthreadgroupimageblockS_,60
_ZNU10MTLraydata3FO2C1EOU10MTLraydataS_,60
_ZNU10MTLraydata3FO2C1EOS_,60
_ZN3FO2C1EOU10MTLraydataS_,60
_ZNU10MTLraydata2FOC1Ev,60
_ZNU14MTLthreadgroup2FOC1ERU10MTLraydataKS_,60
_ZNU10MTLraydata2FOC1ERU9MTLdeviceKS_,60
_ZNU10MTLraydata2FOC1ERU14MTLthreadgroupKS_,60
_ZNU10MTLraydata2FOC1ERU11MTLconstantKS_,60
_ZNU10MTLraydata2FOC1ERU24MTLthreadgroupimageblockKS_,60
_ZNU10MTLraydata2FOC1ERU10MTLraydataKS_,60
_ZNU10MTLraydata2FOC1ERKS_,60
_ZN2FOC1ERU10MTLraydataKS_,60
_ZNU14MTLthreadgroup2FOC1EOU10MTLraydataS_,60
_ZNU10MTLraydata2FOC1EOU9MTLdeviceS_,60
_ZNU10MTLraydata2FOC1EOU14MTLthreadgroupS_,60
_ZNU10MTLraydata2FOC1EOU24MTLthreadgroupimageblockS_,60
_ZNU10MTLraydata2FOC1EOU10MTLraydataS_,60
_ZNU10MTLraydata2FOC1EOS_,60
_ZN2FOC1EOU10MTLraydataS_,60
_ZNU10MTLraydata3FOmC1Ev,60
_ZNU14MTLthreadgroup3FOmC1ERU10MTLraydataKS_,60
_ZNU10MTLraydata3FOmC1ERU9MTLdeviceKS_,60
_ZNU10MTLraydata3FOmC1ERU14MTLthreadgroupKS_,60
_ZNU10MTLraydata3FOmC1ERU11MTLconstantKS_,60
_ZNU10MTLraydata3FOmC1ERU24MTLthreadgroupimageblockKS_,60
_ZNU10MTLraydata3FOmC1ERU10MTLraydataKS_,60
_ZNU10MTLraydata3FOmC1ERKS_,60
_ZN3FOmC1ERU10MTLraydataKS_,60
_ZNU14MTLthreadgroup3FOmC1EOU10MTLraydataS_,60
_ZNU10MTLraydata3FOmC1EOU9MTLdeviceS_,60
_ZNU10MTLraydata3FOmC1EOU14MTLthreadgroupS_,60
_ZNU10MTLraydata3FOmC1EOU24MTLthreadgroupimageblockS_,60
_ZNU10MTLraydata3FOmC1EOU10MTLraydataS_,60
_ZNU10MTLraydata3FOmC1EOS_,60
_ZN3FOmC1EOU10MTLraydataS_,60
_ZNU10MTLraydata3VOcC1Ev,60
_ZNU14MTLthreadgroup3VOcC1ERU10MTLraydataKS_,60
_ZNU10MTLraydata3VOcC1ERU9MTLdeviceKS_,60
_ZNU10MTLraydata3VOcC1ERU14MTLthreadgroupKS_,60
_ZNU10MTLraydata3VOcC1ERU11MTLconstantKS_,60
_ZNU10MTLraydata3VOcC1ERU24MTLthreadgroupimageblockKS_,60
_ZNU10MTLraydata3VOcC1ERU10MTLraydataKS_,60
_ZNU10MTLraydata3VOcC1ERKS_,60
_ZN3VOcC1ERU10MTLraydataKS_,60
_ZNU14MTLthreadgroup3VOcC1EOU10MTLraydataS_,60
_ZNU10MTLraydata3VOcC1EOU9MTLdeviceS_,60
_ZNU10MTLraydata3VOcC1EOU14MTLthreadgroupS_,60
_ZNU10MTLraydata3VOcC1EOU24MTLthreadgroupimageblockS_,60
_ZNU10MTLraydata3VOcC1EOU10MTLraydataS_,60
_ZNU10MTLraydata3VOcC1EOS_,60
_ZN3VOcC1EOU10MTLraydataS_,60
_ZNU10MTLraydata3VOpC1Ev,60
_ZNU14MTLthreadgroup3VOpC1ERU10MTLraydataKS_,60
_ZNU10MTLraydata3VOpC1ERU9MTLdeviceKS_,60
_ZNU10MTLraydata3VOpC1ERU14MTLthreadgroupKS_,60
_ZNU10MTLraydata3VOpC1ERU11MTLconstantKS_,60
_ZNU10MTLraydata3VOpC1ERU24MTLthreadgroupimageblockKS_,60
_ZNU10MTLraydata3VOpC1ERU10MTLraydataKS_,60
_ZNU10MTLraydata3VOpC1ERKS_,60
_ZN3VOpC1ERU10MTLraydataKS_,60
_ZNU14MTLthreadgroup3VOpC1EOU10MTLraydataS_,60
_ZNU10MTLraydata3VOpC1EOU9MTLdeviceS_,60
_ZNU10MTLraydata3VOpC1EOU14MTLthreadgroupS_,60
_ZNU10MTLraydata3VOpC1EOU24MTLthreadgroupimageblockS_,60
_ZNU10MTLraydata3VOpC1EOU10MTLraydataS_,60
_ZNU10MTLraydata3VOpC1EOS_,60
_ZN3VOpC1EOU10MTLraydataS_,60
_ZNU14MTLthreadgroup10SharedArgsC1ERU10MTLraydataKS_,60
_ZNU10MTLraydata10SharedArgsC1ERU9MTLdeviceKS_,60
_ZNU10MTLraydata10SharedArgsC1ERU14MTLthreadgroupKS_,60
_ZNU10MTLraydata10SharedArgsC1ERU11MTLconstantKS_,60
_ZNU10MTLraydata10SharedArgsC1ERU24MTLthreadgroupimageblockKS_,60
_ZNU10MTLraydata10SharedArgsC1ERU10MTLraydataKS_,60
_ZNU10MTLraydata10SharedArgsC1ERKS_,60
_ZN10SharedArgsC1ERU10MTLraydataKS_,60
_ZNU14MTLthreadgroup10SharedArgsC1EOU10MTLraydataS_,60
_ZNU10MTLraydata10SharedArgsC1EOU9MTLdeviceS_,60
_ZNU10MTLraydata10SharedArgsC1EOU14MTLthreadgroupS_,60
_ZNU10MTLraydata10SharedArgsC1EOU24MTLthreadgroupimageblockS_,60
_ZNU10MTLraydata10SharedArgsC1EOU10MTLraydataS_,60
_ZNU10MTLraydata10SharedArgsC1EOS_,60
_ZN10SharedArgsC1EOU10MTLraydataS_,60
_ZNU9MTLdevice10SharedArgsaSERU10MTLraydataKS_,60
_ZNU14MTLthreadgroup10SharedArgsaSERU10MTLraydataKS_,60
_ZNU24MTLthreadgroupimageblock10SharedArgsaSERU10MTLraydataKS_,60
_ZNU10MTLraydata10SharedArgsaSERU9MTLdeviceKS_,60
_ZNU10MTLraydata10SharedArgsaSERU14MTLthreadgroupKS_,60
_ZNU10MTLraydata10SharedArgsaSERU11MTLconstantKS_,60
_ZNU10MTLraydata10SharedArgsaSERU24MTLthreadgroupimageblockKS_,60
_ZNU10MTLraydata10SharedArgsaSERU10MTLraydataKS_,60
_ZNU10MTLraydata10SharedArgsaSERKS_,60
_ZN10SharedArgsaSERU10MTLraydataKS_,60
_ZNU9MTLdevice10SharedArgsaSEOU10MTLraydataS_,60
_ZNU14MTLthreadgroup10SharedArgsaSEOU10MTLraydataS_,60
_ZNU24MTLthreadgroupimageblock10SharedArgsaSEOU10MTLraydataS_,60
_ZNU10MTLraydata10SharedArgsaSEOU9MTLdeviceS_,60
_ZNU10MTLraydata10SharedArgsaSEOU14MTLthreadgroupS_,60
_ZNU10MTLraydata10SharedArgsaSEOU24MTLthreadgroupimageblockS_,60
_ZNU10MTLraydata10SharedArgsaSEOU10MTLraydataS_,60
_ZNU10MTLraydata10SharedArgsaSEOS_,60
_ZN10SharedArgsaSEOU10MTLraydataS_,60
_ZNU10MTLraydata2PMC1Ev,60
_ZNU14MTLthreadgroup2PMC1ERU10MTLraydataKS_,60
_ZNU10MTLraydata2PMC1ERU9MTLdeviceKS_,60
_ZNU10MTLraydata2PMC1ERU14MTLthreadgroupKS_,60
_ZNU10MTLraydata2PMC1ERU11MTLconstantKS_,60
_ZNU10MTLraydata2PMC1ERU24MTLthreadgroupimageblockKS_,60
_ZNU10MTLraydata2PMC1ERU10MTLraydataKS_,60
_ZNU10MTLraydata2PMC1ERKS_,60
_ZN2PMC1ERU10MTLraydataKS_,60
_ZNU14MTLthreadgroup2PMC1EOU10MTLraydataS_,60
_ZNU10MTLraydata2PMC1EOU9MTLdeviceS_,60
_ZNU10MTLraydata2PMC1EOU14MTLthreadgroupS_,60
_ZNU10MTLraydata2PMC1EOU24MTLthreadgroupimageblockS_,60
_ZNU10MTLraydata2PMC1EOU10MTLraydataS_,60
_ZNU10MTLraydata2PMC1EOS_,60
_ZN2PMC1EOU10MTLraydataS_,60
_ZNU10MTLraydata9AlignedTGC1Ev,60
_ZNU14MTLthreadgroup9AlignedTGC1ERU10MTLraydataKS_,60
_ZNU10MTLraydata9AlignedTGC1ERU9MTLdeviceKS_,60
_ZNU10MTLraydata9AlignedTGC1ERU14MTLthreadgroupKS_,60
_ZNU10MTLraydata9AlignedTGC1ERU11MTLconstantKS_,60
_ZNU10MTLraydata9AlignedTGC1ERU24MTLthreadgroupimageblockKS_,60
_ZNU10MTLraydata9AlignedTGC1ERU10MTLraydataKS_,60
_ZNU10MTLraydata9AlignedTGC1ERKS_,60
_ZN9AlignedTGC1ERU10MTLraydataKS_,60
_ZNU14MTLthreadgroup9AlignedTGC1EOU10MTLraydataS_,60
_ZNU10MTLraydata9AlignedTGC1EOU9MTLdeviceS_,60
_ZNU10MTLraydata9AlignedTGC1EOU14MTLthreadgroupS_,60
_ZNU10MTLraydata9AlignedTGC1EOU24MTLthreadgroupimageblockS_,60
_ZNU10MTLraydata9AlignedTGC1EOU10MTLraydataS_,60
_ZNU10MTLraydata9AlignedTGC1EOS_,60
_ZN9AlignedTGC1EOU10MTLraydataS_,60
_ZNU10MTLraydata8PackedTGC1Ev,60
_ZNU14MTLthreadgroup8PackedTGC1ERU10MTLraydataKS_,60
_ZNU10MTLraydata8PackedTGC1ERU9MTLdeviceKS_,60
_ZNU10MTLraydata8PackedTGC1ERU14MTLthreadgroupKS_,60
_ZNU10MTLraydata8PackedTGC1ERU11MTLconstantKS_,60
_ZNU10MTLraydata8PackedTGC1ERU24MTLthreadgroupimageblockKS_,60
_ZNU10MTLraydata8PackedTGC1ERU10MTLraydataKS_,60
_ZNU10MTLraydata8PackedTGC1ERKS_,60
_ZN8PackedTGC1ERU10MTLraydataKS_,60
_ZNU14MTLthreadgroup8PackedTGC1EOU10MTLraydataS_,60
_ZNU10MTLraydata8PackedTGC1EOU9MTLdeviceS_,60
_ZNU10MTLraydata8PackedTGC1EOU14MTLthreadgroupS_,60
_ZNU10MTLraydata8PackedTGC1EOU24MTLthreadgroupimageblockS_,60
_ZNU10MTLraydata8PackedTGC1EOU10MTLraydataS_,60
_ZNU10MTLraydata8PackedTGC1EOS_,60
_ZN8PackedTGC1EOU10MTLraydataS_,60
__metal_simd_prefix_exclusive_product,54
__metal_simd_prefix_inclusive_product,54
internal_name,50
_Znwj,48
_Znaj,48
_ZNU14MTLthreadgroup9AbiStructC1ERU9MTLdeviceU18MTLcoherent_deviceKS_,48
_ZNU10MTLraydata9AbiStructC1ERU9MTLdeviceU18MTLcoherent_deviceKS_,48
_ZN9AbiStructC1ERU9MTLdeviceU18MTLcoherent_deviceKS_,48
_ZNU14MTLthreadgroup9AbiStructC1EOU9MTLdeviceU18MTLcoherent_deviceS_,48
_ZNU10MTLraydata9AbiStructC1EOU9MTLdeviceU18MTLcoherent_deviceS_,48
_ZN9AbiStructC1EOU9MTLdeviceU18MTLcoherent_deviceS_,48
_ZNU9MTLdevice9AbiStructaSEOU9MTLdeviceU18MTLcoherent_deviceS_,48
_ZNU9MTLdeviceU18MTLcoherent_device9AbiStructaSEOU9MTLdeviceS_,48
_ZNU9MTLdeviceU18MTLcoherent_device9AbiStructaSEOU9MTLdeviceU18MTLcoherent_deviceS_,48
_ZNU9MTLdeviceU18MTLcoherent_device9AbiStructaSEOU14MTLthreadgroupS_,48
_ZNU9MTLdeviceU18MTLcoherent_device9AbiStructaSEOU24MTLthreadgroupimageblockS_,48
_ZNU9MTLdeviceU18MTLcoherent_device9AbiStructaSEOU10MTLraydataS_,48
_ZNU9MTLdeviceU18MTLcoherent_device9AbiStructaSEOU13MTLobjectdataS_,48
_ZNU9MTLdeviceU18MTLcoherent_device9AbiStructaSEOS_,48
_ZNU14MTLthreadgroup9AbiStructaSEOU9MTLdeviceU18MTLcoherent_deviceS_,48
_ZNU24MTLthreadgroupimageblock9AbiStructaSEOU9MTLdeviceU18MTLcoherent_deviceS_,48
_ZNU10MTLraydata9AbiStructaSEOU9MTLdeviceU18MTLcoherent_deviceS_,48
_ZNU13MTLobjectdata9AbiStructaSEOU9MTLdeviceU18MTLcoherent_deviceS_,48
_ZN9AbiStructaSEOU9MTLdeviceU18MTLcoherent_deviceS_,48
_ZNU14MTLthreadgroup10AddressBoxC1ERU9MTLdeviceU18MTLcoherent_deviceKS_,48
_ZNU10MTLraydata10AddressBoxC1ERU9MTLdeviceU18MTLcoherent_deviceKS_,48
_ZN10AddressBoxC1ERU9MTLdeviceU18MTLcoherent_deviceKS_,48
_ZNU14MTLthreadgroup10AddressBoxC1EOU9MTLdeviceU18MTLcoherent_deviceS_,48
_ZNU10MTLraydata10AddressBoxC1EOU9MTLdeviceU18MTLcoherent_deviceS_,48
_ZN10AddressBoxC1EOU9MTLdeviceU18MTLcoherent_deviceS_,48
_ZNU14MTLthreadgroup10RayPayloadC1ERU9MTLdeviceU18MTLcoherent_deviceKS_,48
_ZNU10MTLraydata10RayPayloadC1ERU9MTLdeviceU18MTLcoherent_deviceKS_,48
_ZN10RayPayloadC1ERU9MTLdeviceU18MTLcoherent_deviceKS_,48
_ZNU14MTLthreadgroup10RayPayloadC1EOU9MTLdeviceU18MTLcoherent_deviceS_,48
_ZNU10MTLraydata10RayPayloadC1EOU9MTLdeviceU18MTLcoherent_deviceS_,48
_ZN10RayPayloadC1EOU9MTLdeviceU18MTLcoherent_deviceS_,48
_ZNU9MTLdevice10RayPayloadaSERU9MTLdeviceU18MTLcoherent_deviceKS_,48
_ZNU9MTLdeviceU18MTLcoherent_device10RayPayloadaSERU9MTLdeviceKS_,48
_ZNU9MTLdeviceU18MTLcoherent_device10RayPayloadaSERU9MTLdeviceU18MTLcoherent_deviceKS_,48
_ZNU9MTLdeviceU18MTLcoherent_device10RayPayloadaSERU14MTLthreadgroupKS_,48
_ZNU9MTLdeviceU18MTLcoherent_device10RayPayloadaSERU11MTLconstantKS_,48
_ZNU9MTLdeviceU18MTLcoherent_device10RayPayloadaSERU24MTLthreadgroupimageblockKS_,48
_ZNU9MTLdeviceU18MTLcoherent_device10RayPayloadaSERU10MTLraydataKS_,48
_ZNU9MTLdeviceU18MTLcoherent_device10RayPayloadaSERU13MTLobjectdataKS_,48
_ZNU9MTLdeviceU18MTLcoherent_device10RayPayloadaSERKS_,48
_ZNU14MTLthreadgroup10RayPayloadaSERU9MTLdeviceU18MTLcoherent_deviceKS_,48
_ZNU24MTLthreadgroupimageblock10RayPayloadaSERU9MTLdeviceU18MTLcoherent_deviceKS_,48
_ZNU10MTLraydata10RayPayloadaSERU9MTLdeviceU18MTLcoherent_deviceKS_,48
_ZNU13MTLobjectdata10RayPayloadaSERU9MTLdeviceU18MTLcoherent_deviceKS_,48
_ZN10RayPayloadaSERU9MTLdeviceU18MTLcoherent_deviceKS_,48
_ZNU9MTLdevice10RayPayloadaSEOU9MTLdeviceU18MTLcoherent_deviceS_,48
_ZNU9MTLdeviceU18MTLcoherent_device10RayPayloadaSEOU9MTLdeviceS_,48
_ZNU9MTLdeviceU18MTLcoherent_device10RayPayloadaSEOU9MTLdeviceU18MTLcoherent_deviceS_,48
_ZNU9MTLdeviceU18MTLcoherent_device10RayPayloadaSEOU14MTLthreadgroupS_,48
_ZNU9MTLdeviceU18MTLcoherent_device10RayPayloadaSEOU24MTLthreadgroupimageblockS_,48
_ZNU9MTLdeviceU18MTLcoherent_device10RayPayloadaSEOU10MTLraydataS_,48
_ZNU9MTLdeviceU18MTLcoherent_device10RayPayloadaSEOU13MTLobjectdataS_,48
_ZNU9MTLdeviceU18MTLcoherent_device10RayPayloadaSEOS_,48
_ZNU14MTLthreadgroup10RayPayloadaSEOU9MTLdeviceU18MTLcoherent_deviceS_,48
_ZNU24MTLthreadgroupimageblock10RayPayloadaSEOU9MTLdeviceU18MTLcoherent_deviceS_,48
_ZNU10MTLraydata10RayPayloadaSEOU9MTLdeviceU18MTLcoherent_deviceS_,48
_ZNU13MTLobjectdata10RayPayloadaSEOU9MTLdeviceU18MTLcoherent_deviceS_,48
_ZN10RayPayloadaSEOU9MTLdeviceU18MTLcoherent_deviceS_,48
_ZNU14MTLthreadgroup9ArgBufArrC1ERU9MTLdeviceU18MTLcoherent_deviceKS_,48
_ZNU10MTLraydata9ArgBufArrC1ERU9MTLdeviceU18MTLcoherent_deviceKS_,48
_ZN9ArgBufArrC1ERU9MTLdeviceU18MTLcoherent_deviceKS_,48
_ZNU14MTLthreadgroup9ArgBufArrC1EOU9MTLdeviceU18MTLcoherent_deviceS_,48
_ZNU10MTLraydata9ArgBufArrC1EOU9MTLdeviceU18MTLcoherent_deviceS_,48
_ZN9ArgBufArrC1EOU9MTLdeviceU18MTLcoherent_deviceS_,48
_ZNU9MTLdevice9ArgBufArraSERU9MTLdeviceU18MTLcoherent_deviceKS_,48
_ZNU9MTLdeviceU18MTLcoherent_device9ArgBufArraSERU9MTLdeviceKS_,48
_ZNU9MTLdeviceU18MTLcoherent_device9ArgBufArraSERU9MTLdeviceU18MTLcoherent_deviceKS_,48
_ZNU9MTLdeviceU18MTLcoherent_device9ArgBufArraSERU14MTLthreadgroupKS_,48
_ZNU9MTLdeviceU18MTLcoherent_device9ArgBufArraSERU11MTLconstantKS_,48
_ZNU9MTLdeviceU18MTLcoherent_device9ArgBufArraSERU24MTLthreadgroupimageblockKS_,48
_ZNU9MTLdeviceU18MTLcoherent_device9ArgBufArraSERU10MTLraydataKS_,48
_ZNU9MTLdeviceU18MTLcoherent_device9ArgBufArraSERU13MTLobjectdataKS_,48
_ZNU9MTLdeviceU18MTLcoherent_device9ArgBufArraSERKS_,48
_ZNU14MTLthreadgroup9ArgBufArraSERU9MTLdeviceU18MTLcoherent_deviceKS_,48
_ZNU24MTLthreadgroupimageblock9ArgBufArraSERU9MTLdeviceU18MTLcoherent_deviceKS_,48
_ZNU10MTLraydata9ArgBufArraSERU9MTLdeviceU18MTLcoherent_deviceKS_,48
_ZNU13MTLobjectdata9ArgBufArraSERU9MTLdeviceU18MTLcoherent_deviceKS_,48
_ZN9ArgBufArraSERU9MTLdeviceU18MTLcoherent_deviceKS_,48
_ZNU9MTLdevice9ArgBufArraSEOU9MTLdeviceU18MTLcoherent_deviceS_,48
_ZNU9MTLdeviceU18MTLcoherent_device9ArgBufArraSEOU9MTLdeviceS_,48
_ZNU9MTLdeviceU18MTLcoherent_device9ArgBufArraSEOU9MTLdeviceU18MTLcoherent_deviceS_,48
_ZNU9MTLdeviceU18MTLcoherent_device9ArgBufArraSEOU14MTLthreadgroupS_,48
_ZNU9MTLdeviceU18MTLcoherent_device9ArgBufArraSEOU24MTLthreadgroupimageblockS_,48
_ZNU9MTLdeviceU18MTLcoherent_device9ArgBufArraSEOU10MTLraydataS_,48
_ZNU9MTLdeviceU18MTLcoherent_device9ArgBufArraSEOU13MTLobjectdataS_,48
_ZNU9MTLdeviceU18MTLcoherent_device9ArgBufArraSEOS_,48
_ZNU14MTLthreadgroup9ArgBufArraSEOU9MTLdeviceU18MTLcoherent_deviceS_,48
_ZNU24MTLthreadgroupimageblock9ArgBufArraSEOU9MTLdeviceU18MTLcoherent_deviceS_,48
_ZNU10MTLraydata9ArgBufArraSEOU9MTLdeviceU18MTLcoherent_deviceS_,48
_ZNU13MTLobjectdata9ArgBufArraSEOU9MTLdeviceU18MTLcoherent_deviceS_,48
_ZN9ArgBufArraSEOU9MTLdeviceU18MTLcoherent_deviceS_,48
_ZNU14MTLthreadgroup12NestedLayoutC1ERU9MTLdeviceU18MTLcoherent_deviceKS_,48
_ZNU10MTLraydata12NestedLayoutC1ERU9MTLdeviceU18MTLcoherent_deviceKS_,48
_ZN12NestedLayoutC1ERU9MTLdeviceU18MTLcoherent_deviceKS_,48
_ZNU14MTLthreadgroup12NestedLayoutC1EOU9MTLdeviceU18MTLcoherent_deviceS_,48
_ZNU10MTLraydata12NestedLayoutC1EOU9MTLdeviceU18MTLcoherent_deviceS_,48
_ZN12NestedLayoutC1EOU9MTLdeviceU18MTLcoherent_deviceS_,48
_ZZ18codegen_lambda_allPU9MTLdevicejjENK3$_0clEj,48
_ZZ18codegen_lambda_allPU9MTLdevicejjENK3$_0cvPFjjEEv,48
_ZZ18codegen_lambda_allPU9MTLdevicejjEN3$_08__invokeEj,48
_ZZ18codegen_lambda_allPU9MTLdevicejjEN3$_0D1Ev,48
_ZNU9MTLdevice4BaseaSERU9MTLdeviceU18MTLcoherent_deviceKS_,48
_ZNU9MTLdeviceU18MTLcoherent_device4BaseaSERU9MTLdeviceKS_,48
_ZNU9MTLdeviceU18MTLcoherent_device4BaseaSERU9MTLdeviceU18MTLcoherent_deviceKS_,48
_ZNU9MTLdeviceU18MTLcoherent_device4BaseaSERU14MTLthreadgroupKS_,48
_ZNU9MTLdeviceU18MTLcoherent_device4BaseaSERU11MTLconstantKS_,48
_ZNU9MTLdeviceU18MTLcoherent_device4BaseaSERU24MTLthreadgroupimageblockKS_,48
_ZNU9MTLdeviceU18MTLcoherent_device4BaseaSERU10MTLraydataKS_,48
_ZNU9MTLdeviceU18MTLcoherent_device4BaseaSERU13MTLobjectdataKS_,48
_ZNU9MTLdeviceU18MTLcoherent_device4BaseaSERKS_,48
_ZNU14MTLthreadgroup4BaseaSERU9MTLdeviceU18MTLcoherent_deviceKS_,48
_ZNU24MTLthreadgroupimageblock4BaseaSERU9MTLdeviceU18MTLcoherent_deviceKS_,48
_ZNU10MTLraydata4BaseaSERU9MTLdeviceU18MTLcoherent_deviceKS_,48
_ZNU13MTLobjectdata4BaseaSERU9MTLdeviceU18MTLcoherent_deviceKS_,48
_ZN4BaseaSERU9MTLdeviceU18MTLcoherent_deviceKS_,48
_ZNU14MTLthreadgroup7DerivedC1ERU9MTLdeviceU18MTLcoherent_deviceKS_,48
_ZNU10MTLraydata7DerivedC1ERU9MTLdeviceU18MTLcoherent_deviceKS_,48
_ZN7DerivedC1ERU9MTLdeviceU18MTLcoherent_deviceKS_,48
_ZNU14MTLthreadgroup7DerivedC1EOU9MTLdeviceU18MTLcoherent_deviceS_,48
_ZNU10MTLraydata7DerivedC1EOU9MTLdeviceU18MTLcoherent_deviceS_,48
_ZN7DerivedC1EOU9MTLdeviceU18MTLcoherent_deviceS_,48
_ZZ1kPU9MTLdeviceiEN3$_0D1Ev,48
_ZNU14MTLthreadgroup1SC1ERU9MTLdeviceU18MTLcoherent_deviceKS_,48
_ZNU10MTLraydata1SC1ERU9MTLdeviceU18MTLcoherent_deviceKS_,48
_ZN1SC1ERU9MTLdeviceU18MTLcoherent_deviceKS_,48
_ZNU14MTLthreadgroup1SC1EOU9MTLdeviceU18MTLcoherent_deviceS_,48
_ZNU10MTLraydata1SC1EOU9MTLdeviceU18MTLcoherent_deviceS_,48
_ZN1SC1EOU9MTLdeviceU18MTLcoherent_deviceS_,48
_ZNU14MTLthreadgroup2VOC1ERU9MTLdeviceU18MTLcoherent_deviceKS_,48
_ZNU10MTLraydata2VOC1ERU9MTLdeviceU18MTLcoherent_deviceKS_,48
_ZN2VOC1ERU9MTLdeviceU18MTLcoherent_deviceKS_,48
_ZNU14MTLthreadgroup2VOC1EOU9MTLdeviceU18MTLcoherent_deviceS_,48
_ZNU10MTLraydata2VOC1EOU9MTLdeviceU18MTLcoherent_deviceS_,48
_ZN2VOC1EOU9MTLdeviceU18MTLcoherent_deviceS_,48
_ZNU14MTLthreadgroup4VOutC1ERU9MTLdeviceU18MTLcoherent_deviceKS_,48
_ZNU10MTLraydata4VOutC1ERU9MTLdeviceU18MTLcoherent_deviceKS_,48
_ZN4VOutC1ERU9MTLdeviceU18MTLcoherent_deviceKS_,48
_ZNU14MTLthreadgroup4VOutC1EOU9MTLdeviceU18MTLcoherent_deviceS_,48
_ZNU10MTLraydata4VOutC1EOU9MTLdeviceU18MTLcoherent_deviceS_,48
_ZN4VOutC1EOU9MTLdeviceU18MTLcoherent_deviceS_,48
_ZNU14MTLthreadgroup11IoVertexOutC1ERU9MTLdeviceU18MTLcoherent_deviceKS_,48
_ZNU10MTLraydata11IoVertexOutC1ERU9MTLdeviceU18MTLcoherent_deviceKS_,48
_ZN11IoVertexOutC1ERU9MTLdeviceU18MTLcoherent_deviceKS_,48
_ZNU14MTLthreadgroup11IoVertexOutC1EOU9MTLdeviceU18MTLcoherent_deviceS_,48
_ZNU10MTLraydata11IoVertexOutC1EOU9MTLdeviceU18MTLcoherent_deviceS_,48
_ZN11IoVertexOutC1EOU9MTLdeviceU18MTLcoherent_deviceS_,48
_ZNU14MTLthreadgroup10IoFragOutAC1ERU9MTLdeviceU18MTLcoherent_deviceKS_,48
_ZNU10MTLraydata10IoFragOutAC1ERU9MTLdeviceU18MTLcoherent_deviceKS_,48
_ZN10IoFragOutAC1ERU9MTLdeviceU18MTLcoherent_deviceKS_,48
_ZNU14MTLthreadgroup10IoFragOutAC1EOU9MTLdeviceU18MTLcoherent_deviceS_,48
_ZNU10MTLraydata10IoFragOutAC1EOU9MTLdeviceU18MTLcoherent_deviceS_,48
_ZN10IoFragOutAC1EOU9MTLdeviceU18MTLcoherent_deviceS_,48
_ZNU14MTLthreadgroup10IoFragOutGC1ERU9MTLdeviceU18MTLcoherent_deviceKS_,48
_ZNU10MTLraydata10IoFragOutGC1ERU9MTLdeviceU18MTLcoherent_deviceKS_,48
_ZN10IoFragOutGC1ERU9MTLdeviceU18MTLcoherent_deviceKS_,48
_ZNU14MTLthreadgroup10IoFragOutGC1EOU9MTLdeviceU18MTLcoherent_deviceS_,48
_ZNU10MTLraydata10IoFragOutGC1EOU9MTLdeviceU18MTLcoherent_deviceS_,48
_ZN10IoFragOutGC1EOU9MTLdeviceU18MTLcoherent_deviceS_,48
_ZNU14MTLthreadgroup10IoFragOutLC1ERU9MTLdeviceU18MTLcoherent_deviceKS_,48
_ZNU10MTLraydata10IoFragOutLC1ERU9MTLdeviceU18MTLcoherent_deviceKS_,48
_ZN10IoFragOutLC1ERU9MTLdeviceU18MTLcoherent_deviceKS_,48
_ZNU14MTLthreadgroup10IoFragOutLC1EOU9MTLdeviceU18MTLcoherent_deviceS_,48
_ZNU10MTLraydata10IoFragOutLC1EOU9MTLdeviceU18MTLcoherent_deviceS_,48
_ZN10IoFragOutLC1EOU9MTLdeviceU18MTLcoherent_deviceS_,48
_ZNU14MTLthreadgroup13MeshVertexOutC1ERU9MTLdeviceU18MTLcoherent_deviceKS_,48
_ZNU10MTLraydata13MeshVertexOutC1ERU9MTLdeviceU18MTLcoherent_deviceKS_,48
_ZN13MeshVertexOutC1ERU9MTLdeviceU18MTLcoherent_deviceKS_,48
_ZNU14MTLthreadgroup13MeshVertexOutC1EOU9MTLdeviceU18MTLcoherent_deviceS_,48
_ZNU10MTLraydata13MeshVertexOutC1EOU9MTLdeviceU18MTLcoherent_deviceS_,48
_ZN13MeshVertexOutC1EOU9MTLdeviceU18MTLcoherent_deviceS_,48
_ZNU14MTLthreadgroup10FixedArrayIjLj4EEC1ERU9MTLdeviceU18MTLcoherent_deviceKS0_,48
_ZNU10MTLraydata10FixedArrayIjLj4EEC1ERU9MTLdeviceU18MTLcoherent_deviceKS0_,48
_ZN10FixedArrayIjLj4EEC1ERU9MTLdeviceU18MTLcoherent_deviceKS0_,48
_ZNU14MTLthreadgroup10FixedArrayIjLj4EEC1EOU9MTLdeviceU18MTLcoherent_deviceS0_,48
_ZNU10MTLraydata10FixedArrayIjLj4EEC1EOU9MTLdeviceU18MTLcoherent_deviceS0_,48
_ZN10FixedArrayIjLj4EEC1EOU9MTLdeviceU18MTLcoherent_deviceS0_,48
_ZNU14MTLthreadgroup5OpBoxC1ERU9MTLdeviceU18MTLcoherent_deviceKS_,48
_ZNU10MTLraydata5OpBoxC1ERU9MTLdeviceU18MTLcoherent_deviceKS_,48
_ZN5OpBoxC1ERU9MTLdeviceU18MTLcoherent_deviceKS_,48
_ZNU14MTLthreadgroup5OpBoxC1EOU9MTLdeviceU18MTLcoherent_deviceS_,48
_ZNU10MTLraydata5OpBoxC1EOU9MTLdeviceU18MTLcoherent_deviceS_,48
_ZN5OpBoxC1EOU9MTLdeviceU18MTLcoherent_deviceS_,48
_ZNU14MTLthreadgroup8RayQueryC1ERU9MTLdeviceU18MTLcoherent_deviceKS_,48
_ZNU10MTLraydata8RayQueryC1ERU9MTLdeviceU18MTLcoherent_deviceKS_,48
_ZN8RayQueryC1ERU9MTLdeviceU18MTLcoherent_deviceKS_,48
_ZNU14MTLthreadgroup8RayQueryC1EOU9MTLdeviceU18MTLcoherent_deviceS_,48
_ZNU10MTLraydata8RayQueryC1EOU9MTLdeviceU18MTLcoherent_deviceS_,48
_ZN8RayQueryC1EOU9MTLdeviceU18MTLcoherent_deviceS_,48
_ZNU9MTLdevice8RayQueryaSERU9MTLdeviceU18MTLcoherent_deviceKS_,48
_ZNU9MTLdeviceU18MTLcoherent_device8RayQueryaSERU9MTLdeviceKS_,48
_ZNU9MTLdeviceU18MTLcoherent_device8RayQueryaSERU9MTLdeviceU18MTLcoherent_deviceKS_,48
_ZNU9MTLdeviceU18MTLcoherent_device8RayQueryaSERU14MTLthreadgroupKS_,48
_ZNU9MTLdeviceU18MTLcoherent_device8RayQueryaSERU11MTLconstantKS_,48
_ZNU9MTLdeviceU18MTLcoherent_device8RayQueryaSERU24MTLthreadgroupimageblockKS_,48
_ZNU9MTLdeviceU18MTLcoherent_device8RayQueryaSERU10MTLraydataKS_,48
_ZNU9MTLdeviceU18MTLcoherent_device8RayQueryaSERU13MTLobjectdataKS_,48
_ZNU9MTLdeviceU18MTLcoherent_device8RayQueryaSERKS_,48
_ZNU14MTLthreadgroup8RayQueryaSERU9MTLdeviceU18MTLcoherent_deviceKS_,48
_ZNU24MTLthreadgroupimageblock8RayQueryaSERU9MTLdeviceU18MTLcoherent_deviceKS_,48
_ZNU10MTLraydata8RayQueryaSERU9MTLdeviceU18MTLcoherent_deviceKS_,48
_ZNU13MTLobjectdata8RayQueryaSERU9MTLdeviceU18MTLcoherent_deviceKS_,48
_ZN8RayQueryaSERU9MTLdeviceU18MTLcoherent_deviceKS_,48
_ZNU9MTLdevice8RayQueryaSEOU9MTLdeviceU18MTLcoherent_deviceS_,48
_ZNU9MTLdeviceU18MTLcoherent_device8RayQueryaSEOU9MTLdeviceS_,48
_ZNU9MTLdeviceU18MTLcoherent_device8RayQueryaSEOU9MTLdeviceU18MTLcoherent_deviceS_,48
_ZNU9MTLdeviceU18MTLcoherent_device8RayQueryaSEOU14MTLthreadgroupS_,48
_ZNU9MTLdeviceU18MTLcoherent_device8RayQueryaSEOU24MTLthreadgroupimageblockS_,48
_ZNU9MTLdeviceU18MTLcoherent_device8RayQueryaSEOU10MTLraydataS_,48
_ZNU9MTLdeviceU18MTLcoherent_device8RayQueryaSEOU13MTLobjectdataS_,48
_ZNU9MTLdeviceU18MTLcoherent_device8RayQueryaSEOS_,48
_ZNU14MTLthreadgroup8RayQueryaSEOU9MTLdeviceU18MTLcoherent_deviceS_,48
_ZNU24MTLthreadgroupimageblock8RayQueryaSEOU9MTLdeviceU18MTLcoherent_deviceS_,48
_ZNU10MTLraydata8RayQueryaSEOU9MTLdeviceU18MTLcoherent_deviceS_,48
_ZNU13MTLobjectdata8RayQueryaSEOU9MTLdeviceU18MTLcoherent_deviceS_,48
_ZN8RayQueryaSEOU9MTLdeviceU18MTLcoherent_deviceS_,48
_ZNU14MTLthreadgroup8ArrayBoxIDv4_fLj2EEC1ERU9MTLdeviceU18MTLcoherent_deviceKS1_,48
_ZNU10MTLraydata8ArrayBoxIDv4_fLj2EEC1ERU9MTLdeviceU18MTLcoherent_deviceKS1_,48
_ZN8ArrayBoxIDv4_fLj2EEC1ERU9MTLdeviceU18MTLcoherent_deviceKS1_,48
_ZNU14MTLthreadgroup8ArrayBoxIDv4_fLj2EEC1EOU9MTLdeviceU18MTLcoherent_deviceS1_,48
_ZNU10MTLraydata8ArrayBoxIDv4_fLj2EEC1EOU9MTLdeviceU18MTLcoherent_deviceS1_,48
_ZN8ArrayBoxIDv4_fLj2EEC1EOU9MTLdeviceU18MTLcoherent_deviceS1_,48
_ZNU14MTLthreadgroup1UC1ERU9MTLdeviceU18MTLcoherent_deviceKS_,48
_ZNU10MTLraydata1UC1ERU9MTLdeviceU18MTLcoherent_deviceKS_,48
_ZN1UC1ERU9MTLdeviceU18MTLcoherent_deviceKS_,48
_ZNU14MTLthreadgroup1UC1EOU9MTLdeviceU18MTLcoherent_deviceS_,48
_ZNU10MTLraydata1UC1EOU9MTLdeviceU18MTLcoherent_deviceS_,48
_ZN1UC1EOU9MTLdeviceU18MTLcoherent_deviceS_,48
_ZNU14MTLthreadgroup1CC1ERU13MTLobjectdataKS_,44
_ZNU10MTLraydata1CC1ERU13MTLobjectdataKS_,44
_ZN1CC1ERU13MTLobjectdataKS_,44
_ZNU14MTLthreadgroup1CC1EOU13MTLobjectdataS_,44
_ZNU10MTLraydata1CC1EOU13MTLobjectdataS_,44
_ZN1CC1EOU13MTLobjectdataS_,44
_ZNU14MTLthreadgroup3VecC1ERU13MTLobjectdataKS_,44
_ZNU10MTLraydata3VecC1ERU13MTLobjectdataKS_,44
_ZN3VecC1ERU13MTLobjectdataKS_,44
_ZNU14MTLthreadgroup3VecC1EOU13MTLobjectdataS_,44
_ZNU10MTLraydata3VecC1EOU13MTLobjectdataS_,44
_ZN3VecC1EOU13MTLobjectdataS_,44
_ZNU14MTLthreadgroup2P2C1ERU13MTLobjectdataKS_,44
_ZNU10MTLraydata2P2C1ERU13MTLobjectdataKS_,44
_ZN2P2C1ERU13MTLobjectdataKS_,44
_ZNU14MTLthreadgroup2P2C1EOU13MTLobjectdataS_,44
_ZNU10MTLraydata2P2C1EOU13MTLobjectdataS_,44
_ZN2P2C1EOU13MTLobjectdataS_,44
_ZNU9MTLdevice1SaSERU13MTLobjectdataKS_,44
_ZNU14MTLthreadgroup1SaSERU13MTLobjectdataKS_,44
_ZNU24MTLthreadgroupimageblock1SaSERU13MTLobjectdataKS_,44
_ZNU10MTLraydata1SaSERU13MTLobjectdataKS_,44
_ZNU13MTLobjectdata1SaSERU9MTLdeviceKS_,44
_ZNU13MTLobjectdata1SaSERU14MTLthreadgroupKS_,44
_ZNU13MTLobjectdata1SaSERU11MTLconstantKS_,44
_ZNU13MTLobjectdata1SaSERU24MTLthreadgroupimageblockKS_,44
_ZNU13MTLobjectdata1SaSERU10MTLraydataKS_,44
_ZNU13MTLobjectdata1SaSERU13MTLobjectdataKS_,44
_ZNU13MTLobjectdata1SaSERKS_,44
_ZN1SaSERU13MTLobjectdataKS_,44
_ZNU9MTLdevice1SaSEOU13MTLobjectdataS_,44
_ZNU14MTLthreadgroup1SaSEOU13MTLobjectdataS_,44
_ZNU24MTLthreadgroupimageblock1SaSEOU13MTLobjectdataS_,44
_ZNU10MTLraydata1SaSEOU13MTLobjectdataS_,44
_ZNU13MTLobjectdata1SaSEOU9MTLdeviceS_,44
_ZNU13MTLobjectdata1SaSEOU14MTLthreadgroupS_,44
_ZNU13MTLobjectdata1SaSEOU24MTLthreadgroupimageblockS_,44
_ZNU13MTLobjectdata1SaSEOU10MTLraydataS_,44
_ZNU13MTLobjectdata1SaSEOU13MTLobjectdataS_,44
_ZNU13MTLobjectdata1SaSEOS_,44
_ZN1SaSEOU13MTLobjectdataS_,44
_ZNU14MTLthreadgroup10DimensionsC1ERU13MTLobjectdataKS_,44
_ZNU10MTLraydata10DimensionsC1ERU13MTLobjectdataKS_,44
_ZN10DimensionsC1ERU13MTLobjectdataKS_,44
_ZNU14MTLthreadgroup10DimensionsC1EOU13MTLobjectdataS_,44
_ZNU10MTLraydata10DimensionsC1EOU13MTLobjectdataS_,44
_ZN10DimensionsC1EOU13MTLobjectdataS_,44
_ZNU14MTLthreadgroup3FO4C1ERU13MTLobjectdataKS_,44
_ZNU10MTLraydata3FO4C1ERU13MTLobjectdataKS_,44
_ZN3FO4C1ERU13MTLobjectdataKS_,44
_ZNU14MTLthreadgroup3FO4C1EOU13MTLobjectdataS_,44
_ZNU10MTLraydata3FO4C1EOU13MTLobjectdataS_,44
_ZN3FO4C1EOU13MTLobjectdataS_,44
_ZNU14MTLthreadgroup3VOrC1ERU13MTLobjectdataKS_,44
_ZNU10MTLraydata3VOrC1ERU13MTLobjectdataKS_,44
_ZN3VOrC1ERU13MTLobjectdataKS_,44
_ZNU14MTLthreadgroup3VOrC1EOU13MTLobjectdataS_,44
_ZNU10MTLraydata3VOrC1EOU13MTLobjectdataS_,44
_ZN3VOrC1EOU13MTLobjectdataS_,44
_ZNU14MTLthreadgroup3VO4C1ERU13MTLobjectdataKS_,44
_ZNU10MTLraydata3VO4C1ERU13MTLobjectdataKS_,44
_ZN3VO4C1ERU13MTLobjectdataKS_,44
_ZNU14MTLthreadgroup3VO4C1EOU13MTLobjectdataS_,44
_ZNU10MTLraydata3VO4C1EOU13MTLobjectdataS_,44
_ZN3VO4C1EOU13MTLobjectdataS_,44
_ZNU14MTLthreadgroup3VO1C1ERU13MTLobjectdataKS_,44
_ZNU10MTLraydata3VO1C1ERU13MTLobjectdataKS_,44
_ZN3VO1C1ERU13MTLobjectdataKS_,44
_ZNU14MTLthreadgroup3VO1C1EOU13MTLobjectdataS_,44
_ZNU10MTLraydata3VO1C1EOU13MTLobjectdataS_,44
_ZN3VO1C1EOU13MTLobjectdataS_,44
_ZNU14MTLthreadgroup3VOuC1ERU13MTLobjectdataKS_,44
_ZNU10MTLraydata3VOuC1ERU13MTLobjectdataKS_,44
_ZN3VOuC1ERU13MTLobjectdataKS_,44
_ZNU14MTLthreadgroup3VOuC1EOU13MTLobjectdataS_,44
_ZNU10MTLraydata3VOuC1EOU13MTLobjectdataS_,44
_ZN3VOuC1EOU13MTLobjectdataS_,44
_ZNU14MTLthreadgroup2A8C1ERU13MTLobjectdataKS_,44
_ZNU10MTLraydata2A8C1ERU13MTLobjectdataKS_,44
_ZN2A8C1ERU13MTLobjectdataKS_,44
_ZNU14MTLthreadgroup2A8C1EOU13MTLobjectdataS_,44
_ZNU10MTLraydata2A8C1EOU13MTLobjectdataS_,44
_ZN2A8C1EOU13MTLobjectdataS_,44
_ZNU14MTLthreadgroup3A16C1ERU13MTLobjectdataKS_,44
_ZNU10MTLraydata3A16C1ERU13MTLobjectdataKS_,44
_ZN3A16C1ERU13MTLobjectdataKS_,44
_ZNU14MTLthreadgroup3A16C1EOU13MTLobjectdataS_,44
_ZNU10MTLraydata3A16C1EOU13MTLobjectdataS_,44
_ZN3A16C1EOU13MTLobjectdataS_,44
_ZNU14MTLthreadgroup3A32C1ERU13MTLobjectdataKS_,44
_ZNU10MTLraydata3A32C1ERU13MTLobjectdataKS_,44
_ZN3A32C1ERU13MTLobjectdataKS_,44
_ZNU14MTLthreadgroup3A32C1EOU13MTLobjectdataS_,44
_ZNU10MTLraydata3A32C1EOU13MTLobjectdataS_,44
_ZN3A32C1EOU13MTLobjectdataS_,44
_ZNU14MTLthreadgroup2AlC1ERU13MTLobjectdataKS_,44
_ZNU10MTLraydata2AlC1ERU13MTLobjectdataKS_,44
_ZN2AlC1ERU13MTLobjectdataKS_,44
_ZNU14MTLthreadgroup2AlC1EOU13MTLobjectdataS_,44
_ZNU10MTLraydata2AlC1EOU13MTLobjectdataS_,44
_ZN2AlC1EOU13MTLobjectdataS_,44
_Z4addiii,44
_ZNU14MTLthreadgroup6TGDataC1ERU13MTLobjectdataKS_,44
_ZNU10MTLraydata6TGDataC1ERU13MTLobjectdataKS_,44
_ZN6TGDataC1ERU13MTLobjectdataKS_,44
_ZNU14MTLthreadgroup6TGDataC1EOU13MTLobjectdataS_,44
_ZNU10MTLraydata6TGDataC1EOU13MTLobjectdataS_,44
_ZN6TGDataC1EOU13MTLobjectdataS_,44
fn_a,44
fn_b,44
fn_c,44
_ZNU9MTLdevice4BaseaSEOU13MTLobjectdataS_,44
_ZNU14MTLthreadgroup4BaseaSEOU13MTLobjectdataS_,44
_ZNU24MTLthreadgroupimageblock4BaseaSEOU13MTLobjectdataS_,44
_ZNU10MTLraydata4BaseaSEOU13MTLobjectdataS_,44
_ZNU13MTLobjectdata4BaseaSEOU9MTLdeviceS_,44
_ZNU13MTLobjectdata4BaseaSEOU14MTLthreadgroupS_,44
_ZNU13MTLobjectdata4BaseaSEOU24MTLthreadgroupimageblockS_,44
_ZNU13MTLobjectdata4BaseaSEOU10MTLraydataS_,44
_ZNU13MTLobjectdata4BaseaSEOU13MTLobjectdataS_,44
_ZNU13MTLobjectdata4BaseaSEOS_,44
_ZN4BaseaSEOU13MTLobjectdataS_,44
_ZNU14MTLthreadgroup2BfC1ERU13MTLobjectdataKS_,44
_ZNU10MTLraydata2BfC1ERU13MTLobjectdataKS_,44
_ZN2BfC1ERU13MTLobjectdataKS_,44
_ZNU14MTLthreadgroup2BfC1EOU13MTLobjectdataS_,44
_ZNU10MTLraydata2BfC1EOU13MTLobjectdataS_,44
_ZN2BfC1EOU13MTLobjectdataS_,44
_ZNU14MTLthreadgroup1VC1ERU13MTLobjectdataKS_,44
_ZNU10MTLraydata1VC1ERU13MTLobjectdataKS_,44
_ZN1VC1ERU13MTLobjectdataKS_,44
_ZNU14MTLthreadgroup1VC1EOU13MTLobjectdataS_,44
_ZNU10MTLraydata1VC1EOU13MTLobjectdataS_,44
_ZN1VC1EOU13MTLobjectdataS_,44
_ZNU14MTLthreadgroup3FO2C1ERU13MTLobjectdataKS_,44
_ZNU10MTLraydata3FO2C1ERU13MTLobjectdataKS_,44
_ZN3FO2C1ERU13MTLobjectdataKS_,44
_ZNU14MTLthreadgroup3FO2C1EOU13MTLobjectdataS_,44
_ZNU10MTLraydata3FO2C1EOU13MTLobjectdataS_,44
_ZN3FO2C1EOU13MTLobjectdataS_,44
_ZNU14MTLthreadgroup2FOC1ERU13MTLobjectdataKS_,44
_ZNU10MTLraydata2FOC1ERU13MTLobjectdataKS_,44
_ZN2FOC1ERU13MTLobjectdataKS_,44
_ZNU14MTLthreadgroup2FOC1EOU13MTLobjectdataS_,44
_ZNU10MTLraydata2FOC1EOU13MTLobjectdataS_,44
_ZN2FOC1EOU13MTLobjectdataS_,44
_ZNU14MTLthreadgroup3FOmC1ERU13MTLobjectdataKS_,44
_ZNU10MTLraydata3FOmC1ERU13MTLobjectdataKS_,44
_ZN3FOmC1ERU13MTLobjectdataKS_,44
_ZNU14MTLthreadgroup3FOmC1EOU13MTLobjectdataS_,44
_ZNU10MTLraydata3FOmC1EOU13MTLobjectdataS_,44
_ZN3FOmC1EOU13MTLobjectdataS_,44
_ZNU14MTLthreadgroup3VOcC1ERU13MTLobjectdataKS_,44
_ZNU10MTLraydata3VOcC1ERU13MTLobjectdataKS_,44
_ZN3VOcC1ERU13MTLobjectdataKS_,44
_ZNU14MTLthreadgroup3VOcC1EOU13MTLobjectdataS_,44
_ZNU10MTLraydata3VOcC1EOU13MTLobjectdataS_,44
_ZN3VOcC1EOU13MTLobjectdataS_,44
_ZNU14MTLthreadgroup3VOpC1ERU13MTLobjectdataKS_,44
_ZNU10MTLraydata3VOpC1ERU13MTLobjectdataKS_,44
_ZN3VOpC1ERU13MTLobjectdataKS_,44
_ZNU14MTLthreadgroup3VOpC1EOU13MTLobjectdataS_,44
_ZNU10MTLraydata3VOpC1EOU13MTLobjectdataS_,44
_ZN3VOpC1EOU13MTLobjectdataS_,44
_ZN7PrimOutC1Ev,44
_ZNU14MTLthreadgroup7PrimOutC1Ev,44
_ZNU11MTLconstantK7PrimOutC1Ev,44
_ZNU10MTLraydata7PrimOutC1Ev,44
_ZN7PrimOutC1ERKS_,44
_ZNU14MTLthreadgroup7PrimOutC1ERU9MTLdeviceKS_,44
_ZNU14MTLthreadgroup7PrimOutC1ERU14MTLthreadgroupKS_,44
_ZNU14MTLthreadgroup7PrimOutC1ERU11MTLconstantKS_,44
_ZNU14MTLthreadgroup7PrimOutC1ERU24MTLthreadgroupimageblockKS_,44
_ZNU14MTLthreadgroup7PrimOutC1ERU10MTLraydataKS_,44
_ZNU14MTLthreadgroup7PrimOutC1ERU13MTLobjectdataKS_,44
_ZNU14MTLthreadgroup7PrimOutC1ERKS_,44
_ZNU11MTLconstantK7PrimOutC1ERU11MTLconstantKS_,44
_ZNU11MTLconstantK7PrimOutC1ERKS_,44
_ZNU10MTLraydata7PrimOutC1ERU9MTLdeviceKS_,44
_ZNU10MTLraydata7PrimOutC1ERU14MTLthreadgroupKS_,44
_ZNU10MTLraydata7PrimOutC1ERU11MTLconstantKS_,44
_ZNU10MTLraydata7PrimOutC1ERU24MTLthreadgroupimageblockKS_,44
_ZNU10MTLraydata7PrimOutC1ERU10MTLraydataKS_,44
_ZNU10MTLraydata7PrimOutC1ERU13MTLobjectdataKS_,44
_ZNU10MTLraydata7PrimOutC1ERKS_,44
_ZN7PrimOutC1ERU9MTLdeviceKS_,44
_ZN7PrimOutC1ERU14MTLthreadgroupKS_,44
_ZN7PrimOutC1ERU11MTLconstantKS_,44
_ZN7PrimOutC1ERU24MTLthreadgroupimageblockKS_,44
_ZN7PrimOutC1ERU10MTLraydataKS_,44
_ZN7PrimOutC1ERU13MTLobjectdataKS_,44
_ZN7PrimOutC1EOS_,44
_ZNU14MTLthreadgroup7PrimOutC1EOU9MTLdeviceS_,44
_ZNU14MTLthreadgroup7PrimOutC1EOU14MTLthreadgroupS_,44
_ZNU14MTLthreadgroup7PrimOutC1EOU24MTLthreadgroupimageblockS_,44
_ZNU14MTLthreadgroup7PrimOutC1EOU10MTLraydataS_,44
_ZNU14MTLthreadgroup7PrimOutC1EOU13MTLobjectdataS_,44
_ZNU14MTLthreadgroup7PrimOutC1EOS_,44
_ZNU11MTLconstantK7PrimOutC1EOS_,44
_ZNU10MTLraydata7PrimOutC1EOU9MTLdeviceS_,44
_ZNU10MTLraydata7PrimOutC1EOU14MTLthreadgroupS_,44
_ZNU10MTLraydata7PrimOutC1EOU24MTLthreadgroupimageblockS_,44
_ZNU10MTLraydata7PrimOutC1EOU10MTLraydataS_,44
_ZNU10MTLraydata7PrimOutC1EOU13MTLobjectdataS_,44
_ZNU10MTLraydata7PrimOutC1EOS_,44
_ZN7PrimOutC1EOU9MTLdeviceS_,44
_ZN7PrimOutC1EOU14MTLthreadgroupS_,44
_ZN7PrimOutC1EOU24MTLthreadgroupimageblockS_,44
_ZN7PrimOutC1EOU10MTLraydataS_,44
_ZN7PrimOutC1EOU13MTLobjectdataS_,44
_ZN10MeshVertexC1Ev,44
_ZNU14MTLthreadgroup10MeshVertexC1Ev,44
_ZNU11MTLconstantK10MeshVertexC1Ev,44
_ZNU10MTLraydata10MeshVertexC1Ev,44
_ZN10MeshVertexC1ERKS_,44
_ZNU14MTLthreadgroup10MeshVertexC1ERU9MTLdeviceKS_,44
_ZNU14MTLthreadgroup10MeshVertexC1ERU14MTLthreadgroupKS_,44
_ZNU14MTLthreadgroup10MeshVertexC1ERU11MTLconstantKS_,44
_ZNU14MTLthreadgroup10MeshVertexC1ERU24MTLthreadgroupimageblockKS_,44
_ZNU14MTLthreadgroup10MeshVertexC1ERU10MTLraydataKS_,44
_ZNU14MTLthreadgroup10MeshVertexC1ERU13MTLobjectdataKS_,44
_ZNU14MTLthreadgroup10MeshVertexC1ERKS_,44
_ZNU11MTLconstantK10MeshVertexC1ERU11MTLconstantKS_,44
_ZNU11MTLconstantK10MeshVertexC1ERKS_,44
_ZNU10MTLraydata10MeshVertexC1ERU9MTLdeviceKS_,44
_ZNU10MTLraydata10MeshVertexC1ERU14MTLthreadgroupKS_,44
_ZNU10MTLraydata10MeshVertexC1ERU11MTLconstantKS_,44
_ZNU10MTLraydata10MeshVertexC1ERU24MTLthreadgroupimageblockKS_,44
_ZNU10MTLraydata10MeshVertexC1ERU10MTLraydataKS_,44
_ZNU10MTLraydata10MeshVertexC1ERU13MTLobjectdataKS_,44
_ZNU10MTLraydata10MeshVertexC1ERKS_,44
_ZN10MeshVertexC1ERU9MTLdeviceKS_,44
_ZN10MeshVertexC1ERU14MTLthreadgroupKS_,44
_ZN10MeshVertexC1ERU11MTLconstantKS_,44
_ZN10MeshVertexC1ERU24MTLthreadgroupimageblockKS_,44
_ZN10MeshVertexC1ERU10MTLraydataKS_,44
_ZN10MeshVertexC1ERU13MTLobjectdataKS_,44
_ZN10MeshVertexC1EOS_,44
_ZNU14MTLthreadgroup10MeshVertexC1EOU9MTLdeviceS_,44
_ZNU14MTLthreadgroup10MeshVertexC1EOU14MTLthreadgroupS_,44
_ZNU14MTLthreadgroup10MeshVertexC1EOU24MTLthreadgroupimageblockS_,44
_ZNU14MTLthreadgroup10MeshVertexC1EOU10MTLraydataS_,44
_ZNU14MTLthreadgroup10MeshVertexC1EOU13MTLobjectdataS_,44
_ZNU14MTLthreadgroup10MeshVertexC1EOS_,44
_ZNU11MTLconstantK10MeshVertexC1EOS_,44
_ZNU10MTLraydata10MeshVertexC1EOU9MTLdeviceS_,44
_ZNU10MTLraydata10MeshVertexC1EOU14MTLthreadgroupS_,44
_ZNU10MTLraydata10MeshVertexC1EOU24MTLthreadgroupimageblockS_,44
_ZNU10MTLraydata10MeshVertexC1EOU10MTLraydataS_,44
_ZNU10MTLraydata10MeshVertexC1EOU13MTLobjectdataS_,44
_ZNU10MTLraydata10MeshVertexC1EOS_,44
_ZN10MeshVertexC1EOU9MTLdeviceS_,44
_ZN10MeshVertexC1EOU14MTLthreadgroupS_,44
_ZN10MeshVertexC1EOU24MTLthreadgroupimageblockS_,44
_ZN10MeshVertexC1EOU10MTLraydataS_,44
_ZN10MeshVertexC1EOU13MTLobjectdataS_,44
_ZN10MeshVertexD1Ev,44
obj_main,44
mesh_main,44
_ZNU14MTLthreadgroup10SharedArgsC1ERU13MTLobjectdataKS_,44
_ZNU10MTLraydata10SharedArgsC1ERU13MTLobjectdataKS_,44
_ZN10SharedArgsC1ERU13MTLobjectdataKS_,44
_ZNU14MTLthreadgroup10SharedArgsC1EOU13MTLobjectdataS_,44
_ZNU10MTLraydata10SharedArgsC1EOU13MTLobjectdataS_,44
_ZN10SharedArgsC1EOU13MTLobjectdataS_,44
_ZNU9MTLdevice10SharedArgsaSERU13MTLobjectdataKS_,44
_ZNU14MTLthreadgroup10SharedArgsaSERU13MTLobjectdataKS_,44
_ZNU24MTLthreadgroupimageblock10SharedArgsaSERU13MTLobjectdataKS_,44
_ZNU10MTLraydata10SharedArgsaSERU13MTLobjectdataKS_,44
_ZNU13MTLobjectdata10SharedArgsaSERU9MTLdeviceKS_,44
_ZNU13MTLobjectdata10SharedArgsaSERU14MTLthreadgroupKS_,44
_ZNU13MTLobjectdata10SharedArgsaSERU11MTLconstantKS_,44
_ZNU13MTLobjectdata10SharedArgsaSERU24MTLthreadgroupimageblockKS_,44
_ZNU13MTLobjectdata10SharedArgsaSERU10MTLraydataKS_,44
_ZNU13MTLobjectdata10SharedArgsaSERU13MTLobjectdataKS_,44
_ZNU13MTLobjectdata10SharedArgsaSERKS_,44
_ZN10SharedArgsaSERU13MTLobjectdataKS_,44
_ZNU9MTLdevice10SharedArgsaSEOU13MTLobjectdataS_,44
_ZNU14MTLthreadgroup10SharedArgsaSEOU13MTLobjectdataS_,44
_ZNU24MTLthreadgroupimageblock10SharedArgsaSEOU13MTLobjectdataS_,44
_ZNU10MTLraydata10SharedArgsaSEOU13MTLobjectdataS_,44
_ZNU13MTLobjectdata10SharedArgsaSEOU9MTLdeviceS_,44
_ZNU13MTLobjectdata10SharedArgsaSEOU14MTLthreadgroupS_,44
_ZNU13MTLobjectdata10SharedArgsaSEOU24MTLthreadgroupimageblockS_,44
_ZNU13MTLobjectdata10SharedArgsaSEOU10MTLraydataS_,44
_ZNU13MTLobjectdata10SharedArgsaSEOU13MTLobjectdataS_,44
_ZNU13MTLobjectdata10SharedArgsaSEOS_,44
_ZN10SharedArgsaSEOU13MTLobjectdataS_,44
visible_fn,44
_ZNU14MTLthreadgroup2PMC1ERU13MTLobjectdataKS_,44
_ZNU10MTLraydata2PMC1ERU13MTLobjectdataKS_,44
_ZN2PMC1ERU13MTLobjectdataKS_,44
_ZNU14MTLthreadgroup2PMC1EOU13MTLobjectdataS_,44
_ZNU10MTLraydata2PMC1EOU13MTLobjectdataS_,44
_ZN2PMC1EOU13MTLobjectdataS_,44
_ZNU14MTLthreadgroup9AlignedTGC1ERU13MTLobjectdataKS_,44
_ZNU10MTLraydata9AlignedTGC1ERU13MTLobjectdataKS_,44
_ZN9AlignedTGC1ERU13MTLobjectdataKS_,44
_ZNU14MTLthreadgroup9AlignedTGC1EOU13MTLobjectdataS_,44
_ZNU10MTLraydata9AlignedTGC1EOU13MTLobjectdataS_,44
_ZN9AlignedTGC1EOU13MTLobjectdataS_,44
_ZNU14MTLthreadgroup8PackedTGC1ERU13MTLobjectdataKS_,44
_ZNU10MTLraydata8PackedTGC1ERU13MTLobjectdataKS_,44
_ZN8PackedTGC1ERU13MTLobjectdataKS_,44
_ZNU14MTLthreadgroup8PackedTGC1EOU13MTLobjectdataS_,44
_ZNU10MTLraydata8PackedTGC1EOU13MTLobjectdataS_,44
_ZN8PackedTGC1EOU13MTLobjectdataS_,44
_Z15internal_helperi,44
stitch_k,44
helper,44
_ZZ18codegen_lambda_allPU9MTLdevicejjEN3$_0C1ERKS1_,24
_ZZ18codegen_lambda_allPU9MTLdevicejjENU14MTLthreadgroup3$_0C1ERU9MTLdeviceKS1_,24
_ZZ18codegen_lambda_allPU9MTLdevicejjENU14MTLthreadgroup3$_0C1ERU9MTLdeviceU18MTLcoherent_deviceKS1_,24
_ZZ18codegen_lambda_allPU9MTLdevicejjENU14MTLthreadgroup3$_0C1ERU14MTLthreadgroupKS1_,24
_ZZ18codegen_lambda_allPU9MTLdevicejjENU14MTLthreadgroup3$_0C1ERU11MTLconstantKS1_,24
_ZZ18codegen_lambda_allPU9MTLdevicejjENU14MTLthreadgroup3$_0C1ERU24MTLthreadgroupimageblockKS1_,24
_ZZ18codegen_lambda_allPU9MTLdevicejjENU14MTLthreadgroup3$_0C1ERU10MTLraydataKS1_,24
_ZZ18codegen_lambda_allPU9MTLdevicejjENU14MTLthreadgroup3$_0C1ERU13MTLobjectdataKS1_,24
_ZZ18codegen_lambda_allPU9MTLdevicejjENU14MTLthreadgroup3$_0C1ERKS1_,24
_ZZ18codegen_lambda_allPU9MTLdevicejjENU11MTLconstantK3$_0C1ERU11MTLconstantKS1_,24
_ZZ18codegen_lambda_allPU9MTLdevicejjENU11MTLconstantK3$_0C1ERKS1_,24
_ZZ18codegen_lambda_allPU9MTLdevicejjENU10MTLraydata3$_0C1ERU9MTLdeviceKS1_,24
_ZZ18codegen_lambda_allPU9MTLdevicejjENU10MTLraydata3$_0C1ERU9MTLdeviceU18MTLcoherent_deviceKS1_,24
_ZZ18codegen_lambda_allPU9MTLdevicejjENU10MTLraydata3$_0C1ERU14MTLthreadgroupKS1_,24
_ZZ18codegen_lambda_allPU9MTLdevicejjENU10MTLraydata3$_0C1ERU11MTLconstantKS1_,24
_ZZ18codegen_lambda_allPU9MTLdevicejjENU10MTLraydata3$_0C1ERU24MTLthreadgroupimageblockKS1_,24
_ZZ18codegen_lambda_allPU9MTLdevicejjENU10MTLraydata3$_0C1ERU10MTLraydataKS1_,24
_ZZ18codegen_lambda_allPU9MTLdevicejjENU10MTLraydata3$_0C1ERU13MTLobjectdataKS1_,24
_ZZ18codegen_lambda_allPU9MTLdevicejjENU10MTLraydata3$_0C1ERKS1_,24
_ZZ18codegen_lambda_allPU9MTLdevicejjEN3$_0C1ERU9MTLdeviceKS1_,24
_ZZ18codegen_lambda_allPU9MTLdevicejjEN3$_0C1ERU9MTLdeviceU18MTLcoherent_deviceKS1_,24
_ZZ18codegen_lambda_allPU9MTLdevicejjEN3$_0C1ERU14MTLthreadgroupKS1_,24
_ZZ18codegen_lambda_allPU9MTLdevicejjEN3$_0C1ERU11MTLconstantKS1_,24
_ZZ18codegen_lambda_allPU9MTLdevicejjEN3$_0C1ERU24MTLthreadgroupimageblockKS1_,24
_ZZ18codegen_lambda_allPU9MTLdevicejjEN3$_0C1ERU10MTLraydataKS1_,24
_ZZ18codegen_lambda_allPU9MTLdevicejjEN3$_0C1ERU13MTLobjectdataKS1_,24
_ZZ18codegen_lambda_allPU9MTLdevicejjEN3$_0C1EOS1_,24
_ZZ18codegen_lambda_allPU9MTLdevicejjENU14MTLthreadgroup3$_0C1EOU9MTLdeviceS1_,24
_ZZ18codegen_lambda_allPU9MTLdevicejjENU14MTLthreadgroup3$_0C1EOU9MTLdeviceU18MTLcoherent_deviceS1_,24
_ZZ18codegen_lambda_allPU9MTLdevicejjENU14MTLthreadgroup3$_0C1EOU14MTLthreadgroupS1_,24
_ZZ18codegen_lambda_allPU9MTLdevicejjENU14MTLthreadgroup3$_0C1EOU24MTLthreadgroupimageblockS1_,24
_ZZ18codegen_lambda_allPU9MTLdevicejjENU14MTLthreadgroup3$_0C1EOU10MTLraydataS1_,24
_ZZ18codegen_lambda_allPU9MTLdevicejjENU14MTLthreadgroup3$_0C1EOU13MTLobjectdataS1_,24
_ZZ18codegen_lambda_allPU9MTLdevicejjENU14MTLthreadgroup3$_0C1EOS1_,24
_ZZ18codegen_lambda_allPU9MTLdevicejjENU11MTLconstantK3$_0C1EOS1_,24
_ZZ18codegen_lambda_allPU9MTLdevicejjENU10MTLraydata3$_0C1EOU9MTLdeviceS1_,24
_ZZ18codegen_lambda_allPU9MTLdevicejjENU10MTLraydata3$_0C1EOU9MTLdeviceU18MTLcoherent_deviceS1_,24
_ZZ18codegen_lambda_allPU9MTLdevicejjENU10MTLraydata3$_0C1EOU14MTLthreadgroupS1_,24
_ZZ18codegen_lambda_allPU9MTLdevicejjENU10MTLraydata3$_0C1EOU24MTLthreadgroupimageblockS1_,24
_ZZ18codegen_lambda_allPU9MTLdevicejjENU10MTLraydata3$_0C1EOU10MTLraydataS1_,24
_ZZ18codegen_lambda_allPU9MTLdevicejjENU10MTLraydata3$_0C1EOU13MTLobjectdataS1_,24
_ZZ18codegen_lambda_allPU9MTLdevicejjENU10MTLraydata3$_0C1EOS1_,24
_ZZ18codegen_lambda_allPU9MTLdevicejjEN3$_0C1EOU9MTLdeviceS1_,24
_ZZ18codegen_lambda_allPU9MTLdevicejjEN3$_0C1EOU9MTLdeviceU18MTLcoherent_deviceS1_,24
_ZZ18codegen_lambda_allPU9MTLdevicejjEN3$_0C1EOU14MTLthreadgroupS1_,24
_ZZ18codegen_lambda_allPU9MTLdevicejjEN3$_0C1EOU24MTLthreadgroupimageblockS1_,24
_ZZ18codegen_lambda_allPU9MTLdevicejjEN3$_0C1EOU10MTLraydataS1_,24
_ZZ18codegen_lambda_allPU9MTLdevicejjEN3$_0C1EOU13MTLobjectdataS1_,24
_ZNU9MTLdevice4BaseaSEOU9MTLdeviceU18MTLcoherent_deviceS_,24
_ZNU9MTLdeviceU18MTLcoherent_device4BaseaSEOU9MTLdeviceS_,24
_ZNU9MTLdeviceU18MTLcoherent_device4BaseaSEOU9MTLdeviceU18MTLcoherent_deviceS_,24
_ZNU9MTLdeviceU18MTLcoherent_device4BaseaSEOU14MTLthreadgroupS_,24
_ZNU9MTLdeviceU18MTLcoherent_device4BaseaSEOU24MTLthreadgroupimageblockS_,24
_ZNU9MTLdeviceU18MTLcoherent_device4BaseaSEOU10MTLraydataS_,24
_ZNU9MTLdeviceU18MTLcoherent_device4BaseaSEOU13MTLobjectdataS_,24
_ZNU9MTLdeviceU18MTLcoherent_device4BaseaSEOS_,24
_ZNU14MTLthreadgroup4BaseaSEOU9MTLdeviceU18MTLcoherent_deviceS_,24
_ZNU24MTLthreadgroupimageblock4BaseaSEOU9MTLdeviceU18MTLcoherent_deviceS_,24
_ZNU10MTLraydata4BaseaSEOU9MTLdeviceU18MTLcoherent_deviceS_,24
_ZNU13MTLobjectdata4BaseaSEOU9MTLdeviceU18MTLcoherent_deviceS_,24
_ZN4BaseaSEOU9MTLdeviceU18MTLcoherent_deviceS_,24
_ZZ1kPU9MTLdeviceiENK3$_0clIiiEEDaT_T0_,24
_ZZ1kPU9MTLdeviceiEN3$_0C1ERKS1_,24
_ZZ1kPU9MTLdeviceiENU14MTLthreadgroup3$_0C1ERU9MTLdeviceKS1_,24
_ZZ1kPU9MTLdeviceiENU14MTLthreadgroup3$_0C1ERU9MTLdeviceU18MTLcoherent_deviceKS1_,24
_ZZ1kPU9MTLdeviceiENU14MTLthreadgroup3$_0C1ERU14MTLthreadgroupKS1_,24
_ZZ1kPU9MTLdeviceiENU14MTLthreadgroup3$_0C1ERU11MTLconstantKS1_,24
_ZZ1kPU9MTLdeviceiENU14MTLthreadgroup3$_0C1ERU24MTLthreadgroupimageblockKS1_,24
_ZZ1kPU9MTLdeviceiENU14MTLthreadgroup3$_0C1ERU10MTLraydataKS1_,24
_ZZ1kPU9MTLdeviceiENU14MTLthreadgroup3$_0C1ERU13MTLobjectdataKS1_,24
_ZZ1kPU9MTLdeviceiENU14MTLthreadgroup3$_0C1ERKS1_,24
_ZZ1kPU9MTLdeviceiENU11MTLconstantK3$_0C1ERU11MTLconstantKS1_,24
_ZZ1kPU9MTLdeviceiENU11MTLconstantK3$_0C1ERKS1_,24
_ZZ1kPU9MTLdeviceiENU10MTLraydata3$_0C1ERU9MTLdeviceKS1_,24
_ZZ1kPU9MTLdeviceiENU10MTLraydata3$_0C1ERU9MTLdeviceU18MTLcoherent_deviceKS1_,24
_ZZ1kPU9MTLdeviceiENU10MTLraydata3$_0C1ERU14MTLthreadgroupKS1_,24
_ZZ1kPU9MTLdeviceiENU10MTLraydata3$_0C1ERU11MTLconstantKS1_,24
_ZZ1kPU9MTLdeviceiENU10MTLraydata3$_0C1ERU24MTLthreadgroupimageblockKS1_,24
_ZZ1kPU9MTLdeviceiENU10MTLraydata3$_0C1ERU10MTLraydataKS1_,24
_ZZ1kPU9MTLdeviceiENU10MTLraydata3$_0C1ERU13MTLobjectdataKS1_,24
_ZZ1kPU9MTLdeviceiENU10MTLraydata3$_0C1ERKS1_,24
_ZZ1kPU9MTLdeviceiEN3$_0C1ERU9MTLdeviceKS1_,24
_ZZ1kPU9MTLdeviceiEN3$_0C1ERU9MTLdeviceU18MTLcoherent_deviceKS1_,24
_ZZ1kPU9MTLdeviceiEN3$_0C1ERU14MTLthreadgroupKS1_,24
_ZZ1kPU9MTLdeviceiEN3$_0C1ERU11MTLconstantKS1_,24
_ZZ1kPU9MTLdeviceiEN3$_0C1ERU24MTLthreadgroupimageblockKS1_,24
_ZZ1kPU9MTLdeviceiEN3$_0C1ERU10MTLraydataKS1_,24
_ZZ1kPU9MTLdeviceiEN3$_0C1ERU13MTLobjectdataKS1_,24
_ZZ1kPU9MTLdeviceiEN3$_0C1EOS1_,24
_ZZ1kPU9MTLdeviceiENU14MTLthreadgroup3$_0C1EOU9MTLdeviceS1_,24
_ZZ1kPU9MTLdeviceiENU14MTLthreadgroup3$_0C1EOU9MTLdeviceU18MTLcoherent_deviceS1_,24
_ZZ1kPU9MTLdeviceiENU14MTLthreadgroup3$_0C1EOU14MTLthreadgroupS1_,24
_ZZ1kPU9MTLdeviceiENU14MTLthreadgroup3$_0C1EOU24MTLthreadgroupimageblockS1_,24
_ZZ1kPU9MTLdeviceiENU14MTLthreadgroup3$_0C1EOU10MTLraydataS1_,24
_ZZ1kPU9MTLdeviceiENU14MTLthreadgroup3$_0C1EOU13MTLobjectdataS1_,24
_ZZ1kPU9MTLdeviceiENU14MTLthreadgroup3$_0C1EOS1_,24
_ZZ1kPU9MTLdeviceiENU11MTLconstantK3$_0C1EOS1_,24
_ZZ1kPU9MTLdeviceiENU10MTLraydata3$_0C1EOU9MTLdeviceS1_,24
_ZZ1kPU9MTLdeviceiENU10MTLraydata3$_0C1EOU9MTLdeviceU18MTLcoherent_deviceS1_,24
_ZZ1kPU9MTLdeviceiENU10MTLraydata3$_0C1EOU14MTLthreadgroupS1_,24
_ZZ1kPU9MTLdeviceiENU10MTLraydata3$_0C1EOU24MTLthreadgroupimageblockS1_,24
_ZZ1kPU9MTLdeviceiENU10MTLraydata3$_0C1EOU10MTLraydataS1_,24
_ZZ1kPU9MTLdeviceiENU10MTLraydata3$_0C1EOU13MTLobjectdataS1_,24
_ZZ1kPU9MTLdeviceiENU10MTLraydata3$_0C1EOS1_,24
_ZZ1kPU9MTLdeviceiEN3$_0C1EOU9MTLdeviceS1_,24
_ZZ1kPU9MTLdeviceiEN3$_0C1EOU9MTLdeviceU18MTLcoherent_deviceS1_,24
_ZZ1kPU9MTLdeviceiEN3$_0C1EOU14MTLthreadgroupS1_,24
_ZZ1kPU9MTLdeviceiEN3$_0C1EOU24MTLthreadgroupimageblockS1_,24
_ZZ1kPU9MTLdeviceiEN3$_0C1EOU10MTLraydataS1_,24
_ZZ1kPU9MTLdeviceiEN3$_0C1EOU13MTLobjectdataS1_,24
_ZNU14MTLthreadgroup2BfC1ERU9MTLdeviceU18MTLcoherent_deviceKS_,24
_ZNU10MTLraydata2BfC1ERU9MTLdeviceU18MTLcoherent_deviceKS_,24
_ZN2BfC1ERU9MTLdeviceU18MTLcoherent_deviceKS_,24
_ZNU14MTLthreadgroup2BfC1EOU9MTLdeviceU18MTLcoherent_deviceS_,24
_ZNU10MTLraydata2BfC1EOU9MTLdeviceU18MTLcoherent_deviceS_,24
_ZN2BfC1EOU9MTLdeviceU18MTLcoherent_deviceS_,24
_ZNU14MTLthreadgroup1VC1ERU9MTLdeviceU18MTLcoherent_deviceKS_,24
_ZNU10MTLraydata1VC1ERU9MTLdeviceU18MTLcoherent_deviceKS_,24
_ZN1VC1ERU9MTLdeviceU18MTLcoherent_deviceKS_,24
_ZNU14MTLthreadgroup1VC1EOU9MTLdeviceU18MTLcoherent_deviceS_,24
_ZNU10MTLraydata1VC1EOU9MTLdeviceU18MTLcoherent_deviceS_,24
_ZN1VC1EOU9MTLdeviceU18MTLcoherent_deviceS_,24
_ZNU14MTLthreadgroup3FO2C1ERU9MTLdeviceU18MTLcoherent_deviceKS_,24
_ZNU10MTLraydata3FO2C1ERU9MTLdeviceU18MTLcoherent_deviceKS_,24
_ZN3FO2C1ERU9MTLdeviceU18MTLcoherent_deviceKS_,24
_ZNU14MTLthreadgroup3FO2C1EOU9MTLdeviceU18MTLcoherent_deviceS_,24
_ZNU10MTLraydata3FO2C1EOU9MTLdeviceU18MTLcoherent_deviceS_,24
_ZN3FO2C1EOU9MTLdeviceU18MTLcoherent_deviceS_,24
_ZNU14MTLthreadgroup2FOC1ERU9MTLdeviceU18MTLcoherent_deviceKS_,24
_ZNU10MTLraydata2FOC1ERU9MTLdeviceU18MTLcoherent_deviceKS_,24
_ZN2FOC1ERU9MTLdeviceU18MTLcoherent_deviceKS_,24
_ZNU14MTLthreadgroup2FOC1EOU9MTLdeviceU18MTLcoherent_deviceS_,24
_ZNU10MTLraydata2FOC1EOU9MTLdeviceU18MTLcoherent_deviceS_,24
_ZN2FOC1EOU9MTLdeviceU18MTLcoherent_deviceS_,24
_ZNU14MTLthreadgroup3FOmC1ERU9MTLdeviceU18MTLcoherent_deviceKS_,24
_ZNU10MTLraydata3FOmC1ERU9MTLdeviceU18MTLcoherent_deviceKS_,24
_ZN3FOmC1ERU9MTLdeviceU18MTLcoherent_deviceKS_,24
_ZNU14MTLthreadgroup3FOmC1EOU9MTLdeviceU18MTLcoherent_deviceS_,24
_ZNU10MTLraydata3FOmC1EOU9MTLdeviceU18MTLcoherent_deviceS_,24
_ZN3FOmC1EOU9MTLdeviceU18MTLcoherent_deviceS_,24
_ZNU14MTLthreadgroup3VOcC1ERU9MTLdeviceU18MTLcoherent_deviceKS_,24
_ZNU10MTLraydata3VOcC1ERU9MTLdeviceU18MTLcoherent_deviceKS_,24
_ZN3VOcC1ERU9MTLdeviceU18MTLcoherent_deviceKS_,24
_ZNU14MTLthreadgroup3VOcC1EOU9MTLdeviceU18MTLcoherent_deviceS_,24
_ZNU10MTLraydata3VOcC1EOU9MTLdeviceU18MTLcoherent_deviceS_,24
_ZN3VOcC1EOU9MTLdeviceU18MTLcoherent_deviceS_,24
_ZNU14MTLthreadgroup3VOpC1ERU9MTLdeviceU18MTLcoherent_deviceKS_,24
_ZNU10MTLraydata3VOpC1ERU9MTLdeviceU18MTLcoherent_deviceKS_,24
_ZN3VOpC1ERU9MTLdeviceU18MTLcoherent_deviceKS_,24
_ZNU14MTLthreadgroup3VOpC1EOU9MTLdeviceU18MTLcoherent_deviceS_,24
_ZNU10MTLraydata3VOpC1EOU9MTLdeviceU18MTLcoherent_deviceS_,24
_ZN3VOpC1EOU9MTLdeviceU18MTLcoherent_deviceS_,24
_ZNU14MTLthreadgroup7PrimOutC1ERU9MTLdeviceU18MTLcoherent_deviceKS_,24
_ZNU10MTLraydata7PrimOutC1ERU9MTLdeviceU18MTLcoherent_deviceKS_,24
_ZN7PrimOutC1ERU9MTLdeviceU18MTLcoherent_deviceKS_,24
_ZNU14MTLthreadgroup7PrimOutC1EOU9MTLdeviceU18MTLcoherent_deviceS_,24
_ZNU10MTLraydata7PrimOutC1EOU9MTLdeviceU18MTLcoherent_deviceS_,24
_ZN7PrimOutC1EOU9MTLdeviceU18MTLcoherent_deviceS_,24
_ZNU14MTLthreadgroup10MeshVertexC1ERU9MTLdeviceU18MTLcoherent_deviceKS_,24
_ZNU10MTLraydata10MeshVertexC1ERU9MTLdeviceU18MTLcoherent_deviceKS_,24
_ZN10MeshVertexC1ERU9MTLdeviceU18MTLcoherent_deviceKS_,24
_ZNU14MTLthreadgroup10MeshVertexC1EOU9MTLdeviceU18MTLcoherent_deviceS_,24
_ZNU10MTLraydata10MeshVertexC1EOU9MTLdeviceU18MTLcoherent_deviceS_,24
_ZN10MeshVertexC1EOU9MTLdeviceU18MTLcoherent_deviceS_,24
_ZNU14MTLthreadgroup10SharedArgsC1ERU9MTLdeviceU18MTLcoherent_deviceKS_,24
_ZNU10MTLraydata10SharedArgsC1ERU9MTLdeviceU18MTLcoherent_deviceKS_,24
_ZN10SharedArgsC1ERU9MTLdeviceU18MTLcoherent_deviceKS_,24
_ZNU14MTLthreadgroup10SharedArgsC1EOU9MTLdeviceU18MTLcoherent_deviceS_,24
_ZNU10MTLraydata10SharedArgsC1EOU9MTLdeviceU18MTLcoherent_deviceS_,24
_ZN10SharedArgsC1EOU9MTLdeviceU18MTLcoherent_deviceS_,24
_ZNU9MTLdevice10SharedArgsaSERU9MTLdeviceU18MTLcoherent_deviceKS_,24
_ZNU9MTLdeviceU18MTLcoherent_device10SharedArgsaSERU9MTLdeviceKS_,24
_ZNU9MTLdeviceU18MTLcoherent_device10SharedArgsaSERU9MTLdeviceU18MTLcoherent_deviceKS_,24
_ZNU9MTLdeviceU18MTLcoherent_device10SharedArgsaSERU14MTLthreadgroupKS_,24
_ZNU9MTLdeviceU18MTLcoherent_device10SharedArgsaSERU11MTLconstantKS_,24
_ZNU9MTLdeviceU18MTLcoherent_device10SharedArgsaSERU24MTLthreadgroupimageblockKS_,24
_ZNU9MTLdeviceU18MTLcoherent_device10SharedArgsaSERU10MTLraydataKS_,24
_ZNU9MTLdeviceU18MTLcoherent_device10SharedArgsaSERU13MTLobjectdataKS_,24
_ZNU9MTLdeviceU18MTLcoherent_device10SharedArgsaSERKS_,24
_ZNU14MTLthreadgroup10SharedArgsaSERU9MTLdeviceU18MTLcoherent_deviceKS_,24
_ZNU24MTLthreadgroupimageblock10SharedArgsaSERU9MTLdeviceU18MTLcoherent_deviceKS_,24
_ZNU10MTLraydata10SharedArgsaSERU9MTLdeviceU18MTLcoherent_deviceKS_,24
_ZNU13MTLobjectdata10SharedArgsaSERU9MTLdeviceU18MTLcoherent_deviceKS_,24
_ZN10SharedArgsaSERU9MTLdeviceU18MTLcoherent_deviceKS_,24
_ZNU9MTLdevice10SharedArgsaSEOU9MTLdeviceU18MTLcoherent_deviceS_,24
_ZNU9MTLdeviceU18MTLcoherent_device10SharedArgsaSEOU9MTLdeviceS_,24
_ZNU9MTLdeviceU18MTLcoherent_device10SharedArgsaSEOU9MTLdeviceU18MTLcoherent_deviceS_,24
_ZNU9MTLdeviceU18MTLcoherent_device10SharedArgsaSEOU14MTLthreadgroupS_,24
_ZNU9MTLdeviceU18MTLcoherent_device10SharedArgsaSEOU24MTLthreadgroupimageblockS_,24
_ZNU9MTLdeviceU18MTLcoherent_device10SharedArgsaSEOU10MTLraydataS_,24
_ZNU9MTLdeviceU18MTLcoherent_device10SharedArgsaSEOU13MTLobjectdataS_,24
_ZNU9MTLdeviceU18MTLcoherent_device10SharedArgsaSEOS_,24
_ZNU14MTLthreadgroup10SharedArgsaSEOU9MTLdeviceU18MTLcoherent_deviceS_,24
_ZNU24MTLthreadgroupimageblock10SharedArgsaSEOU9MTLdeviceU18MTLcoherent_deviceS_,24
_ZNU10MTLraydata10SharedArgsaSEOU9MTLdeviceU18MTLcoherent_deviceS_,24
_ZNU13MTLobjectdata10SharedArgsaSEOU9MTLdeviceU18MTLcoherent_deviceS_,24
_ZN10SharedArgsaSEOU9MTLdeviceU18MTLcoherent_deviceS_,24
_ZNU14MTLthreadgroup2PMC1ERU9MTLdeviceU18MTLcoherent_deviceKS_,24
_ZNU10MTLraydata2PMC1ERU9MTLdeviceU18MTLcoherent_deviceKS_,24
_ZN2PMC1ERU9MTLdeviceU18MTLcoherent_deviceKS_,24
_ZNU14MTLthreadgroup2PMC1EOU9MTLdeviceU18MTLcoherent_deviceS_,24
_ZNU10MTLraydata2PMC1EOU9MTLdeviceU18MTLcoherent_deviceS_,24
_ZN2PMC1EOU9MTLdeviceU18MTLcoherent_deviceS_,24
_ZNU14MTLthreadgroup9AlignedTGC1ERU9MTLdeviceU18MTLcoherent_deviceKS_,24
_ZNU10MTLraydata9AlignedTGC1ERU9MTLdeviceU18MTLcoherent_deviceKS_,24
_ZN9AlignedTGC1ERU9MTLdeviceU18MTLcoherent_deviceKS_,24
_ZNU14MTLthreadgroup9AlignedTGC1EOU9MTLdeviceU18MTLcoherent_deviceS_,24
_ZNU10MTLraydata9AlignedTGC1EOU9MTLdeviceU18MTLcoherent_deviceS_,24
_ZN9AlignedTGC1EOU9MTLdeviceU18MTLcoherent_deviceS_,24
_ZNU14MTLthreadgroup8PackedTGC1ERU9MTLdeviceU18MTLcoherent_deviceKS_,24
_ZNU10MTLraydata8PackedTGC1ERU9MTLdeviceU18MTLcoherent_deviceKS_,24
_ZN8PackedTGC1ERU9MTLdeviceU18MTLcoherent_deviceKS_,24
_ZNU14MTLthreadgroup8PackedTGC1EOU9MTLdeviceU18MTLcoherent_deviceS_,24
_ZNU10MTLraydata8PackedTGC1EOU9MTLdeviceU18MTLcoherent_deviceS_,24
_ZN8PackedTGC1EOU9MTLdeviceU18MTLcoherent_deviceS_,24
_ZNU14MTLthreadgroup1CC1ERU9MTLdeviceU18MTLcoherent_deviceKS_,24
_ZNU10MTLraydata1CC1ERU9MTLdeviceU18MTLcoherent_deviceKS_,24
_ZN1CC1ERU9MTLdeviceU18MTLcoherent_deviceKS_,24
_ZNU14MTLthreadgroup1CC1EOU9MTLdeviceU18MTLcoherent_deviceS_,24
_ZNU10MTLraydata1CC1EOU9MTLdeviceU18MTLcoherent_deviceS_,24
_ZN1CC1EOU9MTLdeviceU18MTLcoherent_deviceS_,24
_ZZ1kPU9MTLdeviceiENK3$_0clEv,24
_ZNU14MTLthreadgroup3VecC1ERU9MTLdeviceU18MTLcoherent_deviceKS_,24
_ZNU10MTLraydata3VecC1ERU9MTLdeviceU18MTLcoherent_deviceKS_,24
_ZN3VecC1ERU9MTLdeviceU18MTLcoherent_deviceKS_,24
_ZNU14MTLthreadgroup3VecC1EOU9MTLdeviceU18MTLcoherent_deviceS_,24
_ZNU10MTLraydata3VecC1EOU9MTLdeviceU18MTLcoherent_deviceS_,24
_ZN3VecC1EOU9MTLdeviceU18MTLcoherent_deviceS_,24
_ZNU14MTLthreadgroup2P2C1ERU9MTLdeviceU18MTLcoherent_deviceKS_,24
_ZNU10MTLraydata2P2C1ERU9MTLdeviceU18MTLcoherent_deviceKS_,24
_ZN2P2C1ERU9MTLdeviceU18MTLcoherent_deviceKS_,24
_ZNU14MTLthreadgroup2P2C1EOU9MTLdeviceU18MTLcoherent_deviceS_,24
_ZNU10MTLraydata2P2C1EOU9MTLdeviceU18MTLcoherent_deviceS_,24
_ZN2P2C1EOU9MTLdeviceU18MTLcoherent_deviceS_,24
_ZNU9MTLdevice1SaSERU9MTLdeviceU18MTLcoherent_deviceKS_,24
_ZNU9MTLdeviceU18MTLcoherent_device1SaSERU9MTLdeviceKS_,24
_ZNU9MTLdeviceU18MTLcoherent_device1SaSERU9MTLdeviceU18MTLcoherent_deviceKS_,24
_ZNU9MTLdeviceU18MTLcoherent_device1SaSERU14MTLthreadgroupKS_,24
_ZNU9MTLdeviceU18MTLcoherent_device1SaSERU11MTLconstantKS_,24
_ZNU9MTLdeviceU18MTLcoherent_device1SaSERU24MTLthreadgroupimageblockKS_,24
_ZNU9MTLdeviceU18MTLcoherent_device1SaSERU10MTLraydataKS_,24
_ZNU9MTLdeviceU18MTLcoherent_device1SaSERU13MTLobjectdataKS_,24
_ZNU9MTLdeviceU18MTLcoherent_device1SaSERKS_,24
_ZNU14MTLthreadgroup1SaSERU9MTLdeviceU18MTLcoherent_deviceKS_,24
_ZNU24MTLthreadgroupimageblock1SaSERU9MTLdeviceU18MTLcoherent_deviceKS_,24
_ZNU10MTLraydata1SaSERU9MTLdeviceU18MTLcoherent_deviceKS_,24
_ZNU13MTLobjectdata1SaSERU9MTLdeviceU18MTLcoherent_deviceKS_,24
_ZN1SaSERU9MTLdeviceU18MTLcoherent_deviceKS_,24
_ZNU9MTLdevice1SaSEOU9MTLdeviceU18MTLcoherent_deviceS_,24
_ZNU9MTLdeviceU18MTLcoherent_device1SaSEOU9MTLdeviceS_,24
_ZNU9MTLdeviceU18MTLcoherent_device1SaSEOU9MTLdeviceU18MTLcoherent_deviceS_,24
_ZNU9MTLdeviceU18MTLcoherent_device1SaSEOU14MTLthreadgroupS_,24
_ZNU9MTLdeviceU18MTLcoherent_device1SaSEOU24MTLthreadgroupimageblockS_,24
_ZNU9MTLdeviceU18MTLcoherent_device1SaSEOU10MTLraydataS_,24
_ZNU9MTLdeviceU18MTLcoherent_device1SaSEOU13MTLobjectdataS_,24
_ZNU9MTLdeviceU18MTLcoherent_device1SaSEOS_,24
_ZNU14MTLthreadgroup1SaSEOU9MTLdeviceU18MTLcoherent_deviceS_,24
_ZNU24MTLthreadgroupimageblock1SaSEOU9MTLdeviceU18MTLcoherent_deviceS_,24
_ZNU10MTLraydata1SaSEOU9MTLdeviceU18MTLcoherent_deviceS_,24
_ZNU13MTLobjectdata1SaSEOU9MTLdeviceU18MTLcoherent_deviceS_,24
_ZN1SaSEOU9MTLdeviceU18MTLcoherent_deviceS_,24
_ZNU14MTLthreadgroup10DimensionsC1ERU9MTLdeviceU18MTLcoherent_deviceKS_,24
_ZNU10MTLraydata10DimensionsC1ERU9MTLdeviceU18MTLcoherent_deviceKS_,24
_ZN10DimensionsC1ERU9MTLdeviceU18MTLcoherent_deviceKS_,24
_ZNU14MTLthreadgroup10DimensionsC1EOU9MTLdeviceU18MTLcoherent_deviceS_,24
_ZNU10MTLraydata10DimensionsC1EOU9MTLdeviceU18MTLcoherent_deviceS_,24
_ZN10DimensionsC1EOU9MTLdeviceU18MTLcoherent_deviceS_,24
_ZNU14MTLthreadgroup3FO4C1ERU9MTLdeviceU18MTLcoherent_deviceKS_,24
_ZNU10MTLraydata3FO4C1ERU9MTLdeviceU18MTLcoherent_deviceKS_,24
_ZN3FO4C1ERU9MTLdeviceU18MTLcoherent_deviceKS_,24
_ZNU14MTLthreadgroup3FO4C1EOU9MTLdeviceU18MTLcoherent_deviceS_,24
_ZNU10MTLraydata3FO4C1EOU9MTLdeviceU18MTLcoherent_deviceS_,24
_ZN3FO4C1EOU9MTLdeviceU18MTLcoherent_deviceS_,24
_ZNU14MTLthreadgroup3VOrC1ERU9MTLdeviceU18MTLcoherent_deviceKS_,24
_ZNU10MTLraydata3VOrC1ERU9MTLdeviceU18MTLcoherent_deviceKS_,24
_ZN3VOrC1ERU9MTLdeviceU18MTLcoherent_deviceKS_,24
_ZNU14MTLthreadgroup3VOrC1EOU9MTLdeviceU18MTLcoherent_deviceS_,24
_ZNU10MTLraydata3VOrC1EOU9MTLdeviceU18MTLcoherent_deviceS_,24
_ZN3VOrC1EOU9MTLdeviceU18MTLcoherent_deviceS_,24
_ZNU14MTLthreadgroup3VO4C1ERU9MTLdeviceU18MTLcoherent_deviceKS_,24
_ZNU10MTLraydata3VO4C1ERU9MTLdeviceU18MTLcoherent_deviceKS_,24
_ZN3VO4C1ERU9MTLdeviceU18MTLcoherent_deviceKS_,24
_ZNU14MTLthreadgroup3VO4C1EOU9MTLdeviceU18MTLcoherent_deviceS_,24
_ZNU10MTLraydata3VO4C1EOU9MTLdeviceU18MTLcoherent_deviceS_,24
_ZN3VO4C1EOU9MTLdeviceU18MTLcoherent_deviceS_,24
_ZNU14MTLthreadgroup3VO1C1ERU9MTLdeviceU18MTLcoherent_deviceKS_,24
_ZNU10MTLraydata3VO1C1ERU9MTLdeviceU18MTLcoherent_deviceKS_,24
_ZN3VO1C1ERU9MTLdeviceU18MTLcoherent_deviceKS_,24
_ZNU14MTLthreadgroup3VO1C1EOU9MTLdeviceU18MTLcoherent_deviceS_,24
_ZNU10MTLraydata3VO1C1EOU9MTLdeviceU18MTLcoherent_deviceS_,24
_ZN3VO1C1EOU9MTLdeviceU18MTLcoherent_deviceS_,24
_ZNU14MTLthreadgroup3VOuC1ERU9MTLdeviceU18MTLcoherent_deviceKS_,24
_ZNU10MTLraydata3VOuC1ERU9MTLdeviceU18MTLcoherent_deviceKS_,24
_ZN3VOuC1ERU9MTLdeviceU18MTLcoherent_deviceKS_,24
_ZNU14MTLthreadgroup3VOuC1EOU9MTLdeviceU18MTLcoherent_deviceS_,24
_ZNU10MTLraydata3VOuC1EOU9MTLdeviceU18MTLcoherent_deviceS_,24
_ZN3VOuC1EOU9MTLdeviceU18MTLcoherent_deviceS_,24
_ZNU14MTLthreadgroup2A8C1ERU9MTLdeviceU18MTLcoherent_deviceKS_,24
_ZNU10MTLraydata2A8C1ERU9MTLdeviceU18MTLcoherent_deviceKS_,24
_ZN2A8C1ERU9MTLdeviceU18MTLcoherent_deviceKS_,24
_ZNU14MTLthreadgroup2A8C1EOU9MTLdeviceU18MTLcoherent_deviceS_,24
_ZNU10MTLraydata2A8C1EOU9MTLdeviceU18MTLcoherent_deviceS_,24
_ZN2A8C1EOU9MTLdeviceU18MTLcoherent_deviceS_,24
_ZNU14MTLthreadgroup3A16C1ERU9MTLdeviceU18MTLcoherent_deviceKS_,24
_ZNU10MTLraydata3A16C1ERU9MTLdeviceU18MTLcoherent_deviceKS_,24
_ZN3A16C1ERU9MTLdeviceU18MTLcoherent_deviceKS_,24
_ZNU14MTLthreadgroup3A16C1EOU9MTLdeviceU18MTLcoherent_deviceS_,24
_ZNU10MTLraydata3A16C1EOU9MTLdeviceU18MTLcoherent_deviceS_,24
_ZN3A16C1EOU9MTLdeviceU18MTLcoherent_deviceS_,24
_ZNU14MTLthreadgroup3A32C1ERU9MTLdeviceU18MTLcoherent_deviceKS_,24
_ZNU10MTLraydata3A32C1ERU9MTLdeviceU18MTLcoherent_deviceKS_,24
_ZN3A32C1ERU9MTLdeviceU18MTLcoherent_deviceKS_,24
_ZNU14MTLthreadgroup3A32C1EOU9MTLdeviceU18MTLcoherent_deviceS_,24
_ZNU10MTLraydata3A32C1EOU9MTLdeviceU18MTLcoherent_deviceS_,24
_ZN3A32C1EOU9MTLdeviceU18MTLcoherent_deviceS_,24
_ZNU14MTLthreadgroup2AlC1ERU9MTLdeviceU18MTLcoherent_deviceKS_,24
_ZNU10MTLraydata2AlC1ERU9MTLdeviceU18MTLcoherent_deviceKS_,24
_ZN2AlC1ERU9MTLdeviceU18MTLcoherent_deviceKS_,24
_ZNU14MTLthreadgroup2AlC1EOU9MTLdeviceU18MTLcoherent_deviceS_,24
_ZNU10MTLraydata2AlC1EOU9MTLdeviceU18MTLcoherent_deviceS_,24
_ZN2AlC1EOU9MTLdeviceU18MTLcoherent_deviceS_,24
_ZNU14MTLthreadgroup6TGDataC1ERU9MTLdeviceU18MTLcoherent_deviceKS_,24
_ZNU10MTLraydata6TGDataC1ERU9MTLdeviceU18MTLcoherent_deviceKS_,24
_ZN6TGDataC1ERU9MTLdeviceU18MTLcoherent_deviceKS_,24
_ZNU14MTLthreadgroup6TGDataC1EOU9MTLdeviceU18MTLcoherent_deviceS_,24
_ZNU10MTLraydata6TGDataC1EOU9MTLdeviceU18MTLcoherent_deviceS_,24
_ZN6TGDataC1EOU9MTLdeviceU18MTLcoherent_deviceS_,24
metal4_all,24
tensor4_all,24
_ZdlPvN5metal11align_val_tE,12
_ZdaPvN5metal11align_val_tE,12
_ZnwmN5metal11align_val_tE,7
_ZnamN5metal11align_val_tE,7
_ZnwjN5metal11align_val_tE,5
_ZnajN5metal11align_val_tE,5
