value,count
int,610892
float,503640
uint,441208
float4,268518
__NSConstantString_tag,219468
char *,219468
__metal_texture_1d_t,219468
__metal_texture_1d_array_t,219468
__metal_texture_2d_t,219468
__metal_texture_2d_array_t,219468
__metal_texture_3d_t,219468
__metal_texture_cube_t,219468
__metal_texture_cube_array_t,219468
__metal_texture_2d_ms_t,219468
__metal_texture_2d_ms_array_t,219468
__metal_texture_buffer_1d_t,219468
__metal_depth_2d_t,219468
__metal_depth_2d_array_t,219468
__metal_depth_cube_t,219468
__metal_depth_cube_array_t,219468
__metal_depth_2d_ms_t,219468
__metal_depth_2d_ms_array_t,219468
__metal_sampler_t,219468
__metal_threadgroup_event_t,219468
__metal_imageblock_t,219468
__metal_patch_control_point_t,219468
__metal_command_buffer_t,219468
__metal_render_pipeline_state_t,219468
__metal_compute_pipeline_state_t,219468
__metal_interpolant_t,219468
__metal_vertex_value_t,219468
__metal_visible_function_table_t,219468
__metal_intersection_function_table_t,219468
__metal_instance_acceleration_structure_t,219468
__metal_primitive_acceleration_structure_t,219468
__metal_mesh_t,219468
__metal_mesh_grid_properties_t,219468
__metal_intersection_query_t,219468
__metal_function_handle_t,219468
__metal_intersection_result_t,219468
__metal_depth_stencil_state_t,219468
__metal_tensor_t,219468
__metal_tensor_thread_t,219468
device float *,177334
unsigned int,145960
device uint *,145580
__int128,130132
unsigned __int128,130132
<dependent type>,129704
char,129378
float2,92832
device float,85338
device uint,69936
Uniforms &&,69476
metal::sampler,68044
float3,67322
device int *,64076
device Uniforms &&,61162
threadgroup Uniforms &&,61162
half,55608
threadgroup_imageblock Uniforms &&,47352
uint2,45058
ray_data Uniforms &&,40392
bool,37498
<bound member function type>,34462
T,34314
object_data Uniforms &&,32200
const constant Uniforms &,31338
uint4,30046
const Uniforms &,29334
device int,25224
uint3,23124
<overloaded function type>,22674
metal::memory_order,21384
VertexOut,21194
const device Uniforms &,21020
const threadgroup Uniforms &,21020
short,20942
device coherent(device) Uniforms &&,18880
half4,18870
uchar,18110
ushort,18110
uint (),17700
metal::uint,17480
device half *,16048
int2,15986
const threadgroup_imageblock Uniforms &,15496
IoVertexOut,14912
float (float),14514
device metal::atomic_uint *,14018
device float4 *,13548
const ray_data Uniforms &,13176
const metal::sampler,13088
"metal::vec<float, 4>",12980
"metal::vec<uint, 4>",12980
"texture2d<float, access::sample>",12744
void (const metal::sampler &) noexcept,12272
"vec<float, 4>",12142
void (float),11918
device bool *,11800
void () noexcept,11610
const constant int,11478
device uchar *,11328
device ushort *,11328
device char *,11328
device short *,11328
metal::float4 (metal::float4),11092
void (device uint *),10720
const object_data Uniforms &,10104
const constant bool,9838
metal::float4x4,9668
void (device int *),9440
metal::level,9056
T (T),8786
float __attribute__((ext_vector_type(4))),8732
unsigned long,8386
void (const Uniforms &),8314
void (const device Uniforms &) threadgroup,8314
void (const threadgroup Uniforms &) threadgroup,8314
void (const constant Uniforms &) threadgroup,8314
void (const Uniforms &) threadgroup,8314
void (const constant Uniforms &) const constant,8314
void (const Uniforms &) const constant,8314
void (const device Uniforms &),8314
void (const threadgroup Uniforms &),8314
void (const constant Uniforms &),8314
void (Uniforms &&),8314
void (device Uniforms &&) threadgroup,8314
void (threadgroup Uniforms &&) threadgroup,8314
void (Uniforms &&) threadgroup,8314
void (Uniforms &&) const constant,8314
void (device Uniforms &&),8314
void (threadgroup Uniforms &&),8314
Uniforms &(Uniforms &&),8314
device Uniforms &(device Uniforms &&) device,8314
device Uniforms &(threadgroup Uniforms &&) device,8314
device Uniforms &(Uniforms &&) device,8314
threadgroup Uniforms &(device Uniforms &&) threadgroup,8314
threadgroup Uniforms &(threadgroup Uniforms &&) threadgroup,8314
threadgroup Uniforms &(Uniforms &&) threadgroup,8314
Uniforms &(device Uniforms &&),8314
Uniforms &(threadgroup Uniforms &&),8314
metal::bias,8160
metal::float4,8024
int4,7962
half2,7372
void,7250
threadgroup int *,7132
VertexOut &&,7102
float (*)(float),7080
void () const constant,7050
auto,6992
device half,6812
device float4,6656
"texture2d<float, access::read>",6608
VertexIn,6542
metal::int2,6512
IoFragOutA,6136
void () threadgroup,6106
uint (*)(),5900
half3,5720
metal::mem_flags,5664
device float2 *,5664
device float3 *,5664
device half2 *,5664
device half3 *,5664
device half4 *,5664
const device coherent(device) Uniforms &,5664
unsigned int (unsigned int),5632
threadgroup int,5602
void (const threadgroup_imageblock Uniforms &) threadgroup,5552
void (const threadgroup_imageblock Uniforms &),5552
void (threadgroup_imageblock Uniforms &&) threadgroup,5552
void (threadgroup_imageblock Uniforms &&),5552
device Uniforms &(threadgroup_imageblock Uniforms &&) device,5552
threadgroup Uniforms &(threadgroup_imageblock Uniforms &&) threadgroup,5552
threadgroup_imageblock Uniforms &(device Uniforms &&) threadgroup_imageblock,5552
threadgroup_imageblock Uniforms &(threadgroup Uniforms &&) threadgroup_imageblock,5552
threadgroup_imageblock Uniforms &(threadgroup_imageblock Uniforms &&) threadgroup_imageblock,5552
threadgroup_imageblock Uniforms &(Uniforms &&) threadgroup_imageblock,5552
Uniforms &(threadgroup_imageblock Uniforms &&),5552
texture2d<float>,5546
device metal::atomic_int *,5546
metal::float4 (*)(metal::float4),5428
"float (float, float)",5264
int (int),5240
device int2 *,5192
device int3 *,5192
device int4 *,5192
device uint2 *,5192
device uint3 *,5192
device uint4 *,5192
int3,5130
device bool,4956
void (device float *),4956
bool4,4720
device uchar,4720
device ushort,4720
device char,4720
device short,4720
void (metal::mem_flags),4512
void (const ray_data Uniforms &) threadgroup,4392
void (const device Uniforms &) ray_data,4392
void (const threadgroup Uniforms &) ray_data,4392
void (const constant Uniforms &) ray_data,4392
void (const threadgroup_imageblock Uniforms &) ray_data,4392
void (const ray_data Uniforms &) ray_data,4392
void (const Uniforms &) ray_data,4392
void (const ray_data Uniforms &),4392
void (ray_data Uniforms &&) threadgroup,4392
void (device Uniforms &&) ray_data,4392
void (threadgroup Uniforms &&) ray_data,4392
void (threadgroup_imageblock Uniforms &&) ray_data,4392
void (ray_data Uniforms &&) ray_data,4392
void (Uniforms &&) ray_data,4392
void (ray_data Uniforms &&),4392
device Uniforms &(ray_data Uniforms &&) device,4392
threadgroup Uniforms &(ray_data Uniforms &&) threadgroup,4392
threadgroup_imageblock Uniforms &(ray_data Uniforms &&) threadgroup_imageblock,4392
ray_data Uniforms &(device Uniforms &&) ray_data,4392
ray_data Uniforms &(threadgroup Uniforms &&) ray_data,4392
ray_data Uniforms &(threadgroup_imageblock Uniforms &&) ray_data,4392
ray_data Uniforms &(ray_data Uniforms &&) ray_data,4392
ray_data Uniforms &(Uniforms &&) ray_data,4392
Uniforms &(ray_data Uniforms &&),4392
VOut,4334
"unsigned int (unsigned int, metal::ushort)",4308
bool __attribute__((ext_vector_type(4))),4012
Vec,3928
void () ray_data,3900
P2,3692
metal::float3,3680
device NestedLayout *,3540
const constant int *,3536
"unsigned int (volatile device _atomic<unsigned int> *, unsigned int, metal::memory_order)",3384
void (const object_data Uniforms &) threadgroup,3368
void (const object_data Uniforms &) ray_data,3368
void (const object_data Uniforms &),3368
void (object_data Uniforms &&) threadgroup,3368
void (object_data Uniforms &&) ray_data,3368
void (object_data Uniforms &&),3368
device Uniforms &(object_data Uniforms &&) device,3368
threadgroup Uniforms &(object_data Uniforms &&) threadgroup,3368
threadgroup_imageblock Uniforms &(object_data Uniforms &&) threadgroup_imageblock,3368
ray_data Uniforms &(object_data Uniforms &&) ray_data,3368
object_data Uniforms &(device Uniforms &&) object_data,3368
object_data Uniforms &(threadgroup Uniforms &&) object_data,3368
object_data Uniforms &(threadgroup_imageblock Uniforms &&) object_data,3368
object_data Uniforms &(ray_data Uniforms &&) object_data,3368
object_data Uniforms &(object_data Uniforms &&) object_data,3368
object_data Uniforms &(Uniforms &&) object_data,3368
Uniforms &(object_data Uniforms &&),3368
"vec<half, 4>",3348
IoFragOutG,3304
IoFragOutL,3304
IoVertexOut &&,3188
packed_float3,3124
"texture2d<float, access::write>",3068
VO4,3068
VOu,3068
"texture2d_array<float, access::sample>",3068
"vec<unsigned int, 4>",2994
"vec<int, 4>",2994
int (),2950
"texture2d<half, access::sample>",2832
"texture3d<float, access::sample>",2832
"ArrayBox<float4, 2>",2832
const VertexOut &,2814
const constant VertexOut &,2814
"texture2d_array<float, access::read>",2714
"texture3d<float, access::read>",2714
"texturecube<float, access::sample>",2714
"void (device uint *, uint)",2682
unsigned int (*)(unsigned int),2624
"metal::float4 (metal::float4, metal::float4)",2596
NestedLayout,2596
FO4,2596
"metal::uint (metal::uint, metal::uint)",2512
"texture2d<int, access::sample>",2478
"texture2d<uint, access::sample>",2478
"texture2d_array<half, access::sample>",2478
"texture2d_array<int, access::sample>",2478
"texture2d_array<uint, access::sample>",2478
"depth2d<float, access::sample>",2478
metal::gradient2d,2452
"unsigned int (const volatile device _atomic<unsigned int> *, metal::memory_order)",2444
"const metal::_texture2d_sample<float, metal::access::sample, metal::__memory_coherence_threadgroup>",2444
VOr,2426
const constant ArgBufArr &,2424
uint (uint),2418
int (*)(int),2368
threadgroup uint *,2360
"texture1d<float, access::sample>",2360
device float2,2360
device float3,2360
device half2,2360
device half3,2360
device half4,2360
VO,2360
"metal::vec<int, 4>",2360
"texture1d<float, access::read>",2360
"metal::vec<half, 4>",2360
volatile device _atomic<unsigned int> *,2350
"float (float, float, float)",2296
long,2290
"float (*)(float, float)",2278
void (*)(metal::mem_flags),2256
metal::int3,2242
"void (int, device float *)",2208
"void (int, device uint *)",2186
"unsigned int (*)(unsigned int, metal::ushort)",2154
metal::ushort,2154
"metal::float3 (metal::float3, metal::float3)",2124
threadgroup uint,2124
device int2,2124
device int3,2124
device int4,2124
device uint2,2124
device uint3,2124
device uint4,2124
"texturecube<float, access::read>",2124
VOc,2124
const device VertexOut &,2048
const threadgroup VertexOut &,2048
device VertexOut &&,2048
threadgroup VertexOut &&,2048
threadgroup float,2042
IoFragOutA &&,2008
uint *,2006
void () threadgroup noexcept,2006
"vec<float, 4> (const constant matrix<float, 4, 4> &, vec<float, 4>)",2004
AbiStruct &&,1948
const constant AddressBox *,1888
device AddressBox *,1888
metal::bool4 (metal::float4),1888
"float (metal::float3, metal::float3)",1888
"void (device int *, device int *)",1888
void (const device coherent(device) Uniforms &) threadgroup,1888
void (const device coherent(device) Uniforms &) ray_data,1888
void (const device coherent(device) Uniforms &),1888
void (device coherent(device) Uniforms &&) threadgroup,1888
void (device coherent(device) Uniforms &&) ray_data,1888
void (device coherent(device) Uniforms &&),1888
device Uniforms &(device coherent(device) Uniforms &&) device,1888
device coherent(device) Uniforms &(device Uniforms &&) device coherent(device),1888
device coherent(device) Uniforms &(device coherent(device) Uniforms &&) device coherent(device),1888
device coherent(device) Uniforms &(threadgroup Uniforms &&) device coherent(device),1888
device coherent(device) Uniforms &(threadgroup_imageblock Uniforms &&) device coherent(device),1888
device coherent(device) Uniforms &(ray_data Uniforms &&) device coherent(device),1888
device coherent(device) Uniforms &(object_data Uniforms &&) device coherent(device),1888
device coherent(device) Uniforms &(Uniforms &&) device coherent(device),1888
threadgroup Uniforms &(device coherent(device) Uniforms &&) threadgroup,1888
threadgroup_imageblock Uniforms &(device coherent(device) Uniforms &&) threadgroup_imageblock,1888
ray_data Uniforms &(device coherent(device) Uniforms &&) ray_data,1888
object_data Uniforms &(device coherent(device) Uniforms &&) object_data,1888
Uniforms &(device coherent(device) Uniforms &&),1888
"int (volatile device _atomic<int> *, int, metal::memory_order)",1880
metal::uint (metal::uint),1844
void (),1772
const device NestedLayout &,1772
metal::component,1770
"void (device float *, device uint *, uint, uint)",1770
"texture1d<half, access::sample>",1770
"texture1d<int, access::sample>",1770
"texture1d<uint, access::sample>",1770
"texture3d<half, access::sample>",1770
"texture3d<int, access::sample>",1770
"texture3d<uint, access::sample>",1770
device AbiStruct &&,1712
threadgroup AbiStruct &&,1712
const threadgroup_imageblock VertexOut &,1700
threadgroup_imageblock VertexOut &&,1700
void (metal::level &&) noexcept,1696
"unsigned int (*)(volatile device _atomic<unsigned int> *, unsigned int, metal::memory_order)",1692
threadgroup AddressBox *,1652
const constant float *,1652
metal::float3 (metal::float3),1652
int[2],1652
threadgroup uint[256],1652
FO2,1652
FO,1652
FOm,1652
VOp,1652
threadgroup PM,1652
const ArgBufArr &,1564
ArgBufArr &&,1564
const ray_data VertexOut &,1548
ray_data VertexOut &&,1548
void (VertexOut &&) noexcept,1532
const constant float,1494
void (metal::bias &&) noexcept,1484
const constant SharedArgs &,1448
raytracing::ray,1440
VOut &&,1418
AddressBox,1416
bool (metal::bool4),1416
"metal::float4 (metal::float4, metal::float4, metal::float4)",1416
const device NestedLayout,1416
int *,1416
U,1416
const int,1416
"void (int, int, device float *)",1416
S,1416
"texturecube<half, access::sample>",1416
"texturecube<int, access::sample>",1416
"texturecube<uint, access::sample>",1416
OpBox,1416
float[2] __attribute__((ext_vector_type(4))),1416
"const metal::_texture2d_read<float, metal::access::read, metal::__memory_coherence_threadgroup>",1410
bool (bool),1400
const device ArgBufArr &,1392
const threadgroup ArgBufArr &,1392
device ArgBufArr &&,1392
threadgroup ArgBufArr &&,1392
const S &,1388
const constant S &,1388
S &&,1388
const object_data VertexOut &,1356
object_data VertexOut &&,1356
metal::gradient3d,1320
threadgroup_imageblock AbiStruct &&,1312
const threadgroup_imageblock ArgBufArr &,1312
threadgroup_imageblock ArgBufArr &&,1312
IoFragOutG &&,1300
IoFragOutL &&,1300
half (half),1298
"texture2d_ms<float, access::read>",1298
void (device half *),1298
packed_half4,1236
"unsigned int (*)(const volatile device _atomic<unsigned int> *, metal::memory_order)",1222
const volatile device _atomic<unsigned int> *,1222
volatile device _atomic<int> *,1222
const RayPayload &,1216
const constant RayPayload &,1216
RayPayload &&,1216
const RayQuery &,1216
const constant RayQuery &,1216
RayQuery &&,1216
AddressBox *,1180
threadgroup float *,1180
"metal::float4 (*)(metal::float4, metal::float4)",1180
float4[2],1180
Dimensions,1180
VO1,1180
threadgroup Al,1180
threadgroup float[1024],1180
float * __attribute__((ext_vector_type(4))),1180
"void (metal::float2, metal::float2)",1180
bool (float),1180
Bf,1180
metal::uint4 (metal::uint4),1160
const device S &,1152
const threadgroup S &,1152
device S &&,1152
threadgroup S &&,1152
"void (metal::mem_flags, metal::thread_scope)",1152
"float (*)(float, float, float)",1148
"metal::uint (*)(metal::uint, metal::uint)",1138
const Base &,1120
const device Base &,1120
const threadgroup Base &,1120
const constant Base &,1120
packed_half2,1118
ray_data AbiStruct &&,1096
const device RayPayload &,1096
const threadgroup RayPayload &,1096
const threadgroup_imageblock RayPayload &,1096
const ray_data RayPayload &,1096
device RayPayload &&,1096
threadgroup RayPayload &&,1096
threadgroup_imageblock RayPayload &&,1096
ray_data RayPayload &&,1096
const ray_data ArgBufArr &,1096
ray_data ArgBufArr &&,1096
const device RayQuery &,1096
const threadgroup RayQuery &,1096
const threadgroup_imageblock RayQuery &,1096
const ray_data RayQuery &,1096
device RayQuery &&,1096
threadgroup RayQuery &&,1096
threadgroup_imageblock RayQuery &&,1096
ray_data RayQuery &&,1096
VO &&,1064
"texture2d<uint, access::read>",1062
void (half),1062
"texture2d<int, access::read>",1062
void (device bool *),1062
float[2],1062
const constant uint,1048
TypeHolder33 &&,1044
TypeHolder34 &&,1044
TypeHolder35 &&,1044
TypeHolder36 &&,1044
TypeHolder37 &&,1044
TypeHolder38 &&,1044
TypeHolder39 &&,1044
TypeHolder40 &&,1044
TypeHolder41 &&,1044
TypeHolder42 &&,1044
TypeHolder43 &&,1044
TypeHolder44 &&,1044
TypeHolder45 &&,1044
TypeHolder46 &&,1044
TypeHolder47 &&,1044
TypeHolder48 &&,1044
TypeHolder49 &&,1044
TypeHolder50 &&,1044
VO4 &&,1004
VOu &&,1004
"vec<float, 4> (*)(const constant matrix<float, 4, 4> &, vec<float, 4>)",1002
const constant metal::float4x4,1002
const constant Uniforms,1002
uint (*)(uint),1002
MeshVertexOut,968
uint32_t,960
metal::raytracing::instance_acceleration_structure,960
unsigned char,944
const device float *,944
"metal::float4 (metal::float4, metal::float4, metal::bool4)",944
metal::bool4,944
metal::bool4 (*)(metal::float4),944
float (metal::float3),944
"float (*)(metal::float3, metal::float3)",944
"metal::float3 (*)(metal::float3, metal::float3)",944
"texture1d<float, access::write>",944
"void (texture2d<half, access::sample>, metal::sampler, device float *)",944
"void (device float *, device uint *, texture2d<float>, metal::sampler, uint, uint)",944
"void (texture2d<float, access::sample>, metal::sampler, device float *)",944
"void (texture2d_array<float, access::sample>, metal::sampler, device float *)",944
threadgroup metal::atomic_uint,944
threadgroup TGData,944
void (device uchar *),944
void (device ushort *),944
void (device char *),944
void (device short *),944
"texture2d_array<float, access::write>",944
"texture3d<float, access::write>",944
V,944
float *,944
threadgroup PackedTG,944
"int (*)(volatile device _atomic<int> *, int, metal::memory_order)",940
metal::uint (*)(metal::uint),922
FO4 &&,886
packed_float2,882
packed_float4,882
packed_half3,882
short3,882
ushort2,882
ushort4,882
char3,882
uchar2,882
uchar4,882
char2,882
char4,882
uchar3,882
short2,882
short4,882
ushort3,882
const threadgroup_imageblock Base &,880
const threadgroup_imageblock S &,872
threadgroup_imageblock S &&,872
device TypeHolder33 &&,870
threadgroup TypeHolder33 &&,870
device TypeHolder34 &&,870
threadgroup TypeHolder34 &&,870
device TypeHolder35 &&,870
threadgroup TypeHolder35 &&,870
device TypeHolder36 &&,870
threadgroup TypeHolder36 &&,870
device TypeHolder37 &&,870
threadgroup TypeHolder37 &&,870
device TypeHolder38 &&,870
threadgroup TypeHolder38 &&,870
device TypeHolder39 &&,870
threadgroup TypeHolder39 &&,870
device TypeHolder40 &&,870
threadgroup TypeHolder40 &&,870
device TypeHolder41 &&,870
threadgroup TypeHolder41 &&,870
device TypeHolder42 &&,870
threadgroup TypeHolder42 &&,870
device TypeHolder43 &&,870
threadgroup TypeHolder43 &&,870
device TypeHolder44 &&,870
threadgroup TypeHolder44 &&,870
device TypeHolder45 &&,870
threadgroup TypeHolder45 &&,870
device TypeHolder46 &&,870
threadgroup TypeHolder46 &&,870
device TypeHolder47 &&,870
threadgroup TypeHolder47 &&,870
device TypeHolder48 &&,870
threadgroup TypeHolder48 &&,870
device TypeHolder49 &&,870
threadgroup TypeHolder49 &&,870
device TypeHolder50 &&,870
threadgroup TypeHolder50 &&,870
"unsigned int (volatile device coherent(device) _atomic<unsigned int> *, unsigned int, metal::memory_order)",864
"const metal::_texture2d_gather<float, metal::access::sample, metal::__memory_coherence_threadgroup>",846
metal::simd_vote (bool),840
object_data AbiStruct &&,840
const object_data RayPayload &,840
object_data RayPayload &&,840
const object_data ArgBufArr &,840
object_data ArgBufArr &&,840
const object_data RayQuery &,840
object_data RayQuery &&,840
const AbiStruct &,828
const constant AbiStruct &,828
const AddressBox &,828
const constant AddressBox &,828
AddressBox &&,828
const NestedLayout &,828
const constant NestedLayout &,828
NestedLayout &&,828
const Derived &,828
const constant Derived &,828
Derived &&,828
const U &,828
const constant U &,828
U &&,828
const VO &,828
const constant VO &,828
const VOut &,828
const constant VOut &,828
const IoVertexOut &,828
const constant IoVertexOut &,828
const IoFragOutA &,828
const constant IoFragOutA &,828
const IoFragOutG &,828
const constant IoFragOutG &,828
const IoFragOutL &,828
const constant IoFragOutL &,828
const OpBox &,828
const constant OpBox &,828
OpBox &&,828
"const ArrayBox<float __attribute__((ext_vector_type(4))), 2> &",828
"const constant ArrayBox<float __attribute__((ext_vector_type(4))), 2> &",828
"ArrayBox<float __attribute__((ext_vector_type(4))), 2> &&",828
"void (texture2d<int, access::sample>, metal::sampler, device float *)",826
"void (texture2d<uint, access::sample>, metal::sampler, device float *)",826
"void (texture2d_array<half, access::sample>, metal::sampler, device float *)",826
"void (texture2d_array<int, access::sample>, metal::sampler, device float *)",826
"void (texture2d_array<uint, access::sample>, metal::sampler, device float *)",826
VIn,826
"void (int, int, device uint *)",826
const device coherent(device) VertexOut &,816
device coherent(device) VertexOut &&,816
unsigned short,804
"void (device float *, uint)",790
const SharedArgs &,782
SharedArgs &&,782
metal::raytracing::ray,780
VOc &&,768
"void (device int *, const constant int *, threadgroup int *, uint)",766
void (const VertexOut &),766
void (const device VertexOut &) threadgroup,766
void (const threadgroup VertexOut &) threadgroup,766
void (const constant VertexOut &) threadgroup,766
void (const VertexOut &) threadgroup,766
void (const constant VertexOut &) const constant,766
void (const VertexOut &) const constant,766
void (const device VertexOut &),766
void (const threadgroup VertexOut &),766
void (const constant VertexOut &),766
void (device VertexOut &&) threadgroup,766
void (threadgroup VertexOut &&) threadgroup,766
void (VertexOut &&) threadgroup,766
void (VertexOut &&) const constant,766
void (device VertexOut &&),766
void (threadgroup VertexOut &&),766
"VertexOut (VertexIn, const constant Uniforms &, uint, uint, uint, uint, uint)",766
"float4 (VertexOut, bool, float4, uint, uint, uint)",766
"void (device uint *, uint3, uint3, uint3, uint3, uint3, uint, uint, uint, uint)",766
"bool (volatile device _atomic<unsigned int> *, unsigned int *, unsigned int, metal::memory_order, metal::memory_order)",752
"const metal::_texture2d<float, metal::access::sample, metal::__memory_coherence_threadgroup>",752
const ray_data Base &,736
const ray_data S &,728
ray_data S &&,728
RayQuery,720
uint64_t,708
int (const constant AddressBox *),708
int (device AddressBox *),708
int (AddressBox *),708
bool (*)(metal::bool4),708
"metal::float4 (*)(metal::float4, metal::float4, metal::float4)",708
metal::float3 (*)(metal::float3),708
"metal::float3 (metal::float3, metal::float3, float)",708
"metal::float3 (metal::float3, metal::float3, metal::float3)",708
const device float4[2],708
"uint (uint, uint)",708
"void (texture1d<float, access::sample>, metal::sampler, device float *)",708
"vec<float, 3> &(int)",708
"vec<float, 2> &(int)",708
"vec<float, 4> &(int)",708
"vec<half, 2> &(int)",708
"vec<half, 4> &(int)",708
"vec<half, 3> &(int)",708
Derived,708
threadgroup float4,708
"texture2d<half, access::read>",708
"texture2d_array<half, access::read>",708
"texture2d_array<int, access::read>",708
"texture2d_array<uint, access::read>",708
"texture1d<half, access::read>",708
"texture1d<int, access::read>",708
"texture1d<uint, access::read>",708
"void (texture3d<float, access::sample>, metal::sampler, device float *)",708
"texture3d<half, access::read>",708
"texture3d<int, access::read>",708
"texture3d<uint, access::read>",708
"texturecube<half, access::read>",708
"texturecube<int, access::read>",708
"texturecube<uint, access::read>",708
"T (T, T)",708
"float (float __attribute__((ext_vector_type(4))), float __attribute__((ext_vector_type(4)))) __attribute__((ext_vector_type(4)))",708
"float (bool, float __attribute__((ext_vector_type(4))), float __attribute__((ext_vector_type(4)))) __attribute__((ext_vector_type(4)))",708
threadgroup packed_float3,708
threadgroup AlignedTG,708
VOr &&,700
bool (*)(bool),700
const constant float4 *,698
const device SharedArgs &,696
const threadgroup SharedArgs &,696
device SharedArgs &&,696
threadgroup SharedArgs &&,696
<unknown type> (<unknown type>) noexcept,688
const constant ArgBufArr,688
MeshType,660
"const metal::_texture2d_write<float, metal::access::write, metal::__memory_coherence_threadgroup>",658
"const metal::_texture3d_sample<float, metal::access::sample, metal::__memory_coherence_threadgroup>",658
"const metal::_depth2d_sample<float, metal::access::sample, metal::__memory_coherence_threadgroup>",658
const threadgroup_imageblock SharedArgs &,656
threadgroup_imageblock SharedArgs &&,656
const Vec &,650
const P2 &,650
FO2 &&,650
FO &&,650
FOm &&,650
VOp &&,650
metal::float2x3,646
metal::float3x2,646
metal::float3x4,646
metal::float4x3,646
metal::half2x2,646
metal::half2x4,646
metal::half3x3,646
metal::half4x2,646
metal::half4x4,646
metal::float2x2,646
metal::float2x4,646
metal::float3x3,646
metal::float4x2,646
metal::half2x3,646
metal::half3x2,646
metal::half3x4,646
metal::half4x3,646
void (metal::gradient2d &&) noexcept,636
"int (int, int)",634
Vec &&,626
P2 &&,626
"metal::uint (metal::uint, metal::uint, metal::uint)",624
metal::thread_scope,624
"const metal::_texture2d_sample<float, metal::access::sample, metal::memory_coherence_threadgroup>",624
rt::ray,600
volatile device coherent(device) _atomic<unsigned int> *,600
const device AbiStruct &,592
const threadgroup AbiStruct &,592
const device AddressBox &,592
const threadgroup AddressBox &,592
device AddressBox &&,592
threadgroup AddressBox &&,592
const threadgroup NestedLayout &,592
device NestedLayout &&,592
threadgroup NestedLayout &&,592
const device Derived &,592
const threadgroup Derived &,592
device Derived &&,592
threadgroup Derived &&,592
const device U &,592
const threadgroup U &,592
device U &&,592
threadgroup U &&,592
const device VO &,592
const threadgroup VO &,592
device VO &&,592
threadgroup VO &&,592
const device VOut &,592
const threadgroup VOut &,592
device VOut &&,592
threadgroup VOut &&,592
const device IoVertexOut &,592
const threadgroup IoVertexOut &,592
device IoVertexOut &&,592
threadgroup IoVertexOut &&,592
const device IoFragOutA &,592
const threadgroup IoFragOutA &,592
device IoFragOutA &&,592
threadgroup IoFragOutA &&,592
const device IoFragOutG &,592
const threadgroup IoFragOutG &,592
device IoFragOutG &&,592
threadgroup IoFragOutG &&,592
const device IoFragOutL &,592
const threadgroup IoFragOutL &,592
device IoFragOutL &&,592
threadgroup IoFragOutL &&,592
const device OpBox &,592
const threadgroup OpBox &,592
device OpBox &&,592
threadgroup OpBox &&,592
"const device ArrayBox<float __attribute__((ext_vector_type(4))), 2> &",592
"const threadgroup ArrayBox<float __attribute__((ext_vector_type(4))), 2> &",592
"device ArrayBox<float __attribute__((ext_vector_type(4))), 2> &&",592
"threadgroup ArrayBox<float __attribute__((ext_vector_type(4))), 2> &&",592
void (const threadgroup_imageblock VertexOut &) threadgroup,592
void (const threadgroup_imageblock VertexOut &),592
void (threadgroup_imageblock VertexOut &&) threadgroup,592
void (threadgroup_imageblock VertexOut &&),592
"void (texturecube<float, access::sample>, metal::sampler, device float *)",590
int (*)(),590
Color,590
const P2,590
threadgroup float[64],590
"void (texture1d<half, access::sample>, metal::sampler, device float *)",590
"void (texture1d<int, access::sample>, metal::sampler, device float *)",590
"void (texture1d<uint, access::sample>, metal::sampler, device float *)",590
"void (texture3d<half, access::sample>, metal::sampler, device float *)",590
"void (texture3d<int, access::sample>, metal::sampler, device float *)",590
"void (texture3d<uint, access::sample>, metal::sampler, device float *)",590
threadgroup float[256],590
threadgroup int[256],590
void (device float4 *),590
void (device float3 *),590
void (device half4 *),590
void (device half3 *),590
void (device half2 *),590
void (device float2 *),590
"depthcube<float, access::sample>",590
bool (*)(float),590
int S::*,590
uint[65536],590
threadgroup int[64],590
threadgroup int[512],590
metal::uint4,580
metal::uint4 (*)(metal::uint4),580
const object_data Base &,576
"void (*)(metal::mem_flags, metal::thread_scope)",576
"unsigned int (const volatile device coherent(device) _atomic<unsigned int> *, metal::memory_order)",576
"void (volatile device _atomic<unsigned int> *, unsigned int, metal::memory_order)",564
"void (volatile device _atomic<int> *, int, metal::memory_order)",564
"const metal::_texture2d_sample<half, metal::access::sample, metal::__memory_coherence_threadgroup>",564
"const metal::_texturecube_sample<float, metal::access::sample, metal::__memory_coherence_threadgroup>",564
"void (device uint *, uint, uint)",560
Base &&,560
device Base &&,560
threadgroup Base &&,560
const object_data S &,552
object_data S &&,552
const ray_data SharedArgs &,548
ray_data SharedArgs &&,548
void () noexcept(false),540
VO1 &&,532
V &&,532
const MeshVertexOut &,528
"FixedArray<uint, 4>",528
const TypeHolder33 &,522
const constant TypeHolder33 &,522
const TypeHolder34 &,522
const constant TypeHolder34 &,522
const TypeHolder35 &,522
const constant TypeHolder35 &,522
const TypeHolder36 &,522
const constant TypeHolder36 &,522
const TypeHolder37 &,522
const constant TypeHolder37 &,522
const TypeHolder38 &,522
const constant TypeHolder38 &,522
const TypeHolder39 &,522
const constant TypeHolder39 &,522
const TypeHolder40 &,522
const constant TypeHolder40 &,522
const TypeHolder41 &,522
const constant TypeHolder41 &,522
const TypeHolder42 &,522
const constant TypeHolder42 &,522
const TypeHolder43 &,522
const constant TypeHolder43 &,522
const TypeHolder44 &,522
const constant TypeHolder44 &,522
const TypeHolder45 &,522
const constant TypeHolder45 &,522
const TypeHolder46 &,522
const constant TypeHolder46 &,522
const TypeHolder47 &,522
const constant TypeHolder47 &,522
const TypeHolder48 &,522
const constant TypeHolder48 &,522
const TypeHolder49 &,522
const constant TypeHolder49 &,522
const TypeHolder50 &,522
const constant TypeHolder50 &,522
char[8],516
const constant float4,516
void (const ray_data VertexOut &) threadgroup,516
void (const device VertexOut &) ray_data,516
void (const threadgroup VertexOut &) ray_data,516
void (const constant VertexOut &) ray_data,516
void (const threadgroup_imageblock VertexOut &) ray_data,516
void (const ray_data VertexOut &) ray_data,516
void (const VertexOut &) ray_data,516
void (const ray_data VertexOut &),516
void (ray_data VertexOut &&) threadgroup,516
void (device VertexOut &&) ray_data,516
void (threadgroup VertexOut &&) ray_data,516
void (threadgroup_imageblock VertexOut &&) ray_data,516
void (ray_data VertexOut &&) ray_data,516
void (VertexOut &&) ray_data,516
void (ray_data VertexOut &&),516
metal::lod_clamp,504
void *,496
intersector<>,480
device coherent(device) AbiStruct &&,480
const device coherent(device) RayPayload &,480
device coherent(device) RayPayload &&,480
const device coherent(device) ArgBufArr &,480
device coherent(device) ArgBufArr &&,480
"int (volatile device coherent(device) _atomic<int> *, int, metal::memory_order)",480
const device coherent(device) RayQuery &,480
device coherent(device) RayQuery &&,480
__darwin_ino64_t,472
__darwin_mach_port_name_t,472
unsigned char[16],472
char[37],472
struct __darwin_pthread_handler_rec *,472
struct _opaque_pthread_attr_t,472
struct _opaque_pthread_cond_t,472
struct _opaque_pthread_condattr_t,472
struct _opaque_pthread_mutex_t,472
struct _opaque_pthread_mutexattr_t,472
struct _opaque_pthread_once_t,472
struct _opaque_pthread_rwlock_t,472
struct _opaque_pthread_rwlockattr_t,472
struct _opaque_pthread_t *,472
long double,472
bool2,472
bool3,472
AbiStruct,472
threadgroup AddressBox,472
"void (device float4 *, device uint *, uint)",472
"metal::float4 (*)(metal::float4, metal::float4, metal::bool4)",472
float (*)(metal::float3),472
"float (metal::float4, metal::float4)",472
void (const device NestedLayout &) noexcept,472
float4 *,472
const constant packed_float3 *,472
const constant packed_half2 *,472
const constant packed_half4 *,472
const constant packed_int3 *,472
const constant packed_uint2 *,472
const constant packed_uint4 *,472
const constant packed_short3 *,472
const constant packed_ushort2 *,472
const constant packed_ushort4 *,472
const constant packed_char3 *,472
const constant packed_uchar2 *,472
const constant packed_uchar4 *,472
C,472
Args...,472
device mtl::uint *,472
const Vec,472
decltype(a),472
int (*[2])(int),472
half (*)(half),472
void (texture2d<float>),472
void (VO &&) noexcept,472
"void (device float *, device float *, device float *, uint)",472
void (VOut &&) noexcept,472
const constant Pi &,472
ptrdiff_t,472
"void (texturecube<half, access::sample>, metal::sampler, device float *)",472
"void (texturecube<int, access::sample>, metal::sampler, device float *)",472
"void (texturecube<uint, access::sample>, metal::sampler, device float *)",472
"void (texture2d_array<float, access::read>, device uint *)",472
"void (texture3d<float, access::read>, device uint *)",472
void (device int4 *),472
void (device int3 *),472
void (device uint4 *),472
void (device uint3 *),472
void (device uint2 *),472
void (IoVertexOut &&) noexcept,472
void (IoFragOutA &&) noexcept,472
void (IoFragOutG &&) noexcept,472
void (IoFragOutL &&) noexcept,472
metal::address,472
metal::filter,472
metal::coord,472
metal::mip_filter,472
const uint,472
void (device int2 *),472
const constant packed_float2 *,472
const constant packed_float4 *,472
const constant packed_half3 *,472
const constant packed_int2 *,472
const constant packed_int4 *,472
const constant packed_uint3 *,472
const constant packed_short2 *,472
const constant packed_short4 *,472
const constant packed_ushort3 *,472
const constant packed_char2 *,472
const constant packed_char4 *,472
const constant packed_uchar3 *,472
const constant Ph &,472
const constant Ps &,472
const constant uint *,472
"const metal::_texture2d_sample<int, metal::access::sample, metal::__memory_coherence_threadgroup>",470
"const metal::_texture2d_sample<unsigned int, metal::access::sample, metal::__memory_coherence_threadgroup>",470
"texturecube_array<float, access::sample>",470
void (const object_data VertexOut &) threadgroup,452
void (const object_data VertexOut &) ray_data,452
void (const object_data VertexOut &),452
void (object_data VertexOut &&) threadgroup,452
void (object_data VertexOut &&) ray_data,452
void (object_data VertexOut &&),452
threadgroup_imageblock Base &&,440
LdFnPtr,440
const threadgroup_imageblock AbiStruct &,432
const threadgroup_imageblock AddressBox &,432
threadgroup_imageblock AddressBox &&,432
const threadgroup_imageblock NestedLayout &,432
threadgroup_imageblock NestedLayout &&,432
const threadgroup_imageblock Derived &,432
threadgroup_imageblock Derived &&,432
const threadgroup_imageblock VO &,432
threadgroup_imageblock VO &&,432
const threadgroup_imageblock VOut &,432
threadgroup_imageblock VOut &&,432
const threadgroup_imageblock IoVertexOut &,432
threadgroup_imageblock IoVertexOut &&,432
const threadgroup_imageblock IoFragOutA &,432
threadgroup_imageblock IoFragOutA &&,432
const threadgroup_imageblock IoFragOutG &,432
threadgroup_imageblock IoFragOutG &&,432
const threadgroup_imageblock IoFragOutL &,432
threadgroup_imageblock IoFragOutL &&,432
const threadgroup_imageblock OpBox &,432
threadgroup_imageblock OpBox &&,432
"const threadgroup_imageblock ArrayBox<float __attribute__((ext_vector_type(4))), 2> &",432
"threadgroup_imageblock ArrayBox<float __attribute__((ext_vector_type(4))), 2> &&",432
const threadgroup_imageblock U &,432
threadgroup_imageblock U &&,432
metal::simd_vote,432
"unsigned int (*)(volatile device coherent(device) _atomic<unsigned int> *, unsigned int, metal::memory_order)",432
const constant SharedArgs,430
void (metal::gradient3d &&) noexcept,424
metal::simd_vote (*)(bool),420
bool (),420
const object_data SharedArgs &,420
object_data SharedArgs &&,420
const C &,414
const constant C &,414
C &&,414
const constant Vec &,414
const constant P2 &,414
const Dimensions &,414
const constant Dimensions &,414
Dimensions &&,414
const FO4 &,414
const constant FO4 &,414
const VOr &,414
const constant VOr &,414
const VO4 &,414
const constant VO4 &,414
const VO1 &,414
const constant VO1 &,414
const VOu &,414
const constant VOu &,414
const A8 &,414
const constant A8 &,414
A8 &&,414
const A16 &,414
const constant A16 &,414
A16 &&,414
const A32 &,414
const constant A32 &,414
A32 &&,414
const Al &,414
const constant Al &,414
Al &&,414
const TGData &,414
const constant TGData &,414
TGData &&,414
const Bf &,414
const constant Bf &,414
Bf &&,414
const V &,414
const constant V &,414
const FO2 &,414
const constant FO2 &,414
const FO &,414
const constant FO &,414
const FOm &,414
const constant FOm &,414
const VOc &,414
const constant VOc &,414
const VOp &,414
const constant VOp &,414
const PM &,414
const constant PM &,414
PM &&,414
const AlignedTG &,414
const constant AlignedTG &,414
AlignedTG &&,414
const PackedTG &,414
const constant PackedTG &,414
PackedTG &&,414
metal::topology,396
metal::mesh_grid_properties,396
MeshVertex,396
"texture_buffer<float, access::read>",380
"bool (*)(volatile device _atomic<unsigned int> *, unsigned int *, unsigned int, metal::memory_order, metal::memory_order)",376
"const metal::_texture2d_read<float, metal::access::sample, metal::__memory_coherence_threadgroup>",376
"const metal::_texture3d_sample<half, metal::access::sample, metal::__memory_coherence_threadgroup>",376
"const metal::_texture3d_sample<int, metal::access::sample, metal::__memory_coherence_threadgroup>",376
"const metal::_texture3d_sample<unsigned int, metal::access::sample, metal::__memory_coherence_threadgroup>",376
"const metal::_texture2d_array<float, metal::access::read, metal::__memory_coherence_threadgroup>",376
"const metal::_texture3d<float, metal::access::read, metal::__memory_coherence_threadgroup>",376
ray_data Base &&,368
const ray_data AbiStruct &,360
const ray_data AddressBox &,360
ray_data AddressBox &&,360
ray_data RayPayload &,360
const ray_data NestedLayout &,360
ray_data NestedLayout &&,360
const ray_data Derived &,360
ray_data Derived &&,360
const ray_data U &,360
ray_data U &&,360
const ray_data VO &,360
ray_data VO &&,360
const ray_data VOut &,360
ray_data VOut &&,360
const ray_data IoVertexOut &,360
ray_data IoVertexOut &&,360
const ray_data IoFragOutA &,360
ray_data IoFragOutA &&,360
const ray_data IoFragOutG &,360
ray_data IoFragOutG &&,360
const ray_data IoFragOutL &,360
ray_data IoFragOutL &&,360
const ray_data OpBox &,360
ray_data OpBox &&,360
"rt::intersector<rt::instancing, rt::triangle_data>",360
"const ray_data ArrayBox<float __attribute__((ext_vector_type(4))), 2> &",360
"ray_data ArrayBox<float __attribute__((ext_vector_type(4))), 2> &&",360
"const metal::_texture2d_read<float, metal::access::read, metal::memory_coherence_threadgroup>",360
"metal::float3 (*)(metal::float3, metal::float3, float)",354
"metal::float3 (*)(metal::float3, metal::float3, metal::float3)",354
"void (texture2d<float, access::read>, device float *)",354
"void (texture2d<uint, access::read>, device float *)",354
"void (texture2d_array<float, access::read>, device float *)",354
"void (texture3d<float, access::read>, device float *)",354
"depth2d<float, access::read>",354
"vec<float, 3>",354
"vec<float, 3> &(*)(int)",354
"vec<float, 2>",354
"vec<float, 2> &(*)(int)",354
"vec<float, 4> &(*)(int)",354
"vec<half, 2>",354
"vec<half, 2> &(*)(int)",354
"vec<half, 4> &(*)(int)",354
"vec<half, 3>",354
"vec<half, 3> &(*)(int)",354
"int (int, int, int, int)",354
int[4],354
void (const Vec &) noexcept,354
"Vec (Vec, Vec)",354
"void (device int *, uint)",354
void (const P2 &) noexcept,354
"P2 (P2, P2)",354
uint[10],354
texture3d<float>,354
depth2d<float>,354
const constant Pi,354
"void (int, device int *)",354
"void (texture2d<int, access::read>, device float *)",354
"void (texture1d<float, access::read>, device float *)",354
"void (texturecube<float, access::read>, device float *)",354
"texturecube<float, access::write>",354
"texturecube<int, access::write>",354
"void (texture2d<float, access::read>, device uint *)",354
"void (texture1d<float, access::read>, device uint *)",354
"void (texturecube<float, access::read>, device uint *)",354
threadgroup metal::atomic_uint *,354
metal::nullptr_t,354
"void (texture2d<float, access::write>, device float *)",354
"int (int, int, int)",354
typename metal::enable_if<metal::is_floating_point<T>::value>::type,354
void (int *),354
"typename metal::enable_if<metal::is_integral<int>::value, int>::type (int)",354
"unsigned int (unsigned int, unsigned int)",354
const constant Ph,354
const constant Ps,354
threadgroup packed_half2,354
"void (int, device half *)",354
"texture2d<half, access::write>",354
"texture2d<int, access::write>",354
"texture2d<uint, access::write>",354
"texture2d_array<half, access::write>",354
"texture2d_array<int, access::write>",354
"texture2d_array<uint, access::write>",354
"texture1d<half, access::write>",354
"texture1d<int, access::write>",354
"texture1d<uint, access::write>",354
"texture3d<half, access::write>",354
"texture3d<int, access::write>",354
"texture3d<uint, access::write>",354
"texturecube<half, access::write>",354
"texturecube<uint, access::write>",354
device metal::atomic_float *,352
const constant MeshVertexOut &,352
MeshVertexOut &&,352
"const FixedArray<unsigned int, 4> &",352
"const constant FixedArray<unsigned int, 4> &",352
"FixedArray<unsigned int, 4> &&",352
const device TypeHolder33 &,348
const threadgroup TypeHolder33 &,348
const device TypeHolder34 &,348
const threadgroup TypeHolder34 &,348
const device TypeHolder35 &,348
const threadgroup TypeHolder35 &,348
const device TypeHolder36 &,348
const threadgroup TypeHolder36 &,348
const device TypeHolder37 &,348
const threadgroup TypeHolder37 &,348
const device TypeHolder38 &,348
const threadgroup TypeHolder38 &,348
const device TypeHolder39 &,348
const threadgroup TypeHolder39 &,348
const device TypeHolder40 &,348
const threadgroup TypeHolder40 &,348
const device TypeHolder41 &,348
const threadgroup TypeHolder41 &,348
const device TypeHolder42 &,348
const threadgroup TypeHolder42 &,348
const device TypeHolder43 &,348
const threadgroup TypeHolder43 &,348
const device TypeHolder44 &,348
const threadgroup TypeHolder44 &,348
const device TypeHolder45 &,348
const threadgroup TypeHolder45 &,348
const device TypeHolder46 &,348
const threadgroup TypeHolder46 &,348
const device TypeHolder47 &,348
const threadgroup TypeHolder47 &,348
const device TypeHolder48 &,348
const threadgroup TypeHolder48 &,348
const device TypeHolder49 &,348
const threadgroup TypeHolder49 &,348
const device TypeHolder50 &,348
const threadgroup TypeHolder50 &,348
device ulong *,346
<unknown type> (*)(<unknown type>) noexcept,344
<builtin fn type>,344
<unknown type>,344
const constant float4 *const constant,344
"metal::raytracing::_intersector_impl<metal::raytracing::intersector<metal::raytracing::instancing>, void>::result_type",336
const device coherent(device) Base &,336
T[N],324
"metal::uint (*)(metal::uint, metal::uint, metal::uint)",312
volatile device coherent(device) _atomic<int> *,312
const device coherent(device) S &,312
device coherent(device) S &&,312
char[4],310
"void (metal::float3, metal::float3, float, float)",300
const device C &,296
const threadgroup C &,296
device C &&,296
threadgroup C &&,296
const device Vec &,296
const threadgroup Vec &,296
device Vec &&,296
threadgroup Vec &&,296
const device P2 &,296
const threadgroup P2 &,296
device P2 &&,296
threadgroup P2 &&,296
const device Dimensions &,296
const threadgroup Dimensions &,296
device Dimensions &&,296
threadgroup Dimensions &&,296
const device FO4 &,296
const threadgroup FO4 &,296
device FO4 &&,296
threadgroup FO4 &&,296
const device VOr &,296
const threadgroup VOr &,296
device VOr &&,296
threadgroup VOr &&,296
const device VO4 &,296
const threadgroup VO4 &,296
device VO4 &&,296
threadgroup VO4 &&,296
const device VO1 &,296
const threadgroup VO1 &,296
device VO1 &&,296
threadgroup VO1 &&,296
const device VOu &,296
const threadgroup VOu &,296
device VOu &&,296
threadgroup VOu &&,296
const device A8 &,296
const threadgroup A8 &,296
device A8 &&,296
threadgroup A8 &&,296
const device A16 &,296
const threadgroup A16 &,296
device A16 &&,296
threadgroup A16 &&,296
const device A32 &,296
const threadgroup A32 &,296
device A32 &&,296
threadgroup A32 &&,296
const device Al &,296
const threadgroup Al &,296
device Al &&,296
threadgroup Al &&,296
const device TGData &,296
const threadgroup TGData &,296
device TGData &&,296
threadgroup TGData &&,296
const device Bf &,296
const threadgroup Bf &,296
device Bf &&,296
threadgroup Bf &&,296
const device V &,296
const threadgroup V &,296
device V &&,296
threadgroup V &&,296
const device FO2 &,296
const threadgroup FO2 &,296
device FO2 &&,296
threadgroup FO2 &&,296
const device FO &,296
const threadgroup FO &,296
device FO &&,296
threadgroup FO &&,296
const device FOm &,296
const threadgroup FOm &,296
device FOm &&,296
threadgroup FOm &&,296
const device VOc &,296
const threadgroup VOc &,296
device VOc &&,296
threadgroup VOc &&,296
const device VOp &,296
const threadgroup VOp &,296
device VOp &&,296
threadgroup VOp &&,296
const device PM &,296
const threadgroup PM &,296
device PM &&,296
threadgroup PM &&,296
const device AlignedTG &,296
const threadgroup AlignedTG &,296
device AlignedTG &&,296
threadgroup AlignedTG &&,296
const device PackedTG &,296
const threadgroup PackedTG &,296
device PackedTG &&,296
threadgroup PackedTG &&,296
object_data Base &&,288
"unsigned int (*)(const volatile device coherent(device) _atomic<unsigned int> *, metal::memory_order)",288
const volatile device coherent(device) _atomic<unsigned int> *,288
"void (*)(volatile device _atomic<unsigned int> *, unsigned int, metal::memory_order)",282
"void (*)(volatile device _atomic<int> *, int, metal::memory_order)",282
"const metal::_texture2d_read<unsigned int, metal::access::read, metal::__memory_coherence_threadgroup>",282
"const metal::_texture3d_read<float, metal::access::read, metal::__memory_coherence_threadgroup>",282
"const metal::_texture2d_read<int, metal::access::read, metal::__memory_coherence_threadgroup>",282
"const metal::_texturecube_sample<half, metal::access::sample, metal::__memory_coherence_threadgroup>",282
"const metal::_texturecube_sample<int, metal::access::sample, metal::__memory_coherence_threadgroup>",282
"const metal::_texturecube_sample<unsigned int, metal::access::sample, metal::__memory_coherence_threadgroup>",282
"const metal::_texture2d<float, metal::access::read, metal::__memory_coherence_threadgroup>",282
"const metal::_texturecube<float, metal::access::read, metal::__memory_coherence_threadgroup>",282
char[56],280
void (const device coherent(device) VertexOut &) threadgroup,272
void (const device coherent(device) VertexOut &) ray_data,272
void (const device coherent(device) VertexOut &),272
void (device coherent(device) VertexOut &&) threadgroup,272
void (device coherent(device) VertexOut &&) ray_data,272
void (device coherent(device) VertexOut &&),272
const object_data AbiStruct &,264
const object_data AddressBox &,264
object_data AddressBox &&,264
const object_data NestedLayout &,264
object_data NestedLayout &&,264
const object_data Derived &,264
object_data Derived &&,264
const object_data U &,264
object_data U &&,264
const object_data VO &,264
object_data VO &&,264
const object_data VOut &,264
object_data VOut &&,264
const object_data IoVertexOut &,264
object_data IoVertexOut &&,264
const object_data IoFragOutA &,264
object_data IoFragOutA &&,264
const object_data IoFragOutG &,264
object_data IoFragOutG &&,264
const object_data IoFragOutL &,264
object_data IoFragOutL &&,264
uint (uint) [[visible]],264
const MeshVertexOut,264
const device MeshVertexOut &,264
const threadgroup MeshVertexOut &,264
const threadgroup_imageblock MeshVertexOut &,264
const ray_data MeshVertexOut &,264
const object_data MeshVertexOut &,264
device MeshVertexOut &&,264
threadgroup MeshVertexOut &&,264
threadgroup_imageblock MeshVertexOut &&,264
ray_data MeshVertexOut &&,264
object_data MeshVertexOut &&,264
"metal::mesh<MeshVertexOut, MeshPrimOut, 64, 128, metal::topology::triangle>",264
"const device FixedArray<unsigned int, 4> &",264
"const threadgroup FixedArray<unsigned int, 4> &",264
"const threadgroup_imageblock FixedArray<unsigned int, 4> &",264
"const ray_data FixedArray<unsigned int, 4> &",264
"const object_data FixedArray<unsigned int, 4> &",264
"device FixedArray<unsigned int, 4> &&",264
"threadgroup FixedArray<unsigned int, 4> &&",264
"threadgroup_imageblock FixedArray<unsigned int, 4> &&",264
"ray_data FixedArray<unsigned int, 4> &&",264
"object_data FixedArray<unsigned int, 4> &&",264
const object_data OpBox &,264
object_data OpBox &&,264
"const object_data ArrayBox<float __attribute__((ext_vector_type(4))), 2> &",264
"object_data ArrayBox<float __attribute__((ext_vector_type(4))), 2> &&",264
PrimOut,264
"void (device float4 *, uint)",260
const constant texture2d<float>,258
void (const constant metal::sampler &) noexcept,258
const constant metal::sampler,258
"const constant metal::texture2d<float, metal::access::sample> &(metal::size_t) const constant",248
ray_data RayPayload,240
ray_data uint,240
intersector<metal::raytracing::instancing>,240
"int (*)(volatile device coherent(device) _atomic<int> *, int, metal::memory_order)",240
const device coherent(device) SharedArgs &,240
device coherent(device) SharedArgs &&,240
void (*)(void *),236
char[40],236
_opaque_pthread_attr_t,236
_opaque_pthread_cond_t,236
_opaque_pthread_condattr_t,236
_opaque_pthread_mutex_t,236
_opaque_pthread_mutexattr_t,236
_opaque_pthread_once_t,236
_opaque_pthread_rwlock_t,236
_opaque_pthread_rwlockattr_t,236
struct _opaque_pthread_t,236
_opaque_pthread_t,236
void (const AbiStruct &),236
void (const device AbiStruct &) threadgroup,236
void (const threadgroup AbiStruct &) threadgroup,236
void (const constant AbiStruct &) threadgroup,236
void (const AbiStruct &) threadgroup,236
void (const constant AbiStruct &) const constant,236
void (const AbiStruct &) const constant,236
void (const device AbiStruct &),236
void (const threadgroup AbiStruct &),236
void (const constant AbiStruct &),236
void (AbiStruct &&),236
void (device AbiStruct &&) threadgroup,236
void (threadgroup AbiStruct &&) threadgroup,236
void (AbiStruct &&) threadgroup,236
void (AbiStruct &&) const constant,236
void (device AbiStruct &&),236
void (threadgroup AbiStruct &&),236
AbiStruct &(AbiStruct &&),236
device AbiStruct &(device AbiStruct &&) device,236
device AbiStruct &(threadgroup AbiStruct &&) device,236
device AbiStruct &(AbiStruct &&) device,236
threadgroup AbiStruct &(device AbiStruct &&) threadgroup,236
threadgroup AbiStruct &(threadgroup AbiStruct &&) threadgroup,236
threadgroup AbiStruct &(AbiStruct &&) threadgroup,236
AbiStruct &(device AbiStruct &&),236
AbiStruct &(threadgroup AbiStruct &&),236
void (const AddressBox &),236
void (const device AddressBox &) threadgroup,236
void (const threadgroup AddressBox &) threadgroup,236
void (const constant AddressBox &) threadgroup,236
void (const AddressBox &) threadgroup,236
void (const constant AddressBox &) const constant,236
void (const AddressBox &) const constant,236
void (const device AddressBox &),236
void (const threadgroup AddressBox &),236
void (const constant AddressBox &),236
void (AddressBox &&),236
void (device AddressBox &&) threadgroup,236
void (threadgroup AddressBox &&) threadgroup,236
void (AddressBox &&) threadgroup,236
void (AddressBox &&) const constant,236
void (device AddressBox &&),236
void (threadgroup AddressBox &&),236
"void (device AddressBox *, const constant AddressBox *, device uint *, threadgroup AddressBox *, uint, uint)",236
int (*)(const constant AddressBox *),236
int (*)(device AddressBox *),236
int (*)(AddressBox *),236
"void (device uint *, const device float *, const constant float *, threadgroup float *, device metal::atomic_uint *, device uint **, texture2d<float, access::sample>, texture2d<float, access::read>, texture2d<float, access::write>, metal::sampler, uint)",236
device uint **,236
const device float,236
"void (device uint *, texture2d<float, access::read>, const constant float *)",236
"void (device metal::atomic_uint *, device metal::atomic_int *, device uint *, uint)",236
metal::half2 (metal::half2),236
metal::half3 (metal::half3),236
metal::half4 (metal::half4),236
metal::float2 (metal::float2),236
"void (device float4 *, device metal::atomic_int *, texture2d<float, access::sample>, metal::sampler, uint, uint2)",236
"void (device float4 *, uint, uint)",236
"float (*)(metal::float4, metal::float4)",236
void (const NestedLayout &),236
void (const device NestedLayout &) threadgroup,236
void (const threadgroup NestedLayout &) threadgroup,236
void (const constant NestedLayout &) threadgroup,236
void (const NestedLayout &) threadgroup,236
void (const constant NestedLayout &) const constant,236
void (const NestedLayout &) const constant,236
const device float3,236
const device packed_float3,236
const device uint,236
void (const threadgroup NestedLayout &),236
void (const constant NestedLayout &),236
void (NestedLayout &&),236
void (device NestedLayout &&) threadgroup,236
void (threadgroup NestedLayout &&) threadgroup,236
void (NestedLayout &&) threadgroup,236
void (NestedLayout &&) const constant,236
void (device NestedLayout &&),236
void (threadgroup NestedLayout &&),236
"void (device NestedLayout *, device uint *, uint)",236
device NestedLayout,236
device float4[2],236
"uint (*)(uint, uint)",236
"void (device uint *, threadgroup uint *, uint, uint)",236
"void (device int *, device float *)",236
"char (char, char)",236
"metal::char2 (metal::char2, metal::char2)",236
"metal::char3 (metal::char3, metal::char3)",236
"metal::char4 (metal::char4, metal::char4)",236
"metal::uchar (metal::uchar, metal::uchar)",236
"metal::uchar2 (metal::uchar2, metal::uchar2)",236
"metal::uchar3 (metal::uchar3, metal::uchar3)",236
"metal::uchar4 (metal::uchar4, metal::uchar4)",236
"short (short, short)",236
"metal::short2 (metal::short2, metal::short2)",236
"metal::short3 (metal::short3, metal::short3)",236
"metal::short4 (metal::short4, metal::short4)",236
"metal::ushort (metal::ushort, metal::ushort)",236
"metal::ushort2 (metal::ushort2, metal::ushort2)",236
"metal::ushort3 (metal::ushort3, metal::ushort3)",236
"metal::ushort4 (metal::ushort4, metal::ushort4)",236
"metal::int2 (metal::int2, metal::int2)",236
"metal::int3 (metal::int3, metal::int3)",236
"metal::int4 (metal::int4, metal::int4)",236
"metal::uint2 (metal::uint2, metal::uint2)",236
"metal::uint3 (metal::uint3, metal::uint3)",236
"metal::uint4 (metal::uint4, metal::uint4)",236
"half (half, half)",236
"metal::half2 (metal::half2, metal::half2)",236
"metal::half3 (metal::half3, metal::half3)",236
"metal::half4 (metal::half4, metal::half4)",236
"metal::float2 (metal::float2, metal::float2)",236
"float (float, int &)",236
"float (float, int)",236
int (float),236
"void (texture1d<float, access::write>, device float *)",236
"float (float, float, bool)",236
"void (device int *, device uint *)",236
const constant packed_float3,236
const constant packed_half2,236
const constant packed_half4,236
packed_int3,236
const constant packed_int3,236
packed_uint4,236
const constant packed_uint4,236
Base &(const Base &),236
device Base &(const device Base &) device,236
device Base &(const threadgroup Base &) device,236
device Base &(const constant Base &) device,236
device Base &(const Base &) device,236
threadgroup Base &(const device Base &) threadgroup,236
threadgroup Base &(const threadgroup Base &) threadgroup,236
threadgroup Base &(const constant Base &) threadgroup,236
threadgroup Base &(const Base &) threadgroup,236
Base &(const device Base &),236
Base &(const threadgroup Base &),236
Base &(const constant Base &),236
void (void *) noexcept,236
void (const Derived &),236
void (const device Derived &) threadgroup,236
void (const threadgroup Derived &) threadgroup,236
void (const constant Derived &) threadgroup,236
void (const Derived &) threadgroup,236
void (const constant Derived &) const constant,236
void (const Derived &) const constant,236
void (const device Derived &),236
void (const threadgroup Derived &),236
void (const constant Derived &),236
void (Derived &&),236
void (device Derived &&) threadgroup,236
void (threadgroup Derived &&) threadgroup,236
void (Derived &&) threadgroup,236
void (Derived &&) const constant,236
void (device Derived &&),236
void (threadgroup Derived &&),236
int (Args...),236
Args,236
device mtl::uint,236
void (const U &),236
void (const device U &) threadgroup,236
void (const threadgroup U &) threadgroup,236
void (const constant U &) threadgroup,236
void (const U &) threadgroup,236
void (const constant U &) const constant,236
void (const U &) const constant,236
void (const device U &),236
void (const threadgroup U &),236
void (const constant U &),236
void (U &&),236
void (device U &&) threadgroup,236
void (threadgroup U &&) threadgroup,236
void (U &&) threadgroup,236
void (U &&) const constant,236
void (device U &&),236
void (threadgroup U &&),236
type-parameter-0-0[N],236
const float,236
const P2 *,236
void (metal::sampler),236
"void (texture2d<float>, device float *)",236
void (const S &),236
void (const device S &) threadgroup,236
void (const threadgroup S &) threadgroup,236
void (const constant S &) threadgroup,236
void (const S &) threadgroup,236
void (const constant S &) const constant,236
void (const S &) const constant,236
void (const device S &),236
void (const threadgroup S &),236
void (const constant S &),236
void (S &&),236
void (device S &&) threadgroup,236
void (threadgroup S &&) threadgroup,236
void (S &&) threadgroup,236
void (S &&) const constant,236
void (device S &&),236
void (threadgroup S &&),236
void (FO4 &&) noexcept,236
void (VOr &&) noexcept,236
void (VO4 &&) noexcept,236
void (const VO &),236
void (const device VO &) threadgroup,236
void (const threadgroup VO &) threadgroup,236
void (const constant VO &) threadgroup,236
void (const VO &) threadgroup,236
void (const constant VO &) const constant,236
void (const VO &) const constant,236
void (const device VO &),236
void (const threadgroup VO &),236
void (const constant VO &),236
void (device VO &&) threadgroup,236
void (threadgroup VO &&) threadgroup,236
void (VO &&) threadgroup,236
void (VO &&) const constant,236
void (device VO &&),236
void (threadgroup VO &&),236
void (VO1 &&) noexcept,236
void (VOu &&) noexcept,236
void (const VOut &),236
void (const device VOut &) threadgroup,236
void (const threadgroup VOut &) threadgroup,236
void (const constant VOut &) threadgroup,236
void (const VOut &) threadgroup,236
void (const constant VOut &) const constant,236
void (const VOut &) const constant,236
void (const device VOut &),236
void (const threadgroup VOut &),236
void (const constant VOut &),236
void (device VOut &&) threadgroup,236
void (threadgroup VOut &&) threadgroup,236
void (VOut &&) threadgroup,236
void (VOut &&) const constant,236
void (device VOut &&),236
void (threadgroup VOut &&),236
threadgroup A8,236
threadgroup A16,236
threadgroup A32,236
packed_int2,236
const constant packed_int2,236
"void (device float *, device float *)",236
threadgroup int[4],236
"void (texture2d<half, access::read>, device float *)",236
"void (texture2d_array<half, access::read>, device float *)",236
"void (texture2d_array<int, access::read>, device float *)",236
"void (texture2d_array<uint, access::read>, device float *)",236
"void (texture1d<half, access::read>, device float *)",236
"void (texture1d<int, access::read>, device float *)",236
"void (texture1d<uint, access::read>, device float *)",236
"void (texture3d<half, access::read>, device float *)",236
"void (texture3d<int, access::read>, device float *)",236
"void (texture3d<uint, access::read>, device float *)",236
"void (texturecube<half, access::read>, device float *)",236
"void (texturecube<int, access::read>, device float *)",236
"void (texturecube<uint, access::read>, device float *)",236
"void (volatile threadgroup _atomic<unsigned int> *, unsigned int, metal::memory_order)",236
volatile threadgroup _atomic<unsigned int> *,236
"unsigned int (volatile threadgroup _atomic<unsigned int> *, unsigned int, metal::memory_order)",236
"unsigned int (const volatile threadgroup _atomic<unsigned int> *, metal::memory_order)",236
void (const IoVertexOut &),236
void (const device IoVertexOut &) threadgroup,236
void (const threadgroup IoVertexOut &) threadgroup,236
void (const constant IoVertexOut &) threadgroup,236
void (const IoVertexOut &) threadgroup,236
void (const constant IoVertexOut &) const constant,236
void (const IoVertexOut &) const constant,236
void (const device IoVertexOut &),236
void (const threadgroup IoVertexOut &),236
void (const constant IoVertexOut &),236
void (device IoVertexOut &&) threadgroup,236
void (threadgroup IoVertexOut &&) threadgroup,236
void (IoVertexOut &&) threadgroup,236
void (IoVertexOut &&) const constant,236
void (device IoVertexOut &&),236
void (threadgroup IoVertexOut &&),236
"IoVertexOut (VertexIn, const constant Uniforms &)",236
void (const IoFragOutA &),236
void (const device IoFragOutA &) threadgroup,236
void (const threadgroup IoFragOutA &) threadgroup,236
void (const constant IoFragOutA &) threadgroup,236
void (const IoFragOutA &) threadgroup,236
void (const constant IoFragOutA &) const constant,236
void (const IoFragOutA &) const constant,236
void (const device IoFragOutA &),236
void (const threadgroup IoFragOutA &),236
void (const constant IoFragOutA &),236
void (device IoFragOutA &&) threadgroup,236
void (threadgroup IoFragOutA &&) threadgroup,236
void (IoFragOutA &&) threadgroup,236
void (IoFragOutA &&) const constant,236
void (device IoFragOutA &&),236
void (threadgroup IoFragOutA &&),236
IoFragOutA (IoVertexOut),236
void (const IoFragOutG &),236
void (const device IoFragOutG &) threadgroup,236
void (const threadgroup IoFragOutG &) threadgroup,236
void (const constant IoFragOutG &) threadgroup,236
void (const IoFragOutG &) threadgroup,236
void (const constant IoFragOutG &) const constant,236
void (const IoFragOutG &) const constant,236
void (const device IoFragOutG &),236
void (const threadgroup IoFragOutG &),236
void (const constant IoFragOutG &),236
void (device IoFragOutG &&) threadgroup,236
void (threadgroup IoFragOutG &&) threadgroup,236
void (IoFragOutG &&) threadgroup,236
void (IoFragOutG &&) const constant,236
void (device IoFragOutG &&),236
void (threadgroup IoFragOutG &&),236
IoFragOutG (IoVertexOut),236
void (const IoFragOutL &),236
void (const device IoFragOutL &) threadgroup,236
void (const threadgroup IoFragOutL &) threadgroup,236
void (const constant IoFragOutL &) threadgroup,236
void (const IoFragOutL &) threadgroup,236
void (const constant IoFragOutL &) const constant,236
void (const IoFragOutL &) const constant,236
void (const device IoFragOutL &),236
void (const threadgroup IoFragOutL &),236
void (const constant IoFragOutL &),236
void (device IoFragOutL &&) threadgroup,236
void (threadgroup IoFragOutL &&) threadgroup,236
void (IoFragOutL &&) threadgroup,236
void (IoFragOutL &&) const constant,236
void (device IoFragOutL &&),236
void (threadgroup IoFragOutL &&),236
IoFragOutL (IoVertexOut),236
"void (device uint *, metal::sampler)",236
void (const OpBox &),236
void (const device OpBox &) threadgroup,236
void (const threadgroup OpBox &) threadgroup,236
void (const constant OpBox &) threadgroup,236
void (const OpBox &) threadgroup,236
void (const constant OpBox &) const constant,236
void (const OpBox &) const constant,236
void (const device OpBox &),236
void (const threadgroup OpBox &),236
void (const constant OpBox &),236
void (OpBox &&),236
void (device OpBox &&) threadgroup,236
void (threadgroup OpBox &&) threadgroup,236
void (OpBox &&) threadgroup,236
void (OpBox &&) const constant,236
void (device OpBox &&),236
void (threadgroup OpBox &&),236
"float4 (texture2d<float, access::sample>)",236
"void (const ArrayBox<float __attribute__((ext_vector_type(4))), 2> &)",236
"void (const device ArrayBox<float __attribute__((ext_vector_type(4))), 2> &) threadgroup",236
"void (const threadgroup ArrayBox<float __attribute__((ext_vector_type(4))), 2> &) threadgroup",236
"void (const constant ArrayBox<float __attribute__((ext_vector_type(4))), 2> &) threadgroup",236
"void (const ArrayBox<float __attribute__((ext_vector_type(4))), 2> &) threadgroup",236
"void (const constant ArrayBox<float __attribute__((ext_vector_type(4))), 2> &) const constant",236
"void (const ArrayBox<float __attribute__((ext_vector_type(4))), 2> &) const constant",236
"void (const device ArrayBox<float __attribute__((ext_vector_type(4))), 2> &)",236
"void (const threadgroup ArrayBox<float __attribute__((ext_vector_type(4))), 2> &)",236
"void (const constant ArrayBox<float __attribute__((ext_vector_type(4))), 2> &)",236
"void (ArrayBox<float __attribute__((ext_vector_type(4))), 2> &&)",236
"void (device ArrayBox<float __attribute__((ext_vector_type(4))), 2> &&) threadgroup",236
"void (threadgroup ArrayBox<float __attribute__((ext_vector_type(4))), 2> &&) threadgroup",236
"void (ArrayBox<float __attribute__((ext_vector_type(4))), 2> &&) threadgroup",236
"void (ArrayBox<float __attribute__((ext_vector_type(4))), 2> &&) const constant",236
"void (device ArrayBox<float __attribute__((ext_vector_type(4))), 2> &&)",236
"void (threadgroup ArrayBox<float __attribute__((ext_vector_type(4))), 2> &&)",236
"T (bool, T, T)",236
"float (*)(float __attribute__((ext_vector_type(4))), float __attribute__((ext_vector_type(4)))) __attribute__((ext_vector_type(4)))",236
"float (*)(bool, float __attribute__((ext_vector_type(4))), float __attribute__((ext_vector_type(4)))) __attribute__((ext_vector_type(4)))",236
"float4 (depth2d<float, access::sample>, texturecube<float, access::sample>, texture2d_ms<float, access::read>, metal::sampler)",236
"float4 (texture2d<float, access::sample>, depth2d<float, access::sample>, texture2d<float, access::read>, metal::sampler)",236
"void (texture2d<float, access::read>, device float4 *, uint)",236
"void (texture2d<float, access::sample>, metal::sampler, device float4 *, uint)",236
"void (texture2d<float, access::write>, uint)",236
"texture1d_array<float, access::sample>",236
"depth2d_array<float, access::sample>",236
"void (texture2d_array<float, access::write>, device float *)",236
"void (texture3d<float, access::write>, device float *)",236
const constant packed_float2,236
const constant packed_float4,236
const constant packed_half3,236
device void *,236
void (V &&) noexcept,236
void (FO2 &&) noexcept,236
void (FO &&) noexcept,236
void (FOm &&) noexcept,236
void (VOc &&) noexcept,236
void (VOp &&) noexcept,236
"void (device float *, const constant SharedArgs &, uint)",236
threadgroup float4 *,236
threadgroup float4[16],236
const constant uint &,236
threadgroup packed_float3 *,236
threadgroup packed_float3[32],236
threadgroup packed_half4,236
uint16_t,228
"texture_buffer<float, access::write>",228
texture_buffer<float>,228
device uint16_t *,226
void (Vec &&) noexcept,224
int (int) [[visible]],220
const float4,220
const MeshVertex &,220
const threadgroup_imageblock Bf &,216
threadgroup_imageblock Bf &&,216
const threadgroup_imageblock V &,216
threadgroup_imageblock V &&,216
const threadgroup_imageblock FO2 &,216
threadgroup_imageblock FO2 &&,216
const threadgroup_imageblock FO &,216
threadgroup_imageblock FO &&,216
const threadgroup_imageblock FOm &,216
threadgroup_imageblock FOm &&,216
const threadgroup_imageblock VOc &,216
threadgroup_imageblock VOc &&,216
const threadgroup_imageblock VOp &,216
threadgroup_imageblock VOp &&,216
const threadgroup_imageblock PM &,216
threadgroup_imageblock PM &&,216
const threadgroup_imageblock AlignedTG &,216
threadgroup_imageblock AlignedTG &&,216
const threadgroup_imageblock PackedTG &,216
threadgroup_imageblock PackedTG &&,216
const threadgroup_imageblock C &,216
threadgroup_imageblock C &&,216
const threadgroup_imageblock Vec &,216
threadgroup_imageblock Vec &&,216
const threadgroup_imageblock P2 &,216
threadgroup_imageblock P2 &&,216
const threadgroup_imageblock Dimensions &,216
threadgroup_imageblock Dimensions &&,216
const threadgroup_imageblock FO4 &,216
threadgroup_imageblock FO4 &&,216
const threadgroup_imageblock VOr &,216
threadgroup_imageblock VOr &&,216
const threadgroup_imageblock VO4 &,216
threadgroup_imageblock VO4 &&,216
const threadgroup_imageblock VO1 &,216
threadgroup_imageblock VO1 &&,216
const threadgroup_imageblock VOu &,216
threadgroup_imageblock VOu &&,216
const threadgroup_imageblock A8 &,216
threadgroup_imageblock A8 &&,216
const threadgroup_imageblock A16 &,216
threadgroup_imageblock A16 &&,216
const threadgroup_imageblock A32 &,216
threadgroup_imageblock A32 &&,216
const threadgroup_imageblock Al &,216
threadgroup_imageblock Al &&,216
const threadgroup_imageblock TGData &,216
threadgroup_imageblock TGData &&,216
"const metal::_texture2d_gather<float, metal::access::sample, metal::memory_coherence_threadgroup>",216
void (P2 &&) noexcept,212
"const metal::_texture2d_ms_read<float, metal::access::read, metal::__memory_coherence_threadgroup>",210
bool (*)(),210
const constant Args &,204
const constant half,204
device unsigned int,204
"bool (volatile device coherent(device) _atomic<unsigned int> *, unsigned int *, unsigned int, metal::memory_order, metal::memory_order)",192
"const metal::_texture2d<float, metal::access::sample, metal::memory_coherence_threadgroup>",192
"const metal::_texture1d_sample<float, metal::access::sample, metal::__memory_coherence_threadgroup>",190
"const metal::_texture1d_sample<half, metal::access::sample, metal::__memory_coherence_threadgroup>",190
"const metal::_texture1d_sample<int, metal::access::sample, metal::__memory_coherence_threadgroup>",190
"const metal::_texture1d_sample<unsigned int, metal::access::sample, metal::__memory_coherence_threadgroup>",190
"int (const volatile device _atomic<int> *, metal::memory_order)",188
"const metal::_texture2d_gather<half, metal::access::sample, metal::__memory_coherence_threadgroup>",188
"const metal::_texture2d_read<half, metal::access::read, metal::__memory_coherence_threadgroup>",188
"const metal::_texture2d_gather<int, metal::access::sample, metal::__memory_coherence_threadgroup>",188
"const metal::_texture2d_gather<unsigned int, metal::access::sample, metal::__memory_coherence_threadgroup>",188
"const metal::_texture1d_read<float, metal::access::read, metal::__memory_coherence_threadgroup>",188
"const metal::_texture1d_read<half, metal::access::read, metal::__memory_coherence_threadgroup>",188
"const metal::_texture1d_read<int, metal::access::read, metal::__memory_coherence_threadgroup>",188
"const metal::_texture1d_read<unsigned int, metal::access::read, metal::__memory_coherence_threadgroup>",188
"const metal::_texture3d_read<half, metal::access::read, metal::__memory_coherence_threadgroup>",188
"const metal::_texture3d_read<int, metal::access::read, metal::__memory_coherence_threadgroup>",188
"const metal::_texture3d_read<unsigned int, metal::access::read, metal::__memory_coherence_threadgroup>",188
"const metal::_texture3d_write<float, metal::access::write, metal::__memory_coherence_threadgroup>",188
"const metal::_texture1d<float, metal::access::read, metal::__memory_coherence_threadgroup>",188
"depthcube_array<float, access::sample>",188
"const constant metal::_texture2d_sample<float, metal::access::sample, metal::__memory_coherence_threadgroup>",186
void (...),184
"metal::array<texture2d<float>, 2>",184
"void (metal::address, metal::filter, metal::coord, metal::mip_filter, metal::lod_clamp)",184
"void (float, float)",184
"texture1d<float, access::read_write>",180
"texture2d<float, access::read_write>",180
"texture2d_array<float, access::read_write>",180
"texture3d<float, access::read_write>",180
"void (metal::raytracing::instance_acceleration_structure, device float *, uint)",180
const ray_data C &,180
ray_data C &&,180
const ray_data Vec &,180
ray_data Vec &&,180
const ray_data P2 &,180
ray_data P2 &&,180
const ray_data Dimensions &,180
ray_data Dimensions &&,180
const ray_data FO4 &,180
ray_data FO4 &&,180
const ray_data VOr &,180
ray_data VOr &&,180
const ray_data VO4 &,180
ray_data VO4 &&,180
const ray_data VO1 &,180
ray_data VO1 &&,180
const ray_data VOu &,180
ray_data VOu &&,180
const ray_data A8 &,180
ray_data A8 &&,180
const ray_data A16 &,180
ray_data A16 &&,180
const ray_data A32 &,180
ray_data A32 &&,180
const ray_data Al &,180
ray_data Al &&,180
const ray_data TGData &,180
ray_data TGData &&,180
const ray_data Bf &,180
ray_data Bf &&,180
const ray_data V &,180
ray_data V &&,180
const ray_data FO2 &,180
ray_data FO2 &&,180
const ray_data FO &,180
ray_data FO &&,180
const ray_data FOm &,180
ray_data FOm &&,180
const ray_data VOc &,180
ray_data VOc &&,180
const ray_data VOp &,180
ray_data VOp &&,180
const ray_data PM &,180
ray_data PM &&,180
const ray_data AlignedTG &,180
ray_data AlignedTG &&,180
const ray_data PackedTG &,180
ray_data PackedTG &&,180
void (const MeshVertexOut &) noexcept,176
MeshPrimOut,176
uint () const,176
"const FixedArray<unsigned int, 4>",176
const PrimOut &,176
const constant PrimOut &,176
PrimOut &&,176
const constant MeshVertex &,176
MeshVertex &&,176
void (const TypeHolder33 &),174
void (const device TypeHolder33 &) threadgroup,174
void (const threadgroup TypeHolder33 &) threadgroup,174
void (const constant TypeHolder33 &) threadgroup,174
void (const TypeHolder33 &) threadgroup,174
void (const constant TypeHolder33 &) const constant,174
void (const TypeHolder33 &) const constant,174
void (const device TypeHolder33 &),174
void (const threadgroup TypeHolder33 &),174
void (const constant TypeHolder33 &),174
void (TypeHolder33 &&),174
void (device TypeHolder33 &&) threadgroup,174
void (threadgroup TypeHolder33 &&) threadgroup,174
void (TypeHolder33 &&) threadgroup,174
void (TypeHolder33 &&) const constant,174
void (device TypeHolder33 &&),174
void (threadgroup TypeHolder33 &&),174
TypeHolder33 &(TypeHolder33 &&),174
device TypeHolder33 &(device TypeHolder33 &&) device,174
device TypeHolder33 &(threadgroup TypeHolder33 &&) device,174
device TypeHolder33 &(TypeHolder33 &&) device,174
threadgroup TypeHolder33 &(device TypeHolder33 &&) threadgroup,174
threadgroup TypeHolder33 &(threadgroup TypeHolder33 &&) threadgroup,174
threadgroup TypeHolder33 &(TypeHolder33 &&) threadgroup,174
TypeHolder33 &(device TypeHolder33 &&),174
TypeHolder33 &(threadgroup TypeHolder33 &&),174
void (const TypeHolder34 &),174
void (const device TypeHolder34 &) threadgroup,174
void (const threadgroup TypeHolder34 &) threadgroup,174
void (const constant TypeHolder34 &) threadgroup,174
void (const TypeHolder34 &) threadgroup,174
void (const constant TypeHolder34 &) const constant,174
void (const TypeHolder34 &) const constant,174
void (const device TypeHolder34 &),174
void (const threadgroup TypeHolder34 &),174
void (const constant TypeHolder34 &),174
void (TypeHolder34 &&),174
void (device TypeHolder34 &&) threadgroup,174
void (threadgroup TypeHolder34 &&) threadgroup,174
void (TypeHolder34 &&) threadgroup,174
void (TypeHolder34 &&) const constant,174
void (device TypeHolder34 &&),174
void (threadgroup TypeHolder34 &&),174
TypeHolder34 &(TypeHolder34 &&),174
device TypeHolder34 &(device TypeHolder34 &&) device,174
device TypeHolder34 &(threadgroup TypeHolder34 &&) device,174
device TypeHolder34 &(TypeHolder34 &&) device,174
threadgroup TypeHolder34 &(device TypeHolder34 &&) threadgroup,174
threadgroup TypeHolder34 &(threadgroup TypeHolder34 &&) threadgroup,174
threadgroup TypeHolder34 &(TypeHolder34 &&) threadgroup,174
TypeHolder34 &(device TypeHolder34 &&),174
TypeHolder34 &(threadgroup TypeHolder34 &&),174
void (const TypeHolder35 &),174
void (const device TypeHolder35 &) threadgroup,174
void (const threadgroup TypeHolder35 &) threadgroup,174
void (const constant TypeHolder35 &) threadgroup,174
void (const TypeHolder35 &) threadgroup,174
void (const constant TypeHolder35 &) const constant,174
void (const TypeHolder35 &) const constant,174
void (const device TypeHolder35 &),174
void (const threadgroup TypeHolder35 &),174
void (const constant TypeHolder35 &),174
void (TypeHolder35 &&),174
void (device TypeHolder35 &&) threadgroup,174
void (threadgroup TypeHolder35 &&) threadgroup,174
void (TypeHolder35 &&) threadgroup,174
void (TypeHolder35 &&) const constant,174
void (device TypeHolder35 &&),174
void (threadgroup TypeHolder35 &&),174
TypeHolder35 &(TypeHolder35 &&),174
device TypeHolder35 &(device TypeHolder35 &&) device,174
device TypeHolder35 &(threadgroup TypeHolder35 &&) device,174
device TypeHolder35 &(TypeHolder35 &&) device,174
threadgroup TypeHolder35 &(device TypeHolder35 &&) threadgroup,174
threadgroup TypeHolder35 &(threadgroup TypeHolder35 &&) threadgroup,174
threadgroup TypeHolder35 &(TypeHolder35 &&) threadgroup,174
TypeHolder35 &(device TypeHolder35 &&),174
TypeHolder35 &(threadgroup TypeHolder35 &&),174
void (const TypeHolder36 &),174
void (const device TypeHolder36 &) threadgroup,174
void (const threadgroup TypeHolder36 &) threadgroup,174
void (const constant TypeHolder36 &) threadgroup,174
void (const TypeHolder36 &) threadgroup,174
void (const constant TypeHolder36 &) const constant,174
void (const TypeHolder36 &) const constant,174
void (const device TypeHolder36 &),174
void (const threadgroup TypeHolder36 &),174
void (const constant TypeHolder36 &),174
void (TypeHolder36 &&),174
void (device TypeHolder36 &&) threadgroup,174
void (threadgroup TypeHolder36 &&) threadgroup,174
void (TypeHolder36 &&) threadgroup,174
void (TypeHolder36 &&) const constant,174
void (device TypeHolder36 &&),174
void (threadgroup TypeHolder36 &&),174
TypeHolder36 &(TypeHolder36 &&),174
device TypeHolder36 &(device TypeHolder36 &&) device,174
device TypeHolder36 &(threadgroup TypeHolder36 &&) device,174
device TypeHolder36 &(TypeHolder36 &&) device,174
threadgroup TypeHolder36 &(device TypeHolder36 &&) threadgroup,174
threadgroup TypeHolder36 &(threadgroup TypeHolder36 &&) threadgroup,174
threadgroup TypeHolder36 &(TypeHolder36 &&) threadgroup,174
TypeHolder36 &(device TypeHolder36 &&),174
TypeHolder36 &(threadgroup TypeHolder36 &&),174
void (const TypeHolder37 &),174
void (const device TypeHolder37 &) threadgroup,174
void (const threadgroup TypeHolder37 &) threadgroup,174
void (const constant TypeHolder37 &) threadgroup,174
void (const TypeHolder37 &) threadgroup,174
void (const constant TypeHolder37 &) const constant,174
void (const TypeHolder37 &) const constant,174
void (const device TypeHolder37 &),174
void (const threadgroup TypeHolder37 &),174
void (const constant TypeHolder37 &),174
void (TypeHolder37 &&),174
void (device TypeHolder37 &&) threadgroup,174
void (threadgroup TypeHolder37 &&) threadgroup,174
void (TypeHolder37 &&) threadgroup,174
void (TypeHolder37 &&) const constant,174
void (device TypeHolder37 &&),174
void (threadgroup TypeHolder37 &&),174
TypeHolder37 &(TypeHolder37 &&),174
device TypeHolder37 &(device TypeHolder37 &&) device,174
device TypeHolder37 &(threadgroup TypeHolder37 &&) device,174
device TypeHolder37 &(TypeHolder37 &&) device,174
threadgroup TypeHolder37 &(device TypeHolder37 &&) threadgroup,174
threadgroup TypeHolder37 &(threadgroup TypeHolder37 &&) threadgroup,174
threadgroup TypeHolder37 &(TypeHolder37 &&) threadgroup,174
TypeHolder37 &(device TypeHolder37 &&),174
TypeHolder37 &(threadgroup TypeHolder37 &&),174
void (const TypeHolder38 &),174
void (const device TypeHolder38 &) threadgroup,174
void (const threadgroup TypeHolder38 &) threadgroup,174
void (const constant TypeHolder38 &) threadgroup,174
void (const TypeHolder38 &) threadgroup,174
void (const constant TypeHolder38 &) const constant,174
void (const TypeHolder38 &) const constant,174
void (const device TypeHolder38 &),174
void (const threadgroup TypeHolder38 &),174
void (const constant TypeHolder38 &),174
void (TypeHolder38 &&),174
void (device TypeHolder38 &&) threadgroup,174
void (threadgroup TypeHolder38 &&) threadgroup,174
void (TypeHolder38 &&) threadgroup,174
void (TypeHolder38 &&) const constant,174
void (device TypeHolder38 &&),174
void (threadgroup TypeHolder38 &&),174
TypeHolder38 &(TypeHolder38 &&),174
device TypeHolder38 &(device TypeHolder38 &&) device,174
device TypeHolder38 &(threadgroup TypeHolder38 &&) device,174
device TypeHolder38 &(TypeHolder38 &&) device,174
threadgroup TypeHolder38 &(device TypeHolder38 &&) threadgroup,174
threadgroup TypeHolder38 &(threadgroup TypeHolder38 &&) threadgroup,174
threadgroup TypeHolder38 &(TypeHolder38 &&) threadgroup,174
TypeHolder38 &(device TypeHolder38 &&),174
TypeHolder38 &(threadgroup TypeHolder38 &&),174
void (const TypeHolder39 &),174
void (const device TypeHolder39 &) threadgroup,174
void (const threadgroup TypeHolder39 &) threadgroup,174
void (const constant TypeHolder39 &) threadgroup,174
void (const TypeHolder39 &) threadgroup,174
void (const constant TypeHolder39 &) const constant,174
void (const TypeHolder39 &) const constant,174
void (const device TypeHolder39 &),174
void (const threadgroup TypeHolder39 &),174
void (const constant TypeHolder39 &),174
void (TypeHolder39 &&),174
void (device TypeHolder39 &&) threadgroup,174
void (threadgroup TypeHolder39 &&) threadgroup,174
void (TypeHolder39 &&) threadgroup,174
void (TypeHolder39 &&) const constant,174
void (device TypeHolder39 &&),174
void (threadgroup TypeHolder39 &&),174
TypeHolder39 &(TypeHolder39 &&),174
device TypeHolder39 &(device TypeHolder39 &&) device,174
device TypeHolder39 &(threadgroup TypeHolder39 &&) device,174
device TypeHolder39 &(TypeHolder39 &&) device,174
threadgroup TypeHolder39 &(device TypeHolder39 &&) threadgroup,174
threadgroup TypeHolder39 &(threadgroup TypeHolder39 &&) threadgroup,174
threadgroup TypeHolder39 &(TypeHolder39 &&) threadgroup,174
TypeHolder39 &(device TypeHolder39 &&),174
TypeHolder39 &(threadgroup TypeHolder39 &&),174
void (const TypeHolder40 &),174
void (const device TypeHolder40 &) threadgroup,174
void (const threadgroup TypeHolder40 &) threadgroup,174
void (const constant TypeHolder40 &) threadgroup,174
void (const TypeHolder40 &) threadgroup,174
void (const constant TypeHolder40 &) const constant,174
void (const TypeHolder40 &) const constant,174
void (const device TypeHolder40 &),174
void (const threadgroup TypeHolder40 &),174
void (const constant TypeHolder40 &),174
void (TypeHolder40 &&),174
void (device TypeHolder40 &&) threadgroup,174
void (threadgroup TypeHolder40 &&) threadgroup,174
void (TypeHolder40 &&) threadgroup,174
void (TypeHolder40 &&) const constant,174
void (device TypeHolder40 &&),174
void (threadgroup TypeHolder40 &&),174
TypeHolder40 &(TypeHolder40 &&),174
device TypeHolder40 &(device TypeHolder40 &&) device,174
device TypeHolder40 &(threadgroup TypeHolder40 &&) device,174
device TypeHolder40 &(TypeHolder40 &&) device,174
threadgroup TypeHolder40 &(device TypeHolder40 &&) threadgroup,174
threadgroup TypeHolder40 &(threadgroup TypeHolder40 &&) threadgroup,174
threadgroup TypeHolder40 &(TypeHolder40 &&) threadgroup,174
TypeHolder40 &(device TypeHolder40 &&),174
TypeHolder40 &(threadgroup TypeHolder40 &&),174
void (const TypeHolder41 &),174
void (const device TypeHolder41 &) threadgroup,174
void (const threadgroup TypeHolder41 &) threadgroup,174
void (const constant TypeHolder41 &) threadgroup,174
void (const TypeHolder41 &) threadgroup,174
void (const constant TypeHolder41 &) const constant,174
void (const TypeHolder41 &) const constant,174
void (const device TypeHolder41 &),174
void (const threadgroup TypeHolder41 &),174
void (const constant TypeHolder41 &),174
void (TypeHolder41 &&),174
void (device TypeHolder41 &&) threadgroup,174
void (threadgroup TypeHolder41 &&) threadgroup,174
void (TypeHolder41 &&) threadgroup,174
void (TypeHolder41 &&) const constant,174
void (device TypeHolder41 &&),174
void (threadgroup TypeHolder41 &&),174
TypeHolder41 &(TypeHolder41 &&),174
device TypeHolder41 &(device TypeHolder41 &&) device,174
device TypeHolder41 &(threadgroup TypeHolder41 &&) device,174
device TypeHolder41 &(TypeHolder41 &&) device,174
threadgroup TypeHolder41 &(device TypeHolder41 &&) threadgroup,174
threadgroup TypeHolder41 &(threadgroup TypeHolder41 &&) threadgroup,174
threadgroup TypeHolder41 &(TypeHolder41 &&) threadgroup,174
TypeHolder41 &(device TypeHolder41 &&),174
TypeHolder41 &(threadgroup TypeHolder41 &&),174
void (const TypeHolder42 &),174
void (const device TypeHolder42 &) threadgroup,174
void (const threadgroup TypeHolder42 &) threadgroup,174
void (const constant TypeHolder42 &) threadgroup,174
void (const TypeHolder42 &) threadgroup,174
void (const constant TypeHolder42 &) const constant,174
void (const TypeHolder42 &) const constant,174
void (const device TypeHolder42 &),174
void (const threadgroup TypeHolder42 &),174
void (const constant TypeHolder42 &),174
void (TypeHolder42 &&),174
void (device TypeHolder42 &&) threadgroup,174
void (threadgroup TypeHolder42 &&) threadgroup,174
void (TypeHolder42 &&) threadgroup,174
void (TypeHolder42 &&) const constant,174
void (device TypeHolder42 &&),174
void (threadgroup TypeHolder42 &&),174
TypeHolder42 &(TypeHolder42 &&),174
device TypeHolder42 &(device TypeHolder42 &&) device,174
device TypeHolder42 &(threadgroup TypeHolder42 &&) device,174
device TypeHolder42 &(TypeHolder42 &&) device,174
threadgroup TypeHolder42 &(device TypeHolder42 &&) threadgroup,174
threadgroup TypeHolder42 &(threadgroup TypeHolder42 &&) threadgroup,174
threadgroup TypeHolder42 &(TypeHolder42 &&) threadgroup,174
TypeHolder42 &(device TypeHolder42 &&),174
TypeHolder42 &(threadgroup TypeHolder42 &&),174
void (const TypeHolder43 &),174
void (const device TypeHolder43 &) threadgroup,174
void (const threadgroup TypeHolder43 &) threadgroup,174
void (const constant TypeHolder43 &) threadgroup,174
void (const TypeHolder43 &) threadgroup,174
void (const constant TypeHolder43 &) const constant,174
void (const TypeHolder43 &) const constant,174
void (const device TypeHolder43 &),174
void (const threadgroup TypeHolder43 &),174
void (const constant TypeHolder43 &),174
void (TypeHolder43 &&),174
void (device TypeHolder43 &&) threadgroup,174
void (threadgroup TypeHolder43 &&) threadgroup,174
void (TypeHolder43 &&) threadgroup,174
void (TypeHolder43 &&) const constant,174
void (device TypeHolder43 &&),174
void (threadgroup TypeHolder43 &&),174
TypeHolder43 &(TypeHolder43 &&),174
device TypeHolder43 &(device TypeHolder43 &&) device,174
device TypeHolder43 &(threadgroup TypeHolder43 &&) device,174
device TypeHolder43 &(TypeHolder43 &&) device,174
threadgroup TypeHolder43 &(device TypeHolder43 &&) threadgroup,174
threadgroup TypeHolder43 &(threadgroup TypeHolder43 &&) threadgroup,174
threadgroup TypeHolder43 &(TypeHolder43 &&) threadgroup,174
TypeHolder43 &(device TypeHolder43 &&),174
TypeHolder43 &(threadgroup TypeHolder43 &&),174
void (const TypeHolder44 &),174
void (const device TypeHolder44 &) threadgroup,174
void (const threadgroup TypeHolder44 &) threadgroup,174
void (const constant TypeHolder44 &) threadgroup,174
void (const TypeHolder44 &) threadgroup,174
void (const constant TypeHolder44 &) const constant,174
void (const TypeHolder44 &) const constant,174
void (const device TypeHolder44 &),174
void (const threadgroup TypeHolder44 &),174
void (const constant TypeHolder44 &),174
void (TypeHolder44 &&),174
void (device TypeHolder44 &&) threadgroup,174
void (threadgroup TypeHolder44 &&) threadgroup,174
void (TypeHolder44 &&) threadgroup,174
void (TypeHolder44 &&) const constant,174
void (device TypeHolder44 &&),174
void (threadgroup TypeHolder44 &&),174
TypeHolder44 &(TypeHolder44 &&),174
device TypeHolder44 &(device TypeHolder44 &&) device,174
device TypeHolder44 &(threadgroup TypeHolder44 &&) device,174
device TypeHolder44 &(TypeHolder44 &&) device,174
threadgroup TypeHolder44 &(device TypeHolder44 &&) threadgroup,174
threadgroup TypeHolder44 &(threadgroup TypeHolder44 &&) threadgroup,174
threadgroup TypeHolder44 &(TypeHolder44 &&) threadgroup,174
TypeHolder44 &(device TypeHolder44 &&),174
TypeHolder44 &(threadgroup TypeHolder44 &&),174
void (const TypeHolder45 &),174
void (const device TypeHolder45 &) threadgroup,174
void (const threadgroup TypeHolder45 &) threadgroup,174
void (const constant TypeHolder45 &) threadgroup,174
void (const TypeHolder45 &) threadgroup,174
void (const constant TypeHolder45 &) const constant,174
void (const TypeHolder45 &) const constant,174
void (const device TypeHolder45 &),174
void (const threadgroup TypeHolder45 &),174
void (const constant TypeHolder45 &),174
void (TypeHolder45 &&),174
void (device TypeHolder45 &&) threadgroup,174
void (threadgroup TypeHolder45 &&) threadgroup,174
void (TypeHolder45 &&) threadgroup,174
void (TypeHolder45 &&) const constant,174
void (device TypeHolder45 &&),174
void (threadgroup TypeHolder45 &&),174
TypeHolder45 &(TypeHolder45 &&),174
device TypeHolder45 &(device TypeHolder45 &&) device,174
device TypeHolder45 &(threadgroup TypeHolder45 &&) device,174
device TypeHolder45 &(TypeHolder45 &&) device,174
threadgroup TypeHolder45 &(device TypeHolder45 &&) threadgroup,174
threadgroup TypeHolder45 &(threadgroup TypeHolder45 &&) threadgroup,174
threadgroup TypeHolder45 &(TypeHolder45 &&) threadgroup,174
TypeHolder45 &(device TypeHolder45 &&),174
TypeHolder45 &(threadgroup TypeHolder45 &&),174
void (const TypeHolder46 &),174
void (const device TypeHolder46 &) threadgroup,174
void (const threadgroup TypeHolder46 &) threadgroup,174
void (const constant TypeHolder46 &) threadgroup,174
void (const TypeHolder46 &) threadgroup,174
void (const constant TypeHolder46 &) const constant,174
void (const TypeHolder46 &) const constant,174
void (const device TypeHolder46 &),174
void (const threadgroup TypeHolder46 &),174
void (const constant TypeHolder46 &),174
void (TypeHolder46 &&),174
void (device TypeHolder46 &&) threadgroup,174
void (threadgroup TypeHolder46 &&) threadgroup,174
void (TypeHolder46 &&) threadgroup,174
void (TypeHolder46 &&) const constant,174
void (device TypeHolder46 &&),174
void (threadgroup TypeHolder46 &&),174
TypeHolder46 &(TypeHolder46 &&),174
device TypeHolder46 &(device TypeHolder46 &&) device,174
device TypeHolder46 &(threadgroup TypeHolder46 &&) device,174
device TypeHolder46 &(TypeHolder46 &&) device,174
threadgroup TypeHolder46 &(device TypeHolder46 &&) threadgroup,174
threadgroup TypeHolder46 &(threadgroup TypeHolder46 &&) threadgroup,174
threadgroup TypeHolder46 &(TypeHolder46 &&) threadgroup,174
TypeHolder46 &(device TypeHolder46 &&),174
TypeHolder46 &(threadgroup TypeHolder46 &&),174
void (const TypeHolder47 &),174
void (const device TypeHolder47 &) threadgroup,174
void (const threadgroup TypeHolder47 &) threadgroup,174
void (const constant TypeHolder47 &) threadgroup,174
void (const TypeHolder47 &) threadgroup,174
void (const constant TypeHolder47 &) const constant,174
void (const TypeHolder47 &) const constant,174
void (const device TypeHolder47 &),174
void (const threadgroup TypeHolder47 &),174
void (const constant TypeHolder47 &),174
void (TypeHolder47 &&),174
void (device TypeHolder47 &&) threadgroup,174
void (threadgroup TypeHolder47 &&) threadgroup,174
void (TypeHolder47 &&) threadgroup,174
void (TypeHolder47 &&) const constant,174
void (device TypeHolder47 &&),174
void (threadgroup TypeHolder47 &&),174
TypeHolder47 &(TypeHolder47 &&),174
device TypeHolder47 &(device TypeHolder47 &&) device,174
device TypeHolder47 &(threadgroup TypeHolder47 &&) device,174
device TypeHolder47 &(TypeHolder47 &&) device,174
threadgroup TypeHolder47 &(device TypeHolder47 &&) threadgroup,174
threadgroup TypeHolder47 &(threadgroup TypeHolder47 &&) threadgroup,174
threadgroup TypeHolder47 &(TypeHolder47 &&) threadgroup,174
TypeHolder47 &(device TypeHolder47 &&),174
TypeHolder47 &(threadgroup TypeHolder47 &&),174
void (const TypeHolder48 &),174
void (const device TypeHolder48 &) threadgroup,174
void (const threadgroup TypeHolder48 &) threadgroup,174
void (const constant TypeHolder48 &) threadgroup,174
void (const TypeHolder48 &) threadgroup,174
void (const constant TypeHolder48 &) const constant,174
void (const TypeHolder48 &) const constant,174
void (const device TypeHolder48 &),174
void (const threadgroup TypeHolder48 &),174
void (const constant TypeHolder48 &),174
void (TypeHolder48 &&),174
void (device TypeHolder48 &&) threadgroup,174
void (threadgroup TypeHolder48 &&) threadgroup,174
void (TypeHolder48 &&) threadgroup,174
void (TypeHolder48 &&) const constant,174
void (device TypeHolder48 &&),174
void (threadgroup TypeHolder48 &&),174
TypeHolder48 &(TypeHolder48 &&),174
device TypeHolder48 &(device TypeHolder48 &&) device,174
device TypeHolder48 &(threadgroup TypeHolder48 &&) device,174
device TypeHolder48 &(TypeHolder48 &&) device,174
threadgroup TypeHolder48 &(device TypeHolder48 &&) threadgroup,174
threadgroup TypeHolder48 &(threadgroup TypeHolder48 &&) threadgroup,174
threadgroup TypeHolder48 &(TypeHolder48 &&) threadgroup,174
TypeHolder48 &(device TypeHolder48 &&),174
TypeHolder48 &(threadgroup TypeHolder48 &&),174
void (const TypeHolder49 &),174
void (const device TypeHolder49 &) threadgroup,174
void (const threadgroup TypeHolder49 &) threadgroup,174
void (const constant TypeHolder49 &) threadgroup,174
void (const TypeHolder49 &) threadgroup,174
void (const constant TypeHolder49 &) const constant,174
void (const TypeHolder49 &) const constant,174
void (const device TypeHolder49 &),174
void (const threadgroup TypeHolder49 &),174
void (const constant TypeHolder49 &),174
void (TypeHolder49 &&),174
void (device TypeHolder49 &&) threadgroup,174
void (threadgroup TypeHolder49 &&) threadgroup,174
void (TypeHolder49 &&) threadgroup,174
void (TypeHolder49 &&) const constant,174
void (device TypeHolder49 &&),174
void (threadgroup TypeHolder49 &&),174
TypeHolder49 &(TypeHolder49 &&),174
device TypeHolder49 &(device TypeHolder49 &&) device,174
device TypeHolder49 &(threadgroup TypeHolder49 &&) device,174
device TypeHolder49 &(TypeHolder49 &&) device,174
threadgroup TypeHolder49 &(device TypeHolder49 &&) threadgroup,174
threadgroup TypeHolder49 &(threadgroup TypeHolder49 &&) threadgroup,174
threadgroup TypeHolder49 &(TypeHolder49 &&) threadgroup,174
TypeHolder49 &(device TypeHolder49 &&),174
TypeHolder49 &(threadgroup TypeHolder49 &&),174
void (const TypeHolder50 &),174
void (const device TypeHolder50 &) threadgroup,174
void (const threadgroup TypeHolder50 &) threadgroup,174
void (const constant TypeHolder50 &) threadgroup,174
void (const TypeHolder50 &) threadgroup,174
void (const constant TypeHolder50 &) const constant,174
void (const TypeHolder50 &) const constant,174
void (const device TypeHolder50 &),174
void (const threadgroup TypeHolder50 &),174
void (const constant TypeHolder50 &),174
void (TypeHolder50 &&),174
void (device TypeHolder50 &&) threadgroup,174
void (threadgroup TypeHolder50 &&) threadgroup,174
void (TypeHolder50 &&) threadgroup,174
void (TypeHolder50 &&) const constant,174
void (device TypeHolder50 &&),174
void (threadgroup TypeHolder50 &&),174
TypeHolder50 &(TypeHolder50 &&),174
device TypeHolder50 &(device TypeHolder50 &&) device,174
device TypeHolder50 &(threadgroup TypeHolder50 &&) device,174
device TypeHolder50 &(TypeHolder50 &&) device,174
threadgroup TypeHolder50 &(device TypeHolder50 &&) threadgroup,174
threadgroup TypeHolder50 &(threadgroup TypeHolder50 &&) threadgroup,174
threadgroup TypeHolder50 &(TypeHolder50 &&) threadgroup,174
TypeHolder50 &(device TypeHolder50 &&),174
TypeHolder50 &(threadgroup TypeHolder50 &&),174
void (const ArgBufArr &),172
void (const device ArgBufArr &) threadgroup,172
void (const threadgroup ArgBufArr &) threadgroup,172
void (const constant ArgBufArr &) threadgroup,172
void (const ArgBufArr &) threadgroup,172
void (const constant ArgBufArr &) const constant,172
void (const ArgBufArr &) const constant,172
void (const device ArgBufArr &),172
void (const threadgroup ArgBufArr &),172
void (const constant ArgBufArr &),172
void (ArgBufArr &&),172
void (device ArgBufArr &&) threadgroup,172
void (threadgroup ArgBufArr &&) threadgroup,172
void (ArgBufArr &&) threadgroup,172
void (ArgBufArr &&) const constant,172
void (device ArgBufArr &&),172
void (threadgroup ArgBufArr &&),172
ArgBufArr &(const ArgBufArr &),172
device ArgBufArr &(const device ArgBufArr &) device,172
device ArgBufArr &(const threadgroup ArgBufArr &) device,172
device ArgBufArr &(const constant ArgBufArr &) device,172
device ArgBufArr &(const ArgBufArr &) device,172
threadgroup ArgBufArr &(const device ArgBufArr &) threadgroup,172
threadgroup ArgBufArr &(const threadgroup ArgBufArr &) threadgroup,172
threadgroup ArgBufArr &(const constant ArgBufArr &) threadgroup,172
threadgroup ArgBufArr &(const ArgBufArr &) threadgroup,172
ArgBufArr &(const device ArgBufArr &),172
ArgBufArr &(const threadgroup ArgBufArr &),172
ArgBufArr &(const constant ArgBufArr &),172
ArgBufArr &(ArgBufArr &&),172
device ArgBufArr &(device ArgBufArr &&) device,172
device ArgBufArr &(threadgroup ArgBufArr &&) device,172
device ArgBufArr &(ArgBufArr &&) device,172
threadgroup ArgBufArr &(device ArgBufArr &&) threadgroup,172
threadgroup ArgBufArr &(threadgroup ArgBufArr &&) threadgroup,172
threadgroup ArgBufArr &(ArgBufArr &&) threadgroup,172
ArgBufArr &(device ArgBufArr &&),172
ArgBufArr &(threadgroup ArgBufArr &&),172
"void (device uint *, const constant ArgBufArr &)",172
"const constant metal::array<texture2d<float>, 2>",172
metal::size_t,172
device float *const constant,172
float4 (IoVertexOut),172
"const metal::_texture2d_write<float, metal::access::write, metal::memory_coherence_threadgroup>",168
"const metal::_texture3d_sample<float, metal::access::sample, metal::memory_coherence_threadgroup>",168
"const metal::_depth2d_sample<float, metal::access::sample, metal::memory_coherence_threadgroup>",168
device coherent(device) Base &&,168
void (metal::lod_clamp &&) noexcept,160
void (const threadgroup_imageblock AbiStruct &) threadgroup,156
void (const threadgroup_imageblock AbiStruct &),156
void (threadgroup_imageblock AbiStruct &&) threadgroup,156
void (threadgroup_imageblock AbiStruct &&),156
device AbiStruct &(threadgroup_imageblock AbiStruct &&) device,156
threadgroup AbiStruct &(threadgroup_imageblock AbiStruct &&) threadgroup,156
threadgroup_imageblock AbiStruct &(device AbiStruct &&) threadgroup_imageblock,156
threadgroup_imageblock AbiStruct &(threadgroup AbiStruct &&) threadgroup_imageblock,156
threadgroup_imageblock AbiStruct &(threadgroup_imageblock AbiStruct &&) threadgroup_imageblock,156
threadgroup_imageblock AbiStruct &(AbiStruct &&) threadgroup_imageblock,156
AbiStruct &(threadgroup_imageblock AbiStruct &&),156
void (const threadgroup_imageblock AddressBox &) threadgroup,156
void (const threadgroup_imageblock AddressBox &),156
void (threadgroup_imageblock AddressBox &&) threadgroup,156
void (threadgroup_imageblock AddressBox &&),156
void (const threadgroup_imageblock ArgBufArr &) threadgroup,156
void (const threadgroup_imageblock ArgBufArr &),156
void (threadgroup_imageblock ArgBufArr &&) threadgroup,156
void (threadgroup_imageblock ArgBufArr &&),156
device ArgBufArr &(const threadgroup_imageblock ArgBufArr &) device,156
threadgroup ArgBufArr &(const threadgroup_imageblock ArgBufArr &) threadgroup,156
threadgroup_imageblock ArgBufArr &(const device ArgBufArr &) threadgroup_imageblock,156
threadgroup_imageblock ArgBufArr &(const threadgroup ArgBufArr &) threadgroup_imageblock,156
threadgroup_imageblock ArgBufArr &(const constant ArgBufArr &) threadgroup_imageblock,156
threadgroup_imageblock ArgBufArr &(const threadgroup_imageblock ArgBufArr &) threadgroup_imageblock,156
threadgroup_imageblock ArgBufArr &(const ArgBufArr &) threadgroup_imageblock,156
ArgBufArr &(const threadgroup_imageblock ArgBufArr &),156
device ArgBufArr &(threadgroup_imageblock ArgBufArr &&) device,156
threadgroup ArgBufArr &(threadgroup_imageblock ArgBufArr &&) threadgroup,156
threadgroup_imageblock ArgBufArr &(device ArgBufArr &&) threadgroup_imageblock,156
threadgroup_imageblock ArgBufArr &(threadgroup ArgBufArr &&) threadgroup_imageblock,156
threadgroup_imageblock ArgBufArr &(threadgroup_imageblock ArgBufArr &&) threadgroup_imageblock,156
threadgroup_imageblock ArgBufArr &(ArgBufArr &&) threadgroup_imageblock,156
ArgBufArr &(threadgroup_imageblock ArgBufArr &&),156
void (const threadgroup_imageblock NestedLayout &) threadgroup,156
void (const threadgroup_imageblock NestedLayout &),156
void (threadgroup_imageblock NestedLayout &&) threadgroup,156
void (threadgroup_imageblock NestedLayout &&),156
device Base &(const threadgroup_imageblock Base &) device,156
threadgroup Base &(const threadgroup_imageblock Base &) threadgroup,156
threadgroup_imageblock Base &(const device Base &) threadgroup_imageblock,156
threadgroup_imageblock Base &(const threadgroup Base &) threadgroup_imageblock,156
threadgroup_imageblock Base &(const constant Base &) threadgroup_imageblock,156
threadgroup_imageblock Base &(const threadgroup_imageblock Base &) threadgroup_imageblock,156
threadgroup_imageblock Base &(const Base &) threadgroup_imageblock,156
Base &(const threadgroup_imageblock Base &),156
void (const threadgroup_imageblock Derived &) threadgroup,156
void (const threadgroup_imageblock Derived &),156
void (threadgroup_imageblock Derived &&) threadgroup,156
void (threadgroup_imageblock Derived &&),156
void (const threadgroup_imageblock S &) threadgroup,156
void (const threadgroup_imageblock S &),156
void (threadgroup_imageblock S &&) threadgroup,156
void (threadgroup_imageblock S &&),156
void (const threadgroup_imageblock VO &) threadgroup,156
void (const threadgroup_imageblock VO &),156
void (threadgroup_imageblock VO &&) threadgroup,156
void (threadgroup_imageblock VO &&),156
void (const threadgroup_imageblock VOut &) threadgroup,156
void (const threadgroup_imageblock VOut &),156
void (threadgroup_imageblock VOut &&) threadgroup,156
void (threadgroup_imageblock VOut &&),156
void (const threadgroup_imageblock IoVertexOut &) threadgroup,156
void (const threadgroup_imageblock IoVertexOut &),156
void (threadgroup_imageblock IoVertexOut &&) threadgroup,156
void (threadgroup_imageblock IoVertexOut &&),156
void (const threadgroup_imageblock IoFragOutA &) threadgroup,156
void (const threadgroup_imageblock IoFragOutA &),156
void (threadgroup_imageblock IoFragOutA &&) threadgroup,156
void (threadgroup_imageblock IoFragOutA &&),156
void (const threadgroup_imageblock IoFragOutG &) threadgroup,156
void (const threadgroup_imageblock IoFragOutG &),156
void (threadgroup_imageblock IoFragOutG &&) threadgroup,156
void (threadgroup_imageblock IoFragOutG &&),156
void (const threadgroup_imageblock IoFragOutL &) threadgroup,156
void (const threadgroup_imageblock IoFragOutL &),156
void (threadgroup_imageblock IoFragOutL &&) threadgroup,156
void (threadgroup_imageblock IoFragOutL &&),156
void (const threadgroup_imageblock OpBox &) threadgroup,156
void (const threadgroup_imageblock OpBox &),156
void (threadgroup_imageblock OpBox &&) threadgroup,156
void (threadgroup_imageblock OpBox &&),156
"void (const threadgroup_imageblock ArrayBox<float __attribute__((ext_vector_type(4))), 2> &) threadgroup",156
"void (const threadgroup_imageblock ArrayBox<float __attribute__((ext_vector_type(4))), 2> &)",156
"void (threadgroup_imageblock ArrayBox<float __attribute__((ext_vector_type(4))), 2> &&) threadgroup",156
"void (threadgroup_imageblock ArrayBox<float __attribute__((ext_vector_type(4))), 2> &&)",156
void (const threadgroup_imageblock U &) threadgroup,156
void (const threadgroup_imageblock U &),156
void (threadgroup_imageblock U &&) threadgroup,156
void (threadgroup_imageblock U &&),156
"void (texture1d<float, access::sample>, texture1d_array<float, access::sample>, texture2d<float, access::sample>, texture2d_array<float, access::sample>, texture2d_ms<float, access::read>, texturecube<float, access::sample>, texturecube_array<float, access::sample>, texture3d<float, access::sample>, texture_buffer<float, access::read>, depth2d<float, access::sample>, depth2d_array<float, access::sample>, depthcube<float, access::sample>, depthcube_array<float, access::sample>, texture1d<float, access::read>, texture2d<float, access::read>, texture2d_array<float, access::read>, texture3d<float, access::read>, texture1d<float, access::write>, texture2d<float, access::write>, texture2d_array<float, access::write>, texture3d<float, access::write>, texture1d<float, access::read_write>, texture2d<float, access::read_write>, texture2d_array<float, access::read_write>, texture3d<float, access::read_write>, metal::sampler, device float4 *, uint)",152
bfloat4,144
const device coherent(device) AbiStruct &,144
const device coherent(device) AddressBox &,144
device coherent(device) AddressBox &&,144
"void (volatile device coherent(device) _atomic<unsigned int> *, unsigned int, metal::memory_order)",144
"void (volatile device coherent(device) _atomic<int> *, int, metal::memory_order)",144
const device coherent(device) NestedLayout &,144
device coherent(device) NestedLayout &&,144
unsigned int (uint) const,144
const device coherent(device) Derived &,144
device coherent(device) Derived &&,144
const device coherent(device) VO &,144
device coherent(device) VO &&,144
const device coherent(device) VOut &,144
device coherent(device) VOut &&,144
"const metal::_texture2d_sample<half, metal::access::sample, metal::memory_coherence_threadgroup>",144
"const metal::_texturecube_sample<float, metal::access::sample, metal::memory_coherence_threadgroup>",144
const device coherent(device) IoVertexOut &,144
device coherent(device) IoVertexOut &&,144
const device coherent(device) IoFragOutA &,144
device coherent(device) IoFragOutA &&,144
const device coherent(device) IoFragOutG &,144
device coherent(device) IoFragOutG &&,144
const device coherent(device) IoFragOutL &,144
device coherent(device) IoFragOutL &&,144
const device coherent(device) MeshVertexOut &,144
device coherent(device) MeshVertexOut &&,144
"const device coherent(device) FixedArray<unsigned int, 4> &",144
"device coherent(device) FixedArray<unsigned int, 4> &&",144
const device coherent(device) OpBox &,144
device coherent(device) OpBox &&,144
"const device coherent(device) ArrayBox<float __attribute__((ext_vector_type(4))), 2> &",144
"device coherent(device) ArrayBox<float __attribute__((ext_vector_type(4))), 2> &&",144
const device coherent(device) U &,144
device coherent(device) U &&,144
char[192],140
char[16],140
char[8176],140
void *(unsigned long),140
"const metal::_texture2d_array_read<float, metal::access::read, metal::__memory_coherence_threadgroup>",138
const object_data C &,132
object_data C &&,132
const object_data Vec &,132
object_data Vec &&,132
const object_data P2 &,132
object_data P2 &&,132
const object_data Dimensions &,132
object_data Dimensions &&,132
const object_data FO4 &,132
object_data FO4 &&,132
const object_data VOr &,132
object_data VOr &&,132
const object_data VO4 &,132
object_data VO4 &&,132
const object_data VO1 &,132
object_data VO1 &&,132
const object_data VOu &,132
object_data VOu &&,132
void (int),132
const object_data A8 &,132
object_data A8 &&,132
const object_data A16 &,132
object_data A16 &&,132
const object_data A32 &,132
object_data A32 &&,132
const object_data Al &,132
object_data Al &&,132
const object_data TGData &,132
object_data TGData &&,132
const object_data Bf &,132
object_data Bf &&,132
const object_data V &,132
object_data V &&,132
const object_data FO2 &,132
object_data FO2 &&,132
const object_data FO &,132
object_data FO &&,132
const object_data FOm &,132
object_data FOm &&,132
const object_data VOc &,132
object_data VOc &&,132
const object_data VOp &,132
object_data VOp &&,132
const device PrimOut &,132
const threadgroup PrimOut &,132
const threadgroup_imageblock PrimOut &,132
const ray_data PrimOut &,132
const object_data PrimOut &,132
device PrimOut &&,132
threadgroup PrimOut &&,132
threadgroup_imageblock PrimOut &&,132
ray_data PrimOut &&,132
object_data PrimOut &&,132
const device MeshVertex &,132
const threadgroup MeshVertex &,132
const threadgroup_imageblock MeshVertex &,132
const ray_data MeshVertex &,132
const object_data MeshVertex &,132
device MeshVertex &&,132
threadgroup MeshVertex &&,132
threadgroup_imageblock MeshVertex &&,132
ray_data MeshVertex &&,132
object_data MeshVertex &&,132
"metal::mesh<MeshVertex, void, 64, 32, metal::topology::triangle>",132
object_data MeshPayload &,132
const object_data PM &,132
object_data PM &&,132
const object_data AlignedTG &,132
object_data AlignedTG &&,132
const object_data PackedTG &,132
object_data PackedTG &&,132
"const constant metal::_texture2d_read<float, metal::access::sample, metal::__memory_coherence_threadgroup>",124
"const constant metal::texture2d<float, metal::access::sample>",124
"const constant metal::texture2d<float, metal::access::sample> &(*)(metal::size_t) const constant",124
void (const ray_data AbiStruct &) threadgroup,120
void (const device AbiStruct &) ray_data,120
void (const threadgroup AbiStruct &) ray_data,120
void (const constant AbiStruct &) ray_data,120
void (const threadgroup_imageblock AbiStruct &) ray_data,120
void (const ray_data AbiStruct &) ray_data,120
void (const AbiStruct &) ray_data,120
void (const ray_data AbiStruct &),120
void (ray_data AbiStruct &&) threadgroup,120
void (device AbiStruct &&) ray_data,120
void (threadgroup AbiStruct &&) ray_data,120
void (threadgroup_imageblock AbiStruct &&) ray_data,120
void (ray_data AbiStruct &&) ray_data,120
void (AbiStruct &&) ray_data,120
void (ray_data AbiStruct &&),120
device AbiStruct &(ray_data AbiStruct &&) device,120
threadgroup AbiStruct &(ray_data AbiStruct &&) threadgroup,120
threadgroup_imageblock AbiStruct &(ray_data AbiStruct &&) threadgroup_imageblock,120
ray_data AbiStruct &(device AbiStruct &&) ray_data,120
ray_data AbiStruct &(threadgroup AbiStruct &&) ray_data,120
ray_data AbiStruct &(threadgroup_imageblock AbiStruct &&) ray_data,120
ray_data AbiStruct &(ray_data AbiStruct &&) ray_data,120
ray_data AbiStruct &(AbiStruct &&) ray_data,120
AbiStruct &(ray_data AbiStruct &&),120
void (const ray_data AddressBox &) threadgroup,120
void (const device AddressBox &) ray_data,120
void (const threadgroup AddressBox &) ray_data,120
void (const constant AddressBox &) ray_data,120
void (const threadgroup_imageblock AddressBox &) ray_data,120
void (const ray_data AddressBox &) ray_data,120
void (const AddressBox &) ray_data,120
void (const ray_data AddressBox &),120
void (ray_data AddressBox &&) threadgroup,120
void (device AddressBox &&) ray_data,120
void (threadgroup AddressBox &&) ray_data,120
void (threadgroup_imageblock AddressBox &&) ray_data,120
void (ray_data AddressBox &&) ray_data,120
void (AddressBox &&) ray_data,120
void (ray_data AddressBox &&),120
void (const RayPayload &),120
void (const device RayPayload &) threadgroup,120
void (const threadgroup RayPayload &) threadgroup,120
void (const constant RayPayload &) threadgroup,120
void (const threadgroup_imageblock RayPayload &) threadgroup,120
void (const ray_data RayPayload &) threadgroup,120
void (const RayPayload &) threadgroup,120
void (const constant RayPayload &) const constant,120
void (const RayPayload &) const constant,120
void (const device RayPayload &) ray_data,120
void (const threadgroup RayPayload &) ray_data,120
void (const constant RayPayload &) ray_data,120
void (const threadgroup_imageblock RayPayload &) ray_data,120
void (const ray_data RayPayload &) ray_data,120
void (const RayPayload &) ray_data,120
void (const device RayPayload &),120
void (const threadgroup RayPayload &),120
void (const constant RayPayload &),120
void (const threadgroup_imageblock RayPayload &),120
void (const ray_data RayPayload &),120
void (RayPayload &&),120
void (device RayPayload &&) threadgroup,120
void (threadgroup RayPayload &&) threadgroup,120
void (threadgroup_imageblock RayPayload &&) threadgroup,120
void (ray_data RayPayload &&) threadgroup,120
void (RayPayload &&) threadgroup,120
void (RayPayload &&) const constant,120
void (device RayPayload &&) ray_data,120
void (threadgroup RayPayload &&) ray_data,120
void (threadgroup_imageblock RayPayload &&) ray_data,120
void (ray_data RayPayload &&) ray_data,120
void (RayPayload &&) ray_data,120
void (device RayPayload &&),120
void (threadgroup RayPayload &&),120
void (threadgroup_imageblock RayPayload &&),120
void (ray_data RayPayload &&),120
RayPayload &(const RayPayload &),120
device RayPayload &(const device RayPayload &) device,120
device RayPayload &(const threadgroup RayPayload &) device,120
device RayPayload &(const constant RayPayload &) device,120
device RayPayload &(const threadgroup_imageblock RayPayload &) device,120
device RayPayload &(const ray_data RayPayload &) device,120
device RayPayload &(const RayPayload &) device,120
threadgroup RayPayload &(const device RayPayload &) threadgroup,120
threadgroup RayPayload &(const threadgroup RayPayload &) threadgroup,120
threadgroup RayPayload &(const constant RayPayload &) threadgroup,120
threadgroup RayPayload &(const threadgroup_imageblock RayPayload &) threadgroup,120
threadgroup RayPayload &(const ray_data RayPayload &) threadgroup,120
threadgroup RayPayload &(const RayPayload &) threadgroup,120
threadgroup_imageblock RayPayload &(const device RayPayload &) threadgroup_imageblock,120
threadgroup_imageblock RayPayload &(const threadgroup RayPayload &) threadgroup_imageblock,120
threadgroup_imageblock RayPayload &(const constant RayPayload &) threadgroup_imageblock,120
threadgroup_imageblock RayPayload &(const threadgroup_imageblock RayPayload &) threadgroup_imageblock,120
threadgroup_imageblock RayPayload &(const ray_data RayPayload &) threadgroup_imageblock,120
threadgroup_imageblock RayPayload &(const RayPayload &) threadgroup_imageblock,120
ray_data RayPayload &(const device RayPayload &) ray_data,120
ray_data RayPayload &(const threadgroup RayPayload &) ray_data,120
ray_data RayPayload &(const constant RayPayload &) ray_data,120
ray_data RayPayload &(const threadgroup_imageblock RayPayload &) ray_data,120
ray_data RayPayload &(const ray_data RayPayload &) ray_data,120
ray_data RayPayload &(const RayPayload &) ray_data,120
RayPayload &(const device RayPayload &),120
RayPayload &(const threadgroup RayPayload &),120
RayPayload &(const constant RayPayload &),120
RayPayload &(const threadgroup_imageblock RayPayload &),120
RayPayload &(const ray_data RayPayload &),120
RayPayload &(RayPayload &&),120
device RayPayload &(device RayPayload &&) device,120
device RayPayload &(threadgroup RayPayload &&) device,120
device RayPayload &(threadgroup_imageblock RayPayload &&) device,120
device RayPayload &(ray_data RayPayload &&) device,120
device RayPayload &(RayPayload &&) device,120
threadgroup RayPayload &(device RayPayload &&) threadgroup,120
threadgroup RayPayload &(threadgroup RayPayload &&) threadgroup,120
threadgroup RayPayload &(threadgroup_imageblock RayPayload &&) threadgroup,120
threadgroup RayPayload &(ray_data RayPayload &&) threadgroup,120
threadgroup RayPayload &(RayPayload &&) threadgroup,120
threadgroup_imageblock RayPayload &(device RayPayload &&) threadgroup_imageblock,120
threadgroup_imageblock RayPayload &(threadgroup RayPayload &&) threadgroup_imageblock,120
threadgroup_imageblock RayPayload &(threadgroup_imageblock RayPayload &&) threadgroup_imageblock,120
threadgroup_imageblock RayPayload &(ray_data RayPayload &&) threadgroup_imageblock,120
threadgroup_imageblock RayPayload &(RayPayload &&) threadgroup_imageblock,120
ray_data RayPayload &(device RayPayload &&) ray_data,120
ray_data RayPayload &(threadgroup RayPayload &&) ray_data,120
ray_data RayPayload &(threadgroup_imageblock RayPayload &&) ray_data,120
ray_data RayPayload &(ray_data RayPayload &&) ray_data,120
ray_data RayPayload &(RayPayload &&) ray_data,120
RayPayload &(device RayPayload &&),120
RayPayload &(threadgroup RayPayload &&),120
RayPayload &(threadgroup_imageblock RayPayload &&),120
RayPayload &(ray_data RayPayload &&),120
"bool (ray_data RayPayload &, float2)",120
ray_data float,120
void (const ray_data ArgBufArr &) threadgroup,120
void (const device ArgBufArr &) ray_data,120
void (const threadgroup ArgBufArr &) ray_data,120
void (const constant ArgBufArr &) ray_data,120
void (const threadgroup_imageblock ArgBufArr &) ray_data,120
void (const ray_data ArgBufArr &) ray_data,120
void (const ArgBufArr &) ray_data,120
void (const ray_data ArgBufArr &),120
void (ray_data ArgBufArr &&) threadgroup,120
void (device ArgBufArr &&) ray_data,120
void (threadgroup ArgBufArr &&) ray_data,120
void (threadgroup_imageblock ArgBufArr &&) ray_data,120
void (ray_data ArgBufArr &&) ray_data,120
void (ArgBufArr &&) ray_data,120
void (ray_data ArgBufArr &&),120
device ArgBufArr &(const ray_data ArgBufArr &) device,120
threadgroup ArgBufArr &(const ray_data ArgBufArr &) threadgroup,120
threadgroup_imageblock ArgBufArr &(const ray_data ArgBufArr &) threadgroup_imageblock,120
ray_data ArgBufArr &(const device ArgBufArr &) ray_data,120
ray_data ArgBufArr &(const threadgroup ArgBufArr &) ray_data,120
ray_data ArgBufArr &(const constant ArgBufArr &) ray_data,120
ray_data ArgBufArr &(const threadgroup_imageblock ArgBufArr &) ray_data,120
ray_data ArgBufArr &(const ray_data ArgBufArr &) ray_data,120
ray_data ArgBufArr &(const ArgBufArr &) ray_data,120
ArgBufArr &(const ray_data ArgBufArr &),120
device ArgBufArr &(ray_data ArgBufArr &&) device,120
threadgroup ArgBufArr &(ray_data ArgBufArr &&) threadgroup,120
threadgroup_imageblock ArgBufArr &(ray_data ArgBufArr &&) threadgroup_imageblock,120
ray_data ArgBufArr &(device ArgBufArr &&) ray_data,120
ray_data ArgBufArr &(threadgroup ArgBufArr &&) ray_data,120
ray_data ArgBufArr &(threadgroup_imageblock ArgBufArr &&) ray_data,120
ray_data ArgBufArr &(ray_data ArgBufArr &&) ray_data,120
ray_data ArgBufArr &(ArgBufArr &&) ray_data,120
ArgBufArr &(ray_data ArgBufArr &&),120
void (const ray_data NestedLayout &) threadgroup,120
void (const device NestedLayout &) ray_data,120
void (const threadgroup NestedLayout &) ray_data,120
void (const constant NestedLayout &) ray_data,120
void (const threadgroup_imageblock NestedLayout &) ray_data,120
void (const ray_data NestedLayout &) ray_data,120
void (const NestedLayout &) ray_data,120
void (const ray_data NestedLayout &),120
void (ray_data NestedLayout &&) threadgroup,120
void (device NestedLayout &&) ray_data,120
void (threadgroup NestedLayout &&) ray_data,120
void (threadgroup_imageblock NestedLayout &&) ray_data,120
void (ray_data NestedLayout &&) ray_data,120
void (NestedLayout &&) ray_data,120
void (ray_data NestedLayout &&),120
"long (long, long)",120
"metal::long2 (metal::long2, metal::long2)",120
"metal::long3 (metal::long3, metal::long3)",120
"metal::long4 (metal::long4, metal::long4)",120
"metal::ulong (metal::ulong, metal::ulong)",120
"metal::ulong2 (metal::ulong2, metal::ulong2)",120
"metal::ulong3 (metal::ulong3, metal::ulong3)",120
"metal::ulong4 (metal::ulong4, metal::ulong4)",120
device Base &(const ray_data Base &) device,120
threadgroup Base &(const ray_data Base &) threadgroup,120
threadgroup_imageblock Base &(const ray_data Base &) threadgroup_imageblock,120
ray_data Base &(const device Base &) ray_data,120
ray_data Base &(const threadgroup Base &) ray_data,120
ray_data Base &(const constant Base &) ray_data,120
ray_data Base &(const threadgroup_imageblock Base &) ray_data,120
ray_data Base &(const ray_data Base &) ray_data,120
ray_data Base &(const Base &) ray_data,120
Base &(const ray_data Base &),120
void (const ray_data Derived &) threadgroup,120
void (const device Derived &) ray_data,120
void (const threadgroup Derived &) ray_data,120
void (const constant Derived &) ray_data,120
void (const threadgroup_imageblock Derived &) ray_data,120
void (const ray_data Derived &) ray_data,120
void (const Derived &) ray_data,120
void (const ray_data Derived &),120
void (ray_data Derived &&) threadgroup,120
void (device Derived &&) ray_data,120
void (threadgroup Derived &&) ray_data,120
void (threadgroup_imageblock Derived &&) ray_data,120
void (ray_data Derived &&) ray_data,120
void (Derived &&) ray_data,120
void (ray_data Derived &&),120
void (const ray_data U &) threadgroup,120
void (const device U &) ray_data,120
void (const threadgroup U &) ray_data,120
void (const constant U &) ray_data,120
void (const threadgroup_imageblock U &) ray_data,120
void (const ray_data U &) ray_data,120
void (const U &) ray_data,120
void (const ray_data U &),120
void (ray_data U &&) threadgroup,120
void (device U &&) ray_data,120
void (threadgroup U &&) ray_data,120
void (threadgroup_imageblock U &&) ray_data,120
void (ray_data U &&) ray_data,120
void (U &&) ray_data,120
void (ray_data U &&),120
void (const ray_data S &) threadgroup,120
void (const device S &) ray_data,120
void (const threadgroup S &) ray_data,120
void (const constant S &) ray_data,120
void (const threadgroup_imageblock S &) ray_data,120
void (const ray_data S &) ray_data,120
void (const S &) ray_data,120
void (const ray_data S &),120
void (ray_data S &&) threadgroup,120
void (device S &&) ray_data,120
void (threadgroup S &&) ray_data,120
void (threadgroup_imageblock S &&) ray_data,120
void (ray_data S &&) ray_data,120
void (S &&) ray_data,120
void (ray_data S &&),120
void (const ray_data VO &) threadgroup,120
void (const device VO &) ray_data,120
void (const threadgroup VO &) ray_data,120
void (const constant VO &) ray_data,120
void (const threadgroup_imageblock VO &) ray_data,120
void (const ray_data VO &) ray_data,120
void (const VO &) ray_data,120
void (const ray_data VO &),120
void (ray_data VO &&) threadgroup,120
void (device VO &&) ray_data,120
void (threadgroup VO &&) ray_data,120
void (threadgroup_imageblock VO &&) ray_data,120
void (ray_data VO &&) ray_data,120
void (VO &&) ray_data,120
void (ray_data VO &&),120
void (const ray_data VOut &) threadgroup,120
void (const device VOut &) ray_data,120
void (const threadgroup VOut &) ray_data,120
void (const constant VOut &) ray_data,120
void (const threadgroup_imageblock VOut &) ray_data,120
void (const ray_data VOut &) ray_data,120
void (const VOut &) ray_data,120
void (const ray_data VOut &),120
void (ray_data VOut &&) threadgroup,120
void (device VOut &&) ray_data,120
void (threadgroup VOut &&) ray_data,120
void (threadgroup_imageblock VOut &&) ray_data,120
void (ray_data VOut &&) ray_data,120
void (VOut &&) ray_data,120
void (ray_data VOut &&),120
void (const ray_data IoVertexOut &) threadgroup,120
void (const device IoVertexOut &) ray_data,120
void (const threadgroup IoVertexOut &) ray_data,120
void (const constant IoVertexOut &) ray_data,120
void (const threadgroup_imageblock IoVertexOut &) ray_data,120
void (const ray_data IoVertexOut &) ray_data,120
void (const IoVertexOut &) ray_data,120
void (const ray_data IoVertexOut &),120
void (ray_data IoVertexOut &&) threadgroup,120
void (device IoVertexOut &&) ray_data,120
void (threadgroup IoVertexOut &&) ray_data,120
void (threadgroup_imageblock IoVertexOut &&) ray_data,120
void (ray_data IoVertexOut &&) ray_data,120
void (IoVertexOut &&) ray_data,120
void (ray_data IoVertexOut &&),120
void (const ray_data IoFragOutA &) threadgroup,120
void (const device IoFragOutA &) ray_data,120
void (const threadgroup IoFragOutA &) ray_data,120
void (const constant IoFragOutA &) ray_data,120
void (const threadgroup_imageblock IoFragOutA &) ray_data,120
void (const ray_data IoFragOutA &) ray_data,120
void (const IoFragOutA &) ray_data,120
void (const ray_data IoFragOutA &),120
void (ray_data IoFragOutA &&) threadgroup,120
void (device IoFragOutA &&) ray_data,120
void (threadgroup IoFragOutA &&) ray_data,120
void (threadgroup_imageblock IoFragOutA &&) ray_data,120
void (ray_data IoFragOutA &&) ray_data,120
void (IoFragOutA &&) ray_data,120
void (ray_data IoFragOutA &&),120
void (const ray_data IoFragOutG &) threadgroup,120
void (const device IoFragOutG &) ray_data,120
void (const threadgroup IoFragOutG &) ray_data,120
void (const constant IoFragOutG &) ray_data,120
void (const threadgroup_imageblock IoFragOutG &) ray_data,120
void (const ray_data IoFragOutG &) ray_data,120
void (const IoFragOutG &) ray_data,120
void (const ray_data IoFragOutG &),120
void (ray_data IoFragOutG &&) threadgroup,120
void (device IoFragOutG &&) ray_data,120
void (threadgroup IoFragOutG &&) ray_data,120
void (threadgroup_imageblock IoFragOutG &&) ray_data,120
void (ray_data IoFragOutG &&) ray_data,120
void (IoFragOutG &&) ray_data,120
void (ray_data IoFragOutG &&),120
void (const ray_data IoFragOutL &) threadgroup,120
void (const device IoFragOutL &) ray_data,120
void (const threadgroup IoFragOutL &) ray_data,120
void (const constant IoFragOutL &) ray_data,120
void (const threadgroup_imageblock IoFragOutL &) ray_data,120
void (const ray_data IoFragOutL &) ray_data,120
void (const IoFragOutL &) ray_data,120
void (const ray_data IoFragOutL &),120
void (ray_data IoFragOutL &&) threadgroup,120
void (device IoFragOutL &&) ray_data,120
void (threadgroup IoFragOutL &&) ray_data,120
void (threadgroup_imageblock IoFragOutL &&) ray_data,120
void (ray_data IoFragOutL &&) ray_data,120
void (IoFragOutL &&) ray_data,120
void (ray_data IoFragOutL &&),120
"void (metal::raytracing::instance_acceleration_structure, visible_function_table<void>, intersection_function_table<void>, device uint *)",120
visible_function_table<void>,120
intersection_function_table<void>,120
void (const ray_data OpBox &) threadgroup,120
void (const device OpBox &) ray_data,120
void (const threadgroup OpBox &) ray_data,120
void (const constant OpBox &) ray_data,120
void (const threadgroup_imageblock OpBox &) ray_data,120
void (const ray_data OpBox &) ray_data,120
void (const OpBox &) ray_data,120
void (const ray_data OpBox &),120
void (ray_data OpBox &&) threadgroup,120
void (device OpBox &&) ray_data,120
void (threadgroup OpBox &&) ray_data,120
void (threadgroup_imageblock OpBox &&) ray_data,120
void (ray_data OpBox &&) ray_data,120
void (OpBox &&) ray_data,120
void (ray_data OpBox &&),120
void (const RayQuery &),120
void (const device RayQuery &) threadgroup,120
void (const threadgroup RayQuery &) threadgroup,120
void (const constant RayQuery &) threadgroup,120
void (const threadgroup_imageblock RayQuery &) threadgroup,120
void (const ray_data RayQuery &) threadgroup,120
void (const RayQuery &) threadgroup,120
void (const constant RayQuery &) const constant,120
void (const RayQuery &) const constant,120
void (const device RayQuery &) ray_data,120
void (const threadgroup RayQuery &) ray_data,120
void (const constant RayQuery &) ray_data,120
void (const threadgroup_imageblock RayQuery &) ray_data,120
void (const ray_data RayQuery &) ray_data,120
void (const RayQuery &) ray_data,120
void (const device RayQuery &),120
void (const threadgroup RayQuery &),120
void (const constant RayQuery &),120
void (const threadgroup_imageblock RayQuery &),120
void (const ray_data RayQuery &),120
void (RayQuery &&),120
void (device RayQuery &&) threadgroup,120
void (threadgroup RayQuery &&) threadgroup,120
void (threadgroup_imageblock RayQuery &&) threadgroup,120
void (ray_data RayQuery &&) threadgroup,120
void (RayQuery &&) threadgroup,120
void (RayQuery &&) const constant,120
void (device RayQuery &&) ray_data,120
void (threadgroup RayQuery &&) ray_data,120
void (threadgroup_imageblock RayQuery &&) ray_data,120
void (ray_data RayQuery &&) ray_data,120
void (RayQuery &&) ray_data,120
void (device RayQuery &&),120
void (threadgroup RayQuery &&),120
void (threadgroup_imageblock RayQuery &&),120
void (ray_data RayQuery &&),120
RayQuery &(const RayQuery &),120
device RayQuery &(const device RayQuery &) device,120
device RayQuery &(const threadgroup RayQuery &) device,120
device RayQuery &(const constant RayQuery &) device,120
device RayQuery &(const threadgroup_imageblock RayQuery &) device,120
device RayQuery &(const ray_data RayQuery &) device,120
device RayQuery &(const RayQuery &) device,120
threadgroup RayQuery &(const device RayQuery &) threadgroup,120
threadgroup RayQuery &(const threadgroup RayQuery &) threadgroup,120
threadgroup RayQuery &(const constant RayQuery &) threadgroup,120
threadgroup RayQuery &(const threadgroup_imageblock RayQuery &) threadgroup,120
threadgroup RayQuery &(const ray_data RayQuery &) threadgroup,120
threadgroup RayQuery &(const RayQuery &) threadgroup,120
threadgroup_imageblock RayQuery &(const device RayQuery &) threadgroup_imageblock,120
threadgroup_imageblock RayQuery &(const threadgroup RayQuery &) threadgroup_imageblock,120
threadgroup_imageblock RayQuery &(const constant RayQuery &) threadgroup_imageblock,120
threadgroup_imageblock RayQuery &(const threadgroup_imageblock RayQuery &) threadgroup_imageblock,120
threadgroup_imageblock RayQuery &(const ray_data RayQuery &) threadgroup_imageblock,120
threadgroup_imageblock RayQuery &(const RayQuery &) threadgroup_imageblock,120
ray_data RayQuery &(const device RayQuery &) ray_data,120
ray_data RayQuery &(const threadgroup RayQuery &) ray_data,120
ray_data RayQuery &(const constant RayQuery &) ray_data,120
ray_data RayQuery &(const threadgroup_imageblock RayQuery &) ray_data,120
ray_data RayQuery &(const ray_data RayQuery &) ray_data,120
ray_data RayQuery &(const RayQuery &) ray_data,120
RayQuery &(const device RayQuery &),120
RayQuery &(const threadgroup RayQuery &),120
RayQuery &(const constant RayQuery &),120
RayQuery &(const threadgroup_imageblock RayQuery &),120
RayQuery &(const ray_data RayQuery &),120
RayQuery &(RayQuery &&),120
device RayQuery &(device RayQuery &&) device,120
device RayQuery &(threadgroup RayQuery &&) device,120
device RayQuery &(threadgroup_imageblock RayQuery &&) device,120
device RayQuery &(ray_data RayQuery &&) device,120
device RayQuery &(RayQuery &&) device,120
threadgroup RayQuery &(device RayQuery &&) threadgroup,120
threadgroup RayQuery &(threadgroup RayQuery &&) threadgroup,120
threadgroup RayQuery &(threadgroup_imageblock RayQuery &&) threadgroup,120
threadgroup RayQuery &(ray_data RayQuery &&) threadgroup,120
threadgroup RayQuery &(RayQuery &&) threadgroup,120
threadgroup_imageblock RayQuery &(device RayQuery &&) threadgroup_imageblock,120
threadgroup_imageblock RayQuery &(threadgroup RayQuery &&) threadgroup_imageblock,120
threadgroup_imageblock RayQuery &(threadgroup_imageblock RayQuery &&) threadgroup_imageblock,120
threadgroup_imageblock RayQuery &(ray_data RayQuery &&) threadgroup_imageblock,120
threadgroup_imageblock RayQuery &(RayQuery &&) threadgroup_imageblock,120
ray_data RayQuery &(device RayQuery &&) ray_data,120
ray_data RayQuery &(threadgroup RayQuery &&) ray_data,120
ray_data RayQuery &(threadgroup_imageblock RayQuery &&) ray_data,120
ray_data RayQuery &(ray_data RayQuery &&) ray_data,120
ray_data RayQuery &(RayQuery &&) ray_data,120
RayQuery &(device RayQuery &&),120
RayQuery &(threadgroup RayQuery &&),120
RayQuery &(threadgroup_imageblock RayQuery &&),120
RayQuery &(ray_data RayQuery &&),120
"void (const ray_data ArrayBox<float __attribute__((ext_vector_type(4))), 2> &) threadgroup",120
"void (const device ArrayBox<float __attribute__((ext_vector_type(4))), 2> &) ray_data",120
"void (const threadgroup ArrayBox<float __attribute__((ext_vector_type(4))), 2> &) ray_data",120
"void (const constant ArrayBox<float __attribute__((ext_vector_type(4))), 2> &) ray_data",120
"void (const threadgroup_imageblock ArrayBox<float __attribute__((ext_vector_type(4))), 2> &) ray_data",120
"void (const ray_data ArrayBox<float __attribute__((ext_vector_type(4))), 2> &) ray_data",120
"void (const ArrayBox<float __attribute__((ext_vector_type(4))), 2> &) ray_data",120
"void (const ray_data ArrayBox<float __attribute__((ext_vector_type(4))), 2> &)",120
"void (ray_data ArrayBox<float __attribute__((ext_vector_type(4))), 2> &&) threadgroup",120
"void (device ArrayBox<float __attribute__((ext_vector_type(4))), 2> &&) ray_data",120
"void (threadgroup ArrayBox<float __attribute__((ext_vector_type(4))), 2> &&) ray_data",120
"void (threadgroup_imageblock ArrayBox<float __attribute__((ext_vector_type(4))), 2> &&) ray_data",120
"void (ray_data ArrayBox<float __attribute__((ext_vector_type(4))), 2> &&) ray_data",120
"void (ArrayBox<float __attribute__((ext_vector_type(4))), 2> &&) ray_data",120
"void (ray_data ArrayBox<float __attribute__((ext_vector_type(4))), 2> &&)",120
"const metal::_texture2d_sample<int, metal::access::sample, metal::memory_coherence_threadgroup>",120
"const metal::_texture2d_sample<unsigned int, metal::access::sample, metal::memory_coherence_threadgroup>",120
"void (threadgroup int *, uint)",118
"float (*)(float, int &)",118
"float (*)(float, int)",118
int (*)(float),118
"void (texture2d_ms<float, access::read>, device float *)",118
"void (depth2d<float, access::read>, device float *)",118
"float (*)(float, float, bool)",118
"void (device uchar *, device bool *)",118
"void (device ushort *, device bool *)",118
"void (device uint *, device bool *)",118
"void (device float *, device bool *)",118
"void (device uchar *, device char *)",118
"void (device ushort *, device char *)",118
"void (device uint *, device char *)",118
"void (device float *, device char *)",118
"void (device char *, device uchar *)",118
"void (device ushort *, device uchar *)",118
"void (device uint *, device uchar *)",118
"void (device float *, device uchar *)",118
"void (device char *, device short *)",118
"void (device ushort *, device short *)",118
"void (device uint *, device short *)",118
"void (device float *, device short *)",118
"void (device char *, device ushort *)",118
"void (device short *, device ushort *)",118
"void (device uint *, device ushort *)",118
"void (device float *, device ushort *)",118
"void (device char *, device int *)",118
"void (device short *, device int *)",118
"void (device uint *, device int *)",118
"void (device float *, device int *)",118
"void (device char *, device uint *)",118
"void (device short *, device uint *)",118
"void (device float *, device uint *)",118
"void (device char *, device half *)",118
"void (device short *, device half *)",118
"void (device int *, device half *)",118
"void (device float *, device half *)",118
"void (device char *, device float *)",118
"void (device short *, device float *)",118
"void (device half *, device float *)",118
"void (device float *, device float2 *)",118
"void (device float *, device float3 *)",118
"void (device float *, device float4 *)",118
"void (device half *, device half2 *)",118
"void (device half *, device half3 *)",118
"void (device half *, device half4 *)",118
"void (device int *, device int2 *)",118
"void (device int *, device int3 *)",118
"void (device int *, device int4 *)",118
"void (device uint *, device uint2 *)",118
"void (device uint *, device uint3 *)",118
"void (device uint *, device uint4 *)",118
"void (device half3 *, device float3 *)",118
"void (device int2 *, device float2 *)",118
"void (device int4 *, device float4 *)",118
"void (device uint3 *, device float3 *)",118
"void (device float2 *, device half2 *)",118
"void (device float4 *, device half4 *)",118
"void (device int3 *, device half3 *)",118
"void (device uint2 *, device half2 *)",118
"void (device uint4 *, device half4 *)",118
"void (device float3 *, device int3 *)",118
"void (device half2 *, device int2 *)",118
"void (device half4 *, device int4 *)",118
"void (device uint3 *, device int3 *)",118
"void (device float2 *, device uint2 *)",118
"void (device float4 *, device uint4 *)",118
"void (device half3 *, device uint3 *)",118
"void (device int2 *, device uint2 *)",118
"void (device int4 *, device uint4 *)",118
"void (device float *, const constant packed_float3 *)",118
"void (device float *, const constant packed_half2 *)",118
"void (device float *, const constant packed_half4 *)",118
"void (device float *, const constant packed_int3 *)",118
"void (device float *, const constant packed_uint2 *)",118
packed_uint2,118
const constant packed_uint2,118
"void (device float *, const constant packed_uint4 *)",118
"void (device float *, const constant packed_short3 *)",118
packed_short3,118
const constant packed_short3,118
"void (device float *, const constant packed_ushort2 *)",118
packed_ushort2,118
const constant packed_ushort2,118
"void (device float *, const constant packed_ushort4 *)",118
packed_ushort4,118
const constant packed_ushort4,118
"void (device float *, const constant packed_char3 *)",118
packed_char3,118
const constant packed_char3,118
"void (device float *, const constant packed_uchar2 *)",118
packed_uchar2,118
const constant packed_uchar2,118
"void (device float *, const constant packed_uchar4 *)",118
packed_uchar4,118
const constant packed_uchar4,118
void (const C &),118
void (const device C &) threadgroup,118
void (const threadgroup C &) threadgroup,118
void (const constant C &) threadgroup,118
void (const C &) threadgroup,118
void (const constant C &) const constant,118
void (const C &) const constant,118
void (const device C &),118
void (const threadgroup C &),118
void (const constant C &),118
void (C &&),118
void (device C &&) threadgroup,118
void (threadgroup C &&) threadgroup,118
void (C &&) threadgroup,118
void (C &&) const constant,118
void (device C &&),118
void (threadgroup C &&),118
Base *,118
Derived *,118
"int (*)(int, int, int, int)",118
void (device mtl::uint *),118
type-parameter-0-0,118
void (const device Vec &) threadgroup,118
void (const threadgroup Vec &) threadgroup,118
void (const constant Vec &) threadgroup,118
void (const Vec &) threadgroup,118
void (const constant Vec &) const constant,118
void (const Vec &) const constant,118
void (const device Vec &),118
void (const threadgroup Vec &),118
void (const constant Vec &),118
void (device Vec &&) threadgroup,118
void (threadgroup Vec &&) threadgroup,118
void (Vec &&) threadgroup,118
void (Vec &&) const constant,118
void (device Vec &&),118
void (threadgroup Vec &&),118
"Vec (*)(Vec, Vec)",118
const constant char[4],118
"int (*)(int, int)",118
int () const,118
void (const device P2 &) threadgroup,118
void (const threadgroup P2 &) threadgroup,118
void (const constant P2 &) threadgroup,118
void (const P2 &) threadgroup,118
void (const constant P2 &) const constant,118
void (const P2 &) const constant,118
void (const device P2 &),118
void (const threadgroup P2 &),118
void (const constant P2 &),118
void (device P2 &&) threadgroup,118
void (threadgroup P2 &&) threadgroup,118
void (P2 &&) threadgroup,118
void (P2 &&) const constant,118
void (device P2 &&),118
void (threadgroup P2 &&),118
"P2 (*)(P2, P2)",118
"void (device uint *, device uint *, device uint *, device uint *, device uint *, device uint *, device uint *, device uint *, device uint *, device uint *, device uint *, device uint *, device uint *, device uint *, device uint *, device uint *, device uint *, device uint *, device uint *, device uint *, device uint *, device uint *, device uint *, device uint *, device uint *, device uint *, device uint *, device uint *, device uint *, device uint *, device uint *)",118
"void (int, int, int, int, int, int, int, int, int, int, int, int, int, int, int, int, int, int, int, int, int, int, int, int, int, int, int, int, int, int, int, device uint *)",118
void (const constant int *),118
float4 (uint),118
"void (texture3d<float>, device float *)",118
"void (depth2d<float>, metal::sampler, device float *)",118
S &(const S &),118
device S &(const device S &) device,118
device S &(const threadgroup S &) device,118
device S &(const constant S &) device,118
device S &(const S &) device,118
threadgroup S &(const device S &) threadgroup,118
threadgroup S &(const threadgroup S &) threadgroup,118
threadgroup S &(const constant S &) threadgroup,118
threadgroup S &(const S &) threadgroup,118
S &(const device S &),118
S &(const threadgroup S &),118
S &(const constant S &),118
S &(S &&),118
device S &(device S &&) device,118
device S &(threadgroup S &&) device,118
device S &(S &&) device,118
threadgroup S &(device S &&) threadgroup,118
threadgroup S &(threadgroup S &&) threadgroup,118
threadgroup S &(S &&) threadgroup,118
S &(device S &&),118
S &(threadgroup S &&),118
void (const Dimensions &),118
void (const device Dimensions &) threadgroup,118
void (const threadgroup Dimensions &) threadgroup,118
void (const constant Dimensions &) threadgroup,118
void (const Dimensions &) threadgroup,118
void (const constant Dimensions &) const constant,118
void (const Dimensions &) const constant,118
void (const device Dimensions &),118
void (const threadgroup Dimensions &),118
void (const constant Dimensions &),118
void (Dimensions &&),118
void (device Dimensions &&) threadgroup,118
void (threadgroup Dimensions &&) threadgroup,118
void (Dimensions &&) threadgroup,118
void (Dimensions &&) const constant,118
void (device Dimensions &&),118
void (threadgroup Dimensions &&),118
void (const FO4 &),118
void (const device FO4 &) threadgroup,118
void (const threadgroup FO4 &) threadgroup,118
void (const constant FO4 &) threadgroup,118
void (const FO4 &) threadgroup,118
void (const constant FO4 &) const constant,118
void (const FO4 &) const constant,118
void (const device FO4 &),118
void (const threadgroup FO4 &),118
void (const constant FO4 &),118
void (device FO4 &&) threadgroup,118
void (threadgroup FO4 &&) threadgroup,118
void (FO4 &&) threadgroup,118
void (FO4 &&) const constant,118
void (device FO4 &&),118
void (threadgroup FO4 &&),118
FO4 (int),118
float4 (int),118
void (const VOr &),118
void (const device VOr &) threadgroup,118
void (const threadgroup VOr &) threadgroup,118
void (const constant VOr &) threadgroup,118
void (const VOr &) threadgroup,118
void (const constant VOr &) const constant,118
void (const VOr &) const constant,118
void (const device VOr &),118
void (const threadgroup VOr &),118
void (const constant VOr &),118
void (device VOr &&) threadgroup,118
void (threadgroup VOr &&) threadgroup,118
void (VOr &&) threadgroup,118
void (VOr &&) const constant,118
void (device VOr &&),118
void (threadgroup VOr &&),118
VOr (),118
float4 (VOr),118
"float4 (int, bool, float2, uint, uint)",118
"void (device uint *, uint, uint, uint, uint, uint, uint, uint, uint)",118
void (const VO4 &),118
void (const device VO4 &) threadgroup,118
void (const threadgroup VO4 &) threadgroup,118
void (const constant VO4 &) threadgroup,118
void (const VO4 &) threadgroup,118
void (const constant VO4 &) const constant,118
void (const VO4 &) const constant,118
void (const device VO4 &),118
void (const threadgroup VO4 &),118
void (const constant VO4 &),118
void (device VO4 &&) threadgroup,118
void (threadgroup VO4 &&) threadgroup,118
void (VO4 &&) threadgroup,118
void (VO4 &&) const constant,118
void (device VO4 &&),118
void (threadgroup VO4 &&),118
VO4 (),118
"VO (float4, uint, uint, uint, uint)",118
void (const VO1 &),118
void (const device VO1 &) threadgroup,118
void (const threadgroup VO1 &) threadgroup,118
void (const constant VO1 &) threadgroup,118
void (const VO1 &) threadgroup,118
void (const constant VO1 &) const constant,118
void (const VO1 &) const constant,118
void (const device VO1 &),118
void (const threadgroup VO1 &),118
void (const constant VO1 &),118
void (device VO1 &&) threadgroup,118
void (threadgroup VO1 &&) threadgroup,118
void (VO1 &&) threadgroup,118
void (VO1 &&) const constant,118
void (device VO1 &&),118
void (threadgroup VO1 &&),118
VO1 (uint),118
void (const VOu &),118
void (const device VOu &) threadgroup,118
void (const threadgroup VOu &) threadgroup,118
void (const constant VOu &) threadgroup,118
void (const VOu &) threadgroup,118
void (const constant VOu &) const constant,118
void (const VOu &) const constant,118
void (const device VOu &),118
void (const threadgroup VOu &),118
void (const constant VOu &),118
void (device VOu &&) threadgroup,118
void (threadgroup VOu &&) threadgroup,118
void (VOu &&) threadgroup,118
void (VOu &&) const constant,118
void (device VOu &&),118
void (threadgroup VOu &&),118
VOu (),118
VOut (uint),118
float4 (VOut),118
"void (texture2d<float>, metal::sampler, device float *, uint)",118
"void (texture2d<float>, device float *, uint)",118
"void (texture2d<float, access::write>, device float *, uint)",118
void (const A8 &),118
void (const device A8 &) threadgroup,118
void (const threadgroup A8 &) threadgroup,118
void (const constant A8 &) threadgroup,118
void (const A8 &) threadgroup,118
void (const constant A8 &) const constant,118
void (const A8 &) const constant,118
void (const device A8 &),118
void (const threadgroup A8 &),118
void (const constant A8 &),118
void (A8 &&),118
void (device A8 &&) threadgroup,118
void (threadgroup A8 &&) threadgroup,118
void (A8 &&) threadgroup,118
void (A8 &&) const constant,118
void (device A8 &&),118
void (threadgroup A8 &&),118
void (const A16 &),118
void (const device A16 &) threadgroup,118
void (const threadgroup A16 &) threadgroup,118
void (const constant A16 &) threadgroup,118
void (const A16 &) threadgroup,118
void (const constant A16 &) const constant,118
void (const A16 &) const constant,118
void (const device A16 &),118
void (const threadgroup A16 &),118
void (const constant A16 &),118
void (A16 &&),118
void (device A16 &&) threadgroup,118
void (threadgroup A16 &&) threadgroup,118
void (A16 &&) threadgroup,118
void (A16 &&) const constant,118
void (device A16 &&),118
void (threadgroup A16 &&),118
void (const A32 &),118
void (const device A32 &) threadgroup,118
void (const threadgroup A32 &) threadgroup,118
void (const constant A32 &) threadgroup,118
void (const A32 &) threadgroup,118
void (const constant A32 &) const constant,118
void (const A32 &) const constant,118
void (const device A32 &),118
void (const threadgroup A32 &),118
void (const constant A32 &),118
void (A32 &&),118
void (device A32 &&) threadgroup,118
void (threadgroup A32 &&) threadgroup,118
void (A32 &&) threadgroup,118
void (A32 &&) const constant,118
void (device A32 &&),118
void (threadgroup A32 &&),118
"void (device int *, const constant Pi &)",118
void (const constant ABs &),118
const constant ABs &,118
void (const Al &),118
void (const device Al &) threadgroup,118
void (const threadgroup Al &) threadgroup,118
void (const constant Al &) threadgroup,118
void (const Al &) threadgroup,118
void (const constant Al &) const constant,118
void (const Al &) const constant,118
void (const device Al &),118
void (const threadgroup Al &),118
void (const constant Al &),118
void (Al &&),118
void (device Al &&) threadgroup,118
void (threadgroup Al &&) threadgroup,118
void (Al &&) threadgroup,118
void (Al &&) const constant,118
void (device Al &&),118
void (threadgroup Al &&),118
"void (int, int, device int *)",118
"void (texturecube<float, access::write>, device float *)",118
"void (texturecube<int, access::write>, device float *)",118
"void (*)(volatile threadgroup _atomic<unsigned int> *, unsigned int, metal::memory_order)",118
"unsigned int (*)(volatile threadgroup _atomic<unsigned int> *, unsigned int, metal::memory_order)",118
"unsigned int (*)(const volatile threadgroup _atomic<unsigned int> *, metal::memory_order)",118
const volatile threadgroup _atomic<unsigned int> *,118
float4[4],118
int[8],118
void (const TGData &),118
void (const device TGData &) threadgroup,118
void (const threadgroup TGData &) threadgroup,118
void (const constant TGData &) threadgroup,118
void (const TGData &) threadgroup,118
void (const constant TGData &) const constant,118
void (const TGData &) const constant,118
void (const device TGData &),118
void (const threadgroup TGData &),118
void (const constant TGData &),118
void (TGData &&),118
void (device TGData &&) threadgroup,118
void (threadgroup TGData &&) threadgroup,118
void (TGData &&) threadgroup,118
void (TGData &&) const constant,118
void (device TGData &&),118
void (threadgroup TGData &&),118
threadgroup int[8],118
"void (device int *, device ulong *)",118
"half (half, half &)",118
"metal::half2 (metal::half2, metal::half2 &)",118
"metal::half3 (metal::half3, metal::half3 &)",118
"metal::half4 (metal::half4, metal::half4 &)",118
"float (float, float &)",118
"metal::float2 (metal::float2, metal::float2 &)",118
"metal::float3 (metal::float3, metal::float3 &)",118
"metal::float4 (metal::float4, metal::float4 &)",118
"void (depth2d<float, access::sample>, metal::sampler, device float *)",118
"void (depthcube<float, access::sample>, metal::sampler, device float *)",118
"void (device char *, device bool *)",118
"void (device short *, device bool *)",118
"void (device int *, device bool *)",118
"void (device half *, device bool *)",118
"void (device bool *, device char *)",118
"void (device short *, device char *)",118
"void (device int *, device char *)",118
"void (device half *, device char *)",118
"void (device bool *, device uchar *)",118
"void (device short *, device uchar *)",118
"void (device int *, device uchar *)",118
"void (device half *, device uchar *)",118
"void (device bool *, device short *)",118
"void (device uchar *, device short *)",118
"void (device int *, device short *)",118
"void (device half *, device short *)",118
"void (device bool *, device ushort *)",118
"void (device uchar *, device ushort *)",118
"void (device int *, device ushort *)",118
"void (device half *, device ushort *)",118
"void (device bool *, device int *)",118
"void (device uchar *, device int *)",118
"void (device ushort *, device int *)",118
"void (device half *, device int *)",118
"void (device bool *, device uint *)",118
"void (device uchar *, device uint *)",118
"void (device ushort *, device uint *)",118
"void (device half *, device uint *)",118
"void (device bool *, device half *)",118
"void (device uchar *, device half *)",118
"void (device ushort *, device half *)",118
"void (device uint *, device half *)",118
"void (device bool *, device float *)",118
"void (device uchar *, device float *)",118
"void (device ushort *, device float *)",118
"void (device uint *, device float *)",118
"void (device half2 *, device float2 *)",118
"void (device half4 *, device float4 *)",118
"void (device int3 *, device float3 *)",118
"void (device uint2 *, device float2 *)",118
"void (device uint4 *, device float4 *)",118
"void (device float3 *, device half3 *)",118
"void (device int2 *, device half2 *)",118
"void (device int4 *, device half4 *)",118
"void (device uint3 *, device half3 *)",118
"void (device float2 *, device int2 *)",118
"void (device float4 *, device int4 *)",118
"void (device half3 *, device int3 *)",118
"void (device uint2 *, device int2 *)",118
"void (device uint4 *, device int4 *)",118
"void (device float3 *, device uint3 *)",118
"void (device half2 *, device uint2 *)",118
"void (device half4 *, device uint4 *)",118
"void (device int3 *, device uint3 *)",118
"void (device float *, const constant packed_float2 *)",118
"void (device float *, const constant packed_float4 *)",118
"void (device float *, const constant packed_half3 *)",118
"void (device float *, const constant packed_int2 *)",118
"void (device float *, const constant packed_int4 *)",118
packed_int4,118
const constant packed_int4,118
"void (device float *, const constant packed_uint3 *)",118
packed_uint3,118
const constant packed_uint3,118
"void (device float *, const constant packed_short2 *)",118
packed_short2,118
const constant packed_short2,118
"void (device float *, const constant packed_short4 *)",118
packed_short4,118
const constant packed_short4,118
"void (device float *, const constant packed_ushort3 *)",118
packed_ushort3,118
const constant packed_ushort3,118
"void (device float *, const constant packed_char2 *)",118
packed_char2,118
const constant packed_char2,118
"void (device float *, const constant packed_char4 *)",118
packed_char4,118
const constant packed_char4,118
"void (device float *, const constant packed_uchar3 *)",118
packed_uchar3,118
const constant packed_uchar3,118
Base &(Base &&),118
device Base &(device Base &&) device,118
device Base &(threadgroup Base &&) device,118
device Base &(Base &&) device,118
threadgroup Base &(device Base &&) threadgroup,118
threadgroup Base &(threadgroup Base &&) threadgroup,118
threadgroup Base &(Base &&) threadgroup,118
Base &(device Base &&),118
Base &(threadgroup Base &&),118
"int (*)(int, int, int)",118
void (const Bf &),118
void (const device Bf &) threadgroup,118
void (const threadgroup Bf &) threadgroup,118
void (const constant Bf &) threadgroup,118
void (const Bf &) threadgroup,118
void (const constant Bf &) const constant,118
void (const Bf &) const constant,118
void (const device Bf &),118
void (const threadgroup Bf &),118
void (const constant Bf &),118
void (Bf &&),118
void (device Bf &&) threadgroup,118
void (threadgroup Bf &&) threadgroup,118
void (Bf &&) threadgroup,118
void (Bf &&) const constant,118
void (device Bf &&),118
void (threadgroup Bf &&),118
const constant char[22],118
const constant char[21],118
void (*)(int *),118
void (*)(device int *),118
"typename metal::enable_if<metal::is_integral<T>::value, T>::type (T)",118
"typename metal::enable_if<metal::is_integral<int>::value, int>::type",118
"typename metal::enable_if<metal::is_integral<int>::value, int>::type (*)(int)",118
"void (const constant Args &, device uint *)",118
"unsigned int (*)(unsigned int, unsigned int)",118
A *,118
B *,118
Wrap<T>,118
Wrap0<T>,118
Wrap1<T>,118
Wrap2<T>,118
Wrap3<T>,118
Wrap4<T>,118
Wrap5<T>,118
Wrap6<T>,118
Wrap7<T>,118
Wrap8<T>,118
Wrap9<T>,118
Wrap10<T>,118
Wrap11<T>,118
Wrap12<T>,118
Wrap13<T>,118
Wrap14<T>,118
Wrap15<T>,118
Wrap16<T>,118
Wrap17<T>,118
Wrap18<T>,118
Wrap19<T>,118
Wrap20<T>,118
Wrap21<T>,118
Wrap22<T>,118
Wrap23<T>,118
Wrap24<T>,118
Wrap25<T>,118
Wrap26<T>,118
Wrap27<T>,118
Wrap28<T>,118
Wrap29<T>,118
Wrap30<T>,118
Wrap31<T>,118
Wrap32<T>,118
Wrap33<T>,118
Wrap34<T>,118
Wrap35<T>,118
Wrap36<T>,118
Wrap37<T>,118
Wrap38<T>,118
Wrap39<T>,118
Wrap40<T>,118
Wrap41<T>,118
Wrap42<T>,118
Wrap43<T>,118
Wrap44<T>,118
Wrap45<T>,118
Wrap46<T>,118
Wrap47<T>,118
Wrap48<T>,118
Wrap49<T>,118
Wrap50<T>,118
Wrap51<T>,118
Wrap52<T>,118
Wrap53<T>,118
Wrap54<T>,118
Wrap55<T>,118
Wrap56<T>,118
Wrap57<T>,118
Wrap58<T>,118
Wrap59<T>,118
Wrap60<T>,118
Wrap61<T>,118
Wrap62<T>,118
Wrap63<T>,118
Wrap64<T>,118
Wrap65<T>,118
Wrap66<T>,118
Wrap67<T>,118
Wrap68<T>,118
Wrap69<T>,118
Wrap70<T>,118
Wrap71<T>,118
Wrap72<T>,118
Wrap73<T>,118
Wrap74<T>,118
Wrap75<T>,118
Wrap76<T>,118
Wrap77<T>,118
Wrap78<T>,118
Wrap79<T>,118
Wrap80<T>,118
Wrap81<T>,118
Wrap82<T>,118
Wrap83<T>,118
Wrap84<T>,118
Wrap85<T>,118
Wrap86<T>,118
Wrap87<T>,118
Wrap88<T>,118
Wrap89<T>,118
Wrap90<T>,118
Wrap91<T>,118
Wrap92<T>,118
Wrap93<T>,118
Wrap94<T>,118
Wrap95<T>,118
Wrap96<T>,118
Wrap97<T>,118
Wrap98<T>,118
"void (uint, uint, uint, uint, uint, uint, uint, uint, uint, uint, uint, uint, uint, uint, uint, uint, uint, uint, uint, uint, uint, uint, uint, uint, uint, uint, uint, uint, uint, uint, uint, uint, uint, uint, uint, uint, uint, uint, uint, uint, uint, uint, uint, uint, uint, uint, uint, uint, uint, uint, uint, uint, uint, uint, uint, uint, uint, uint, uint, uint, uint, uint, uint, uint)",118
"void (int, int, int, int, int, int, int, int, int, int, int, int, int, int, int, int, device uint *)",118
void (VI),118
VI,118
void (const V &),118
void (const device V &) threadgroup,118
void (const threadgroup V &) threadgroup,118
void (const constant V &) threadgroup,118
void (const V &) threadgroup,118
void (const constant V &) const constant,118
void (const V &) const constant,118
void (const device V &),118
void (const threadgroup V &),118
void (const constant V &),118
void (device V &&) threadgroup,118
void (threadgroup V &&) threadgroup,118
void (V &&) threadgroup,118
void (V &&) const constant,118
void (device V &&),118
void (threadgroup V &&),118
V (),118
"void (texture2d<float>, texture2d<float>)",118
void (const FO2 &),118
void (const device FO2 &) threadgroup,118
void (const threadgroup FO2 &) threadgroup,118
void (const constant FO2 &) threadgroup,118
void (const FO2 &) threadgroup,118
void (const constant FO2 &) const constant,118
void (const FO2 &) const constant,118
void (const device FO2 &),118
void (const threadgroup FO2 &),118
void (const constant FO2 &),118
void (device FO2 &&) threadgroup,118
void (threadgroup FO2 &&) threadgroup,118
void (FO2 &&) threadgroup,118
void (FO2 &&) const constant,118
void (device FO2 &&),118
void (threadgroup FO2 &&),118
FO2 (int),118
void (const FO &),118
void (const device FO &) threadgroup,118
void (const threadgroup FO &) threadgroup,118
void (const constant FO &) threadgroup,118
void (const FO &) threadgroup,118
void (const constant FO &) const constant,118
void (const FO &) const constant,118
void (const device FO &),118
void (const threadgroup FO &),118
void (const constant FO &),118
void (device FO &&) threadgroup,118
void (threadgroup FO &&) threadgroup,118
void (FO &&) threadgroup,118
void (FO &&) const constant,118
void (device FO &&),118
void (threadgroup FO &&),118
FO (int),118
void (const FOm &),118
void (const device FOm &) threadgroup,118
void (const threadgroup FOm &) threadgroup,118
void (const constant FOm &) threadgroup,118
void (const FOm &) threadgroup,118
void (const constant FOm &) const constant,118
void (const FOm &) const constant,118
void (const device FOm &),118
void (const threadgroup FOm &),118
void (const constant FOm &),118
void (device FOm &&) threadgroup,118
void (threadgroup FOm &&) threadgroup,118
void (FOm &&) threadgroup,118
void (FOm &&) const constant,118
void (device FOm &&),118
void (threadgroup FOm &&),118
"FOm (int, uint)",118
"void (KP, device uint *)",118
KP,118
void (const VOc &),118
void (const device VOc &) threadgroup,118
void (const threadgroup VOc &) threadgroup,118
void (const constant VOc &) threadgroup,118
void (const VOc &) threadgroup,118
void (const constant VOc &) const constant,118
void (const VOc &) const constant,118
void (const device VOc &),118
void (const threadgroup VOc &),118
void (const constant VOc &),118
void (device VOc &&) threadgroup,118
void (threadgroup VOc &&) threadgroup,118
void (VOc &&) threadgroup,118
void (VOc &&) const constant,118
void (device VOc &&),118
void (threadgroup VOc &&),118
VOc (),118
"VO (float4, float4)",118
void (const VOp &),118
void (const device VOp &) threadgroup,118
void (const threadgroup VOp &) threadgroup,118
void (const constant VOp &) threadgroup,118
void (const VOp &) threadgroup,118
void (const constant VOp &) const constant,118
void (const VOp &) const constant,118
void (const device VOp &),118
void (const threadgroup VOp &),118
void (const constant VOp &),118
void (device VOp &&) threadgroup,118
void (threadgroup VOp &&) threadgroup,118
void (VOp &&) threadgroup,118
void (VOp &&) const constant,118
void (device VOp &&),118
void (threadgroup VOp &&),118
VOp (),118
"VOut (VIn, uint)",118
void (device uint16_t *),118
"void (device float *, const constant Ph &)",118
"void (device float *, const constant Ps &)",118
void (const constant AB &),118
const constant AB &,118
"void (const constant float *, device float *)",118
void (const PM &),118
void (const device PM &) threadgroup,118
void (const threadgroup PM &) threadgroup,118
void (const constant PM &) threadgroup,118
void (const PM &) threadgroup,118
void (const constant PM &) const constant,118
void (const PM &) const constant,118
void (const device PM &),118
void (const threadgroup PM &),118
void (const constant PM &),118
void (PM &&),118
void (device PM &&) threadgroup,118
void (threadgroup PM &&) threadgroup,118
void (PM &&) threadgroup,118
void (PM &&) const constant,118
void (device PM &&),118
void (threadgroup PM &&),118
"void (int, int, device half *)",118
"void (texture2d<half, access::write>, device float *)",118
"void (texture2d<int, access::write>, device float *)",118
"void (texture2d<uint, access::write>, device float *)",118
"void (texture2d_array<half, access::write>, device float *)",118
"void (texture2d_array<int, access::write>, device float *)",118
"void (texture2d_array<uint, access::write>, device float *)",118
"void (texture1d<half, access::write>, device float *)",118
"void (texture1d<int, access::write>, device float *)",118
"void (texture1d<uint, access::write>, device float *)",118
"void (texture3d<half, access::write>, device float *)",118
"void (texture3d<int, access::write>, device float *)",118
"void (texture3d<uint, access::write>, device float *)",118
"void (texturecube<half, access::write>, device float *)",118
"void (texturecube<uint, access::write>, device float *)",118
float4[16],118
void (const AlignedTG &),118
void (const device AlignedTG &) threadgroup,118
void (const threadgroup AlignedTG &) threadgroup,118
void (const constant AlignedTG &) threadgroup,118
void (const AlignedTG &) threadgroup,118
void (const constant AlignedTG &) const constant,118
void (const AlignedTG &) const constant,118
void (const device AlignedTG &),118
void (const threadgroup AlignedTG &),118
void (const constant AlignedTG &),118
void (AlignedTG &&),118
void (device AlignedTG &&) threadgroup,118
void (threadgroup AlignedTG &&) threadgroup,118
void (AlignedTG &&) threadgroup,118
void (AlignedTG &&) const constant,118
void (device AlignedTG &&),118
void (threadgroup AlignedTG &&),118
"void (device uint *, const constant uint &, uint)",118
packed_float3[32],118
packed_half4[32],118
void (const PackedTG &),118
void (const device PackedTG &) threadgroup,118
void (const threadgroup PackedTG &) threadgroup,118
void (const constant PackedTG &) threadgroup,118
void (const PackedTG &) threadgroup,118
void (const constant PackedTG &) const constant,118
void (const PackedTG &) const constant,118
void (const device PackedTG &),118
void (const threadgroup PackedTG &),118
void (const constant PackedTG &),118
void (PackedTG &&),118
void (device PackedTG &&) threadgroup,118
void (threadgroup PackedTG &&) threadgroup,118
void (PackedTG &&) threadgroup,118
void (PackedTG &&) const constant,118
void (device PackedTG &&),118
void (threadgroup PackedTG &&),118
threadgroup packed_half4 *,118
threadgroup packed_half4[32],118
"void (device uint *, int)",118
"const metal::_texture2d_array_read<half, metal::access::read, metal::__memory_coherence_threadgroup>",116
"const metal::_texture2d_array_read<int, metal::access::read, metal::__memory_coherence_threadgroup>",116
"const metal::_texture2d_array_read<unsigned int, metal::access::read, metal::__memory_coherence_threadgroup>",116
char[36],96
char[24],96
char[124],96
char[12],96
char[4088],96
void *(unsigned int),96
"metal::mem_flags (metal::mem_flags, metal::mem_flags)",96
"const metal::raytracing::_intersector_impl<metal::raytracing::intersector<metal::raytracing::instancing>, void>::result_type",96
"const constant metal::texture2d<float, metal::access::sample, metal::memory_coherence_threadgroup> &(metal::size_t) const constant",96
"bool (*)(volatile device coherent(device) _atomic<unsigned int> *, unsigned int *, unsigned int, metal::memory_order, metal::memory_order)",96
"const metal::_texture2d_read<float, metal::access::sample, metal::memory_coherence_threadgroup>",96
"const metal::_texture3d_sample<half, metal::access::sample, metal::memory_coherence_threadgroup>",96
"const metal::_texture3d_sample<int, metal::access::sample, metal::memory_coherence_threadgroup>",96
"const metal::_texture3d_sample<unsigned int, metal::access::sample, metal::memory_coherence_threadgroup>",96
"const metal::_texture2d_array<float, metal::access::read, metal::memory_coherence_threadgroup>",96
"const metal::_texture3d<float, metal::access::read, metal::memory_coherence_threadgroup>",96
"int (*)(const volatile device _atomic<int> *, metal::memory_order)",94
const volatile device _atomic<int> *,94
"const metal::_depth2d_read<float, metal::access::read, metal::__memory_coherence_threadgroup>",94
"const metal::_depth2d_gather<float, metal::access::sample, metal::__memory_coherence_threadgroup>",94
"const metal::_depthcube_sample<float, metal::access::sample, metal::__memory_coherence_threadgroup>",94
"void (const metal::texture2d<float, metal::access::sample> &) noexcept",94
"const metal::texture2d<float, metal::access::sample>",94
"const metal::_texture2d_write<half, metal::access::write, metal::__memory_coherence_threadgroup>",94
"const metal::_texture2d_write<int, metal::access::write, metal::__memory_coherence_threadgroup>",94
"const metal::_texture2d_write<unsigned int, metal::access::write, metal::__memory_coherence_threadgroup>",94
"const metal::_texture1d_write<float, metal::access::write, metal::__memory_coherence_threadgroup>",94
"const metal::_texture1d_write<half, metal::access::write, metal::__memory_coherence_threadgroup>",94
"const metal::_texture1d_write<int, metal::access::write, metal::__memory_coherence_threadgroup>",94
"const metal::_texture1d_write<unsigned int, metal::access::write, metal::__memory_coherence_threadgroup>",94
"const metal::_texture3d_write<half, metal::access::write, metal::__memory_coherence_threadgroup>",94
"const metal::_texture3d_write<int, metal::access::write, metal::__memory_coherence_threadgroup>",94
"const metal::_texture3d_write<unsigned int, metal::access::write, metal::__memory_coherence_threadgroup>",94
"void (texturecube_array<float, access::sample>, metal::sampler, device float *)",94
void (const object_data AbiStruct &) threadgroup,88
void (const object_data AbiStruct &) ray_data,88
void (const object_data AbiStruct &),88
void (object_data AbiStruct &&) threadgroup,88
void (object_data AbiStruct &&) ray_data,88
void (object_data AbiStruct &&),88
device AbiStruct &(object_data AbiStruct &&) device,88
threadgroup AbiStruct &(object_data AbiStruct &&) threadgroup,88
threadgroup_imageblock AbiStruct &(object_data AbiStruct &&) threadgroup_imageblock,88
ray_data AbiStruct &(object_data AbiStruct &&) ray_data,88
object_data AbiStruct &(device AbiStruct &&) object_data,88
object_data AbiStruct &(threadgroup AbiStruct &&) object_data,88
object_data AbiStruct &(threadgroup_imageblock AbiStruct &&) object_data,88
object_data AbiStruct &(ray_data AbiStruct &&) object_data,88
object_data AbiStruct &(object_data AbiStruct &&) object_data,88
object_data AbiStruct &(AbiStruct &&) object_data,88
AbiStruct &(object_data AbiStruct &&),88
void (const object_data AddressBox &) threadgroup,88
void (const object_data AddressBox &) ray_data,88
void (const object_data AddressBox &),88
void (object_data AddressBox &&) threadgroup,88
void (object_data AddressBox &&) ray_data,88
void (object_data AddressBox &&),88
void (const object_data RayPayload &) threadgroup,88
void (const object_data RayPayload &) ray_data,88
void (const object_data RayPayload &),88
void (object_data RayPayload &&) threadgroup,88
void (object_data RayPayload &&) ray_data,88
void (object_data RayPayload &&),88
device RayPayload &(const object_data RayPayload &) device,88
threadgroup RayPayload &(const object_data RayPayload &) threadgroup,88
threadgroup_imageblock RayPayload &(const object_data RayPayload &) threadgroup_imageblock,88
ray_data RayPayload &(const object_data RayPayload &) ray_data,88
object_data RayPayload &(const device RayPayload &) object_data,88
object_data RayPayload &(const threadgroup RayPayload &) object_data,88
object_data RayPayload &(const constant RayPayload &) object_data,88
object_data RayPayload &(const threadgroup_imageblock RayPayload &) object_data,88
object_data RayPayload &(const ray_data RayPayload &) object_data,88
object_data RayPayload &(const object_data RayPayload &) object_data,88
object_data RayPayload &(const RayPayload &) object_data,88
RayPayload &(const object_data RayPayload &),88
device RayPayload &(object_data RayPayload &&) device,88
threadgroup RayPayload &(object_data RayPayload &&) threadgroup,88
threadgroup_imageblock RayPayload &(object_data RayPayload &&) threadgroup_imageblock,88
ray_data RayPayload &(object_data RayPayload &&) ray_data,88
object_data RayPayload &(device RayPayload &&) object_data,88
object_data RayPayload &(threadgroup RayPayload &&) object_data,88
object_data RayPayload &(threadgroup_imageblock RayPayload &&) object_data,88
object_data RayPayload &(ray_data RayPayload &&) object_data,88
object_data RayPayload &(object_data RayPayload &&) object_data,88
object_data RayPayload &(RayPayload &&) object_data,88
RayPayload &(object_data RayPayload &&),88
void (const object_data ArgBufArr &) threadgroup,88
void (const object_data ArgBufArr &) ray_data,88
void (const object_data ArgBufArr &),88
void (object_data ArgBufArr &&) threadgroup,88
void (object_data ArgBufArr &&) ray_data,88
void (object_data ArgBufArr &&),88
device ArgBufArr &(const object_data ArgBufArr &) device,88
threadgroup ArgBufArr &(const object_data ArgBufArr &) threadgroup,88
threadgroup_imageblock ArgBufArr &(const object_data ArgBufArr &) threadgroup_imageblock,88
ray_data ArgBufArr &(const object_data ArgBufArr &) ray_data,88
object_data ArgBufArr &(const device ArgBufArr &) object_data,88
object_data ArgBufArr &(const threadgroup ArgBufArr &) object_data,88
object_data ArgBufArr &(const constant ArgBufArr &) object_data,88
object_data ArgBufArr &(const threadgroup_imageblock ArgBufArr &) object_data,88
object_data ArgBufArr &(const ray_data ArgBufArr &) object_data,88
object_data ArgBufArr &(const object_data ArgBufArr &) object_data,88
object_data ArgBufArr &(const ArgBufArr &) object_data,88
ArgBufArr &(const object_data ArgBufArr &),88
device ArgBufArr &(object_data ArgBufArr &&) device,88
threadgroup ArgBufArr &(object_data ArgBufArr &&) threadgroup,88
threadgroup_imageblock ArgBufArr &(object_data ArgBufArr &&) threadgroup_imageblock,88
ray_data ArgBufArr &(object_data ArgBufArr &&) ray_data,88
object_data ArgBufArr &(device ArgBufArr &&) object_data,88
object_data ArgBufArr &(threadgroup ArgBufArr &&) object_data,88
object_data ArgBufArr &(threadgroup_imageblock ArgBufArr &&) object_data,88
object_data ArgBufArr &(ray_data ArgBufArr &&) object_data,88
object_data ArgBufArr &(object_data ArgBufArr &&) object_data,88
object_data ArgBufArr &(ArgBufArr &&) object_data,88
ArgBufArr &(object_data ArgBufArr &&),88
void (const object_data NestedLayout &) threadgroup,88
void (const object_data NestedLayout &) ray_data,88
void (const object_data NestedLayout &),88
void (object_data NestedLayout &&) threadgroup,88
void (object_data NestedLayout &&) ray_data,88
void (object_data NestedLayout &&),88
device Base &(const object_data Base &) device,88
threadgroup Base &(const object_data Base &) threadgroup,88
threadgroup_imageblock Base &(const object_data Base &) threadgroup_imageblock,88
ray_data Base &(const object_data Base &) ray_data,88
object_data Base &(const device Base &) object_data,88
object_data Base &(const threadgroup Base &) object_data,88
object_data Base &(const constant Base &) object_data,88
object_data Base &(const threadgroup_imageblock Base &) object_data,88
object_data Base &(const ray_data Base &) object_data,88
object_data Base &(const object_data Base &) object_data,88
object_data Base &(const Base &) object_data,88
Base &(const object_data Base &),88
void (const object_data Derived &) threadgroup,88
void (const object_data Derived &) ray_data,88
void (const object_data Derived &),88
void (object_data Derived &&) threadgroup,88
void (object_data Derived &&) ray_data,88
void (object_data Derived &&),88
void (const object_data U &) threadgroup,88
void (const object_data U &) ray_data,88
void (const object_data U &),88
void (object_data U &&) threadgroup,88
void (object_data U &&) ray_data,88
void (object_data U &&),88
void (const object_data S &) threadgroup,88
void (const object_data S &) ray_data,88
void (const object_data S &),88
void (object_data S &&) threadgroup,88
void (object_data S &&) ray_data,88
void (object_data S &&),88
void (const object_data VO &) threadgroup,88
void (const object_data VO &) ray_data,88
void (const object_data VO &),88
void (object_data VO &&) threadgroup,88
void (object_data VO &&) ray_data,88
void (object_data VO &&),88
void (const object_data VOut &) threadgroup,88
void (const object_data VOut &) ray_data,88
void (const object_data VOut &),88
void (object_data VOut &&) threadgroup,88
void (object_data VOut &&) ray_data,88
void (object_data VOut &&),88
void (const object_data IoVertexOut &) threadgroup,88
void (const object_data IoVertexOut &) ray_data,88
void (const object_data IoVertexOut &),88
void (object_data IoVertexOut &&) threadgroup,88
void (object_data IoVertexOut &&) ray_data,88
void (object_data IoVertexOut &&),88
void (const object_data IoFragOutA &) threadgroup,88
void (const object_data IoFragOutA &) ray_data,88
void (const object_data IoFragOutA &),88
void (object_data IoFragOutA &&) threadgroup,88
void (object_data IoFragOutA &&) ray_data,88
void (object_data IoFragOutA &&),88
void (const object_data IoFragOutG &) threadgroup,88
void (const object_data IoFragOutG &) ray_data,88
void (const object_data IoFragOutG &),88
void (object_data IoFragOutG &&) threadgroup,88
void (object_data IoFragOutG &&) ray_data,88
void (object_data IoFragOutG &&),88
void (const object_data IoFragOutL &) threadgroup,88
void (const object_data IoFragOutL &) ray_data,88
void (const object_data IoFragOutL &),88
void (object_data IoFragOutL &&) threadgroup,88
void (object_data IoFragOutL &&) ray_data,88
void (object_data IoFragOutL &&),88
uint (*)(uint) [[visible]],88
void (const device MeshVertexOut &) threadgroup,88
void (const threadgroup MeshVertexOut &) threadgroup,88
void (const constant MeshVertexOut &) threadgroup,88
void (const threadgroup_imageblock MeshVertexOut &) threadgroup,88
void (const ray_data MeshVertexOut &) threadgroup,88
void (const object_data MeshVertexOut &) threadgroup,88
void (const MeshVertexOut &) threadgroup,88
void (const constant MeshVertexOut &) const constant,88
void (const MeshVertexOut &) const constant,88
void (const device MeshVertexOut &) ray_data,88
void (const threadgroup MeshVertexOut &) ray_data,88
void (const constant MeshVertexOut &) ray_data,88
void (const threadgroup_imageblock MeshVertexOut &) ray_data,88
void (const ray_data MeshVertexOut &) ray_data,88
void (const object_data MeshVertexOut &) ray_data,88
void (const MeshVertexOut &) ray_data,88
void (const device MeshVertexOut &),88
void (const threadgroup MeshVertexOut &),88
void (const constant MeshVertexOut &),88
void (const threadgroup_imageblock MeshVertexOut &),88
void (const ray_data MeshVertexOut &),88
void (const object_data MeshVertexOut &),88
void (MeshVertexOut &&),88
void (device MeshVertexOut &&) threadgroup,88
void (threadgroup MeshVertexOut &&) threadgroup,88
void (threadgroup_imageblock MeshVertexOut &&) threadgroup,88
void (ray_data MeshVertexOut &&) threadgroup,88
void (object_data MeshVertexOut &&) threadgroup,88
void (MeshVertexOut &&) threadgroup,88
void (MeshVertexOut &&) const constant,88
void (device MeshVertexOut &&) ray_data,88
void (threadgroup MeshVertexOut &&) ray_data,88
void (threadgroup_imageblock MeshVertexOut &&) ray_data,88
void (ray_data MeshVertexOut &&) ray_data,88
void (object_data MeshVertexOut &&) ray_data,88
void (MeshVertexOut &&) ray_data,88
void (device MeshVertexOut &&),88
void (threadgroup MeshVertexOut &&),88
void (threadgroup_imageblock MeshVertexOut &&),88
void (ray_data MeshVertexOut &&),88
void (object_data MeshVertexOut &&),88
"mesh<MeshVertexOut, MeshPrimOut, 64, 128, metal::topology::triangle>",88
"void (MeshType, uint)",88
"metal::_mesh_vertex_ext<metal::mesh<MeshVertexOut, MeshPrimOut, 64, 128, metal::topology::triangle>, MeshVertexOut>",88
"void (object_data MeshObjectPayload &, metal::mesh_grid_properties, uint)",88
object_data MeshObjectPayload &,88
unsigned int[4],88
"void (const FixedArray<unsigned int, 4> &)",88
"void (const device FixedArray<unsigned int, 4> &) threadgroup",88
"void (const threadgroup FixedArray<unsigned int, 4> &) threadgroup",88
"void (const constant FixedArray<unsigned int, 4> &) threadgroup",88
"void (const threadgroup_imageblock FixedArray<unsigned int, 4> &) threadgroup",88
"void (const ray_data FixedArray<unsigned int, 4> &) threadgroup",88
"void (const object_data FixedArray<unsigned int, 4> &) threadgroup",88
"void (const FixedArray<unsigned int, 4> &) threadgroup",88
"void (const constant FixedArray<unsigned int, 4> &) const constant",88
"void (const FixedArray<unsigned int, 4> &) const constant",88
"void (const device FixedArray<unsigned int, 4> &) ray_data",88
"void (const threadgroup FixedArray<unsigned int, 4> &) ray_data",88
"void (const constant FixedArray<unsigned int, 4> &) ray_data",88
"void (const threadgroup_imageblock FixedArray<unsigned int, 4> &) ray_data",88
"void (const ray_data FixedArray<unsigned int, 4> &) ray_data",88
"void (const object_data FixedArray<unsigned int, 4> &) ray_data",88
"void (const FixedArray<unsigned int, 4> &) ray_data",88
"void (const device FixedArray<unsigned int, 4> &)",88
"void (const threadgroup FixedArray<unsigned int, 4> &)",88
"void (const constant FixedArray<unsigned int, 4> &)",88
"void (const threadgroup_imageblock FixedArray<unsigned int, 4> &)",88
"void (const ray_data FixedArray<unsigned int, 4> &)",88
"void (const object_data FixedArray<unsigned int, 4> &)",88
"void (FixedArray<unsigned int, 4> &&)",88
"void (device FixedArray<unsigned int, 4> &&) threadgroup",88
"void (threadgroup FixedArray<unsigned int, 4> &&) threadgroup",88
"void (threadgroup_imageblock FixedArray<unsigned int, 4> &&) threadgroup",88
"void (ray_data FixedArray<unsigned int, 4> &&) threadgroup",88
"void (object_data FixedArray<unsigned int, 4> &&) threadgroup",88
"void (FixedArray<unsigned int, 4> &&) threadgroup",88
"void (FixedArray<unsigned int, 4> &&) const constant",88
"void (device FixedArray<unsigned int, 4> &&) ray_data",88
"void (threadgroup FixedArray<unsigned int, 4> &&) ray_data",88
"void (threadgroup_imageblock FixedArray<unsigned int, 4> &&) ray_data",88
"void (ray_data FixedArray<unsigned int, 4> &&) ray_data",88
"void (object_data FixedArray<unsigned int, 4> &&) ray_data",88
"void (FixedArray<unsigned int, 4> &&) ray_data",88
"void (device FixedArray<unsigned int, 4> &&)",88
"void (threadgroup FixedArray<unsigned int, 4> &&)",88
"void (threadgroup_imageblock FixedArray<unsigned int, 4> &&)",88
"void (ray_data FixedArray<unsigned int, 4> &&)",88
"void (object_data FixedArray<unsigned int, 4> &&)",88
const constant char[25],88
void (const object_data OpBox &) threadgroup,88
void (const object_data OpBox &) ray_data,88
void (const object_data OpBox &),88
void (object_data OpBox &&) threadgroup,88
void (object_data OpBox &&) ray_data,88
void (object_data OpBox &&),88
void (const object_data RayQuery &) threadgroup,88
void (const object_data RayQuery &) ray_data,88
void (const object_data RayQuery &),88
void (object_data RayQuery &&) threadgroup,88
void (object_data RayQuery &&) ray_data,88
void (object_data RayQuery &&),88
device RayQuery &(const object_data RayQuery &) device,88
threadgroup RayQuery &(const object_data RayQuery &) threadgroup,88
threadgroup_imageblock RayQuery &(const object_data RayQuery &) threadgroup_imageblock,88
ray_data RayQuery &(const object_data RayQuery &) ray_data,88
object_data RayQuery &(const device RayQuery &) object_data,88
object_data RayQuery &(const threadgroup RayQuery &) object_data,88
object_data RayQuery &(const constant RayQuery &) object_data,88
object_data RayQuery &(const threadgroup_imageblock RayQuery &) object_data,88
object_data RayQuery &(const ray_data RayQuery &) object_data,88
object_data RayQuery &(const object_data RayQuery &) object_data,88
object_data RayQuery &(const RayQuery &) object_data,88
RayQuery &(const object_data RayQuery &),88
device RayQuery &(object_data RayQuery &&) device,88
threadgroup RayQuery &(object_data RayQuery &&) threadgroup,88
threadgroup_imageblock RayQuery &(object_data RayQuery &&) threadgroup_imageblock,88
ray_data RayQuery &(object_data RayQuery &&) ray_data,88
object_data RayQuery &(device RayQuery &&) object_data,88
object_data RayQuery &(threadgroup RayQuery &&) object_data,88
object_data RayQuery &(threadgroup_imageblock RayQuery &&) object_data,88
object_data RayQuery &(ray_data RayQuery &&) object_data,88
object_data RayQuery &(object_data RayQuery &&) object_data,88
object_data RayQuery &(RayQuery &&) object_data,88
RayQuery &(object_data RayQuery &&),88
"void (const object_data ArrayBox<float __attribute__((ext_vector_type(4))), 2> &) threadgroup",88
"void (const object_data ArrayBox<float __attribute__((ext_vector_type(4))), 2> &) ray_data",88
"void (const object_data ArrayBox<float __attribute__((ext_vector_type(4))), 2> &)",88
"void (object_data ArrayBox<float __attribute__((ext_vector_type(4))), 2> &&) threadgroup",88
"void (object_data ArrayBox<float __attribute__((ext_vector_type(4))), 2> &&) ray_data",88
"void (object_data ArrayBox<float __attribute__((ext_vector_type(4))), 2> &&)",88
void (const MeshVertex &) noexcept,88
const MeshVertex,88
object_data uint,88
const constant float &,88
const constant Args,86
void (const SharedArgs &),86
void (const device SharedArgs &) threadgroup,86
void (const threadgroup SharedArgs &) threadgroup,86
void (const constant SharedArgs &) threadgroup,86
void (const SharedArgs &) threadgroup,86
void (const constant SharedArgs &) const constant,86
void (const SharedArgs &) const constant,86
void (const device SharedArgs &),86
void (const threadgroup SharedArgs &),86
void (const constant SharedArgs &),86
void (SharedArgs &&),86
void (device SharedArgs &&) threadgroup,86
void (threadgroup SharedArgs &&) threadgroup,86
void (SharedArgs &&) threadgroup,86
void (SharedArgs &&) const constant,86
void (device SharedArgs &&),86
void (threadgroup SharedArgs &&),86
SharedArgs &(const SharedArgs &),86
device SharedArgs &(const device SharedArgs &) device,86
device SharedArgs &(const threadgroup SharedArgs &) device,86
device SharedArgs &(const constant SharedArgs &) device,86
device SharedArgs &(const SharedArgs &) device,86
threadgroup SharedArgs &(const device SharedArgs &) threadgroup,86
threadgroup SharedArgs &(const threadgroup SharedArgs &) threadgroup,86
threadgroup SharedArgs &(const constant SharedArgs &) threadgroup,86
threadgroup SharedArgs &(const SharedArgs &) threadgroup,86
SharedArgs &(const device SharedArgs &),86
SharedArgs &(const threadgroup SharedArgs &),86
SharedArgs &(const constant SharedArgs &),86
SharedArgs &(SharedArgs &&),86
device SharedArgs &(device SharedArgs &&) device,86
device SharedArgs &(threadgroup SharedArgs &&) device,86
device SharedArgs &(SharedArgs &&) device,86
threadgroup SharedArgs &(device SharedArgs &&) threadgroup,86
threadgroup SharedArgs &(threadgroup SharedArgs &&) threadgroup,86
threadgroup SharedArgs &(SharedArgs &&) threadgroup,86
SharedArgs &(device SharedArgs &&),86
SharedArgs &(threadgroup SharedArgs &&),86
device metal::sampler *,86
metal::sampler *,86
device ulong,84
device Base &(threadgroup_imageblock Base &&) device,78
threadgroup Base &(threadgroup_imageblock Base &&) threadgroup,78
threadgroup_imageblock Base &(device Base &&) threadgroup_imageblock,78
threadgroup_imageblock Base &(threadgroup Base &&) threadgroup_imageblock,78
threadgroup_imageblock Base &(threadgroup_imageblock Base &&) threadgroup_imageblock,78
threadgroup_imageblock Base &(Base &&) threadgroup_imageblock,78
Base &(threadgroup_imageblock Base &&),78
void (const threadgroup_imageblock Bf &) threadgroup,78
void (const threadgroup_imageblock Bf &),78
void (threadgroup_imageblock Bf &&) threadgroup,78
void (threadgroup_imageblock Bf &&),78
void (const threadgroup_imageblock V &) threadgroup,78
void (const threadgroup_imageblock V &),78
void (threadgroup_imageblock V &&) threadgroup,78
void (threadgroup_imageblock V &&),78
void (const threadgroup_imageblock FO2 &) threadgroup,78
void (const threadgroup_imageblock FO2 &),78
void (threadgroup_imageblock FO2 &&) threadgroup,78
void (threadgroup_imageblock FO2 &&),78
void (const threadgroup_imageblock FO &) threadgroup,78
void (const threadgroup_imageblock FO &),78
void (threadgroup_imageblock FO &&) threadgroup,78
void (threadgroup_imageblock FO &&),78
void (const threadgroup_imageblock FOm &) threadgroup,78
void (const threadgroup_imageblock FOm &),78
void (threadgroup_imageblock FOm &&) threadgroup,78
void (threadgroup_imageblock FOm &&),78
void (const threadgroup_imageblock VOc &) threadgroup,78
void (const threadgroup_imageblock VOc &),78
void (threadgroup_imageblock VOc &&) threadgroup,78
void (threadgroup_imageblock VOc &&),78
void (const threadgroup_imageblock VOp &) threadgroup,78
void (const threadgroup_imageblock VOp &),78
void (threadgroup_imageblock VOp &&) threadgroup,78
void (threadgroup_imageblock VOp &&),78
void (const threadgroup_imageblock SharedArgs &) threadgroup,78
void (const threadgroup_imageblock SharedArgs &),78
void (threadgroup_imageblock SharedArgs &&) threadgroup,78
void (threadgroup_imageblock SharedArgs &&),78
device SharedArgs &(const threadgroup_imageblock SharedArgs &) device,78
threadgroup SharedArgs &(const threadgroup_imageblock SharedArgs &) threadgroup,78
threadgroup_imageblock SharedArgs &(const device SharedArgs &) threadgroup_imageblock,78
threadgroup_imageblock SharedArgs &(const threadgroup SharedArgs &) threadgroup_imageblock,78
threadgroup_imageblock SharedArgs &(const constant SharedArgs &) threadgroup_imageblock,78
threadgroup_imageblock SharedArgs &(const threadgroup_imageblock SharedArgs &) threadgroup_imageblock,78
threadgroup_imageblock SharedArgs &(const SharedArgs &) threadgroup_imageblock,78
SharedArgs &(const threadgroup_imageblock SharedArgs &),78
device SharedArgs &(threadgroup_imageblock SharedArgs &&) device,78
threadgroup SharedArgs &(threadgroup_imageblock SharedArgs &&) threadgroup,78
threadgroup_imageblock SharedArgs &(device SharedArgs &&) threadgroup_imageblock,78
threadgroup_imageblock SharedArgs &(threadgroup SharedArgs &&) threadgroup_imageblock,78
threadgroup_imageblock SharedArgs &(threadgroup_imageblock SharedArgs &&) threadgroup_imageblock,78
threadgroup_imageblock SharedArgs &(SharedArgs &&) threadgroup_imageblock,78
SharedArgs &(threadgroup_imageblock SharedArgs &&),78
void (const threadgroup_imageblock PM &) threadgroup,78
void (const threadgroup_imageblock PM &),78
void (threadgroup_imageblock PM &&) threadgroup,78
void (threadgroup_imageblock PM &&),78
"const metal::_texturecube_read<float, metal::access::read, metal::__memory_coherence_threadgroup>",78
void (const threadgroup_imageblock AlignedTG &) threadgroup,78
void (const threadgroup_imageblock AlignedTG &),78
void (threadgroup_imageblock AlignedTG &&) threadgroup,78
void (threadgroup_imageblock AlignedTG &&),78
void (const threadgroup_imageblock PackedTG &) threadgroup,78
void (const threadgroup_imageblock PackedTG &),78
void (threadgroup_imageblock PackedTG &&) threadgroup,78
void (threadgroup_imageblock PackedTG &&),78
void (const threadgroup_imageblock C &) threadgroup,78
void (const threadgroup_imageblock C &),78
void (threadgroup_imageblock C &&) threadgroup,78
void (threadgroup_imageblock C &&),78
void (const threadgroup_imageblock Vec &) threadgroup,78
void (const threadgroup_imageblock Vec &),78
void (threadgroup_imageblock Vec &&) threadgroup,78
void (threadgroup_imageblock Vec &&),78
void (const threadgroup_imageblock P2 &) threadgroup,78
void (const threadgroup_imageblock P2 &),78
void (threadgroup_imageblock P2 &&) threadgroup,78
void (threadgroup_imageblock P2 &&),78
device S &(const threadgroup_imageblock S &) device,78
threadgroup S &(const threadgroup_imageblock S &) threadgroup,78
threadgroup_imageblock S &(const device S &) threadgroup_imageblock,78
threadgroup_imageblock S &(const threadgroup S &) threadgroup_imageblock,78
threadgroup_imageblock S &(const constant S &) threadgroup_imageblock,78
threadgroup_imageblock S &(const threadgroup_imageblock S &) threadgroup_imageblock,78
threadgroup_imageblock S &(const S &) threadgroup_imageblock,78
S &(const threadgroup_imageblock S &),78
device S &(threadgroup_imageblock S &&) device,78
threadgroup S &(threadgroup_imageblock S &&) threadgroup,78
threadgroup_imageblock S &(device S &&) threadgroup_imageblock,78
threadgroup_imageblock S &(threadgroup S &&) threadgroup_imageblock,78
threadgroup_imageblock S &(threadgroup_imageblock S &&) threadgroup_imageblock,78
threadgroup_imageblock S &(S &&) threadgroup_imageblock,78
S &(threadgroup_imageblock S &&),78
void (const threadgroup_imageblock Dimensions &) threadgroup,78
void (const threadgroup_imageblock Dimensions &),78
void (threadgroup_imageblock Dimensions &&) threadgroup,78
void (threadgroup_imageblock Dimensions &&),78
void (const threadgroup_imageblock FO4 &) threadgroup,78
void (const threadgroup_imageblock FO4 &),78
void (threadgroup_imageblock FO4 &&) threadgroup,78
void (threadgroup_imageblock FO4 &&),78
void (const threadgroup_imageblock VOr &) threadgroup,78
void (const threadgroup_imageblock VOr &),78
void (threadgroup_imageblock VOr &&) threadgroup,78
void (threadgroup_imageblock VOr &&),78
void (const threadgroup_imageblock VO4 &) threadgroup,78
void (const threadgroup_imageblock VO4 &),78
void (threadgroup_imageblock VO4 &&) threadgroup,78
void (threadgroup_imageblock VO4 &&),78
void (const threadgroup_imageblock VO1 &) threadgroup,78
void (const threadgroup_imageblock VO1 &),78
void (threadgroup_imageblock VO1 &&) threadgroup,78
void (threadgroup_imageblock VO1 &&),78
void (const threadgroup_imageblock VOu &) threadgroup,78
void (const threadgroup_imageblock VOu &),78
void (threadgroup_imageblock VOu &&) threadgroup,78
void (threadgroup_imageblock VOu &&),78
void (const threadgroup_imageblock A8 &) threadgroup,78
void (const threadgroup_imageblock A8 &),78
void (threadgroup_imageblock A8 &&) threadgroup,78
void (threadgroup_imageblock A8 &&),78
void (const threadgroup_imageblock A16 &) threadgroup,78
void (const threadgroup_imageblock A16 &),78
void (threadgroup_imageblock A16 &&) threadgroup,78
void (threadgroup_imageblock A16 &&),78
void (const threadgroup_imageblock A32 &) threadgroup,78
void (const threadgroup_imageblock A32 &),78
void (threadgroup_imageblock A32 &&) threadgroup,78
void (threadgroup_imageblock A32 &&),78
void (const threadgroup_imageblock Al &) threadgroup,78
void (const threadgroup_imageblock Al &),78
void (threadgroup_imageblock Al &&) threadgroup,78
void (threadgroup_imageblock Al &&),78
void (const threadgroup_imageblock TGData &) threadgroup,78
void (const threadgroup_imageblock TGData &),78
void (threadgroup_imageblock TGData &&) threadgroup,78
void (threadgroup_imageblock TGData &&),78
"void (texture_buffer<float, access::write>, device float *)",76
"void (texture_buffer<float, access::read>, device float *)",76
"void (texture_buffer<float>, metal::sampler, device float *)",76
"const metal::_texturecube_read<int, metal::access::read, metal::__memory_coherence_threadgroup>",74
"const metal::_texturecube_read<half, metal::access::read, metal::__memory_coherence_threadgroup>",74
"const metal::_texturecube_read<unsigned int, metal::access::read, metal::__memory_coherence_threadgroup>",74
"metal::raytracing::_intersector_impl<metal::raytracing::intersector<>, void>::result_type",72
device uint16_t,72
bfloat,72
"const metal::raytracing::_acceleration_structure_base<metal::raytracing::_acceleration_structure, void, metal::raytracing::instancing>",72
"const constant metal::_texture2d_sample<float, metal::access::sample, metal::memory_coherence_threadgroup>",72
"void (*)(volatile device coherent(device) _atomic<unsigned int> *, unsigned int, metal::memory_order)",72
"void (*)(volatile device coherent(device) _atomic<int> *, int, metal::memory_order)",72
"const metal::_texture2d_read<int, metal::access::read, metal::memory_coherence_threadgroup>",72
"int (int, int) const",72
const device coherent(device) Bf &,72
device coherent(device) Bf &&,72
const device coherent(device) V &,72
device coherent(device) V &&,72
const device coherent(device) FO2 &,72
device coherent(device) FO2 &&,72
const device coherent(device) FO &,72
device coherent(device) FO &&,72
const device coherent(device) FOm &,72
device coherent(device) FOm &&,72
const device coherent(device) VOc &,72
device coherent(device) VOc &&,72
const device coherent(device) VOp &,72
device coherent(device) VOp &&,72
const device coherent(device) PrimOut &,72
device coherent(device) PrimOut &&,72
const device coherent(device) MeshVertex &,72
device coherent(device) MeshVertex &&,72
const device coherent(device) PM &,72
device coherent(device) PM &&,72
"const metal::_texture2d_read<unsigned int, metal::access::read, metal::memory_coherence_threadgroup>",72
"const metal::_texture3d_read<float, metal::access::read, metal::memory_coherence_threadgroup>",72
"const metal::_texturecube_sample<half, metal::access::sample, metal::memory_coherence_threadgroup>",72
"const metal::_texturecube_sample<int, metal::access::sample, metal::memory_coherence_threadgroup>",72
"const metal::_texturecube_sample<unsigned int, metal::access::sample, metal::memory_coherence_threadgroup>",72
"const metal::_texture2d<float, metal::access::read, metal::memory_coherence_threadgroup>",72
"const metal::_texturecube<float, metal::access::read, metal::memory_coherence_threadgroup>",72
const device coherent(device) AlignedTG &,72
device coherent(device) AlignedTG &&,72
const device coherent(device) PackedTG &,72
device coherent(device) PackedTG &&,72
const device coherent(device) C &,72
device coherent(device) C &&,72
void () const,72
const device coherent(device) Vec &,72
device coherent(device) Vec &&,72
const device coherent(device) P2 &,72
device coherent(device) P2 &&,72
const device coherent(device) Dimensions &,72
device coherent(device) Dimensions &&,72
const device coherent(device) FO4 &,72
device coherent(device) FO4 &&,72
const device coherent(device) VOr &,72
device coherent(device) VOr &&,72
const device coherent(device) VO4 &,72
device coherent(device) VO4 &&,72
const device coherent(device) VO1 &,72
device coherent(device) VO1 &&,72
const device coherent(device) VOu &,72
device coherent(device) VOu &&,72
const device coherent(device) A8 &,72
device coherent(device) A8 &&,72
const device coherent(device) A16 &,72
device coherent(device) A16 &&,72
const device coherent(device) A32 &,72
device coherent(device) A32 &&,72
ulong,72
const device coherent(device) Al &,72
device coherent(device) Al &&,72
const device coherent(device) TGData &,72
device coherent(device) TGData &&,72
threadgroup half,68
const constant unsigned int,68
"void (device metal::atomic_uint *, device metal::atomic_int *, device int *, device uint *, uint)",66
"void (int, metal::sampler, device float *)",66
"const metal::_texture2d_array_gather<float, metal::access::sample, metal::__memory_coherence_threadgroup>",64
"const metal::_texture2d_array_gather<half, metal::access::sample, metal::__memory_coherence_threadgroup>",64
"const metal::_texture2d_array_gather<int, metal::access::sample, metal::__memory_coherence_threadgroup>",64
"const metal::_texture2d_array_gather<unsigned int, metal::access::sample, metal::__memory_coherence_threadgroup>",64
"const metal::raytracing::_intersector_impl<metal::raytracing::intersector<metal::raytracing::instancing>, void>",60
void (const metal::raytracing::ray &) noexcept,60
const metal::raytracing::ray,60
void (const metal::raytracing::_acceleration_structure<metal::raytracing::instancing> &) noexcept,60
const metal::raytracing::_acceleration_structure<metal::raytracing::instancing>,60
metal::raytracing::_intersection_result_base,60
void (const ray_data C &) threadgroup,60
void (const device C &) ray_data,60
void (const threadgroup C &) ray_data,60
void (const constant C &) ray_data,60
void (const threadgroup_imageblock C &) ray_data,60
void (const ray_data C &) ray_data,60
void (const C &) ray_data,60
void (const ray_data C &),60
void (ray_data C &&) threadgroup,60
void (device C &&) ray_data,60
void (threadgroup C &&) ray_data,60
void (threadgroup_imageblock C &&) ray_data,60
void (ray_data C &&) ray_data,60
void (C &&) ray_data,60
void (ray_data C &&),60
void (const ray_data Vec &) threadgroup,60
void (const device Vec &) ray_data,60
void (const threadgroup Vec &) ray_data,60
void (const constant Vec &) ray_data,60
void (const threadgroup_imageblock Vec &) ray_data,60
void (const ray_data Vec &) ray_data,60
void (const Vec &) ray_data,60
void (const ray_data Vec &),60
void (ray_data Vec &&) threadgroup,60
void (device Vec &&) ray_data,60
void (threadgroup Vec &&) ray_data,60
void (threadgroup_imageblock Vec &&) ray_data,60
void (ray_data Vec &&) ray_data,60
void (Vec &&) ray_data,60
void (ray_data Vec &&),60
void (const ray_data P2 &) threadgroup,60
void (const device P2 &) ray_data,60
void (const threadgroup P2 &) ray_data,60
void (const constant P2 &) ray_data,60
void (const threadgroup_imageblock P2 &) ray_data,60
void (const ray_data P2 &) ray_data,60
void (const P2 &) ray_data,60
void (const ray_data P2 &),60
void (ray_data P2 &&) threadgroup,60
void (device P2 &&) ray_data,60
void (threadgroup P2 &&) ray_data,60
void (threadgroup_imageblock P2 &&) ray_data,60
void (ray_data P2 &&) ray_data,60
void (P2 &&) ray_data,60
void (ray_data P2 &&),60
device S &(const ray_data S &) device,60
threadgroup S &(const ray_data S &) threadgroup,60
threadgroup_imageblock S &(const ray_data S &) threadgroup_imageblock,60
ray_data S &(const device S &) ray_data,60
ray_data S &(const threadgroup S &) ray_data,60
ray_data S &(const constant S &) ray_data,60
ray_data S &(const threadgroup_imageblock S &) ray_data,60
ray_data S &(const ray_data S &) ray_data,60
ray_data S &(const S &) ray_data,60
S &(const ray_data S &),60
device S &(ray_data S &&) device,60
threadgroup S &(ray_data S &&) threadgroup,60
threadgroup_imageblock S &(ray_data S &&) threadgroup_imageblock,60
ray_data S &(device S &&) ray_data,60
ray_data S &(threadgroup S &&) ray_data,60
ray_data S &(threadgroup_imageblock S &&) ray_data,60
ray_data S &(ray_data S &&) ray_data,60
ray_data S &(S &&) ray_data,60
S &(ray_data S &&),60
void (const ray_data Dimensions &) threadgroup,60
void (const device Dimensions &) ray_data,60
void (const threadgroup Dimensions &) ray_data,60
void (const constant Dimensions &) ray_data,60
void (const threadgroup_imageblock Dimensions &) ray_data,60
void (const ray_data Dimensions &) ray_data,60
void (const Dimensions &) ray_data,60
void (const ray_data Dimensions &),60
void (ray_data Dimensions &&) threadgroup,60
void (device Dimensions &&) ray_data,60
void (threadgroup Dimensions &&) ray_data,60
void (threadgroup_imageblock Dimensions &&) ray_data,60
void (ray_data Dimensions &&) ray_data,60
void (Dimensions &&) ray_data,60
void (ray_data Dimensions &&),60
void (const ray_data FO4 &) threadgroup,60
void (const device FO4 &) ray_data,60
void (const threadgroup FO4 &) ray_data,60
void (const constant FO4 &) ray_data,60
void (const threadgroup_imageblock FO4 &) ray_data,60
void (const ray_data FO4 &) ray_data,60
void (const FO4 &) ray_data,60
void (const ray_data FO4 &),60
void (ray_data FO4 &&) threadgroup,60
void (device FO4 &&) ray_data,60
void (threadgroup FO4 &&) ray_data,60
void (threadgroup_imageblock FO4 &&) ray_data,60
void (ray_data FO4 &&) ray_data,60
void (FO4 &&) ray_data,60
void (ray_data FO4 &&),60
void (const ray_data VOr &) threadgroup,60
void (const device VOr &) ray_data,60
void (const threadgroup VOr &) ray_data,60
void (const constant VOr &) ray_data,60
void (const threadgroup_imageblock VOr &) ray_data,60
void (const ray_data VOr &) ray_data,60
void (const VOr &) ray_data,60
void (const ray_data VOr &),60
void (ray_data VOr &&) threadgroup,60
void (device VOr &&) ray_data,60
void (threadgroup VOr &&) ray_data,60
void (threadgroup_imageblock VOr &&) ray_data,60
void (ray_data VOr &&) ray_data,60
void (VOr &&) ray_data,60
void (ray_data VOr &&),60
void (const ray_data VO4 &) threadgroup,60
void (const device VO4 &) ray_data,60
void (const threadgroup VO4 &) ray_data,60
void (const constant VO4 &) ray_data,60
void (const threadgroup_imageblock VO4 &) ray_data,60
void (const ray_data VO4 &) ray_data,60
void (const VO4 &) ray_data,60
void (const ray_data VO4 &),60
void (ray_data VO4 &&) threadgroup,60
void (device VO4 &&) ray_data,60
void (threadgroup VO4 &&) ray_data,60
void (threadgroup_imageblock VO4 &&) ray_data,60
void (ray_data VO4 &&) ray_data,60
void (VO4 &&) ray_data,60
void (ray_data VO4 &&),60
void (const ray_data VO1 &) threadgroup,60
void (const device VO1 &) ray_data,60
void (const threadgroup VO1 &) ray_data,60
void (const constant VO1 &) ray_data,60
void (const threadgroup_imageblock VO1 &) ray_data,60
void (const ray_data VO1 &) ray_data,60
void (const VO1 &) ray_data,60
void (const ray_data VO1 &),60
void (ray_data VO1 &&) threadgroup,60
void (device VO1 &&) ray_data,60
void (threadgroup VO1 &&) ray_data,60
void (threadgroup_imageblock VO1 &&) ray_data,60
void (ray_data VO1 &&) ray_data,60
void (VO1 &&) ray_data,60
void (ray_data VO1 &&),60
void (const ray_data VOu &) threadgroup,60
void (const device VOu &) ray_data,60
void (const threadgroup VOu &) ray_data,60
void (const constant VOu &) ray_data,60
void (const threadgroup_imageblock VOu &) ray_data,60
void (const ray_data VOu &) ray_data,60
void (const VOu &) ray_data,60
void (const ray_data VOu &),60
void (ray_data VOu &&) threadgroup,60
void (device VOu &&) ray_data,60
void (threadgroup VOu &&) ray_data,60
void (threadgroup_imageblock VOu &&) ray_data,60
void (ray_data VOu &&) ray_data,60
void (VOu &&) ray_data,60
void (ray_data VOu &&),60
void (const ray_data A8 &) threadgroup,60
void (const device A8 &) ray_data,60
void (const threadgroup A8 &) ray_data,60
void (const constant A8 &) ray_data,60
void (const threadgroup_imageblock A8 &) ray_data,60
void (const ray_data A8 &) ray_data,60
void (const A8 &) ray_data,60
void (const ray_data A8 &),60
void (ray_data A8 &&) threadgroup,60
void (device A8 &&) ray_data,60
void (threadgroup A8 &&) ray_data,60
void (threadgroup_imageblock A8 &&) ray_data,60
void (ray_data A8 &&) ray_data,60
void (A8 &&) ray_data,60
void (ray_data A8 &&),60
void (const ray_data A16 &) threadgroup,60
void (const device A16 &) ray_data,60
void (const threadgroup A16 &) ray_data,60
void (const constant A16 &) ray_data,60
void (const threadgroup_imageblock A16 &) ray_data,60
void (const ray_data A16 &) ray_data,60
void (const A16 &) ray_data,60
void (const ray_data A16 &),60
void (ray_data A16 &&) threadgroup,60
void (device A16 &&) ray_data,60
void (threadgroup A16 &&) ray_data,60
void (threadgroup_imageblock A16 &&) ray_data,60
void (ray_data A16 &&) ray_data,60
void (A16 &&) ray_data,60
void (ray_data A16 &&),60
void (const ray_data A32 &) threadgroup,60
void (const device A32 &) ray_data,60
void (const threadgroup A32 &) ray_data,60
void (const constant A32 &) ray_data,60
void (const threadgroup_imageblock A32 &) ray_data,60
void (const ray_data A32 &) ray_data,60
void (const A32 &) ray_data,60
void (const ray_data A32 &),60
void (ray_data A32 &&) threadgroup,60
void (device A32 &&) ray_data,60
void (threadgroup A32 &&) ray_data,60
void (threadgroup_imageblock A32 &&) ray_data,60
void (ray_data A32 &&) ray_data,60
void (A32 &&) ray_data,60
void (ray_data A32 &&),60
void (const ray_data Al &) threadgroup,60
void (const device Al &) ray_data,60
void (const threadgroup Al &) ray_data,60
void (const constant Al &) ray_data,60
void (const threadgroup_imageblock Al &) ray_data,60
void (const ray_data Al &) ray_data,60
void (const Al &) ray_data,60
void (const ray_data Al &),60
void (ray_data Al &&) threadgroup,60
void (device Al &&) ray_data,60
void (threadgroup Al &&) ray_data,60
void (threadgroup_imageblock Al &&) ray_data,60
void (ray_data Al &&) ray_data,60
void (Al &&) ray_data,60
void (ray_data Al &&),60
void (const ray_data TGData &) threadgroup,60
void (const device TGData &) ray_data,60
void (const threadgroup TGData &) ray_data,60
void (const constant TGData &) ray_data,60
void (const threadgroup_imageblock TGData &) ray_data,60
void (const ray_data TGData &) ray_data,60
void (const TGData &) ray_data,60
void (const ray_data TGData &),60
void (ray_data TGData &&) threadgroup,60
void (device TGData &&) ray_data,60
void (threadgroup TGData &&) ray_data,60
void (threadgroup_imageblock TGData &&) ray_data,60
void (ray_data TGData &&) ray_data,60
void (TGData &&) ray_data,60
void (ray_data TGData &&),60
device Base &(ray_data Base &&) device,60
threadgroup Base &(ray_data Base &&) threadgroup,60
threadgroup_imageblock Base &(ray_data Base &&) threadgroup_imageblock,60
ray_data Base &(device Base &&) ray_data,60
ray_data Base &(threadgroup Base &&) ray_data,60
ray_data Base &(threadgroup_imageblock Base &&) ray_data,60
ray_data Base &(ray_data Base &&) ray_data,60
ray_data Base &(Base &&) ray_data,60
Base &(ray_data Base &&),60
void (const ray_data Bf &) threadgroup,60
void (const device Bf &) ray_data,60
void (const threadgroup Bf &) ray_data,60
void (const constant Bf &) ray_data,60
void (const threadgroup_imageblock Bf &) ray_data,60
void (const ray_data Bf &) ray_data,60
void (const Bf &) ray_data,60
void (const ray_data Bf &),60
void (ray_data Bf &&) threadgroup,60
void (device Bf &&) ray_data,60
void (threadgroup Bf &&) ray_data,60
void (threadgroup_imageblock Bf &&) ray_data,60
void (ray_data Bf &&) ray_data,60
void (Bf &&) ray_data,60
void (ray_data Bf &&),60
void (const ray_data V &) threadgroup,60
void (const device V &) ray_data,60
void (const threadgroup V &) ray_data,60
void (const constant V &) ray_data,60
void (const threadgroup_imageblock V &) ray_data,60
void (const ray_data V &) ray_data,60
void (const V &) ray_data,60
void (const ray_data V &),60
void (ray_data V &&) threadgroup,60
void (device V &&) ray_data,60
void (threadgroup V &&) ray_data,60
void (threadgroup_imageblock V &&) ray_data,60
void (ray_data V &&) ray_data,60
void (V &&) ray_data,60
void (ray_data V &&),60
void (const ray_data FO2 &) threadgroup,60
void (const device FO2 &) ray_data,60
void (const threadgroup FO2 &) ray_data,60
void (const constant FO2 &) ray_data,60
void (const threadgroup_imageblock FO2 &) ray_data,60
void (const ray_data FO2 &) ray_data,60
void (const FO2 &) ray_data,60
void (const ray_data FO2 &),60
void (ray_data FO2 &&) threadgroup,60
void (device FO2 &&) ray_data,60
void (threadgroup FO2 &&) ray_data,60
void (threadgroup_imageblock FO2 &&) ray_data,60
void (ray_data FO2 &&) ray_data,60
void (FO2 &&) ray_data,60
void (ray_data FO2 &&),60
void (const ray_data FO &) threadgroup,60
void (const device FO &) ray_data,60
void (const threadgroup FO &) ray_data,60
void (const constant FO &) ray_data,60
void (const threadgroup_imageblock FO &) ray_data,60
void (const ray_data FO &) ray_data,60
void (const FO &) ray_data,60
void (const ray_data FO &),60
void (ray_data FO &&) threadgroup,60
void (device FO &&) ray_data,60
void (threadgroup FO &&) ray_data,60
void (threadgroup_imageblock FO &&) ray_data,60
void (ray_data FO &&) ray_data,60
void (FO &&) ray_data,60
void (ray_data FO &&),60
void (const ray_data FOm &) threadgroup,60
void (const device FOm &) ray_data,60
void (const threadgroup FOm &) ray_data,60
void (const constant FOm &) ray_data,60
void (const threadgroup_imageblock FOm &) ray_data,60
void (const ray_data FOm &) ray_data,60
void (const FOm &) ray_data,60
void (const ray_data FOm &),60
void (ray_data FOm &&) threadgroup,60
void (device FOm &&) ray_data,60
void (threadgroup FOm &&) ray_data,60
void (threadgroup_imageblock FOm &&) ray_data,60
void (ray_data FOm &&) ray_data,60
void (FOm &&) ray_data,60
void (ray_data FOm &&),60
void (const ray_data VOc &) threadgroup,60
void (const device VOc &) ray_data,60
void (const threadgroup VOc &) ray_data,60
void (const constant VOc &) ray_data,60
void (const threadgroup_imageblock VOc &) ray_data,60
void (const ray_data VOc &) ray_data,60
void (const VOc &) ray_data,60
void (const ray_data VOc &),60
void (ray_data VOc &&) threadgroup,60
void (device VOc &&) ray_data,60
void (threadgroup VOc &&) ray_data,60
void (threadgroup_imageblock VOc &&) ray_data,60
void (ray_data VOc &&) ray_data,60
void (VOc &&) ray_data,60
void (ray_data VOc &&),60
void (const ray_data VOp &) threadgroup,60
void (const device VOp &) ray_data,60
void (const threadgroup VOp &) ray_data,60
void (const constant VOp &) ray_data,60
void (const threadgroup_imageblock VOp &) ray_data,60
void (const ray_data VOp &) ray_data,60
void (const VOp &) ray_data,60
void (const ray_data VOp &),60
void (ray_data VOp &&) threadgroup,60
void (device VOp &&) ray_data,60
void (threadgroup VOp &&) ray_data,60
void (threadgroup_imageblock VOp &&) ray_data,60
void (ray_data VOp &&) ray_data,60
void (VOp &&) ray_data,60
void (ray_data VOp &&),60
void (const ray_data SharedArgs &) threadgroup,60
void (const device SharedArgs &) ray_data,60
void (const threadgroup SharedArgs &) ray_data,60
void (const constant SharedArgs &) ray_data,60
void (const threadgroup_imageblock SharedArgs &) ray_data,60
void (const ray_data SharedArgs &) ray_data,60
void (const SharedArgs &) ray_data,60
void (const ray_data SharedArgs &),60
void (ray_data SharedArgs &&) threadgroup,60
void (device SharedArgs &&) ray_data,60
void (threadgroup SharedArgs &&) ray_data,60
void (threadgroup_imageblock SharedArgs &&) ray_data,60
void (ray_data SharedArgs &&) ray_data,60
void (SharedArgs &&) ray_data,60
void (ray_data SharedArgs &&),60
device SharedArgs &(const ray_data SharedArgs &) device,60
threadgroup SharedArgs &(const ray_data SharedArgs &) threadgroup,60
threadgroup_imageblock SharedArgs &(const ray_data SharedArgs &) threadgroup_imageblock,60
ray_data SharedArgs &(const device SharedArgs &) ray_data,60
ray_data SharedArgs &(const threadgroup SharedArgs &) ray_data,60
ray_data SharedArgs &(const constant SharedArgs &) ray_data,60
ray_data SharedArgs &(const threadgroup_imageblock SharedArgs &) ray_data,60
ray_data SharedArgs &(const ray_data SharedArgs &) ray_data,60
ray_data SharedArgs &(const SharedArgs &) ray_data,60
SharedArgs &(const ray_data SharedArgs &),60
device SharedArgs &(ray_data SharedArgs &&) device,60
threadgroup SharedArgs &(ray_data SharedArgs &&) threadgroup,60
threadgroup_imageblock SharedArgs &(ray_data SharedArgs &&) threadgroup_imageblock,60
ray_data SharedArgs &(device SharedArgs &&) ray_data,60
ray_data SharedArgs &(threadgroup SharedArgs &&) ray_data,60
ray_data SharedArgs &(threadgroup_imageblock SharedArgs &&) ray_data,60
ray_data SharedArgs &(ray_data SharedArgs &&) ray_data,60
ray_data SharedArgs &(SharedArgs &&) ray_data,60
SharedArgs &(ray_data SharedArgs &&),60
void (const ray_data PM &) threadgroup,60
void (const device PM &) ray_data,60
void (const threadgroup PM &) ray_data,60
void (const constant PM &) ray_data,60
void (const threadgroup_imageblock PM &) ray_data,60
void (const ray_data PM &) ray_data,60
void (const PM &) ray_data,60
void (const ray_data PM &),60
void (ray_data PM &&) threadgroup,60
void (device PM &&) ray_data,60
void (threadgroup PM &&) ray_data,60
void (threadgroup_imageblock PM &&) ray_data,60
void (ray_data PM &&) ray_data,60
void (PM &&) ray_data,60
void (ray_data PM &&),60
void (const ray_data AlignedTG &) threadgroup,60
void (const device AlignedTG &) ray_data,60
void (const threadgroup AlignedTG &) ray_data,60
void (const constant AlignedTG &) ray_data,60
void (const threadgroup_imageblock AlignedTG &) ray_data,60
void (const ray_data AlignedTG &) ray_data,60
void (const AlignedTG &) ray_data,60
void (const ray_data AlignedTG &),60
void (ray_data AlignedTG &&) threadgroup,60
void (device AlignedTG &&) ray_data,60
void (threadgroup AlignedTG &&) ray_data,60
void (threadgroup_imageblock AlignedTG &&) ray_data,60
void (ray_data AlignedTG &&) ray_data,60
void (AlignedTG &&) ray_data,60
void (ray_data AlignedTG &&),60
void (const ray_data PackedTG &) threadgroup,60
void (const device PackedTG &) ray_data,60
void (const threadgroup PackedTG &) ray_data,60
void (const constant PackedTG &) ray_data,60
void (const threadgroup_imageblock PackedTG &) ray_data,60
void (const ray_data PackedTG &) ray_data,60
void (const PackedTG &) ray_data,60
void (const ray_data PackedTG &),60
void (ray_data PackedTG &&) threadgroup,60
void (device PackedTG &&) ray_data,60
void (threadgroup PackedTG &&) ray_data,60
void (threadgroup_imageblock PackedTG &&) ray_data,60
void (ray_data PackedTG &&) ray_data,60
void (PackedTG &&) ray_data,60
void (ray_data PackedTG &&),60
device metal::atomic_ulong *,56
NULL TYPE,52
"void (texture1d<float, access::sample>, texture1d_array<float, access::sample>, texture2d<float, access::sample>, texture2d_array<float, access::sample>, texture2d_ms<float, access::read>, texturecube<float, access::sample>, int, texture3d<float, access::sample>, int, depth2d<float, access::sample>, depth2d_array<float, access::sample>, depthcube<float, access::sample>, int, texture1d<float, access::read>, texture2d<float, access::read>, texture2d_array<float, access::read>, texture3d<float, access::read>, texture1d<float, access::write>, texture2d<float, access::write>, texture2d_array<float, access::write>, texture3d<float, access::write>, int, int, int, int, metal::sampler, device float4 *, uint)",48
void (const metal::raytracing::intersection_result<metal::raytracing::instancing> &) noexcept,48
void (const device coherent(device) AbiStruct &) threadgroup,48
void (const device coherent(device) AbiStruct &) ray_data,48
void (const device coherent(device) AbiStruct &),48
void (device coherent(device) AbiStruct &&) threadgroup,48
void (device coherent(device) AbiStruct &&) ray_data,48
void (device coherent(device) AbiStruct &&),48
device AbiStruct &(device coherent(device) AbiStruct &&) device,48
device coherent(device) AbiStruct &(device AbiStruct &&) device coherent(device),48
device coherent(device) AbiStruct &(device coherent(device) AbiStruct &&) device coherent(device),48
device coherent(device) AbiStruct &(threadgroup AbiStruct &&) device coherent(device),48
device coherent(device) AbiStruct &(threadgroup_imageblock AbiStruct &&) device coherent(device),48
device coherent(device) AbiStruct &(ray_data AbiStruct &&) device coherent(device),48
device coherent(device) AbiStruct &(object_data AbiStruct &&) device coherent(device),48
device coherent(device) AbiStruct &(AbiStruct &&) device coherent(device),48
threadgroup AbiStruct &(device coherent(device) AbiStruct &&) threadgroup,48
threadgroup_imageblock AbiStruct &(device coherent(device) AbiStruct &&) threadgroup_imageblock,48
ray_data AbiStruct &(device coherent(device) AbiStruct &&) ray_data,48
object_data AbiStruct &(device coherent(device) AbiStruct &&) object_data,48
AbiStruct &(device coherent(device) AbiStruct &&),48
void (const device coherent(device) AddressBox &) threadgroup,48
void (const device coherent(device) AddressBox &) ray_data,48
void (const device coherent(device) AddressBox &),48
void (device coherent(device) AddressBox &&) threadgroup,48
void (device coherent(device) AddressBox &&) ray_data,48
void (device coherent(device) AddressBox &&),48
void (const device coherent(device) RayPayload &) threadgroup,48
void (const device coherent(device) RayPayload &) ray_data,48
void (const device coherent(device) RayPayload &),48
void (device coherent(device) RayPayload &&) threadgroup,48
void (device coherent(device) RayPayload &&) ray_data,48
void (device coherent(device) RayPayload &&),48
device RayPayload &(const device coherent(device) RayPayload &) device,48
device coherent(device) RayPayload &(const device RayPayload &) device coherent(device),48
device coherent(device) RayPayload &(const device coherent(device) RayPayload &) device coherent(device),48
device coherent(device) RayPayload &(const threadgroup RayPayload &) device coherent(device),48
device coherent(device) RayPayload &(const constant RayPayload &) device coherent(device),48
device coherent(device) RayPayload &(const threadgroup_imageblock RayPayload &) device coherent(device),48
device coherent(device) RayPayload &(const ray_data RayPayload &) device coherent(device),48
device coherent(device) RayPayload &(const object_data RayPayload &) device coherent(device),48
device coherent(device) RayPayload &(const RayPayload &) device coherent(device),48
threadgroup RayPayload &(const device coherent(device) RayPayload &) threadgroup,48
threadgroup_imageblock RayPayload &(const device coherent(device) RayPayload &) threadgroup_imageblock,48
ray_data RayPayload &(const device coherent(device) RayPayload &) ray_data,48
object_data RayPayload &(const device coherent(device) RayPayload &) object_data,48
RayPayload &(const device coherent(device) RayPayload &),48
device RayPayload &(device coherent(device) RayPayload &&) device,48
device coherent(device) RayPayload &(device RayPayload &&) device coherent(device),48
device coherent(device) RayPayload &(device coherent(device) RayPayload &&) device coherent(device),48
device coherent(device) RayPayload &(threadgroup RayPayload &&) device coherent(device),48
device coherent(device) RayPayload &(threadgroup_imageblock RayPayload &&) device coherent(device),48
device coherent(device) RayPayload &(ray_data RayPayload &&) device coherent(device),48
device coherent(device) RayPayload &(object_data RayPayload &&) device coherent(device),48
device coherent(device) RayPayload &(RayPayload &&) device coherent(device),48
threadgroup RayPayload &(device coherent(device) RayPayload &&) threadgroup,48
threadgroup_imageblock RayPayload &(device coherent(device) RayPayload &&) threadgroup_imageblock,48
ray_data RayPayload &(device coherent(device) RayPayload &&) ray_data,48
object_data RayPayload &(device coherent(device) RayPayload &&) object_data,48
RayPayload &(device coherent(device) RayPayload &&),48
void (const device coherent(device) ArgBufArr &) threadgroup,48
void (const device coherent(device) ArgBufArr &) ray_data,48
void (const device coherent(device) ArgBufArr &),48
void (device coherent(device) ArgBufArr &&) threadgroup,48
void (device coherent(device) ArgBufArr &&) ray_data,48
void (device coherent(device) ArgBufArr &&),48
device ArgBufArr &(const device coherent(device) ArgBufArr &) device,48
device coherent(device) ArgBufArr &(const device ArgBufArr &) device coherent(device),48
device coherent(device) ArgBufArr &(const device coherent(device) ArgBufArr &) device coherent(device),48
device coherent(device) ArgBufArr &(const threadgroup ArgBufArr &) device coherent(device),48
device coherent(device) ArgBufArr &(const constant ArgBufArr &) device coherent(device),48
device coherent(device) ArgBufArr &(const threadgroup_imageblock ArgBufArr &) device coherent(device),48
device coherent(device) ArgBufArr &(const ray_data ArgBufArr &) device coherent(device),48
device coherent(device) ArgBufArr &(const object_data ArgBufArr &) device coherent(device),48
device coherent(device) ArgBufArr &(const ArgBufArr &) device coherent(device),48
threadgroup ArgBufArr &(const device coherent(device) ArgBufArr &) threadgroup,48
threadgroup_imageblock ArgBufArr &(const device coherent(device) ArgBufArr &) threadgroup_imageblock,48
ray_data ArgBufArr &(const device coherent(device) ArgBufArr &) ray_data,48
object_data ArgBufArr &(const device coherent(device) ArgBufArr &) object_data,48
ArgBufArr &(const device coherent(device) ArgBufArr &),48
device ArgBufArr &(device coherent(device) ArgBufArr &&) device,48
device coherent(device) ArgBufArr &(device ArgBufArr &&) device coherent(device),48
device coherent(device) ArgBufArr &(device coherent(device) ArgBufArr &&) device coherent(device),48
device coherent(device) ArgBufArr &(threadgroup ArgBufArr &&) device coherent(device),48
device coherent(device) ArgBufArr &(threadgroup_imageblock ArgBufArr &&) device coherent(device),48
device coherent(device) ArgBufArr &(ray_data ArgBufArr &&) device coherent(device),48
device coherent(device) ArgBufArr &(object_data ArgBufArr &&) device coherent(device),48
device coherent(device) ArgBufArr &(ArgBufArr &&) device coherent(device),48
threadgroup ArgBufArr &(device coherent(device) ArgBufArr &&) threadgroup,48
threadgroup_imageblock ArgBufArr &(device coherent(device) ArgBufArr &&) threadgroup_imageblock,48
ray_data ArgBufArr &(device coherent(device) ArgBufArr &&) ray_data,48
object_data ArgBufArr &(device coherent(device) ArgBufArr &&) object_data,48
ArgBufArr &(device coherent(device) ArgBufArr &&),48
"const constant metal::_texture2d_read<float, metal::access::sample, metal::memory_coherence_threadgroup>",48
"const constant metal::texture2d<float, metal::access::sample, metal::memory_coherence_threadgroup>",48
"const constant metal::texture2d<float, metal::access::sample, metal::memory_coherence_threadgroup> &(*)(metal::size_t) const constant",48
void (const device coherent(device) NestedLayout &) threadgroup,48
void (const device coherent(device) NestedLayout &) ray_data,48
void (const device coherent(device) NestedLayout &),48
void (device coherent(device) NestedLayout &&) threadgroup,48
void (device coherent(device) NestedLayout &&) ray_data,48
void (device coherent(device) NestedLayout &&),48
unsigned int (*() const noexcept)(uint),48
unsigned int (uint),48
unsigned int (*)(uint) const,48
"const metal::_texture3d_write<float, metal::access::write, metal::memory_coherence_threadgroup>",48
device Base &(const device coherent(device) Base &) device,48
device coherent(device) Base &(const device Base &) device coherent(device),48
device coherent(device) Base &(const device coherent(device) Base &) device coherent(device),48
device coherent(device) Base &(const threadgroup Base &) device coherent(device),48
device coherent(device) Base &(const constant Base &) device coherent(device),48
device coherent(device) Base &(const threadgroup_imageblock Base &) device coherent(device),48
device coherent(device) Base &(const ray_data Base &) device coherent(device),48
device coherent(device) Base &(const object_data Base &) device coherent(device),48
device coherent(device) Base &(const Base &) device coherent(device),48
threadgroup Base &(const device coherent(device) Base &) threadgroup,48
threadgroup_imageblock Base &(const device coherent(device) Base &) threadgroup_imageblock,48
ray_data Base &(const device coherent(device) Base &) ray_data,48
object_data Base &(const device coherent(device) Base &) object_data,48
Base &(const device coherent(device) Base &),48
void (const device coherent(device) Derived &) threadgroup,48
void (const device coherent(device) Derived &) ray_data,48
void (const device coherent(device) Derived &),48
void (device coherent(device) Derived &&) threadgroup,48
void (device coherent(device) Derived &&) ray_data,48
void (device coherent(device) Derived &&),48
void (const device coherent(device) S &) threadgroup,48
void (const device coherent(device) S &) ray_data,48
void (const device coherent(device) S &),48
void (device coherent(device) S &&) threadgroup,48
void (device coherent(device) S &&) ray_data,48
void (device coherent(device) S &&),48
void (const device coherent(device) VO &) threadgroup,48
void (const device coherent(device) VO &) ray_data,48
void (const device coherent(device) VO &),48
void (device coherent(device) VO &&) threadgroup,48
void (device coherent(device) VO &&) ray_data,48
void (device coherent(device) VO &&),48
void (const device coherent(device) VOut &) threadgroup,48
void (const device coherent(device) VOut &) ray_data,48
void (const device coherent(device) VOut &),48
void (device coherent(device) VOut &&) threadgroup,48
void (device coherent(device) VOut &&) ray_data,48
void (device coherent(device) VOut &&),48
"const metal::_texture2d_gather<half, metal::access::sample, metal::memory_coherence_threadgroup>",48
"const metal::_texture2d_read<half, metal::access::read, metal::memory_coherence_threadgroup>",48
"const metal::_texture2d_gather<int, metal::access::sample, metal::memory_coherence_threadgroup>",48
"const metal::_texture2d_gather<unsigned int, metal::access::sample, metal::memory_coherence_threadgroup>",48
"const metal::_texture1d_read<float, metal::access::read, metal::memory_coherence_threadgroup>",48
"const metal::_texture1d_read<half, metal::access::read, metal::memory_coherence_threadgroup>",48
"const metal::_texture1d_read<int, metal::access::read, metal::memory_coherence_threadgroup>",48
"const metal::_texture1d_read<unsigned int, metal::access::read, metal::memory_coherence_threadgroup>",48
"const metal::_texture3d_read<half, metal::access::read, metal::memory_coherence_threadgroup>",48
"const metal::_texture3d_read<int, metal::access::read, metal::memory_coherence_threadgroup>",48
"const metal::_texture3d_read<unsigned int, metal::access::read, metal::memory_coherence_threadgroup>",48
"const metal::_texture1d<float, metal::access::read, metal::memory_coherence_threadgroup>",48
void (const device coherent(device) IoVertexOut &) threadgroup,48
void (const device coherent(device) IoVertexOut &) ray_data,48
void (const device coherent(device) IoVertexOut &),48
void (device coherent(device) IoVertexOut &&) threadgroup,48
void (device coherent(device) IoVertexOut &&) ray_data,48
void (device coherent(device) IoVertexOut &&),48
void (const device coherent(device) IoFragOutA &) threadgroup,48
void (const device coherent(device) IoFragOutA &) ray_data,48
void (const device coherent(device) IoFragOutA &),48
void (device coherent(device) IoFragOutA &&) threadgroup,48
void (device coherent(device) IoFragOutA &&) ray_data,48
void (device coherent(device) IoFragOutA &&),48
void (const device coherent(device) IoFragOutG &) threadgroup,48
void (const device coherent(device) IoFragOutG &) ray_data,48
void (const device coherent(device) IoFragOutG &),48
void (device coherent(device) IoFragOutG &&) threadgroup,48
void (device coherent(device) IoFragOutG &&) ray_data,48
void (device coherent(device) IoFragOutG &&),48
void (const device coherent(device) IoFragOutL &) threadgroup,48
void (const device coherent(device) IoFragOutL &) ray_data,48
void (const device coherent(device) IoFragOutL &),48
void (device coherent(device) IoFragOutL &&) threadgroup,48
void (device coherent(device) IoFragOutL &&) ray_data,48
void (device coherent(device) IoFragOutL &&),48
void (const device coherent(device) MeshVertexOut &) threadgroup,48
void (const device coherent(device) MeshVertexOut &) ray_data,48
void (const device coherent(device) MeshVertexOut &),48
void (device coherent(device) MeshVertexOut &&) threadgroup,48
void (device coherent(device) MeshVertexOut &&) ray_data,48
void (device coherent(device) MeshVertexOut &&),48
"void (const device coherent(device) FixedArray<unsigned int, 4> &) threadgroup",48
"void (const device coherent(device) FixedArray<unsigned int, 4> &) ray_data",48
"void (const device coherent(device) FixedArray<unsigned int, 4> &)",48
"void (device coherent(device) FixedArray<unsigned int, 4> &&) threadgroup",48
"void (device coherent(device) FixedArray<unsigned int, 4> &&) ray_data",48
"void (device coherent(device) FixedArray<unsigned int, 4> &&)",48
void (const device coherent(device) OpBox &) threadgroup,48
void (const device coherent(device) OpBox &) ray_data,48
void (const device coherent(device) OpBox &),48
void (device coherent(device) OpBox &&) threadgroup,48
void (device coherent(device) OpBox &&) ray_data,48
void (device coherent(device) OpBox &&),48
void (const device coherent(device) RayQuery &) threadgroup,48
void (const device coherent(device) RayQuery &) ray_data,48
void (const device coherent(device) RayQuery &),48
void (device coherent(device) RayQuery &&) threadgroup,48
void (device coherent(device) RayQuery &&) ray_data,48
void (device coherent(device) RayQuery &&),48
device RayQuery &(const device coherent(device) RayQuery &) device,48
device coherent(device) RayQuery &(const device RayQuery &) device coherent(device),48
device coherent(device) RayQuery &(const device coherent(device) RayQuery &) device coherent(device),48
device coherent(device) RayQuery &(const threadgroup RayQuery &) device coherent(device),48
device coherent(device) RayQuery &(const constant RayQuery &) device coherent(device),48
device coherent(device) RayQuery &(const threadgroup_imageblock RayQuery &) device coherent(device),48
device coherent(device) RayQuery &(const ray_data RayQuery &) device coherent(device),48
device coherent(device) RayQuery &(const object_data RayQuery &) device coherent(device),48
device coherent(device) RayQuery &(const RayQuery &) device coherent(device),48
threadgroup RayQuery &(const device coherent(device) RayQuery &) threadgroup,48
threadgroup_imageblock RayQuery &(const device coherent(device) RayQuery &) threadgroup_imageblock,48
ray_data RayQuery &(const device coherent(device) RayQuery &) ray_data,48
object_data RayQuery &(const device coherent(device) RayQuery &) object_data,48
RayQuery &(const device coherent(device) RayQuery &),48
device RayQuery &(device coherent(device) RayQuery &&) device,48
device coherent(device) RayQuery &(device RayQuery &&) device coherent(device),48
device coherent(device) RayQuery &(device coherent(device) RayQuery &&) device coherent(device),48
device coherent(device) RayQuery &(threadgroup RayQuery &&) device coherent(device),48
device coherent(device) RayQuery &(threadgroup_imageblock RayQuery &&) device coherent(device),48
device coherent(device) RayQuery &(ray_data RayQuery &&) device coherent(device),48
device coherent(device) RayQuery &(object_data RayQuery &&) device coherent(device),48
device coherent(device) RayQuery &(RayQuery &&) device coherent(device),48
threadgroup RayQuery &(device coherent(device) RayQuery &&) threadgroup,48
threadgroup_imageblock RayQuery &(device coherent(device) RayQuery &&) threadgroup_imageblock,48
ray_data RayQuery &(device coherent(device) RayQuery &&) ray_data,48
object_data RayQuery &(device coherent(device) RayQuery &&) object_data,48
RayQuery &(device coherent(device) RayQuery &&),48
"void (const device coherent(device) ArrayBox<float __attribute__((ext_vector_type(4))), 2> &) threadgroup",48
"void (const device coherent(device) ArrayBox<float __attribute__((ext_vector_type(4))), 2> &) ray_data",48
"void (const device coherent(device) ArrayBox<float __attribute__((ext_vector_type(4))), 2> &)",48
"void (device coherent(device) ArrayBox<float __attribute__((ext_vector_type(4))), 2> &&) threadgroup",48
"void (device coherent(device) ArrayBox<float __attribute__((ext_vector_type(4))), 2> &&) ray_data",48
"void (device coherent(device) ArrayBox<float __attribute__((ext_vector_type(4))), 2> &&)",48
"const metal::_texture2d_ms_read<float, metal::access::read, metal::memory_coherence_threadgroup>",48
"int (const volatile device coherent(device) _atomic<int> *, metal::memory_order)",48
"float (volatile device coherent(device) _atomic<float> *, float, metal::memory_order)",48
metal::align_val_t,48
void (const device coherent(device) U &) threadgroup,48
void (const device coherent(device) U &) ray_data,48
void (const device coherent(device) U &),48
void (device coherent(device) U &&) threadgroup,48
void (device coherent(device) U &&) ray_data,48
void (device coherent(device) U &&),48
"const metal::_texture2d_array_write<float, metal::access::write, metal::__memory_coherence_threadgroup>",44
"void (device metal::atomic_uint *, device metal::atomic_int *, device metal::atomic_float *, device uint *, uint)",44
void (const object_data C &) threadgroup,44
void (const object_data C &) ray_data,44
void (const object_data C &),44
void (object_data C &&) threadgroup,44
void (object_data C &&) ray_data,44
void (object_data C &&),44
void (const object_data Vec &) threadgroup,44
void (const object_data Vec &) ray_data,44
void (const object_data Vec &),44
void (object_data Vec &&) threadgroup,44
void (object_data Vec &&) ray_data,44
void (object_data Vec &&),44
void (const object_data P2 &) threadgroup,44
void (const object_data P2 &) ray_data,44
void (const object_data P2 &),44
void (object_data P2 &&) threadgroup,44
void (object_data P2 &&) ray_data,44
void (object_data P2 &&),44
device S &(const object_data S &) device,44
threadgroup S &(const object_data S &) threadgroup,44
threadgroup_imageblock S &(const object_data S &) threadgroup_imageblock,44
ray_data S &(const object_data S &) ray_data,44
object_data S &(const device S &) object_data,44
object_data S &(const threadgroup S &) object_data,44
object_data S &(const constant S &) object_data,44
object_data S &(const threadgroup_imageblock S &) object_data,44
object_data S &(const ray_data S &) object_data,44
object_data S &(const object_data S &) object_data,44
object_data S &(const S &) object_data,44
S &(const object_data S &),44
device S &(object_data S &&) device,44
threadgroup S &(object_data S &&) threadgroup,44
threadgroup_imageblock S &(object_data S &&) threadgroup_imageblock,44
ray_data S &(object_data S &&) ray_data,44
object_data S &(device S &&) object_data,44
object_data S &(threadgroup S &&) object_data,44
object_data S &(threadgroup_imageblock S &&) object_data,44
object_data S &(ray_data S &&) object_data,44
object_data S &(object_data S &&) object_data,44
object_data S &(S &&) object_data,44
S &(object_data S &&),44
void (const object_data Dimensions &) threadgroup,44
void (const object_data Dimensions &) ray_data,44
void (const object_data Dimensions &),44
void (object_data Dimensions &&) threadgroup,44
void (object_data Dimensions &&) ray_data,44
void (object_data Dimensions &&),44
void (const object_data FO4 &) threadgroup,44
void (const object_data FO4 &) ray_data,44
void (const object_data FO4 &),44
void (object_data FO4 &&) threadgroup,44
void (object_data FO4 &&) ray_data,44
void (object_data FO4 &&),44
void (const object_data VOr &) threadgroup,44
void (const object_data VOr &) ray_data,44
void (const object_data VOr &),44
void (object_data VOr &&) threadgroup,44
void (object_data VOr &&) ray_data,44
void (object_data VOr &&),44
void (const object_data VO4 &) threadgroup,44
void (const object_data VO4 &) ray_data,44
void (const object_data VO4 &),44
void (object_data VO4 &&) threadgroup,44
void (object_data VO4 &&) ray_data,44
void (object_data VO4 &&),44
void (const object_data VO1 &) threadgroup,44
void (const object_data VO1 &) ray_data,44
void (const object_data VO1 &),44
void (object_data VO1 &&) threadgroup,44
void (object_data VO1 &&) ray_data,44
void (object_data VO1 &&),44
void (const object_data VOu &) threadgroup,44
void (const object_data VOu &) ray_data,44
void (const object_data VOu &),44
void (object_data VOu &&) threadgroup,44
void (object_data VOu &&) ray_data,44
void (object_data VOu &&),44
"void (object_data Pay &, int)",44
object_data Pay &,44
void (const object_data A8 &) threadgroup,44
void (const object_data A8 &) ray_data,44
void (const object_data A8 &),44
void (object_data A8 &&) threadgroup,44
void (object_data A8 &&) ray_data,44
void (object_data A8 &&),44
void (const object_data A16 &) threadgroup,44
void (const object_data A16 &) ray_data,44
void (const object_data A16 &),44
void (object_data A16 &&) threadgroup,44
void (object_data A16 &&) ray_data,44
void (object_data A16 &&),44
void (const object_data A32 &) threadgroup,44
void (const object_data A32 &) ray_data,44
void (const object_data A32 &),44
void (object_data A32 &&) threadgroup,44
void (object_data A32 &&) ray_data,44
void (object_data A32 &&),44
void (const object_data Al &) threadgroup,44
void (const object_data Al &) ray_data,44
void (const object_data Al &),44
void (object_data Al &&) threadgroup,44
void (object_data Al &&) ray_data,44
void (object_data Al &&),44
"int ((*))(int, int) [[visible]]",44
"void (device int *, int)",44
void (const object_data TGData &) threadgroup,44
void (const object_data TGData &) ray_data,44
void (const object_data TGData &),44
void (object_data TGData &&) threadgroup,44
void (object_data TGData &&) ray_data,44
void (object_data TGData &&),44
"T (T, T) [[visible]]",44
device Base &(object_data Base &&) device,44
threadgroup Base &(object_data Base &&) threadgroup,44
threadgroup_imageblock Base &(object_data Base &&) threadgroup_imageblock,44
ray_data Base &(object_data Base &&) ray_data,44
object_data Base &(device Base &&) object_data,44
object_data Base &(threadgroup Base &&) object_data,44
object_data Base &(threadgroup_imageblock Base &&) object_data,44
object_data Base &(ray_data Base &&) object_data,44
object_data Base &(object_data Base &&) object_data,44
object_data Base &(Base &&) object_data,44
Base &(object_data Base &&),44
void (const object_data Bf &) threadgroup,44
void (const object_data Bf &) ray_data,44
void (const object_data Bf &),44
void (object_data Bf &&) threadgroup,44
void (object_data Bf &&) ray_data,44
void (object_data Bf &&),44
void (const object_data V &) threadgroup,44
void (const object_data V &) ray_data,44
void (const object_data V &),44
void (object_data V &&) threadgroup,44
void (object_data V &&) ray_data,44
void (object_data V &&),44
void (const object_data FO2 &) threadgroup,44
void (const object_data FO2 &) ray_data,44
void (const object_data FO2 &),44
void (object_data FO2 &&) threadgroup,44
void (object_data FO2 &&) ray_data,44
void (object_data FO2 &&),44
void (const object_data FO &) threadgroup,44
void (const object_data FO &) ray_data,44
void (const object_data FO &),44
void (object_data FO &&) threadgroup,44
void (object_data FO &&) ray_data,44
void (object_data FO &&),44
void (const object_data FOm &) threadgroup,44
void (const object_data FOm &) ray_data,44
void (const object_data FOm &),44
void (object_data FOm &&) threadgroup,44
void (object_data FOm &&) ray_data,44
void (object_data FOm &&),44
void (const object_data VOc &) threadgroup,44
void (const object_data VOc &) ray_data,44
void (const object_data VOc &),44
void (object_data VOc &&) threadgroup,44
void (object_data VOc &&) ray_data,44
void (object_data VOc &&),44
void (const object_data VOp &) threadgroup,44
void (const object_data VOp &) ray_data,44
void (const object_data VOp &),44
void (object_data VOp &&) threadgroup,44
void (object_data VOp &&) ray_data,44
void (object_data VOp &&),44
void (const PrimOut &),44
void (const device PrimOut &) threadgroup,44
void (const threadgroup PrimOut &) threadgroup,44
void (const constant PrimOut &) threadgroup,44
void (const threadgroup_imageblock PrimOut &) threadgroup,44
void (const ray_data PrimOut &) threadgroup,44
void (const object_data PrimOut &) threadgroup,44
void (const PrimOut &) threadgroup,44
void (const constant PrimOut &) const constant,44
void (const PrimOut &) const constant,44
void (const device PrimOut &) ray_data,44
void (const threadgroup PrimOut &) ray_data,44
void (const constant PrimOut &) ray_data,44
void (const threadgroup_imageblock PrimOut &) ray_data,44
void (const ray_data PrimOut &) ray_data,44
void (const object_data PrimOut &) ray_data,44
void (const PrimOut &) ray_data,44
void (const device PrimOut &),44
void (const threadgroup PrimOut &),44
void (const constant PrimOut &),44
void (const threadgroup_imageblock PrimOut &),44
void (const ray_data PrimOut &),44
void (const object_data PrimOut &),44
void (PrimOut &&),44
void (device PrimOut &&) threadgroup,44
void (threadgroup PrimOut &&) threadgroup,44
void (threadgroup_imageblock PrimOut &&) threadgroup,44
void (ray_data PrimOut &&) threadgroup,44
void (object_data PrimOut &&) threadgroup,44
void (PrimOut &&) threadgroup,44
void (PrimOut &&) const constant,44
void (device PrimOut &&) ray_data,44
void (threadgroup PrimOut &&) ray_data,44
void (threadgroup_imageblock PrimOut &&) ray_data,44
void (ray_data PrimOut &&) ray_data,44
void (object_data PrimOut &&) ray_data,44
void (PrimOut &&) ray_data,44
void (device PrimOut &&),44
void (threadgroup PrimOut &&),44
void (threadgroup_imageblock PrimOut &&),44
void (ray_data PrimOut &&),44
void (object_data PrimOut &&),44
"void (int, uint)",44
void (const device MeshVertex &) threadgroup,44
void (const threadgroup MeshVertex &) threadgroup,44
void (const constant MeshVertex &) threadgroup,44
void (const threadgroup_imageblock MeshVertex &) threadgroup,44
void (const ray_data MeshVertex &) threadgroup,44
void (const object_data MeshVertex &) threadgroup,44
void (const MeshVertex &) threadgroup,44
void (const constant MeshVertex &) const constant,44
void (const MeshVertex &) const constant,44
void (const device MeshVertex &) ray_data,44
void (const threadgroup MeshVertex &) ray_data,44
void (const constant MeshVertex &) ray_data,44
void (const threadgroup_imageblock MeshVertex &) ray_data,44
void (const ray_data MeshVertex &) ray_data,44
void (const object_data MeshVertex &) ray_data,44
void (const MeshVertex &) ray_data,44
void (const device MeshVertex &),44
void (const threadgroup MeshVertex &),44
void (const constant MeshVertex &),44
void (const threadgroup_imageblock MeshVertex &),44
void (const ray_data MeshVertex &),44
void (const object_data MeshVertex &),44
void (MeshVertex &&),44
void (device MeshVertex &&) threadgroup,44
void (threadgroup MeshVertex &&) threadgroup,44
void (threadgroup_imageblock MeshVertex &&) threadgroup,44
void (ray_data MeshVertex &&) threadgroup,44
void (object_data MeshVertex &&) threadgroup,44
void (MeshVertex &&) threadgroup,44
void (MeshVertex &&) const constant,44
void (device MeshVertex &&) ray_data,44
void (threadgroup MeshVertex &&) ray_data,44
void (threadgroup_imageblock MeshVertex &&) ray_data,44
void (ray_data MeshVertex &&) ray_data,44
void (object_data MeshVertex &&) ray_data,44
void (MeshVertex &&) ray_data,44
void (device MeshVertex &&),44
void (threadgroup MeshVertex &&),44
void (threadgroup_imageblock MeshVertex &&),44
void (ray_data MeshVertex &&),44
void (object_data MeshVertex &&),44
"mesh<MeshVertex, void, 64, 32, metal::topology::triangle>",44
"void (object_data MeshPayload &, metal::mesh_grid_properties)",44
object_data MeshPayload,44
"void (MeshType, object_data MeshPayload &)",44
"metal::_mesh_vertex_ext<metal::mesh<MeshVertex, void, 64, 32, metal::topology::triangle>, MeshVertex>",44
void (const object_data SharedArgs &) threadgroup,44
void (const object_data SharedArgs &) ray_data,44
void (const object_data SharedArgs &),44
void (object_data SharedArgs &&) threadgroup,44
void (object_data SharedArgs &&) ray_data,44
void (object_data SharedArgs &&),44
device SharedArgs &(const object_data SharedArgs &) device,44
threadgroup SharedArgs &(const object_data SharedArgs &) threadgroup,44
threadgroup_imageblock SharedArgs &(const object_data SharedArgs &) threadgroup_imageblock,44
ray_data SharedArgs &(const object_data SharedArgs &) ray_data,44
object_data SharedArgs &(const device SharedArgs &) object_data,44
object_data SharedArgs &(const threadgroup SharedArgs &) object_data,44
object_data SharedArgs &(const constant SharedArgs &) object_data,44
object_data SharedArgs &(const threadgroup_imageblock SharedArgs &) object_data,44
object_data SharedArgs &(const ray_data SharedArgs &) object_data,44
object_data SharedArgs &(const object_data SharedArgs &) object_data,44
object_data SharedArgs &(const SharedArgs &) object_data,44
SharedArgs &(const object_data SharedArgs &),44
device SharedArgs &(object_data SharedArgs &&) device,44
threadgroup SharedArgs &(object_data SharedArgs &&) threadgroup,44
threadgroup_imageblock SharedArgs &(object_data SharedArgs &&) threadgroup_imageblock,44
ray_data SharedArgs &(object_data SharedArgs &&) ray_data,44
object_data SharedArgs &(device SharedArgs &&) object_data,44
object_data SharedArgs &(threadgroup SharedArgs &&) object_data,44
object_data SharedArgs &(threadgroup_imageblock SharedArgs &&) object_data,44
object_data SharedArgs &(ray_data SharedArgs &&) object_data,44
object_data SharedArgs &(object_data SharedArgs &&) object_data,44
object_data SharedArgs &(SharedArgs &&) object_data,44
SharedArgs &(object_data SharedArgs &&),44
"void (object_data Pay2 &, uint)",44
object_data Pay2 &,44
void (const object_data PM &) threadgroup,44
void (const object_data PM &) ray_data,44
void (const object_data PM &),44
void (object_data PM &&) threadgroup,44
void (object_data PM &&) ray_data,44
void (object_data PM &&),44
void (const object_data AlignedTG &) threadgroup,44
void (const object_data AlignedTG &) ray_data,44
void (const object_data AlignedTG &),44
void (object_data AlignedTG &&) threadgroup,44
void (object_data AlignedTG &&) ray_data,44
void (object_data AlignedTG &&),44
void (const object_data PackedTG &) threadgroup,44
void (const object_data PackedTG &) ray_data,44
void (const object_data PackedTG &),44
void (object_data PackedTG &&) threadgroup,44
void (object_data PackedTG &&) ray_data,44
void (object_data PackedTG &&),44
"void (device float *, const constant float &) [[visible]]",44
"float (volatile device _atomic<float> *, float, metal::memory_order)",40
int &,36
"void (texture1d<float, access::sample>, texture1d_array<float, access::sample>, texture2d<float, access::sample>, texture2d_array<float, access::sample>, texture2d_ms<float, access::read>, texturecube<float, access::sample>, texturecube_array<float, access::sample>, texture3d<float, access::sample>, int, depth2d<float, access::sample>, depth2d_array<float, access::sample>, depthcube<float, access::sample>, depthcube_array<float, access::sample>, texture1d<float, access::read>, texture2d<float, access::read>, texture2d_array<float, access::read>, texture3d<float, access::read>, texture1d<float, access::write>, texture2d<float, access::write>, texture2d_array<float, access::write>, texture3d<float, access::write>, texture1d<float, access::read_write>, texture2d<float, access::read_write>, texture2d_array<float, access::read_write>, texture3d<float, access::read_write>, metal::sampler, device float4 *, uint)",28
metal::simd_vote::vote_t () const,24
metal::simd_vote::vote_t,24
"const metal::_depthcube_sample<float, metal::access::sample, metal::memory_coherence_threadgroup>",24
device Base &(device coherent(device) Base &&) device,24
device coherent(device) Base &(device Base &&) device coherent(device),24
device coherent(device) Base &(device coherent(device) Base &&) device coherent(device),24
device coherent(device) Base &(threadgroup Base &&) device coherent(device),24
device coherent(device) Base &(threadgroup_imageblock Base &&) device coherent(device),24
device coherent(device) Base &(ray_data Base &&) device coherent(device),24
device coherent(device) Base &(object_data Base &&) device coherent(device),24
device coherent(device) Base &(Base &&) device coherent(device),24
threadgroup Base &(device coherent(device) Base &&) threadgroup,24
threadgroup_imageblock Base &(device coherent(device) Base &&) threadgroup_imageblock,24
ray_data Base &(device coherent(device) Base &&) ray_data,24
object_data Base &(device coherent(device) Base &&) object_data,24
Base &(device coherent(device) Base &&),24
"auto (auto, auto) const",24
"auto (*() const noexcept)(auto, auto)",24
"auto (auto, auto)",24
"int (*)(int, int) const",24
void (const device coherent(device) Bf &) threadgroup,24
void (const device coherent(device) Bf &) ray_data,24
void (const device coherent(device) Bf &),24
void (device coherent(device) Bf &&) threadgroup,24
void (device coherent(device) Bf &&) ray_data,24
void (device coherent(device) Bf &&),24
"void (const metal::texture2d<float, metal::access::sample, metal::memory_coherence_threadgroup> &) noexcept",24
"const metal::texture2d<float, metal::access::sample, metal::memory_coherence_threadgroup>",24
void (const device coherent(device) V &) threadgroup,24
void (const device coherent(device) V &) ray_data,24
void (const device coherent(device) V &),24
void (device coherent(device) V &&) threadgroup,24
void (device coherent(device) V &&) ray_data,24
void (device coherent(device) V &&),24
void (const device coherent(device) FO2 &) threadgroup,24
void (const device coherent(device) FO2 &) ray_data,24
void (const device coherent(device) FO2 &),24
void (device coherent(device) FO2 &&) threadgroup,24
void (device coherent(device) FO2 &&) ray_data,24
void (device coherent(device) FO2 &&),24
void (const device coherent(device) FO &) threadgroup,24
void (const device coherent(device) FO &) ray_data,24
void (const device coherent(device) FO &),24
void (device coherent(device) FO &&) threadgroup,24
void (device coherent(device) FO &&) ray_data,24
void (device coherent(device) FO &&),24
void (const device coherent(device) FOm &) threadgroup,24
void (const device coherent(device) FOm &) ray_data,24
void (const device coherent(device) FOm &),24
void (device coherent(device) FOm &&) threadgroup,24
void (device coherent(device) FOm &&) ray_data,24
void (device coherent(device) FOm &&),24
void (const device coherent(device) VOc &) threadgroup,24
void (const device coherent(device) VOc &) ray_data,24
void (const device coherent(device) VOc &),24
void (device coherent(device) VOc &&) threadgroup,24
void (device coherent(device) VOc &&) ray_data,24
void (device coherent(device) VOc &&),24
void (const device coherent(device) VOp &) threadgroup,24
void (const device coherent(device) VOp &) ray_data,24
void (const device coherent(device) VOp &),24
void (device coherent(device) VOp &&) threadgroup,24
void (device coherent(device) VOp &&) ray_data,24
void (device coherent(device) VOp &&),24
void (const device coherent(device) PrimOut &) threadgroup,24
void (const device coherent(device) PrimOut &) ray_data,24
void (const device coherent(device) PrimOut &),24
void (device coherent(device) PrimOut &&) threadgroup,24
void (device coherent(device) PrimOut &&) ray_data,24
void (device coherent(device) PrimOut &&),24
void (const device coherent(device) MeshVertex &) threadgroup,24
void (const device coherent(device) MeshVertex &) ray_data,24
void (const device coherent(device) MeshVertex &),24
void (device coherent(device) MeshVertex &&) threadgroup,24
void (device coherent(device) MeshVertex &&) ray_data,24
void (device coherent(device) MeshVertex &&),24
void (const device coherent(device) SharedArgs &) threadgroup,24
void (const device coherent(device) SharedArgs &) ray_data,24
void (const device coherent(device) SharedArgs &),24
void (device coherent(device) SharedArgs &&) threadgroup,24
void (device coherent(device) SharedArgs &&) ray_data,24
void (device coherent(device) SharedArgs &&),24
device SharedArgs &(const device coherent(device) SharedArgs &) device,24
device coherent(device) SharedArgs &(const device SharedArgs &) device coherent(device),24
device coherent(device) SharedArgs &(const device coherent(device) SharedArgs &) device coherent(device),24
device coherent(device) SharedArgs &(const threadgroup SharedArgs &) device coherent(device),24
device coherent(device) SharedArgs &(const constant SharedArgs &) device coherent(device),24
device coherent(device) SharedArgs &(const threadgroup_imageblock SharedArgs &) device coherent(device),24
device coherent(device) SharedArgs &(const ray_data SharedArgs &) device coherent(device),24
device coherent(device) SharedArgs &(const object_data SharedArgs &) device coherent(device),24
device coherent(device) SharedArgs &(const SharedArgs &) device coherent(device),24
threadgroup SharedArgs &(const device coherent(device) SharedArgs &) threadgroup,24
threadgroup_imageblock SharedArgs &(const device coherent(device) SharedArgs &) threadgroup_imageblock,24
ray_data SharedArgs &(const device coherent(device) SharedArgs &) ray_data,24
object_data SharedArgs &(const device coherent(device) SharedArgs &) object_data,24
SharedArgs &(const device coherent(device) SharedArgs &),24
device SharedArgs &(device coherent(device) SharedArgs &&) device,24
device coherent(device) SharedArgs &(device SharedArgs &&) device coherent(device),24
device coherent(device) SharedArgs &(device coherent(device) SharedArgs &&) device coherent(device),24
device coherent(device) SharedArgs &(threadgroup SharedArgs &&) device coherent(device),24
device coherent(device) SharedArgs &(threadgroup_imageblock SharedArgs &&) device coherent(device),24
device coherent(device) SharedArgs &(ray_data SharedArgs &&) device coherent(device),24
device coherent(device) SharedArgs &(object_data SharedArgs &&) device coherent(device),24
device coherent(device) SharedArgs &(SharedArgs &&) device coherent(device),24
threadgroup SharedArgs &(device coherent(device) SharedArgs &&) threadgroup,24
threadgroup_imageblock SharedArgs &(device coherent(device) SharedArgs &&) threadgroup_imageblock,24
ray_data SharedArgs &(device coherent(device) SharedArgs &&) ray_data,24
object_data SharedArgs &(device coherent(device) SharedArgs &&) object_data,24
SharedArgs &(device coherent(device) SharedArgs &&),24
void (const device coherent(device) PM &) threadgroup,24
void (const device coherent(device) PM &) ray_data,24
void (const device coherent(device) PM &),24
void (device coherent(device) PM &&) threadgroup,24
void (device coherent(device) PM &&) ray_data,24
void (device coherent(device) PM &&),24
"const metal::_texture2d_write<half, metal::access::write, metal::memory_coherence_threadgroup>",24
"const metal::_texture2d_write<int, metal::access::write, metal::memory_coherence_threadgroup>",24
"const metal::_texture2d_write<unsigned int, metal::access::write, metal::memory_coherence_threadgroup>",24
"const metal::_texture1d_write<float, metal::access::write, metal::memory_coherence_threadgroup>",24
"const metal::_texture1d_write<half, metal::access::write, metal::memory_coherence_threadgroup>",24
"const metal::_texture1d_write<int, metal::access::write, metal::memory_coherence_threadgroup>",24
"const metal::_texture1d_write<unsigned int, metal::access::write, metal::memory_coherence_threadgroup>",24
"const metal::_texture3d_write<half, metal::access::write, metal::memory_coherence_threadgroup>",24
"const metal::_texture3d_write<int, metal::access::write, metal::memory_coherence_threadgroup>",24
"const metal::_texture3d_write<unsigned int, metal::access::write, metal::memory_coherence_threadgroup>",24
"const metal::_texturecube_read<float, metal::access::read, metal::memory_coherence_threadgroup>",24
"const metal::_texturecube_read<int, metal::access::read, metal::memory_coherence_threadgroup>",24
void (const device coherent(device) AlignedTG &) threadgroup,24
void (const device coherent(device) AlignedTG &) ray_data,24
void (const device coherent(device) AlignedTG &),24
void (device coherent(device) AlignedTG &&) threadgroup,24
void (device coherent(device) AlignedTG &&) ray_data,24
void (device coherent(device) AlignedTG &&),24
void (const device coherent(device) PackedTG &) threadgroup,24
void (const device coherent(device) PackedTG &) ray_data,24
void (const device coherent(device) PackedTG &),24
void (device coherent(device) PackedTG &&) threadgroup,24
void (device coherent(device) PackedTG &&) ray_data,24
void (device coherent(device) PackedTG &&),24
"int (*)(const volatile device coherent(device) _atomic<int> *, metal::memory_order)",24
const volatile device coherent(device) _atomic<int> *,24
"float (*)(volatile device coherent(device) _atomic<float> *, float, metal::memory_order)",24
volatile device coherent(device) _atomic<float> *,24
"const metal::_depth2d_read<float, metal::access::read, metal::memory_coherence_threadgroup>",24
void (const device coherent(device) C &) threadgroup,24
void (const device coherent(device) C &) ray_data,24
void (const device coherent(device) C &),24
void (device coherent(device) C &&) threadgroup,24
void (device coherent(device) C &&) ray_data,24
void (device coherent(device) C &&),24
"void (void *, metal::align_val_t) noexcept",24
void (*)() const,24
void (const device coherent(device) Vec &) threadgroup,24
void (const device coherent(device) Vec &) ray_data,24
void (const device coherent(device) Vec &),24
void (device coherent(device) Vec &&) threadgroup,24
void (device coherent(device) Vec &&) ray_data,24
void (device coherent(device) Vec &&),24
void (const device coherent(device) P2 &) threadgroup,24
void (const device coherent(device) P2 &) ray_data,24
void (const device coherent(device) P2 &),24
void (device coherent(device) P2 &&) threadgroup,24
void (device coherent(device) P2 &&) ray_data,24
void (device coherent(device) P2 &&),24
"const metal::_depth2d_gather<float, metal::access::sample, metal::memory_coherence_threadgroup>",24
device S &(const device coherent(device) S &) device,24
device coherent(device) S &(const device S &) device coherent(device),24
device coherent(device) S &(const device coherent(device) S &) device coherent(device),24
device coherent(device) S &(const threadgroup S &) device coherent(device),24
device coherent(device) S &(const constant S &) device coherent(device),24
device coherent(device) S &(const threadgroup_imageblock S &) device coherent(device),24
device coherent(device) S &(const ray_data S &) device coherent(device),24
device coherent(device) S &(const object_data S &) device coherent(device),24
device coherent(device) S &(const S &) device coherent(device),24
threadgroup S &(const device coherent(device) S &) threadgroup,24
threadgroup_imageblock S &(const device coherent(device) S &) threadgroup_imageblock,24
ray_data S &(const device coherent(device) S &) ray_data,24
object_data S &(const device coherent(device) S &) object_data,24
S &(const device coherent(device) S &),24
device S &(device coherent(device) S &&) device,24
device coherent(device) S &(device S &&) device coherent(device),24
device coherent(device) S &(device coherent(device) S &&) device coherent(device),24
device coherent(device) S &(threadgroup S &&) device coherent(device),24
device coherent(device) S &(threadgroup_imageblock S &&) device coherent(device),24
device coherent(device) S &(ray_data S &&) device coherent(device),24
device coherent(device) S &(object_data S &&) device coherent(device),24
device coherent(device) S &(S &&) device coherent(device),24
threadgroup S &(device coherent(device) S &&) threadgroup,24
threadgroup_imageblock S &(device coherent(device) S &&) threadgroup_imageblock,24
ray_data S &(device coherent(device) S &&) ray_data,24
object_data S &(device coherent(device) S &&) object_data,24
S &(device coherent(device) S &&),24
void (const device coherent(device) Dimensions &) threadgroup,24
void (const device coherent(device) Dimensions &) ray_data,24
void (const device coherent(device) Dimensions &),24
void (device coherent(device) Dimensions &&) threadgroup,24
void (device coherent(device) Dimensions &&) ray_data,24
void (device coherent(device) Dimensions &&),24
void (const device coherent(device) FO4 &) threadgroup,24
void (const device coherent(device) FO4 &) ray_data,24
void (const device coherent(device) FO4 &),24
void (device coherent(device) FO4 &&) threadgroup,24
void (device coherent(device) FO4 &&) ray_data,24
void (device coherent(device) FO4 &&),24
void (const device coherent(device) VOr &) threadgroup,24
void (const device coherent(device) VOr &) ray_data,24
void (const device coherent(device) VOr &),24
void (device coherent(device) VOr &&) threadgroup,24
void (device coherent(device) VOr &&) ray_data,24
void (device coherent(device) VOr &&),24
void (const device coherent(device) VO4 &) threadgroup,24
void (const device coherent(device) VO4 &) ray_data,24
void (const device coherent(device) VO4 &),24
void (device coherent(device) VO4 &&) threadgroup,24
void (device coherent(device) VO4 &&) ray_data,24
void (device coherent(device) VO4 &&),24
void (const device coherent(device) VO1 &) threadgroup,24
void (const device coherent(device) VO1 &) ray_data,24
void (const device coherent(device) VO1 &),24
void (device coherent(device) VO1 &&) threadgroup,24
void (device coherent(device) VO1 &&) ray_data,24
void (device coherent(device) VO1 &&),24
void (const device coherent(device) VOu &) threadgroup,24
void (const device coherent(device) VOu &) ray_data,24
void (const device coherent(device) VOu &),24
void (device coherent(device) VOu &&) threadgroup,24
void (device coherent(device) VOu &&) ray_data,24
void (device coherent(device) VOu &&),24
void (const device coherent(device) A8 &) threadgroup,24
void (const device coherent(device) A8 &) ray_data,24
void (const device coherent(device) A8 &),24
void (device coherent(device) A8 &&) threadgroup,24
void (device coherent(device) A8 &&) ray_data,24
void (device coherent(device) A8 &&),24
void (const device coherent(device) A16 &) threadgroup,24
void (const device coherent(device) A16 &) ray_data,24
void (const device coherent(device) A16 &),24
void (device coherent(device) A16 &&) threadgroup,24
void (device coherent(device) A16 &&) ray_data,24
void (device coherent(device) A16 &&),24
void (const device coherent(device) A32 &) threadgroup,24
void (const device coherent(device) A32 &) ray_data,24
void (const device coherent(device) A32 &),24
void (device coherent(device) A32 &&) threadgroup,24
void (device coherent(device) A32 &&) ray_data,24
void (device coherent(device) A32 &&),24
void (const device coherent(device) Al &) threadgroup,24
void (const device coherent(device) Al &) ray_data,24
void (const device coherent(device) Al &),24
void (device coherent(device) Al &&) threadgroup,24
void (device coherent(device) Al &&) ray_data,24
void (device coherent(device) Al &&),24
"const metal::_texture2d_array_read<float, metal::access::read, metal::memory_coherence_threadgroup>",24
"const metal::_texture2d_array_read<half, metal::access::read, metal::memory_coherence_threadgroup>",24
"const metal::_texture2d_array_read<int, metal::access::read, metal::memory_coherence_threadgroup>",24
"const metal::_texture2d_array_read<unsigned int, metal::access::read, metal::memory_coherence_threadgroup>",24
"const metal::_texture1d_sample<float, metal::access::sample, metal::memory_coherence_threadgroup>",24
"const metal::_texture1d_sample<half, metal::access::sample, metal::memory_coherence_threadgroup>",24
"const metal::_texture1d_sample<int, metal::access::sample, metal::memory_coherence_threadgroup>",24
"const metal::_texture1d_sample<unsigned int, metal::access::sample, metal::memory_coherence_threadgroup>",24
"const metal::_texturecube_read<half, metal::access::read, metal::memory_coherence_threadgroup>",24
"const metal::_texturecube_read<unsigned int, metal::access::read, metal::memory_coherence_threadgroup>",24
void (const device coherent(device) TGData &) threadgroup,24
void (const device coherent(device) TGData &) ray_data,24
void (const device coherent(device) TGData &),24
void (device coherent(device) TGData &&) threadgroup,24
void (device coherent(device) TGData &&) ray_data,24
void (device coherent(device) TGData &&),24
"const metal::_texture3d_read<float, metal::access::sample, metal::__memory_coherence_threadgroup>",22
"const metal::_texture2d_array_write<half, metal::access::write, metal::__memory_coherence_threadgroup>",22
"const metal::_texture2d_array_write<int, metal::access::write, metal::__memory_coherence_threadgroup>",22
"const metal::_texture2d_array_write<unsigned int, metal::access::write, metal::__memory_coherence_threadgroup>",22
(lambda at /tmp/metal-ast-ios-air64/src/codegen_all.metal:18:12),22
(lambda at /tmp/metal-ast-ios-sim-air64/src/codegen_all.metal:18:12),22
(lambda at /tmp/metal-ast-macos-air32/src/codegen_all.metal:18:12),22
(lambda at /tmp/metal-ast-macos-air64/src/codegen_all.metal:18:12),22
(lambda at /tmp/metal-ast-tvos-air32/src/codegen_all.metal:18:12),22
(lambda at /tmp/metal-ast-tvos-air64/src/codegen_all.metal:18:12),22
(lambda at /tmp/metal-ast-tvos-sim-air32/src/codegen_all.metal:18:12),22
(lambda at /tmp/metal-ast-tvos-sim-air64/src/codegen_all.metal:18:12),22
(lambda at /tmp/metal-ast-watchos-air32/src/codegen_all.metal:18:12),22
(lambda at /tmp/metal-ast-watchos-air64/src/codegen_all.metal:18:12),22
(lambda at /tmp/metal-ast-watchos-sim-air32/src/codegen_all.metal:18:12),22
(lambda at /tmp/metal-ast-watchos-sim-air64/src/codegen_all.metal:18:12),22
"float (*)(volatile device _atomic<float> *, float, metal::memory_order)",20
volatile device _atomic<float> *,20
"void *(unsigned long, metal::align_val_t)",14
(lambda at /tmp/metal-ast-ios-air64/src/cx/cxx_009_lambda_capture_by_ref.metal:5:12),13
(lambda at /tmp/metal-ast-ios-sim-air64/src/cx/cxx_009_lambda_capture_by_ref.metal:5:12),13
(lambda at /tmp/metal-ast-macos-air32/src/cx/cxx_009_lambda_capture_by_ref.metal:5:12),13
(lambda at /tmp/metal-ast-macos-air64/src/cx/cxx_009_lambda_capture_by_ref.metal:5:12),13
(lambda at /tmp/metal-ast-tvos-air32/src/cx/cxx_009_lambda_capture_by_ref.metal:5:12),13
(lambda at /tmp/metal-ast-tvos-air64/src/cx/cxx_009_lambda_capture_by_ref.metal:5:12),13
(lambda at /tmp/metal-ast-tvos-sim-air32/src/cx/cxx_009_lambda_capture_by_ref.metal:5:12),13
(lambda at /tmp/metal-ast-tvos-sim-air64/src/cx/cxx_009_lambda_capture_by_ref.metal:5:12),13
(lambda at /tmp/metal-ast-watchos-air32/src/cx/cxx_009_lambda_capture_by_ref.metal:5:12),13
(lambda at /tmp/metal-ast-watchos-air64/src/cx/cxx_009_lambda_capture_by_ref.metal:5:12),13
(lambda at /tmp/metal-ast-watchos-sim-air32/src/cx/cxx_009_lambda_capture_by_ref.metal:5:12),13
(lambda at /tmp/metal-ast-watchos-sim-air64/src/cx/cxx_009_lambda_capture_by_ref.metal:5:12),13
const metal::simd_vote,12
void (P2 &&),12
void (device ulong *),12
(lambda at /tmp/metal-ast-ios-air64/src/cx/cxx_010_lambda_generic.metal:4:12),11
(lambda at /tmp/metal-ast-ios-sim-air64/src/cx/cxx_010_lambda_generic.metal:4:12),11
(lambda at /tmp/metal-ast-macos-air32/src/cx/cxx_010_lambda_generic.metal:4:12),11
(lambda at /tmp/metal-ast-macos-air64/src/cx/cxx_010_lambda_generic.metal:4:12),11
(lambda at /tmp/metal-ast-tvos-air32/src/cx/cxx_010_lambda_generic.metal:4:12),11
(lambda at /tmp/metal-ast-tvos-air64/src/cx/cxx_010_lambda_generic.metal:4:12),11
(lambda at /tmp/metal-ast-tvos-sim-air32/src/cx/cxx_010_lambda_generic.metal:4:12),11
(lambda at /tmp/metal-ast-tvos-sim-air64/src/cx/cxx_010_lambda_generic.metal:4:12),11
(lambda at /tmp/metal-ast-watchos-air32/src/cx/cxx_010_lambda_generic.metal:4:12),11
(lambda at /tmp/metal-ast-watchos-air64/src/cx/cxx_010_lambda_generic.metal:4:12),11
(lambda at /tmp/metal-ast-watchos-sim-air32/src/cx/cxx_010_lambda_generic.metal:4:12),11
(lambda at /tmp/metal-ast-watchos-sim-air64/src/cx/cxx_010_lambda_generic.metal:4:12),11
"void *(unsigned int, metal::align_val_t)",10
const (lambda at /tmp/metal-ast-ios-air64/src/codegen_all.metal:18:12) &,8
const constant (lambda at /tmp/metal-ast-ios-air64/src/codegen_all.metal:18:12) &,8
(lambda at /tmp/metal-ast-ios-air64/src/codegen_all.metal:18:12) &&,8
"void (device metal::atomic_uint *, device metal::atomic_int *, device metal::atomic_ulong *, device uint *, uint)",8
const (lambda at /tmp/metal-ast-ios-sim-air64/src/codegen_all.metal:18:12) &,8
const constant (lambda at /tmp/metal-ast-ios-sim-air64/src/codegen_all.metal:18:12) &,8
(lambda at /tmp/metal-ast-ios-sim-air64/src/codegen_all.metal:18:12) &&,8
"void (texture1d<float, access::sample>, texture1d_array<float, access::sample>, texture2d<float, access::sample>, texture2d_array<float, access::sample>, texture2d_ms<float, access::read>, texturecube<float, access::sample>, texturecube_array<float, access::sample>, texture3d<float, access::sample>, int, depth2d<float, access::sample>, depth2d_array<float, access::sample>, depthcube<float, access::sample>, depthcube_array<float, access::sample>, texture1d<float, access::read>, texture2d<float, access::read>, texture2d_array<float, access::read>, texture3d<float, access::read>, texture1d<float, access::write>, texture2d<float, access::write>, texture2d_array<float, access::write>, texture3d<float, access::write>, int, int, int, int, metal::sampler, device float4 *, uint)",8
const (lambda at /tmp/metal-ast-macos-air32/src/codegen_all.metal:18:12) &,8
const constant (lambda at /tmp/metal-ast-macos-air32/src/codegen_all.metal:18:12) &,8
(lambda at /tmp/metal-ast-macos-air32/src/codegen_all.metal:18:12) &&,8
const (lambda at /tmp/metal-ast-macos-air64/src/codegen_all.metal:18:12) &,8
const constant (lambda at /tmp/metal-ast-macos-air64/src/codegen_all.metal:18:12) &,8
(lambda at /tmp/metal-ast-macos-air64/src/codegen_all.metal:18:12) &&,8
const (lambda at /tmp/metal-ast-tvos-air32/src/codegen_all.metal:18:12) &,8
const constant (lambda at /tmp/metal-ast-tvos-air32/src/codegen_all.metal:18:12) &,8
(lambda at /tmp/metal-ast-tvos-air32/src/codegen_all.metal:18:12) &&,8
const (lambda at /tmp/metal-ast-tvos-air64/src/codegen_all.metal:18:12) &,8
const constant (lambda at /tmp/metal-ast-tvos-air64/src/codegen_all.metal:18:12) &,8
(lambda at /tmp/metal-ast-tvos-air64/src/codegen_all.metal:18:12) &&,8
const (lambda at /tmp/metal-ast-tvos-sim-air32/src/codegen_all.metal:18:12) &,8
const constant (lambda at /tmp/metal-ast-tvos-sim-air32/src/codegen_all.metal:18:12) &,8
(lambda at /tmp/metal-ast-tvos-sim-air32/src/codegen_all.metal:18:12) &&,8
const (lambda at /tmp/metal-ast-tvos-sim-air64/src/codegen_all.metal:18:12) &,8
const constant (lambda at /tmp/metal-ast-tvos-sim-air64/src/codegen_all.metal:18:12) &,8
(lambda at /tmp/metal-ast-tvos-sim-air64/src/codegen_all.metal:18:12) &&,8
const (lambda at /tmp/metal-ast-watchos-air32/src/codegen_all.metal:18:12) &,8
const constant (lambda at /tmp/metal-ast-watchos-air32/src/codegen_all.metal:18:12) &,8
(lambda at /tmp/metal-ast-watchos-air32/src/codegen_all.metal:18:12) &&,8
const (lambda at /tmp/metal-ast-watchos-air64/src/codegen_all.metal:18:12) &,8
const constant (lambda at /tmp/metal-ast-watchos-air64/src/codegen_all.metal:18:12) &,8
(lambda at /tmp/metal-ast-watchos-air64/src/codegen_all.metal:18:12) &&,8
const (lambda at /tmp/metal-ast-watchos-sim-air32/src/codegen_all.metal:18:12) &,8
const constant (lambda at /tmp/metal-ast-watchos-sim-air32/src/codegen_all.metal:18:12) &,8
(lambda at /tmp/metal-ast-watchos-sim-air32/src/codegen_all.metal:18:12) &&,8
const (lambda at /tmp/metal-ast-watchos-sim-air64/src/codegen_all.metal:18:12) &,8
const constant (lambda at /tmp/metal-ast-watchos-sim-air64/src/codegen_all.metal:18:12) &,8
(lambda at /tmp/metal-ast-watchos-sim-air64/src/codegen_all.metal:18:12) &&,8
const device (lambda at /tmp/metal-ast-ios-air64/src/codegen_all.metal:18:12) &,6
const device coherent(device) (lambda at /tmp/metal-ast-ios-air64/src/codegen_all.metal:18:12) &,6
const threadgroup (lambda at /tmp/metal-ast-ios-air64/src/codegen_all.metal:18:12) &,6
const threadgroup_imageblock (lambda at /tmp/metal-ast-ios-air64/src/codegen_all.metal:18:12) &,6
const ray_data (lambda at /tmp/metal-ast-ios-air64/src/codegen_all.metal:18:12) &,6
const object_data (lambda at /tmp/metal-ast-ios-air64/src/codegen_all.metal:18:12) &,6
device (lambda at /tmp/metal-ast-ios-air64/src/codegen_all.metal:18:12) &&,6
device coherent(device) (lambda at /tmp/metal-ast-ios-air64/src/codegen_all.metal:18:12) &&,6
threadgroup (lambda at /tmp/metal-ast-ios-air64/src/codegen_all.metal:18:12) &&,6
threadgroup_imageblock (lambda at /tmp/metal-ast-ios-air64/src/codegen_all.metal:18:12) &&,6
ray_data (lambda at /tmp/metal-ast-ios-air64/src/codegen_all.metal:18:12) &&,6
object_data (lambda at /tmp/metal-ast-ios-air64/src/codegen_all.metal:18:12) &&,6
const device (lambda at /tmp/metal-ast-ios-sim-air64/src/codegen_all.metal:18:12) &,6
const device coherent(device) (lambda at /tmp/metal-ast-ios-sim-air64/src/codegen_all.metal:18:12) &,6
const threadgroup (lambda at /tmp/metal-ast-ios-sim-air64/src/codegen_all.metal:18:12) &,6
const threadgroup_imageblock (lambda at /tmp/metal-ast-ios-sim-air64/src/codegen_all.metal:18:12) &,6
const ray_data (lambda at /tmp/metal-ast-ios-sim-air64/src/codegen_all.metal:18:12) &,6
const object_data (lambda at /tmp/metal-ast-ios-sim-air64/src/codegen_all.metal:18:12) &,6
device (lambda at /tmp/metal-ast-ios-sim-air64/src/codegen_all.metal:18:12) &&,6
device coherent(device) (lambda at /tmp/metal-ast-ios-sim-air64/src/codegen_all.metal:18:12) &&,6
threadgroup (lambda at /tmp/metal-ast-ios-sim-air64/src/codegen_all.metal:18:12) &&,6
threadgroup_imageblock (lambda at /tmp/metal-ast-ios-sim-air64/src/codegen_all.metal:18:12) &&,6
ray_data (lambda at /tmp/metal-ast-ios-sim-air64/src/codegen_all.metal:18:12) &&,6
object_data (lambda at /tmp/metal-ast-ios-sim-air64/src/codegen_all.metal:18:12) &&,6
const device (lambda at /tmp/metal-ast-macos-air32/src/codegen_all.metal:18:12) &,6
const device coherent(device) (lambda at /tmp/metal-ast-macos-air32/src/codegen_all.metal:18:12) &,6
const threadgroup (lambda at /tmp/metal-ast-macos-air32/src/codegen_all.metal:18:12) &,6
const threadgroup_imageblock (lambda at /tmp/metal-ast-macos-air32/src/codegen_all.metal:18:12) &,6
const ray_data (lambda at /tmp/metal-ast-macos-air32/src/codegen_all.metal:18:12) &,6
const object_data (lambda at /tmp/metal-ast-macos-air32/src/codegen_all.metal:18:12) &,6
device (lambda at /tmp/metal-ast-macos-air32/src/codegen_all.metal:18:12) &&,6
device coherent(device) (lambda at /tmp/metal-ast-macos-air32/src/codegen_all.metal:18:12) &&,6
threadgroup (lambda at /tmp/metal-ast-macos-air32/src/codegen_all.metal:18:12) &&,6
threadgroup_imageblock (lambda at /tmp/metal-ast-macos-air32/src/codegen_all.metal:18:12) &&,6
ray_data (lambda at /tmp/metal-ast-macos-air32/src/codegen_all.metal:18:12) &&,6
object_data (lambda at /tmp/metal-ast-macos-air32/src/codegen_all.metal:18:12) &&,6
const device (lambda at /tmp/metal-ast-macos-air64/src/codegen_all.metal:18:12) &,6
const device coherent(device) (lambda at /tmp/metal-ast-macos-air64/src/codegen_all.metal:18:12) &,6
const threadgroup (lambda at /tmp/metal-ast-macos-air64/src/codegen_all.metal:18:12) &,6
const threadgroup_imageblock (lambda at /tmp/metal-ast-macos-air64/src/codegen_all.metal:18:12) &,6
const ray_data (lambda at /tmp/metal-ast-macos-air64/src/codegen_all.metal:18:12) &,6
const object_data (lambda at /tmp/metal-ast-macos-air64/src/codegen_all.metal:18:12) &,6
device (lambda at /tmp/metal-ast-macos-air64/src/codegen_all.metal:18:12) &&,6
device coherent(device) (lambda at /tmp/metal-ast-macos-air64/src/codegen_all.metal:18:12) &&,6
threadgroup (lambda at /tmp/metal-ast-macos-air64/src/codegen_all.metal:18:12) &&,6
threadgroup_imageblock (lambda at /tmp/metal-ast-macos-air64/src/codegen_all.metal:18:12) &&,6
ray_data (lambda at /tmp/metal-ast-macos-air64/src/codegen_all.metal:18:12) &&,6
object_data (lambda at /tmp/metal-ast-macos-air64/src/codegen_all.metal:18:12) &&,6
const device (lambda at /tmp/metal-ast-tvos-air32/src/codegen_all.metal:18:12) &,6
const device coherent(device) (lambda at /tmp/metal-ast-tvos-air32/src/codegen_all.metal:18:12) &,6
const threadgroup (lambda at /tmp/metal-ast-tvos-air32/src/codegen_all.metal:18:12) &,6
const threadgroup_imageblock (lambda at /tmp/metal-ast-tvos-air32/src/codegen_all.metal:18:12) &,6
const ray_data (lambda at /tmp/metal-ast-tvos-air32/src/codegen_all.metal:18:12) &,6
const object_data (lambda at /tmp/metal-ast-tvos-air32/src/codegen_all.metal:18:12) &,6
device (lambda at /tmp/metal-ast-tvos-air32/src/codegen_all.metal:18:12) &&,6
device coherent(device) (lambda at /tmp/metal-ast-tvos-air32/src/codegen_all.metal:18:12) &&,6
threadgroup (lambda at /tmp/metal-ast-tvos-air32/src/codegen_all.metal:18:12) &&,6
threadgroup_imageblock (lambda at /tmp/metal-ast-tvos-air32/src/codegen_all.metal:18:12) &&,6
ray_data (lambda at /tmp/metal-ast-tvos-air32/src/codegen_all.metal:18:12) &&,6
object_data (lambda at /tmp/metal-ast-tvos-air32/src/codegen_all.metal:18:12) &&,6
const device (lambda at /tmp/metal-ast-tvos-air64/src/codegen_all.metal:18:12) &,6
const device coherent(device) (lambda at /tmp/metal-ast-tvos-air64/src/codegen_all.metal:18:12) &,6
const threadgroup (lambda at /tmp/metal-ast-tvos-air64/src/codegen_all.metal:18:12) &,6
const threadgroup_imageblock (lambda at /tmp/metal-ast-tvos-air64/src/codegen_all.metal:18:12) &,6
const ray_data (lambda at /tmp/metal-ast-tvos-air64/src/codegen_all.metal:18:12) &,6
const object_data (lambda at /tmp/metal-ast-tvos-air64/src/codegen_all.metal:18:12) &,6
device (lambda at /tmp/metal-ast-tvos-air64/src/codegen_all.metal:18:12) &&,6
device coherent(device) (lambda at /tmp/metal-ast-tvos-air64/src/codegen_all.metal:18:12) &&,6
threadgroup (lambda at /tmp/metal-ast-tvos-air64/src/codegen_all.metal:18:12) &&,6
threadgroup_imageblock (lambda at /tmp/metal-ast-tvos-air64/src/codegen_all.metal:18:12) &&,6
ray_data (lambda at /tmp/metal-ast-tvos-air64/src/codegen_all.metal:18:12) &&,6
object_data (lambda at /tmp/metal-ast-tvos-air64/src/codegen_all.metal:18:12) &&,6
const device (lambda at /tmp/metal-ast-tvos-sim-air32/src/codegen_all.metal:18:12) &,6
const device coherent(device) (lambda at /tmp/metal-ast-tvos-sim-air32/src/codegen_all.metal:18:12) &,6
const threadgroup (lambda at /tmp/metal-ast-tvos-sim-air32/src/codegen_all.metal:18:12) &,6
const threadgroup_imageblock (lambda at /tmp/metal-ast-tvos-sim-air32/src/codegen_all.metal:18:12) &,6
const ray_data (lambda at /tmp/metal-ast-tvos-sim-air32/src/codegen_all.metal:18:12) &,6
const object_data (lambda at /tmp/metal-ast-tvos-sim-air32/src/codegen_all.metal:18:12) &,6
device (lambda at /tmp/metal-ast-tvos-sim-air32/src/codegen_all.metal:18:12) &&,6
device coherent(device) (lambda at /tmp/metal-ast-tvos-sim-air32/src/codegen_all.metal:18:12) &&,6
threadgroup (lambda at /tmp/metal-ast-tvos-sim-air32/src/codegen_all.metal:18:12) &&,6
threadgroup_imageblock (lambda at /tmp/metal-ast-tvos-sim-air32/src/codegen_all.metal:18:12) &&,6
ray_data (lambda at /tmp/metal-ast-tvos-sim-air32/src/codegen_all.metal:18:12) &&,6
object_data (lambda at /tmp/metal-ast-tvos-sim-air32/src/codegen_all.metal:18:12) &&,6
const device (lambda at /tmp/metal-ast-tvos-sim-air64/src/codegen_all.metal:18:12) &,6
const device coherent(device) (lambda at /tmp/metal-ast-tvos-sim-air64/src/codegen_all.metal:18:12) &,6
const threadgroup (lambda at /tmp/metal-ast-tvos-sim-air64/src/codegen_all.metal:18:12) &,6
const threadgroup_imageblock (lambda at /tmp/metal-ast-tvos-sim-air64/src/codegen_all.metal:18:12) &,6
const ray_data (lambda at /tmp/metal-ast-tvos-sim-air64/src/codegen_all.metal:18:12) &,6
const object_data (lambda at /tmp/metal-ast-tvos-sim-air64/src/codegen_all.metal:18:12) &,6
device (lambda at /tmp/metal-ast-tvos-sim-air64/src/codegen_all.metal:18:12) &&,6
device coherent(device) (lambda at /tmp/metal-ast-tvos-sim-air64/src/codegen_all.metal:18:12) &&,6
threadgroup (lambda at /tmp/metal-ast-tvos-sim-air64/src/codegen_all.metal:18:12) &&,6
threadgroup_imageblock (lambda at /tmp/metal-ast-tvos-sim-air64/src/codegen_all.metal:18:12) &&,6
ray_data (lambda at /tmp/metal-ast-tvos-sim-air64/src/codegen_all.metal:18:12) &&,6
object_data (lambda at /tmp/metal-ast-tvos-sim-air64/src/codegen_all.metal:18:12) &&,6
const device (lambda at /tmp/metal-ast-watchos-air32/src/codegen_all.metal:18:12) &,6
const device coherent(device) (lambda at /tmp/metal-ast-watchos-air32/src/codegen_all.metal:18:12) &,6
const threadgroup (lambda at /tmp/metal-ast-watchos-air32/src/codegen_all.metal:18:12) &,6
const threadgroup_imageblock (lambda at /tmp/metal-ast-watchos-air32/src/codegen_all.metal:18:12) &,6
const ray_data (lambda at /tmp/metal-ast-watchos-air32/src/codegen_all.metal:18:12) &,6
const object_data (lambda at /tmp/metal-ast-watchos-air32/src/codegen_all.metal:18:12) &,6
device (lambda at /tmp/metal-ast-watchos-air32/src/codegen_all.metal:18:12) &&,6
device coherent(device) (lambda at /tmp/metal-ast-watchos-air32/src/codegen_all.metal:18:12) &&,6
threadgroup (lambda at /tmp/metal-ast-watchos-air32/src/codegen_all.metal:18:12) &&,6
threadgroup_imageblock (lambda at /tmp/metal-ast-watchos-air32/src/codegen_all.metal:18:12) &&,6
ray_data (lambda at /tmp/metal-ast-watchos-air32/src/codegen_all.metal:18:12) &&,6
object_data (lambda at /tmp/metal-ast-watchos-air32/src/codegen_all.metal:18:12) &&,6
const device (lambda at /tmp/metal-ast-watchos-air64/src/codegen_all.metal:18:12) &,6
const device coherent(device) (lambda at /tmp/metal-ast-watchos-air64/src/codegen_all.metal:18:12) &,6
const threadgroup (lambda at /tmp/metal-ast-watchos-air64/src/codegen_all.metal:18:12) &,6
const threadgroup_imageblock (lambda at /tmp/metal-ast-watchos-air64/src/codegen_all.metal:18:12) &,6
const ray_data (lambda at /tmp/metal-ast-watchos-air64/src/codegen_all.metal:18:12) &,6
const object_data (lambda at /tmp/metal-ast-watchos-air64/src/codegen_all.metal:18:12) &,6
device (lambda at /tmp/metal-ast-watchos-air64/src/codegen_all.metal:18:12) &&,6
device coherent(device) (lambda at /tmp/metal-ast-watchos-air64/src/codegen_all.metal:18:12) &&,6
threadgroup (lambda at /tmp/metal-ast-watchos-air64/src/codegen_all.metal:18:12) &&,6
threadgroup_imageblock (lambda at /tmp/metal-ast-watchos-air64/src/codegen_all.metal:18:12) &&,6
ray_data (lambda at /tmp/metal-ast-watchos-air64/src/codegen_all.metal:18:12) &&,6
object_data (lambda at /tmp/metal-ast-watchos-air64/src/codegen_all.metal:18:12) &&,6
const device (lambda at /tmp/metal-ast-watchos-sim-air32/src/codegen_all.metal:18:12) &,6
const device coherent(device) (lambda at /tmp/metal-ast-watchos-sim-air32/src/codegen_all.metal:18:12) &,6
const threadgroup (lambda at /tmp/metal-ast-watchos-sim-air32/src/codegen_all.metal:18:12) &,6
const threadgroup_imageblock (lambda at /tmp/metal-ast-watchos-sim-air32/src/codegen_all.metal:18:12) &,6
const ray_data (lambda at /tmp/metal-ast-watchos-sim-air32/src/codegen_all.metal:18:12) &,6
const object_data (lambda at /tmp/metal-ast-watchos-sim-air32/src/codegen_all.metal:18:12) &,6
device (lambda at /tmp/metal-ast-watchos-sim-air32/src/codegen_all.metal:18:12) &&,6
device coherent(device) (lambda at /tmp/metal-ast-watchos-sim-air32/src/codegen_all.metal:18:12) &&,6
threadgroup (lambda at /tmp/metal-ast-watchos-sim-air32/src/codegen_all.metal:18:12) &&,6
threadgroup_imageblock (lambda at /tmp/metal-ast-watchos-sim-air32/src/codegen_all.metal:18:12) &&,6
ray_data (lambda at /tmp/metal-ast-watchos-sim-air32/src/codegen_all.metal:18:12) &&,6
object_data (lambda at /tmp/metal-ast-watchos-sim-air32/src/codegen_all.metal:18:12) &&,6
const device (lambda at /tmp/metal-ast-watchos-sim-air64/src/codegen_all.metal:18:12) &,6
const device coherent(device) (lambda at /tmp/metal-ast-watchos-sim-air64/src/codegen_all.metal:18:12) &,6
const threadgroup (lambda at /tmp/metal-ast-watchos-sim-air64/src/codegen_all.metal:18:12) &,6
const threadgroup_imageblock (lambda at /tmp/metal-ast-watchos-sim-air64/src/codegen_all.metal:18:12) &,6
const ray_data (lambda at /tmp/metal-ast-watchos-sim-air64/src/codegen_all.metal:18:12) &,6
const object_data (lambda at /tmp/metal-ast-watchos-sim-air64/src/codegen_all.metal:18:12) &,6
device (lambda at /tmp/metal-ast-watchos-sim-air64/src/codegen_all.metal:18:12) &&,6
device coherent(device) (lambda at /tmp/metal-ast-watchos-sim-air64/src/codegen_all.metal:18:12) &&,6
threadgroup (lambda at /tmp/metal-ast-watchos-sim-air64/src/codegen_all.metal:18:12) &&,6
threadgroup_imageblock (lambda at /tmp/metal-ast-watchos-sim-air64/src/codegen_all.metal:18:12) &&,6
ray_data (lambda at /tmp/metal-ast-watchos-sim-air64/src/codegen_all.metal:18:12) &&,6
object_data (lambda at /tmp/metal-ast-watchos-sim-air64/src/codegen_all.metal:18:12) &&,6
(lambda at /tmp/metal-ast-ios-sim-air64/src/cx/cxx_009_lambda_capture_by_ref.metal:5:12) &&,5
(lambda at /tmp/metal-ast-macos-air32/src/cx/cxx_009_lambda_capture_by_ref.metal:5:12) &&,5
(lambda at /tmp/metal-ast-tvos-air32/src/cx/cxx_009_lambda_capture_by_ref.metal:5:12) &&,5
(lambda at /tmp/metal-ast-tvos-sim-air32/src/cx/cxx_009_lambda_capture_by_ref.metal:5:12) &&,5
(lambda at /tmp/metal-ast-ios-air64/src/cx/cxx_009_lambda_capture_by_ref.metal:5:12) &&,5
(lambda at /tmp/metal-ast-macos-air64/src/cx/cxx_009_lambda_capture_by_ref.metal:5:12) &&,5
(lambda at /tmp/metal-ast-tvos-air64/src/cx/cxx_009_lambda_capture_by_ref.metal:5:12) &&,5
(lambda at /tmp/metal-ast-tvos-sim-air64/src/cx/cxx_009_lambda_capture_by_ref.metal:5:12) &&,5
(lambda at /tmp/metal-ast-watchos-air32/src/cx/cxx_009_lambda_capture_by_ref.metal:5:12) &&,5
(lambda at /tmp/metal-ast-watchos-air64/src/cx/cxx_009_lambda_capture_by_ref.metal:5:12) &&,5
(lambda at /tmp/metal-ast-watchos-sim-air32/src/cx/cxx_009_lambda_capture_by_ref.metal:5:12) &&,5
(lambda at /tmp/metal-ast-watchos-sim-air64/src/cx/cxx_009_lambda_capture_by_ref.metal:5:12) &&,5
void ((lambda at /tmp/metal-ast-ios-air64/src/codegen_all.metal:18:12) &&) noexcept,4
const (lambda at /tmp/metal-ast-ios-air64/src/codegen_all.metal:18:12),4
const (lambda at /tmp/metal-ast-ios-air64/src/cx/cxx_010_lambda_generic.metal:4:12) &,4
const constant (lambda at /tmp/metal-ast-ios-air64/src/cx/cxx_010_lambda_generic.metal:4:12) &,4
(lambda at /tmp/metal-ast-ios-air64/src/cx/cxx_010_lambda_generic.metal:4:12) &&,4
void ((lambda at /tmp/metal-ast-ios-sim-air64/src/codegen_all.metal:18:12) &&) noexcept,4
const (lambda at /tmp/metal-ast-ios-sim-air64/src/codegen_all.metal:18:12),4
const (lambda at /tmp/metal-ast-ios-sim-air64/src/cx/cxx_009_lambda_capture_by_ref.metal:5:12) &,4
const constant (lambda at /tmp/metal-ast-ios-sim-air64/src/cx/cxx_009_lambda_capture_by_ref.metal:5:12) &,4
"const metal::_texturecube_write<float, metal::access::write, metal::__memory_coherence_threadgroup>",4
"const metal::_texturecube_write<int, metal::access::write, metal::__memory_coherence_threadgroup>",4
void ((lambda at /tmp/metal-ast-macos-air32/src/codegen_all.metal:18:12) &&) noexcept,4
const (lambda at /tmp/metal-ast-macos-air32/src/codegen_all.metal:18:12),4
const (lambda at /tmp/metal-ast-macos-air32/src/cx/cxx_009_lambda_capture_by_ref.metal:5:12) &,4
const constant (lambda at /tmp/metal-ast-macos-air32/src/cx/cxx_009_lambda_capture_by_ref.metal:5:12) &,4
"const metal::_texturecube_write<half, metal::access::write, metal::__memory_coherence_threadgroup>",4
"const metal::_texturecube_write<unsigned int, metal::access::write, metal::__memory_coherence_threadgroup>",4
void ((lambda at /tmp/metal-ast-macos-air64/src/codegen_all.metal:18:12) &&) noexcept,4
const (lambda at /tmp/metal-ast-macos-air64/src/codegen_all.metal:18:12),4
const (lambda at /tmp/metal-ast-macos-air64/src/cx/cxx_010_lambda_generic.metal:4:12) &,4
const constant (lambda at /tmp/metal-ast-macos-air64/src/cx/cxx_010_lambda_generic.metal:4:12) &,4
(lambda at /tmp/metal-ast-macos-air64/src/cx/cxx_010_lambda_generic.metal:4:12) &&,4
void ((lambda at /tmp/metal-ast-tvos-air32/src/codegen_all.metal:18:12) &&) noexcept,4
const (lambda at /tmp/metal-ast-tvos-air32/src/codegen_all.metal:18:12),4
const (lambda at /tmp/metal-ast-tvos-air32/src/cx/cxx_009_lambda_capture_by_ref.metal:5:12) &,4
const constant (lambda at /tmp/metal-ast-tvos-air32/src/cx/cxx_009_lambda_capture_by_ref.metal:5:12) &,4
void ((lambda at /tmp/metal-ast-tvos-air64/src/codegen_all.metal:18:12) &&) noexcept,4
const (lambda at /tmp/metal-ast-tvos-air64/src/codegen_all.metal:18:12),4
const (lambda at /tmp/metal-ast-tvos-air64/src/cx/cxx_010_lambda_generic.metal:4:12) &,4
const constant (lambda at /tmp/metal-ast-tvos-air64/src/cx/cxx_010_lambda_generic.metal:4:12) &,4
(lambda at /tmp/metal-ast-tvos-air64/src/cx/cxx_010_lambda_generic.metal:4:12) &&,4
void ((lambda at /tmp/metal-ast-tvos-sim-air32/src/codegen_all.metal:18:12) &&) noexcept,4
const (lambda at /tmp/metal-ast-tvos-sim-air32/src/codegen_all.metal:18:12),4
const (lambda at /tmp/metal-ast-tvos-sim-air32/src/cx/cxx_009_lambda_capture_by_ref.metal:5:12) &,4
const constant (lambda at /tmp/metal-ast-tvos-sim-air32/src/cx/cxx_009_lambda_capture_by_ref.metal:5:12) &,4
void ((lambda at /tmp/metal-ast-tvos-sim-air64/src/codegen_all.metal:18:12) &&) noexcept,4
const (lambda at /tmp/metal-ast-tvos-sim-air64/src/codegen_all.metal:18:12),4
const (lambda at /tmp/metal-ast-tvos-sim-air64/src/cx/cxx_010_lambda_generic.metal:4:12) &,4
const constant (lambda at /tmp/metal-ast-tvos-sim-air64/src/cx/cxx_010_lambda_generic.metal:4:12) &,4
(lambda at /tmp/metal-ast-tvos-sim-air64/src/cx/cxx_010_lambda_generic.metal:4:12) &&,4
void ((lambda at /tmp/metal-ast-watchos-air32/src/codegen_all.metal:18:12) &&) noexcept,4
const (lambda at /tmp/metal-ast-watchos-air32/src/codegen_all.metal:18:12),4
const (lambda at /tmp/metal-ast-watchos-air32/src/cx/cxx_010_lambda_generic.metal:4:12) &,4
const constant (lambda at /tmp/metal-ast-watchos-air32/src/cx/cxx_010_lambda_generic.metal:4:12) &,4
(lambda at /tmp/metal-ast-watchos-air32/src/cx/cxx_010_lambda_generic.metal:4:12) &&,4
void ((lambda at /tmp/metal-ast-watchos-air64/src/codegen_all.metal:18:12) &&) noexcept,4
const (lambda at /tmp/metal-ast-watchos-air64/src/codegen_all.metal:18:12),4
const (lambda at /tmp/metal-ast-watchos-air64/src/cx/cxx_010_lambda_generic.metal:4:12) &,4
const constant (lambda at /tmp/metal-ast-watchos-air64/src/cx/cxx_010_lambda_generic.metal:4:12) &,4
(lambda at /tmp/metal-ast-watchos-air64/src/cx/cxx_010_lambda_generic.metal:4:12) &&,4
void ((lambda at /tmp/metal-ast-watchos-sim-air32/src/codegen_all.metal:18:12) &&) noexcept,4
const (lambda at /tmp/metal-ast-watchos-sim-air32/src/codegen_all.metal:18:12),4
const (lambda at /tmp/metal-ast-watchos-sim-air32/src/cx/cxx_010_lambda_generic.metal:4:12) &,4
const constant (lambda at /tmp/metal-ast-watchos-sim-air32/src/cx/cxx_010_lambda_generic.metal:4:12) &,4
(lambda at /tmp/metal-ast-watchos-sim-air32/src/cx/cxx_010_lambda_generic.metal:4:12) &&,4
void ((lambda at /tmp/metal-ast-watchos-sim-air64/src/codegen_all.metal:18:12) &&) noexcept,4
const (lambda at /tmp/metal-ast-watchos-sim-air64/src/codegen_all.metal:18:12),4
const (lambda at /tmp/metal-ast-watchos-sim-air64/src/cx/cxx_010_lambda_generic.metal:4:12) &,4
const constant (lambda at /tmp/metal-ast-watchos-sim-air64/src/cx/cxx_010_lambda_generic.metal:4:12) &,4
(lambda at /tmp/metal-ast-watchos-sim-air64/src/cx/cxx_010_lambda_generic.metal:4:12) &&,4
const (lambda at /tmp/metal-ast-ios-air64/src/cx/cxx_009_lambda_capture_by_ref.metal:5:12) &,4
const constant (lambda at /tmp/metal-ast-ios-air64/src/cx/cxx_009_lambda_capture_by_ref.metal:5:12) &,4
const (lambda at /tmp/metal-ast-ios-sim-air64/src/cx/cxx_010_lambda_generic.metal:4:12) &,4
const constant (lambda at /tmp/metal-ast-ios-sim-air64/src/cx/cxx_010_lambda_generic.metal:4:12) &,4
(lambda at /tmp/metal-ast-ios-sim-air64/src/cx/cxx_010_lambda_generic.metal:4:12) &&,4
const (lambda at /tmp/metal-ast-macos-air32/src/cx/cxx_010_lambda_generic.metal:4:12) &,4
const constant (lambda at /tmp/metal-ast-macos-air32/src/cx/cxx_010_lambda_generic.metal:4:12) &,4
(lambda at /tmp/metal-ast-macos-air32/src/cx/cxx_010_lambda_generic.metal:4:12) &&,4
const (lambda at /tmp/metal-ast-macos-air64/src/cx/cxx_009_lambda_capture_by_ref.metal:5:12) &,4
const constant (lambda at /tmp/metal-ast-macos-air64/src/cx/cxx_009_lambda_capture_by_ref.metal:5:12) &,4
const (lambda at /tmp/metal-ast-tvos-air32/src/cx/cxx_010_lambda_generic.metal:4:12) &,4
const constant (lambda at /tmp/metal-ast-tvos-air32/src/cx/cxx_010_lambda_generic.metal:4:12) &,4
(lambda at /tmp/metal-ast-tvos-air32/src/cx/cxx_010_lambda_generic.metal:4:12) &&,4
const (lambda at /tmp/metal-ast-tvos-air64/src/cx/cxx_009_lambda_capture_by_ref.metal:5:12) &,4
const constant (lambda at /tmp/metal-ast-tvos-air64/src/cx/cxx_009_lambda_capture_by_ref.metal:5:12) &,4
const (lambda at /tmp/metal-ast-tvos-sim-air32/src/cx/cxx_010_lambda_generic.metal:4:12) &,4
const constant (lambda at /tmp/metal-ast-tvos-sim-air32/src/cx/cxx_010_lambda_generic.metal:4:12) &,4
(lambda at /tmp/metal-ast-tvos-sim-air32/src/cx/cxx_010_lambda_generic.metal:4:12) &&,4
const (lambda at /tmp/metal-ast-tvos-sim-air64/src/cx/cxx_009_lambda_capture_by_ref.metal:5:12) &,4
const constant (lambda at /tmp/metal-ast-tvos-sim-air64/src/cx/cxx_009_lambda_capture_by_ref.metal:5:12) &,4
const (lambda at /tmp/metal-ast-watchos-air32/src/cx/cxx_009_lambda_capture_by_ref.metal:5:12) &,4
const constant (lambda at /tmp/metal-ast-watchos-air32/src/cx/cxx_009_lambda_capture_by_ref.metal:5:12) &,4
const (lambda at /tmp/metal-ast-watchos-air64/src/cx/cxx_009_lambda_capture_by_ref.metal:5:12) &,4
const constant (lambda at /tmp/metal-ast-watchos-air64/src/cx/cxx_009_lambda_capture_by_ref.metal:5:12) &,4
const (lambda at /tmp/metal-ast-watchos-sim-air32/src/cx/cxx_009_lambda_capture_by_ref.metal:5:12) &,4
const constant (lambda at /tmp/metal-ast-watchos-sim-air32/src/cx/cxx_009_lambda_capture_by_ref.metal:5:12) &,4
const (lambda at /tmp/metal-ast-watchos-sim-air64/src/cx/cxx_009_lambda_capture_by_ref.metal:5:12) &,4
const constant (lambda at /tmp/metal-ast-watchos-sim-air64/src/cx/cxx_009_lambda_capture_by_ref.metal:5:12) &,4
const device (lambda at /tmp/metal-ast-ios-air64/src/cx/cxx_010_lambda_generic.metal:4:12) &,3
const device coherent(device) (lambda at /tmp/metal-ast-ios-air64/src/cx/cxx_010_lambda_generic.metal:4:12) &,3
const threadgroup (lambda at /tmp/metal-ast-ios-air64/src/cx/cxx_010_lambda_generic.metal:4:12) &,3
const threadgroup_imageblock (lambda at /tmp/metal-ast-ios-air64/src/cx/cxx_010_lambda_generic.metal:4:12) &,3
const ray_data (lambda at /tmp/metal-ast-ios-air64/src/cx/cxx_010_lambda_generic.metal:4:12) &,3
const object_data (lambda at /tmp/metal-ast-ios-air64/src/cx/cxx_010_lambda_generic.metal:4:12) &,3
device (lambda at /tmp/metal-ast-ios-air64/src/cx/cxx_010_lambda_generic.metal:4:12) &&,3
device coherent(device) (lambda at /tmp/metal-ast-ios-air64/src/cx/cxx_010_lambda_generic.metal:4:12) &&,3
threadgroup (lambda at /tmp/metal-ast-ios-air64/src/cx/cxx_010_lambda_generic.metal:4:12) &&,3
threadgroup_imageblock (lambda at /tmp/metal-ast-ios-air64/src/cx/cxx_010_lambda_generic.metal:4:12) &&,3
ray_data (lambda at /tmp/metal-ast-ios-air64/src/cx/cxx_010_lambda_generic.metal:4:12) &&,3
object_data (lambda at /tmp/metal-ast-ios-air64/src/cx/cxx_010_lambda_generic.metal:4:12) &&,3
const device (lambda at /tmp/metal-ast-ios-sim-air64/src/cx/cxx_009_lambda_capture_by_ref.metal:5:12) &,3
const device coherent(device) (lambda at /tmp/metal-ast-ios-sim-air64/src/cx/cxx_009_lambda_capture_by_ref.metal:5:12) &,3
const threadgroup (lambda at /tmp/metal-ast-ios-sim-air64/src/cx/cxx_009_lambda_capture_by_ref.metal:5:12) &,3
const threadgroup_imageblock (lambda at /tmp/metal-ast-ios-sim-air64/src/cx/cxx_009_lambda_capture_by_ref.metal:5:12) &,3
const ray_data (lambda at /tmp/metal-ast-ios-sim-air64/src/cx/cxx_009_lambda_capture_by_ref.metal:5:12) &,3
const object_data (lambda at /tmp/metal-ast-ios-sim-air64/src/cx/cxx_009_lambda_capture_by_ref.metal:5:12) &,3
device (lambda at /tmp/metal-ast-ios-sim-air64/src/cx/cxx_009_lambda_capture_by_ref.metal:5:12) &&,3
device coherent(device) (lambda at /tmp/metal-ast-ios-sim-air64/src/cx/cxx_009_lambda_capture_by_ref.metal:5:12) &&,3
threadgroup (lambda at /tmp/metal-ast-ios-sim-air64/src/cx/cxx_009_lambda_capture_by_ref.metal:5:12) &&,3
threadgroup_imageblock (lambda at /tmp/metal-ast-ios-sim-air64/src/cx/cxx_009_lambda_capture_by_ref.metal:5:12) &&,3
ray_data (lambda at /tmp/metal-ast-ios-sim-air64/src/cx/cxx_009_lambda_capture_by_ref.metal:5:12) &&,3
object_data (lambda at /tmp/metal-ast-ios-sim-air64/src/cx/cxx_009_lambda_capture_by_ref.metal:5:12) &&,3
const device (lambda at /tmp/metal-ast-macos-air32/src/cx/cxx_009_lambda_capture_by_ref.metal:5:12) &,3
const device coherent(device) (lambda at /tmp/metal-ast-macos-air32/src/cx/cxx_009_lambda_capture_by_ref.metal:5:12) &,3
const threadgroup (lambda at /tmp/metal-ast-macos-air32/src/cx/cxx_009_lambda_capture_by_ref.metal:5:12) &,3
const threadgroup_imageblock (lambda at /tmp/metal-ast-macos-air32/src/cx/cxx_009_lambda_capture_by_ref.metal:5:12) &,3
const ray_data (lambda at /tmp/metal-ast-macos-air32/src/cx/cxx_009_lambda_capture_by_ref.metal:5:12) &,3
const object_data (lambda at /tmp/metal-ast-macos-air32/src/cx/cxx_009_lambda_capture_by_ref.metal:5:12) &,3
device (lambda at /tmp/metal-ast-macos-air32/src/cx/cxx_009_lambda_capture_by_ref.metal:5:12) &&,3
device coherent(device) (lambda at /tmp/metal-ast-macos-air32/src/cx/cxx_009_lambda_capture_by_ref.metal:5:12) &&,3
threadgroup (lambda at /tmp/metal-ast-macos-air32/src/cx/cxx_009_lambda_capture_by_ref.metal:5:12) &&,3
threadgroup_imageblock (lambda at /tmp/metal-ast-macos-air32/src/cx/cxx_009_lambda_capture_by_ref.metal:5:12) &&,3
ray_data (lambda at /tmp/metal-ast-macos-air32/src/cx/cxx_009_lambda_capture_by_ref.metal:5:12) &&,3
object_data (lambda at /tmp/metal-ast-macos-air32/src/cx/cxx_009_lambda_capture_by_ref.metal:5:12) &&,3
const device (lambda at /tmp/metal-ast-macos-air64/src/cx/cxx_010_lambda_generic.metal:4:12) &,3
const device coherent(device) (lambda at /tmp/metal-ast-macos-air64/src/cx/cxx_010_lambda_generic.metal:4:12) &,3
const threadgroup (lambda at /tmp/metal-ast-macos-air64/src/cx/cxx_010_lambda_generic.metal:4:12) &,3
const threadgroup_imageblock (lambda at /tmp/metal-ast-macos-air64/src/cx/cxx_010_lambda_generic.metal:4:12) &,3
const ray_data (lambda at /tmp/metal-ast-macos-air64/src/cx/cxx_010_lambda_generic.metal:4:12) &,3
const object_data (lambda at /tmp/metal-ast-macos-air64/src/cx/cxx_010_lambda_generic.metal:4:12) &,3
device (lambda at /tmp/metal-ast-macos-air64/src/cx/cxx_010_lambda_generic.metal:4:12) &&,3
device coherent(device) (lambda at /tmp/metal-ast-macos-air64/src/cx/cxx_010_lambda_generic.metal:4:12) &&,3
threadgroup (lambda at /tmp/metal-ast-macos-air64/src/cx/cxx_010_lambda_generic.metal:4:12) &&,3
threadgroup_imageblock (lambda at /tmp/metal-ast-macos-air64/src/cx/cxx_010_lambda_generic.metal:4:12) &&,3
ray_data (lambda at /tmp/metal-ast-macos-air64/src/cx/cxx_010_lambda_generic.metal:4:12) &&,3
object_data (lambda at /tmp/metal-ast-macos-air64/src/cx/cxx_010_lambda_generic.metal:4:12) &&,3
const device (lambda at /tmp/metal-ast-tvos-air32/src/cx/cxx_009_lambda_capture_by_ref.metal:5:12) &,3
const device coherent(device) (lambda at /tmp/metal-ast-tvos-air32/src/cx/cxx_009_lambda_capture_by_ref.metal:5:12) &,3
const threadgroup (lambda at /tmp/metal-ast-tvos-air32/src/cx/cxx_009_lambda_capture_by_ref.metal:5:12) &,3
const threadgroup_imageblock (lambda at /tmp/metal-ast-tvos-air32/src/cx/cxx_009_lambda_capture_by_ref.metal:5:12) &,3
const ray_data (lambda at /tmp/metal-ast-tvos-air32/src/cx/cxx_009_lambda_capture_by_ref.metal:5:12) &,3
const object_data (lambda at /tmp/metal-ast-tvos-air32/src/cx/cxx_009_lambda_capture_by_ref.metal:5:12) &,3
device (lambda at /tmp/metal-ast-tvos-air32/src/cx/cxx_009_lambda_capture_by_ref.metal:5:12) &&,3
device coherent(device) (lambda at /tmp/metal-ast-tvos-air32/src/cx/cxx_009_lambda_capture_by_ref.metal:5:12) &&,3
threadgroup (lambda at /tmp/metal-ast-tvos-air32/src/cx/cxx_009_lambda_capture_by_ref.metal:5:12) &&,3
threadgroup_imageblock (lambda at /tmp/metal-ast-tvos-air32/src/cx/cxx_009_lambda_capture_by_ref.metal:5:12) &&,3
ray_data (lambda at /tmp/metal-ast-tvos-air32/src/cx/cxx_009_lambda_capture_by_ref.metal:5:12) &&,3
object_data (lambda at /tmp/metal-ast-tvos-air32/src/cx/cxx_009_lambda_capture_by_ref.metal:5:12) &&,3
const device (lambda at /tmp/metal-ast-tvos-air64/src/cx/cxx_010_lambda_generic.metal:4:12) &,3
const device coherent(device) (lambda at /tmp/metal-ast-tvos-air64/src/cx/cxx_010_lambda_generic.metal:4:12) &,3
const threadgroup (lambda at /tmp/metal-ast-tvos-air64/src/cx/cxx_010_lambda_generic.metal:4:12) &,3
const threadgroup_imageblock (lambda at /tmp/metal-ast-tvos-air64/src/cx/cxx_010_lambda_generic.metal:4:12) &,3
const ray_data (lambda at /tmp/metal-ast-tvos-air64/src/cx/cxx_010_lambda_generic.metal:4:12) &,3
const object_data (lambda at /tmp/metal-ast-tvos-air64/src/cx/cxx_010_lambda_generic.metal:4:12) &,3
device (lambda at /tmp/metal-ast-tvos-air64/src/cx/cxx_010_lambda_generic.metal:4:12) &&,3
device coherent(device) (lambda at /tmp/metal-ast-tvos-air64/src/cx/cxx_010_lambda_generic.metal:4:12) &&,3
threadgroup (lambda at /tmp/metal-ast-tvos-air64/src/cx/cxx_010_lambda_generic.metal:4:12) &&,3
threadgroup_imageblock (lambda at /tmp/metal-ast-tvos-air64/src/cx/cxx_010_lambda_generic.metal:4:12) &&,3
ray_data (lambda at /tmp/metal-ast-tvos-air64/src/cx/cxx_010_lambda_generic.metal:4:12) &&,3
object_data (lambda at /tmp/metal-ast-tvos-air64/src/cx/cxx_010_lambda_generic.metal:4:12) &&,3
const device (lambda at /tmp/metal-ast-tvos-sim-air32/src/cx/cxx_009_lambda_capture_by_ref.metal:5:12) &,3
const device coherent(device) (lambda at /tmp/metal-ast-tvos-sim-air32/src/cx/cxx_009_lambda_capture_by_ref.metal:5:12) &,3
const threadgroup (lambda at /tmp/metal-ast-tvos-sim-air32/src/cx/cxx_009_lambda_capture_by_ref.metal:5:12) &,3
const threadgroup_imageblock (lambda at /tmp/metal-ast-tvos-sim-air32/src/cx/cxx_009_lambda_capture_by_ref.metal:5:12) &,3
const ray_data (lambda at /tmp/metal-ast-tvos-sim-air32/src/cx/cxx_009_lambda_capture_by_ref.metal:5:12) &,3
const object_data (lambda at /tmp/metal-ast-tvos-sim-air32/src/cx/cxx_009_lambda_capture_by_ref.metal:5:12) &,3
device (lambda at /tmp/metal-ast-tvos-sim-air32/src/cx/cxx_009_lambda_capture_by_ref.metal:5:12) &&,3
device coherent(device) (lambda at /tmp/metal-ast-tvos-sim-air32/src/cx/cxx_009_lambda_capture_by_ref.metal:5:12) &&,3
threadgroup (lambda at /tmp/metal-ast-tvos-sim-air32/src/cx/cxx_009_lambda_capture_by_ref.metal:5:12) &&,3
threadgroup_imageblock (lambda at /tmp/metal-ast-tvos-sim-air32/src/cx/cxx_009_lambda_capture_by_ref.metal:5:12) &&,3
ray_data (lambda at /tmp/metal-ast-tvos-sim-air32/src/cx/cxx_009_lambda_capture_by_ref.metal:5:12) &&,3
object_data (lambda at /tmp/metal-ast-tvos-sim-air32/src/cx/cxx_009_lambda_capture_by_ref.metal:5:12) &&,3
const device (lambda at /tmp/metal-ast-tvos-sim-air64/src/cx/cxx_010_lambda_generic.metal:4:12) &,3
const device coherent(device) (lambda at /tmp/metal-ast-tvos-sim-air64/src/cx/cxx_010_lambda_generic.metal:4:12) &,3
const threadgroup (lambda at /tmp/metal-ast-tvos-sim-air64/src/cx/cxx_010_lambda_generic.metal:4:12) &,3
const threadgroup_imageblock (lambda at /tmp/metal-ast-tvos-sim-air64/src/cx/cxx_010_lambda_generic.metal:4:12) &,3
const ray_data (lambda at /tmp/metal-ast-tvos-sim-air64/src/cx/cxx_010_lambda_generic.metal:4:12) &,3
const object_data (lambda at /tmp/metal-ast-tvos-sim-air64/src/cx/cxx_010_lambda_generic.metal:4:12) &,3
device (lambda at /tmp/metal-ast-tvos-sim-air64/src/cx/cxx_010_lambda_generic.metal:4:12) &&,3
device coherent(device) (lambda at /tmp/metal-ast-tvos-sim-air64/src/cx/cxx_010_lambda_generic.metal:4:12) &&,3
threadgroup (lambda at /tmp/metal-ast-tvos-sim-air64/src/cx/cxx_010_lambda_generic.metal:4:12) &&,3
threadgroup_imageblock (lambda at /tmp/metal-ast-tvos-sim-air64/src/cx/cxx_010_lambda_generic.metal:4:12) &&,3
ray_data (lambda at /tmp/metal-ast-tvos-sim-air64/src/cx/cxx_010_lambda_generic.metal:4:12) &&,3
object_data (lambda at /tmp/metal-ast-tvos-sim-air64/src/cx/cxx_010_lambda_generic.metal:4:12) &&,3
const device (lambda at /tmp/metal-ast-watchos-air32/src/cx/cxx_010_lambda_generic.metal:4:12) &,3
const device coherent(device) (lambda at /tmp/metal-ast-watchos-air32/src/cx/cxx_010_lambda_generic.metal:4:12) &,3
const threadgroup (lambda at /tmp/metal-ast-watchos-air32/src/cx/cxx_010_lambda_generic.metal:4:12) &,3
const threadgroup_imageblock (lambda at /tmp/metal-ast-watchos-air32/src/cx/cxx_010_lambda_generic.metal:4:12) &,3
const ray_data (lambda at /tmp/metal-ast-watchos-air32/src/cx/cxx_010_lambda_generic.metal:4:12) &,3
const object_data (lambda at /tmp/metal-ast-watchos-air32/src/cx/cxx_010_lambda_generic.metal:4:12) &,3
device (lambda at /tmp/metal-ast-watchos-air32/src/cx/cxx_010_lambda_generic.metal:4:12) &&,3
device coherent(device) (lambda at /tmp/metal-ast-watchos-air32/src/cx/cxx_010_lambda_generic.metal:4:12) &&,3
threadgroup (lambda at /tmp/metal-ast-watchos-air32/src/cx/cxx_010_lambda_generic.metal:4:12) &&,3
threadgroup_imageblock (lambda at /tmp/metal-ast-watchos-air32/src/cx/cxx_010_lambda_generic.metal:4:12) &&,3
ray_data (lambda at /tmp/metal-ast-watchos-air32/src/cx/cxx_010_lambda_generic.metal:4:12) &&,3
object_data (lambda at /tmp/metal-ast-watchos-air32/src/cx/cxx_010_lambda_generic.metal:4:12) &&,3
const device (lambda at /tmp/metal-ast-watchos-air64/src/cx/cxx_010_lambda_generic.metal:4:12) &,3
const device coherent(device) (lambda at /tmp/metal-ast-watchos-air64/src/cx/cxx_010_lambda_generic.metal:4:12) &,3
const threadgroup (lambda at /tmp/metal-ast-watchos-air64/src/cx/cxx_010_lambda_generic.metal:4:12) &,3
const threadgroup_imageblock (lambda at /tmp/metal-ast-watchos-air64/src/cx/cxx_010_lambda_generic.metal:4:12) &,3
const ray_data (lambda at /tmp/metal-ast-watchos-air64/src/cx/cxx_010_lambda_generic.metal:4:12) &,3
const object_data (lambda at /tmp/metal-ast-watchos-air64/src/cx/cxx_010_lambda_generic.metal:4:12) &,3
device (lambda at /tmp/metal-ast-watchos-air64/src/cx/cxx_010_lambda_generic.metal:4:12) &&,3
device coherent(device) (lambda at /tmp/metal-ast-watchos-air64/src/cx/cxx_010_lambda_generic.metal:4:12) &&,3
threadgroup (lambda at /tmp/metal-ast-watchos-air64/src/cx/cxx_010_lambda_generic.metal:4:12) &&,3
threadgroup_imageblock (lambda at /tmp/metal-ast-watchos-air64/src/cx/cxx_010_lambda_generic.metal:4:12) &&,3
ray_data (lambda at /tmp/metal-ast-watchos-air64/src/cx/cxx_010_lambda_generic.metal:4:12) &&,3
object_data (lambda at /tmp/metal-ast-watchos-air64/src/cx/cxx_010_lambda_generic.metal:4:12) &&,3
const device (lambda at /tmp/metal-ast-watchos-sim-air32/src/cx/cxx_010_lambda_generic.metal:4:12) &,3
const device coherent(device) (lambda at /tmp/metal-ast-watchos-sim-air32/src/cx/cxx_010_lambda_generic.metal:4:12) &,3
const threadgroup (lambda at /tmp/metal-ast-watchos-sim-air32/src/cx/cxx_010_lambda_generic.metal:4:12) &,3
const threadgroup_imageblock (lambda at /tmp/metal-ast-watchos-sim-air32/src/cx/cxx_010_lambda_generic.metal:4:12) &,3
const ray_data (lambda at /tmp/metal-ast-watchos-sim-air32/src/cx/cxx_010_lambda_generic.metal:4:12) &,3
const object_data (lambda at /tmp/metal-ast-watchos-sim-air32/src/cx/cxx_010_lambda_generic.metal:4:12) &,3
device (lambda at /tmp/metal-ast-watchos-sim-air32/src/cx/cxx_010_lambda_generic.metal:4:12) &&,3
device coherent(device) (lambda at /tmp/metal-ast-watchos-sim-air32/src/cx/cxx_010_lambda_generic.metal:4:12) &&,3
threadgroup (lambda at /tmp/metal-ast-watchos-sim-air32/src/cx/cxx_010_lambda_generic.metal:4:12) &&,3
threadgroup_imageblock (lambda at /tmp/metal-ast-watchos-sim-air32/src/cx/cxx_010_lambda_generic.metal:4:12) &&,3
ray_data (lambda at /tmp/metal-ast-watchos-sim-air32/src/cx/cxx_010_lambda_generic.metal:4:12) &&,3
object_data (lambda at /tmp/metal-ast-watchos-sim-air32/src/cx/cxx_010_lambda_generic.metal:4:12) &&,3
const device (lambda at /tmp/metal-ast-watchos-sim-air64/src/cx/cxx_010_lambda_generic.metal:4:12) &,3
const device coherent(device) (lambda at /tmp/metal-ast-watchos-sim-air64/src/cx/cxx_010_lambda_generic.metal:4:12) &,3
const threadgroup (lambda at /tmp/metal-ast-watchos-sim-air64/src/cx/cxx_010_lambda_generic.metal:4:12) &,3
const threadgroup_imageblock (lambda at /tmp/metal-ast-watchos-sim-air64/src/cx/cxx_010_lambda_generic.metal:4:12) &,3
const ray_data (lambda at /tmp/metal-ast-watchos-sim-air64/src/cx/cxx_010_lambda_generic.metal:4:12) &,3
const object_data (lambda at /tmp/metal-ast-watchos-sim-air64/src/cx/cxx_010_lambda_generic.metal:4:12) &,3
device (lambda at /tmp/metal-ast-watchos-sim-air64/src/cx/cxx_010_lambda_generic.metal:4:12) &&,3
device coherent(device) (lambda at /tmp/metal-ast-watchos-sim-air64/src/cx/cxx_010_lambda_generic.metal:4:12) &&,3
threadgroup (lambda at /tmp/metal-ast-watchos-sim-air64/src/cx/cxx_010_lambda_generic.metal:4:12) &&,3
threadgroup_imageblock (lambda at /tmp/metal-ast-watchos-sim-air64/src/cx/cxx_010_lambda_generic.metal:4:12) &&,3
ray_data (lambda at /tmp/metal-ast-watchos-sim-air64/src/cx/cxx_010_lambda_generic.metal:4:12) &&,3
object_data (lambda at /tmp/metal-ast-watchos-sim-air64/src/cx/cxx_010_lambda_generic.metal:4:12) &&,3
const device (lambda at /tmp/metal-ast-ios-air64/src/cx/cxx_009_lambda_capture_by_ref.metal:5:12) &,3
const device coherent(device) (lambda at /tmp/metal-ast-ios-air64/src/cx/cxx_009_lambda_capture_by_ref.metal:5:12) &,3
const threadgroup (lambda at /tmp/metal-ast-ios-air64/src/cx/cxx_009_lambda_capture_by_ref.metal:5:12) &,3
const threadgroup_imageblock (lambda at /tmp/metal-ast-ios-air64/src/cx/cxx_009_lambda_capture_by_ref.metal:5:12) &,3
const ray_data (lambda at /tmp/metal-ast-ios-air64/src/cx/cxx_009_lambda_capture_by_ref.metal:5:12) &,3
const object_data (lambda at /tmp/metal-ast-ios-air64/src/cx/cxx_009_lambda_capture_by_ref.metal:5:12) &,3
device (lambda at /tmp/metal-ast-ios-air64/src/cx/cxx_009_lambda_capture_by_ref.metal:5:12) &&,3
device coherent(device) (lambda at /tmp/metal-ast-ios-air64/src/cx/cxx_009_lambda_capture_by_ref.metal:5:12) &&,3
threadgroup (lambda at /tmp/metal-ast-ios-air64/src/cx/cxx_009_lambda_capture_by_ref.metal:5:12) &&,3
threadgroup_imageblock (lambda at /tmp/metal-ast-ios-air64/src/cx/cxx_009_lambda_capture_by_ref.metal:5:12) &&,3
ray_data (lambda at /tmp/metal-ast-ios-air64/src/cx/cxx_009_lambda_capture_by_ref.metal:5:12) &&,3
object_data (lambda at /tmp/metal-ast-ios-air64/src/cx/cxx_009_lambda_capture_by_ref.metal:5:12) &&,3
const device (lambda at /tmp/metal-ast-ios-sim-air64/src/cx/cxx_010_lambda_generic.metal:4:12) &,3
const device coherent(device) (lambda at /tmp/metal-ast-ios-sim-air64/src/cx/cxx_010_lambda_generic.metal:4:12) &,3
const threadgroup (lambda at /tmp/metal-ast-ios-sim-air64/src/cx/cxx_010_lambda_generic.metal:4:12) &,3
const threadgroup_imageblock (lambda at /tmp/metal-ast-ios-sim-air64/src/cx/cxx_010_lambda_generic.metal:4:12) &,3
const ray_data (lambda at /tmp/metal-ast-ios-sim-air64/src/cx/cxx_010_lambda_generic.metal:4:12) &,3
const object_data (lambda at /tmp/metal-ast-ios-sim-air64/src/cx/cxx_010_lambda_generic.metal:4:12) &,3
device (lambda at /tmp/metal-ast-ios-sim-air64/src/cx/cxx_010_lambda_generic.metal:4:12) &&,3
device coherent(device) (lambda at /tmp/metal-ast-ios-sim-air64/src/cx/cxx_010_lambda_generic.metal:4:12) &&,3
threadgroup (lambda at /tmp/metal-ast-ios-sim-air64/src/cx/cxx_010_lambda_generic.metal:4:12) &&,3
threadgroup_imageblock (lambda at /tmp/metal-ast-ios-sim-air64/src/cx/cxx_010_lambda_generic.metal:4:12) &&,3
ray_data (lambda at /tmp/metal-ast-ios-sim-air64/src/cx/cxx_010_lambda_generic.metal:4:12) &&,3
object_data (lambda at /tmp/metal-ast-ios-sim-air64/src/cx/cxx_010_lambda_generic.metal:4:12) &&,3
const device (lambda at /tmp/metal-ast-macos-air32/src/cx/cxx_010_lambda_generic.metal:4:12) &,3
const device coherent(device) (lambda at /tmp/metal-ast-macos-air32/src/cx/cxx_010_lambda_generic.metal:4:12) &,3
const threadgroup (lambda at /tmp/metal-ast-macos-air32/src/cx/cxx_010_lambda_generic.metal:4:12) &,3
const threadgroup_imageblock (lambda at /tmp/metal-ast-macos-air32/src/cx/cxx_010_lambda_generic.metal:4:12) &,3
const ray_data (lambda at /tmp/metal-ast-macos-air32/src/cx/cxx_010_lambda_generic.metal:4:12) &,3
const object_data (lambda at /tmp/metal-ast-macos-air32/src/cx/cxx_010_lambda_generic.metal:4:12) &,3
device (lambda at /tmp/metal-ast-macos-air32/src/cx/cxx_010_lambda_generic.metal:4:12) &&,3
device coherent(device) (lambda at /tmp/metal-ast-macos-air32/src/cx/cxx_010_lambda_generic.metal:4:12) &&,3
threadgroup (lambda at /tmp/metal-ast-macos-air32/src/cx/cxx_010_lambda_generic.metal:4:12) &&,3
threadgroup_imageblock (lambda at /tmp/metal-ast-macos-air32/src/cx/cxx_010_lambda_generic.metal:4:12) &&,3
ray_data (lambda at /tmp/metal-ast-macos-air32/src/cx/cxx_010_lambda_generic.metal:4:12) &&,3
object_data (lambda at /tmp/metal-ast-macos-air32/src/cx/cxx_010_lambda_generic.metal:4:12) &&,3
const device (lambda at /tmp/metal-ast-macos-air64/src/cx/cxx_009_lambda_capture_by_ref.metal:5:12) &,3
const device coherent(device) (lambda at /tmp/metal-ast-macos-air64/src/cx/cxx_009_lambda_capture_by_ref.metal:5:12) &,3
const threadgroup (lambda at /tmp/metal-ast-macos-air64/src/cx/cxx_009_lambda_capture_by_ref.metal:5:12) &,3
const threadgroup_imageblock (lambda at /tmp/metal-ast-macos-air64/src/cx/cxx_009_lambda_capture_by_ref.metal:5:12) &,3
const ray_data (lambda at /tmp/metal-ast-macos-air64/src/cx/cxx_009_lambda_capture_by_ref.metal:5:12) &,3
const object_data (lambda at /tmp/metal-ast-macos-air64/src/cx/cxx_009_lambda_capture_by_ref.metal:5:12) &,3
device (lambda at /tmp/metal-ast-macos-air64/src/cx/cxx_009_lambda_capture_by_ref.metal:5:12) &&,3
device coherent(device) (lambda at /tmp/metal-ast-macos-air64/src/cx/cxx_009_lambda_capture_by_ref.metal:5:12) &&,3
threadgroup (lambda at /tmp/metal-ast-macos-air64/src/cx/cxx_009_lambda_capture_by_ref.metal:5:12) &&,3
threadgroup_imageblock (lambda at /tmp/metal-ast-macos-air64/src/cx/cxx_009_lambda_capture_by_ref.metal:5:12) &&,3
ray_data (lambda at /tmp/metal-ast-macos-air64/src/cx/cxx_009_lambda_capture_by_ref.metal:5:12) &&,3
object_data (lambda at /tmp/metal-ast-macos-air64/src/cx/cxx_009_lambda_capture_by_ref.metal:5:12) &&,3
const device (lambda at /tmp/metal-ast-tvos-air32/src/cx/cxx_010_lambda_generic.metal:4:12) &,3
const device coherent(device) (lambda at /tmp/metal-ast-tvos-air32/src/cx/cxx_010_lambda_generic.metal:4:12) &,3
const threadgroup (lambda at /tmp/metal-ast-tvos-air32/src/cx/cxx_010_lambda_generic.metal:4:12) &,3
const threadgroup_imageblock (lambda at /tmp/metal-ast-tvos-air32/src/cx/cxx_010_lambda_generic.metal:4:12) &,3
const ray_data (lambda at /tmp/metal-ast-tvos-air32/src/cx/cxx_010_lambda_generic.metal:4:12) &,3
const object_data (lambda at /tmp/metal-ast-tvos-air32/src/cx/cxx_010_lambda_generic.metal:4:12) &,3
device (lambda at /tmp/metal-ast-tvos-air32/src/cx/cxx_010_lambda_generic.metal:4:12) &&,3
device coherent(device) (lambda at /tmp/metal-ast-tvos-air32/src/cx/cxx_010_lambda_generic.metal:4:12) &&,3
threadgroup (lambda at /tmp/metal-ast-tvos-air32/src/cx/cxx_010_lambda_generic.metal:4:12) &&,3
threadgroup_imageblock (lambda at /tmp/metal-ast-tvos-air32/src/cx/cxx_010_lambda_generic.metal:4:12) &&,3
ray_data (lambda at /tmp/metal-ast-tvos-air32/src/cx/cxx_010_lambda_generic.metal:4:12) &&,3
object_data (lambda at /tmp/metal-ast-tvos-air32/src/cx/cxx_010_lambda_generic.metal:4:12) &&,3
const device (lambda at /tmp/metal-ast-tvos-air64/src/cx/cxx_009_lambda_capture_by_ref.metal:5:12) &,3
const device coherent(device) (lambda at /tmp/metal-ast-tvos-air64/src/cx/cxx_009_lambda_capture_by_ref.metal:5:12) &,3
const threadgroup (lambda at /tmp/metal-ast-tvos-air64/src/cx/cxx_009_lambda_capture_by_ref.metal:5:12) &,3
const threadgroup_imageblock (lambda at /tmp/metal-ast-tvos-air64/src/cx/cxx_009_lambda_capture_by_ref.metal:5:12) &,3
const ray_data (lambda at /tmp/metal-ast-tvos-air64/src/cx/cxx_009_lambda_capture_by_ref.metal:5:12) &,3
const object_data (lambda at /tmp/metal-ast-tvos-air64/src/cx/cxx_009_lambda_capture_by_ref.metal:5:12) &,3
device (lambda at /tmp/metal-ast-tvos-air64/src/cx/cxx_009_lambda_capture_by_ref.metal:5:12) &&,3
device coherent(device) (lambda at /tmp/metal-ast-tvos-air64/src/cx/cxx_009_lambda_capture_by_ref.metal:5:12) &&,3
threadgroup (lambda at /tmp/metal-ast-tvos-air64/src/cx/cxx_009_lambda_capture_by_ref.metal:5:12) &&,3
threadgroup_imageblock (lambda at /tmp/metal-ast-tvos-air64/src/cx/cxx_009_lambda_capture_by_ref.metal:5:12) &&,3
ray_data (lambda at /tmp/metal-ast-tvos-air64/src/cx/cxx_009_lambda_capture_by_ref.metal:5:12) &&,3
object_data (lambda at /tmp/metal-ast-tvos-air64/src/cx/cxx_009_lambda_capture_by_ref.metal:5:12) &&,3
const device (lambda at /tmp/metal-ast-tvos-sim-air32/src/cx/cxx_010_lambda_generic.metal:4:12) &,3
const device coherent(device) (lambda at /tmp/metal-ast-tvos-sim-air32/src/cx/cxx_010_lambda_generic.metal:4:12) &,3
const threadgroup (lambda at /tmp/metal-ast-tvos-sim-air32/src/cx/cxx_010_lambda_generic.metal:4:12) &,3
const threadgroup_imageblock (lambda at /tmp/metal-ast-tvos-sim-air32/src/cx/cxx_010_lambda_generic.metal:4:12) &,3
const ray_data (lambda at /tmp/metal-ast-tvos-sim-air32/src/cx/cxx_010_lambda_generic.metal:4:12) &,3
const object_data (lambda at /tmp/metal-ast-tvos-sim-air32/src/cx/cxx_010_lambda_generic.metal:4:12) &,3
device (lambda at /tmp/metal-ast-tvos-sim-air32/src/cx/cxx_010_lambda_generic.metal:4:12) &&,3
device coherent(device) (lambda at /tmp/metal-ast-tvos-sim-air32/src/cx/cxx_010_lambda_generic.metal:4:12) &&,3
threadgroup (lambda at /tmp/metal-ast-tvos-sim-air32/src/cx/cxx_010_lambda_generic.metal:4:12) &&,3
threadgroup_imageblock (lambda at /tmp/metal-ast-tvos-sim-air32/src/cx/cxx_010_lambda_generic.metal:4:12) &&,3
ray_data (lambda at /tmp/metal-ast-tvos-sim-air32/src/cx/cxx_010_lambda_generic.metal:4:12) &&,3
object_data (lambda at /tmp/metal-ast-tvos-sim-air32/src/cx/cxx_010_lambda_generic.metal:4:12) &&,3
const device (lambda at /tmp/metal-ast-tvos-sim-air64/src/cx/cxx_009_lambda_capture_by_ref.metal:5:12) &,3
const device coherent(device) (lambda at /tmp/metal-ast-tvos-sim-air64/src/cx/cxx_009_lambda_capture_by_ref.metal:5:12) &,3
const threadgroup (lambda at /tmp/metal-ast-tvos-sim-air64/src/cx/cxx_009_lambda_capture_by_ref.metal:5:12) &,3
const threadgroup_imageblock (lambda at /tmp/metal-ast-tvos-sim-air64/src/cx/cxx_009_lambda_capture_by_ref.metal:5:12) &,3
const ray_data (lambda at /tmp/metal-ast-tvos-sim-air64/src/cx/cxx_009_lambda_capture_by_ref.metal:5:12) &,3
const object_data (lambda at /tmp/metal-ast-tvos-sim-air64/src/cx/cxx_009_lambda_capture_by_ref.metal:5:12) &,3
device (lambda at /tmp/metal-ast-tvos-sim-air64/src/cx/cxx_009_lambda_capture_by_ref.metal:5:12) &&,3
device coherent(device) (lambda at /tmp/metal-ast-tvos-sim-air64/src/cx/cxx_009_lambda_capture_by_ref.metal:5:12) &&,3
threadgroup (lambda at /tmp/metal-ast-tvos-sim-air64/src/cx/cxx_009_lambda_capture_by_ref.metal:5:12) &&,3
threadgroup_imageblock (lambda at /tmp/metal-ast-tvos-sim-air64/src/cx/cxx_009_lambda_capture_by_ref.metal:5:12) &&,3
ray_data (lambda at /tmp/metal-ast-tvos-sim-air64/src/cx/cxx_009_lambda_capture_by_ref.metal:5:12) &&,3
object_data (lambda at /tmp/metal-ast-tvos-sim-air64/src/cx/cxx_009_lambda_capture_by_ref.metal:5:12) &&,3
const device (lambda at /tmp/metal-ast-watchos-air32/src/cx/cxx_009_lambda_capture_by_ref.metal:5:12) &,3
const device coherent(device) (lambda at /tmp/metal-ast-watchos-air32/src/cx/cxx_009_lambda_capture_by_ref.metal:5:12) &,3
const threadgroup (lambda at /tmp/metal-ast-watchos-air32/src/cx/cxx_009_lambda_capture_by_ref.metal:5:12) &,3
const threadgroup_imageblock (lambda at /tmp/metal-ast-watchos-air32/src/cx/cxx_009_lambda_capture_by_ref.metal:5:12) &,3
const ray_data (lambda at /tmp/metal-ast-watchos-air32/src/cx/cxx_009_lambda_capture_by_ref.metal:5:12) &,3
const object_data (lambda at /tmp/metal-ast-watchos-air32/src/cx/cxx_009_lambda_capture_by_ref.metal:5:12) &,3
device (lambda at /tmp/metal-ast-watchos-air32/src/cx/cxx_009_lambda_capture_by_ref.metal:5:12) &&,3
device coherent(device) (lambda at /tmp/metal-ast-watchos-air32/src/cx/cxx_009_lambda_capture_by_ref.metal:5:12) &&,3
threadgroup (lambda at /tmp/metal-ast-watchos-air32/src/cx/cxx_009_lambda_capture_by_ref.metal:5:12) &&,3
threadgroup_imageblock (lambda at /tmp/metal-ast-watchos-air32/src/cx/cxx_009_lambda_capture_by_ref.metal:5:12) &&,3
ray_data (lambda at /tmp/metal-ast-watchos-air32/src/cx/cxx_009_lambda_capture_by_ref.metal:5:12) &&,3
object_data (lambda at /tmp/metal-ast-watchos-air32/src/cx/cxx_009_lambda_capture_by_ref.metal:5:12) &&,3
const device (lambda at /tmp/metal-ast-watchos-air64/src/cx/cxx_009_lambda_capture_by_ref.metal:5:12) &,3
const device coherent(device) (lambda at /tmp/metal-ast-watchos-air64/src/cx/cxx_009_lambda_capture_by_ref.metal:5:12) &,3
const threadgroup (lambda at /tmp/metal-ast-watchos-air64/src/cx/cxx_009_lambda_capture_by_ref.metal:5:12) &,3
const threadgroup_imageblock (lambda at /tmp/metal-ast-watchos-air64/src/cx/cxx_009_lambda_capture_by_ref.metal:5:12) &,3
const ray_data (lambda at /tmp/metal-ast-watchos-air64/src/cx/cxx_009_lambda_capture_by_ref.metal:5:12) &,3
const object_data (lambda at /tmp/metal-ast-watchos-air64/src/cx/cxx_009_lambda_capture_by_ref.metal:5:12) &,3
device (lambda at /tmp/metal-ast-watchos-air64/src/cx/cxx_009_lambda_capture_by_ref.metal:5:12) &&,3
device coherent(device) (lambda at /tmp/metal-ast-watchos-air64/src/cx/cxx_009_lambda_capture_by_ref.metal:5:12) &&,3
threadgroup (lambda at /tmp/metal-ast-watchos-air64/src/cx/cxx_009_lambda_capture_by_ref.metal:5:12) &&,3
threadgroup_imageblock (lambda at /tmp/metal-ast-watchos-air64/src/cx/cxx_009_lambda_capture_by_ref.metal:5:12) &&,3
ray_data (lambda at /tmp/metal-ast-watchos-air64/src/cx/cxx_009_lambda_capture_by_ref.metal:5:12) &&,3
object_data (lambda at /tmp/metal-ast-watchos-air64/src/cx/cxx_009_lambda_capture_by_ref.metal:5:12) &&,3
const device (lambda at /tmp/metal-ast-watchos-sim-air32/src/cx/cxx_009_lambda_capture_by_ref.metal:5:12) &,3
const device coherent(device) (lambda at /tmp/metal-ast-watchos-sim-air32/src/cx/cxx_009_lambda_capture_by_ref.metal:5:12) &,3
const threadgroup (lambda at /tmp/metal-ast-watchos-sim-air32/src/cx/cxx_009_lambda_capture_by_ref.metal:5:12) &,3
const threadgroup_imageblock (lambda at /tmp/metal-ast-watchos-sim-air32/src/cx/cxx_009_lambda_capture_by_ref.metal:5:12) &,3
const ray_data (lambda at /tmp/metal-ast-watchos-sim-air32/src/cx/cxx_009_lambda_capture_by_ref.metal:5:12) &,3
const object_data (lambda at /tmp/metal-ast-watchos-sim-air32/src/cx/cxx_009_lambda_capture_by_ref.metal:5:12) &,3
device (lambda at /tmp/metal-ast-watchos-sim-air32/src/cx/cxx_009_lambda_capture_by_ref.metal:5:12) &&,3
device coherent(device) (lambda at /tmp/metal-ast-watchos-sim-air32/src/cx/cxx_009_lambda_capture_by_ref.metal:5:12) &&,3
threadgroup (lambda at /tmp/metal-ast-watchos-sim-air32/src/cx/cxx_009_lambda_capture_by_ref.metal:5:12) &&,3
threadgroup_imageblock (lambda at /tmp/metal-ast-watchos-sim-air32/src/cx/cxx_009_lambda_capture_by_ref.metal:5:12) &&,3
ray_data (lambda at /tmp/metal-ast-watchos-sim-air32/src/cx/cxx_009_lambda_capture_by_ref.metal:5:12) &&,3
object_data (lambda at /tmp/metal-ast-watchos-sim-air32/src/cx/cxx_009_lambda_capture_by_ref.metal:5:12) &&,3
const device (lambda at /tmp/metal-ast-watchos-sim-air64/src/cx/cxx_009_lambda_capture_by_ref.metal:5:12) &,3
const device coherent(device) (lambda at /tmp/metal-ast-watchos-sim-air64/src/cx/cxx_009_lambda_capture_by_ref.metal:5:12) &,3
const threadgroup (lambda at /tmp/metal-ast-watchos-sim-air64/src/cx/cxx_009_lambda_capture_by_ref.metal:5:12) &,3
const threadgroup_imageblock (lambda at /tmp/metal-ast-watchos-sim-air64/src/cx/cxx_009_lambda_capture_by_ref.metal:5:12) &,3
const ray_data (lambda at /tmp/metal-ast-watchos-sim-air64/src/cx/cxx_009_lambda_capture_by_ref.metal:5:12) &,3
const object_data (lambda at /tmp/metal-ast-watchos-sim-air64/src/cx/cxx_009_lambda_capture_by_ref.metal:5:12) &,3
device (lambda at /tmp/metal-ast-watchos-sim-air64/src/cx/cxx_009_lambda_capture_by_ref.metal:5:12) &&,3
device coherent(device) (lambda at /tmp/metal-ast-watchos-sim-air64/src/cx/cxx_009_lambda_capture_by_ref.metal:5:12) &&,3
threadgroup (lambda at /tmp/metal-ast-watchos-sim-air64/src/cx/cxx_009_lambda_capture_by_ref.metal:5:12) &&,3
threadgroup_imageblock (lambda at /tmp/metal-ast-watchos-sim-air64/src/cx/cxx_009_lambda_capture_by_ref.metal:5:12) &&,3
ray_data (lambda at /tmp/metal-ast-watchos-sim-air64/src/cx/cxx_009_lambda_capture_by_ref.metal:5:12) &&,3
object_data (lambda at /tmp/metal-ast-watchos-sim-air64/src/cx/cxx_009_lambda_capture_by_ref.metal:5:12) &&,3
void (const (lambda at /tmp/metal-ast-ios-air64/src/codegen_all.metal:18:12) &),2
void (const device (lambda at /tmp/metal-ast-ios-air64/src/codegen_all.metal:18:12) &) threadgroup,2
void (const device coherent(device) (lambda at /tmp/metal-ast-ios-air64/src/codegen_all.metal:18:12) &) threadgroup,2
void (const threadgroup (lambda at /tmp/metal-ast-ios-air64/src/codegen_all.metal:18:12) &) threadgroup,2
void (const constant (lambda at /tmp/metal-ast-ios-air64/src/codegen_all.metal:18:12) &) threadgroup,2
void (const threadgroup_imageblock (lambda at /tmp/metal-ast-ios-air64/src/codegen_all.metal:18:12) &) threadgroup,2
void (const ray_data (lambda at /tmp/metal-ast-ios-air64/src/codegen_all.metal:18:12) &) threadgroup,2
void (const object_data (lambda at /tmp/metal-ast-ios-air64/src/codegen_all.metal:18:12) &) threadgroup,2
void (const (lambda at /tmp/metal-ast-ios-air64/src/codegen_all.metal:18:12) &) threadgroup,2
void (const constant (lambda at /tmp/metal-ast-ios-air64/src/codegen_all.metal:18:12) &) const constant,2
void (const (lambda at /tmp/metal-ast-ios-air64/src/codegen_all.metal:18:12) &) const constant,2
void (const device (lambda at /tmp/metal-ast-ios-air64/src/codegen_all.metal:18:12) &) ray_data,2
void (const device coherent(device) (lambda at /tmp/metal-ast-ios-air64/src/codegen_all.metal:18:12) &) ray_data,2
void (const threadgroup (lambda at /tmp/metal-ast-ios-air64/src/codegen_all.metal:18:12) &) ray_data,2
void (const constant (lambda at /tmp/metal-ast-ios-air64/src/codegen_all.metal:18:12) &) ray_data,2
void (const threadgroup_imageblock (lambda at /tmp/metal-ast-ios-air64/src/codegen_all.metal:18:12) &) ray_data,2
void (const ray_data (lambda at /tmp/metal-ast-ios-air64/src/codegen_all.metal:18:12) &) ray_data,2
void (const object_data (lambda at /tmp/metal-ast-ios-air64/src/codegen_all.metal:18:12) &) ray_data,2
void (const (lambda at /tmp/metal-ast-ios-air64/src/codegen_all.metal:18:12) &) ray_data,2
void (const device (lambda at /tmp/metal-ast-ios-air64/src/codegen_all.metal:18:12) &),2
void (const device coherent(device) (lambda at /tmp/metal-ast-ios-air64/src/codegen_all.metal:18:12) &),2
void (const threadgroup (lambda at /tmp/metal-ast-ios-air64/src/codegen_all.metal:18:12) &),2
void (const constant (lambda at /tmp/metal-ast-ios-air64/src/codegen_all.metal:18:12) &),2
void (const threadgroup_imageblock (lambda at /tmp/metal-ast-ios-air64/src/codegen_all.metal:18:12) &),2
void (const ray_data (lambda at /tmp/metal-ast-ios-air64/src/codegen_all.metal:18:12) &),2
void (const object_data (lambda at /tmp/metal-ast-ios-air64/src/codegen_all.metal:18:12) &),2
void (device (lambda at /tmp/metal-ast-ios-air64/src/codegen_all.metal:18:12) &&) threadgroup,2
void (device coherent(device) (lambda at /tmp/metal-ast-ios-air64/src/codegen_all.metal:18:12) &&) threadgroup,2
void (threadgroup (lambda at /tmp/metal-ast-ios-air64/src/codegen_all.metal:18:12) &&) threadgroup,2
void (threadgroup_imageblock (lambda at /tmp/metal-ast-ios-air64/src/codegen_all.metal:18:12) &&) threadgroup,2
void (ray_data (lambda at /tmp/metal-ast-ios-air64/src/codegen_all.metal:18:12) &&) threadgroup,2
void (object_data (lambda at /tmp/metal-ast-ios-air64/src/codegen_all.metal:18:12) &&) threadgroup,2
void ((lambda at /tmp/metal-ast-ios-air64/src/codegen_all.metal:18:12) &&) threadgroup,2
void ((lambda at /tmp/metal-ast-ios-air64/src/codegen_all.metal:18:12) &&) const constant,2
void (device (lambda at /tmp/metal-ast-ios-air64/src/codegen_all.metal:18:12) &&) ray_data,2
void (device coherent(device) (lambda at /tmp/metal-ast-ios-air64/src/codegen_all.metal:18:12) &&) ray_data,2
void (threadgroup (lambda at /tmp/metal-ast-ios-air64/src/codegen_all.metal:18:12) &&) ray_data,2
void (threadgroup_imageblock (lambda at /tmp/metal-ast-ios-air64/src/codegen_all.metal:18:12) &&) ray_data,2
void (ray_data (lambda at /tmp/metal-ast-ios-air64/src/codegen_all.metal:18:12) &&) ray_data,2
void (object_data (lambda at /tmp/metal-ast-ios-air64/src/codegen_all.metal:18:12) &&) ray_data,2
void ((lambda at /tmp/metal-ast-ios-air64/src/codegen_all.metal:18:12) &&) ray_data,2
void (device (lambda at /tmp/metal-ast-ios-air64/src/codegen_all.metal:18:12) &&),2
void (device coherent(device) (lambda at /tmp/metal-ast-ios-air64/src/codegen_all.metal:18:12) &&),2
void (threadgroup (lambda at /tmp/metal-ast-ios-air64/src/codegen_all.metal:18:12) &&),2
void (threadgroup_imageblock (lambda at /tmp/metal-ast-ios-air64/src/codegen_all.metal:18:12) &&),2
void (ray_data (lambda at /tmp/metal-ast-ios-air64/src/codegen_all.metal:18:12) &&),2
void (object_data (lambda at /tmp/metal-ast-ios-air64/src/codegen_all.metal:18:12) &&),2
void ((lambda at /tmp/metal-ast-ios-air64/src/cx/cxx_010_lambda_generic.metal:4:12) &&) noexcept,2
const (lambda at /tmp/metal-ast-ios-air64/src/cx/cxx_010_lambda_generic.metal:4:12),2
const (lambda at /tmp/metal-ast-ios-air64/src/cx/cxx_009_lambda_capture_by_ref.metal:5:12),2
void (const (lambda at /tmp/metal-ast-ios-sim-air64/src/codegen_all.metal:18:12) &),2
void (const device (lambda at /tmp/metal-ast-ios-sim-air64/src/codegen_all.metal:18:12) &) threadgroup,2
void (const device coherent(device) (lambda at /tmp/metal-ast-ios-sim-air64/src/codegen_all.metal:18:12) &) threadgroup,2
void (const threadgroup (lambda at /tmp/metal-ast-ios-sim-air64/src/codegen_all.metal:18:12) &) threadgroup,2
void (const constant (lambda at /tmp/metal-ast-ios-sim-air64/src/codegen_all.metal:18:12) &) threadgroup,2
void (const threadgroup_imageblock (lambda at /tmp/metal-ast-ios-sim-air64/src/codegen_all.metal:18:12) &) threadgroup,2
void (const ray_data (lambda at /tmp/metal-ast-ios-sim-air64/src/codegen_all.metal:18:12) &) threadgroup,2
void (const object_data (lambda at /tmp/metal-ast-ios-sim-air64/src/codegen_all.metal:18:12) &) threadgroup,2
void (const (lambda at /tmp/metal-ast-ios-sim-air64/src/codegen_all.metal:18:12) &) threadgroup,2
void (const constant (lambda at /tmp/metal-ast-ios-sim-air64/src/codegen_all.metal:18:12) &) const constant,2
void (const (lambda at /tmp/metal-ast-ios-sim-air64/src/codegen_all.metal:18:12) &) const constant,2
void (const device (lambda at /tmp/metal-ast-ios-sim-air64/src/codegen_all.metal:18:12) &) ray_data,2
void (const device coherent(device) (lambda at /tmp/metal-ast-ios-sim-air64/src/codegen_all.metal:18:12) &) ray_data,2
void (const threadgroup (lambda at /tmp/metal-ast-ios-sim-air64/src/codegen_all.metal:18:12) &) ray_data,2
void (const constant (lambda at /tmp/metal-ast-ios-sim-air64/src/codegen_all.metal:18:12) &) ray_data,2
void (const threadgroup_imageblock (lambda at /tmp/metal-ast-ios-sim-air64/src/codegen_all.metal:18:12) &) ray_data,2
void (const ray_data (lambda at /tmp/metal-ast-ios-sim-air64/src/codegen_all.metal:18:12) &) ray_data,2
void (const object_data (lambda at /tmp/metal-ast-ios-sim-air64/src/codegen_all.metal:18:12) &) ray_data,2
void (const (lambda at /tmp/metal-ast-ios-sim-air64/src/codegen_all.metal:18:12) &) ray_data,2
void (const device (lambda at /tmp/metal-ast-ios-sim-air64/src/codegen_all.metal:18:12) &),2
void (const device coherent(device) (lambda at /tmp/metal-ast-ios-sim-air64/src/codegen_all.metal:18:12) &),2
void (const threadgroup (lambda at /tmp/metal-ast-ios-sim-air64/src/codegen_all.metal:18:12) &),2
void (const constant (lambda at /tmp/metal-ast-ios-sim-air64/src/codegen_all.metal:18:12) &),2
void (const threadgroup_imageblock (lambda at /tmp/metal-ast-ios-sim-air64/src/codegen_all.metal:18:12) &),2
void (const ray_data (lambda at /tmp/metal-ast-ios-sim-air64/src/codegen_all.metal:18:12) &),2
void (const object_data (lambda at /tmp/metal-ast-ios-sim-air64/src/codegen_all.metal:18:12) &),2
void (device (lambda at /tmp/metal-ast-ios-sim-air64/src/codegen_all.metal:18:12) &&) threadgroup,2
void (device coherent(device) (lambda at /tmp/metal-ast-ios-sim-air64/src/codegen_all.metal:18:12) &&) threadgroup,2
void (threadgroup (lambda at /tmp/metal-ast-ios-sim-air64/src/codegen_all.metal:18:12) &&) threadgroup,2
void (threadgroup_imageblock (lambda at /tmp/metal-ast-ios-sim-air64/src/codegen_all.metal:18:12) &&) threadgroup,2
void (ray_data (lambda at /tmp/metal-ast-ios-sim-air64/src/codegen_all.metal:18:12) &&) threadgroup,2
void (object_data (lambda at /tmp/metal-ast-ios-sim-air64/src/codegen_all.metal:18:12) &&) threadgroup,2
void ((lambda at /tmp/metal-ast-ios-sim-air64/src/codegen_all.metal:18:12) &&) threadgroup,2
void ((lambda at /tmp/metal-ast-ios-sim-air64/src/codegen_all.metal:18:12) &&) const constant,2
void (device (lambda at /tmp/metal-ast-ios-sim-air64/src/codegen_all.metal:18:12) &&) ray_data,2
void (device coherent(device) (lambda at /tmp/metal-ast-ios-sim-air64/src/codegen_all.metal:18:12) &&) ray_data,2
void (threadgroup (lambda at /tmp/metal-ast-ios-sim-air64/src/codegen_all.metal:18:12) &&) ray_data,2
void (threadgroup_imageblock (lambda at /tmp/metal-ast-ios-sim-air64/src/codegen_all.metal:18:12) &&) ray_data,2
void (ray_data (lambda at /tmp/metal-ast-ios-sim-air64/src/codegen_all.metal:18:12) &&) ray_data,2
void (object_data (lambda at /tmp/metal-ast-ios-sim-air64/src/codegen_all.metal:18:12) &&) ray_data,2
void ((lambda at /tmp/metal-ast-ios-sim-air64/src/codegen_all.metal:18:12) &&) ray_data,2
void (device (lambda at /tmp/metal-ast-ios-sim-air64/src/codegen_all.metal:18:12) &&),2
void (device coherent(device) (lambda at /tmp/metal-ast-ios-sim-air64/src/codegen_all.metal:18:12) &&),2
void (threadgroup (lambda at /tmp/metal-ast-ios-sim-air64/src/codegen_all.metal:18:12) &&),2
void (threadgroup_imageblock (lambda at /tmp/metal-ast-ios-sim-air64/src/codegen_all.metal:18:12) &&),2
void (ray_data (lambda at /tmp/metal-ast-ios-sim-air64/src/codegen_all.metal:18:12) &&),2
void (object_data (lambda at /tmp/metal-ast-ios-sim-air64/src/codegen_all.metal:18:12) &&),2
void ((lambda at /tmp/metal-ast-ios-sim-air64/src/cx/cxx_009_lambda_capture_by_ref.metal:5:12) &&) noexcept,2
const (lambda at /tmp/metal-ast-ios-sim-air64/src/cx/cxx_009_lambda_capture_by_ref.metal:5:12),2
const (lambda at /tmp/metal-ast-ios-sim-air64/src/cx/cxx_010_lambda_generic.metal:4:12),2
void (const (lambda at /tmp/metal-ast-macos-air32/src/codegen_all.metal:18:12) &),2
void (const device (lambda at /tmp/metal-ast-macos-air32/src/codegen_all.metal:18:12) &) threadgroup,2
void (const device coherent(device) (lambda at /tmp/metal-ast-macos-air32/src/codegen_all.metal:18:12) &) threadgroup,2
void (const threadgroup (lambda at /tmp/metal-ast-macos-air32/src/codegen_all.metal:18:12) &) threadgroup,2
void (const constant (lambda at /tmp/metal-ast-macos-air32/src/codegen_all.metal:18:12) &) threadgroup,2
void (const threadgroup_imageblock (lambda at /tmp/metal-ast-macos-air32/src/codegen_all.metal:18:12) &) threadgroup,2
void (const ray_data (lambda at /tmp/metal-ast-macos-air32/src/codegen_all.metal:18:12) &) threadgroup,2
void (const object_data (lambda at /tmp/metal-ast-macos-air32/src/codegen_all.metal:18:12) &) threadgroup,2
void (const (lambda at /tmp/metal-ast-macos-air32/src/codegen_all.metal:18:12) &) threadgroup,2
void (const constant (lambda at /tmp/metal-ast-macos-air32/src/codegen_all.metal:18:12) &) const constant,2
void (const (lambda at /tmp/metal-ast-macos-air32/src/codegen_all.metal:18:12) &) const constant,2
void (const device (lambda at /tmp/metal-ast-macos-air32/src/codegen_all.metal:18:12) &) ray_data,2
void (const device coherent(device) (lambda at /tmp/metal-ast-macos-air32/src/codegen_all.metal:18:12) &) ray_data,2
void (const threadgroup (lambda at /tmp/metal-ast-macos-air32/src/codegen_all.metal:18:12) &) ray_data,2
void (const constant (lambda at /tmp/metal-ast-macos-air32/src/codegen_all.metal:18:12) &) ray_data,2
void (const threadgroup_imageblock (lambda at /tmp/metal-ast-macos-air32/src/codegen_all.metal:18:12) &) ray_data,2
void (const ray_data (lambda at /tmp/metal-ast-macos-air32/src/codegen_all.metal:18:12) &) ray_data,2
void (const object_data (lambda at /tmp/metal-ast-macos-air32/src/codegen_all.metal:18:12) &) ray_data,2
void (const (lambda at /tmp/metal-ast-macos-air32/src/codegen_all.metal:18:12) &) ray_data,2
void (const device (lambda at /tmp/metal-ast-macos-air32/src/codegen_all.metal:18:12) &),2
void (const device coherent(device) (lambda at /tmp/metal-ast-macos-air32/src/codegen_all.metal:18:12) &),2
void (const threadgroup (lambda at /tmp/metal-ast-macos-air32/src/codegen_all.metal:18:12) &),2
void (const constant (lambda at /tmp/metal-ast-macos-air32/src/codegen_all.metal:18:12) &),2
void (const threadgroup_imageblock (lambda at /tmp/metal-ast-macos-air32/src/codegen_all.metal:18:12) &),2
void (const ray_data (lambda at /tmp/metal-ast-macos-air32/src/codegen_all.metal:18:12) &),2
void (const object_data (lambda at /tmp/metal-ast-macos-air32/src/codegen_all.metal:18:12) &),2
void (device (lambda at /tmp/metal-ast-macos-air32/src/codegen_all.metal:18:12) &&) threadgroup,2
void (device coherent(device) (lambda at /tmp/metal-ast-macos-air32/src/codegen_all.metal:18:12) &&) threadgroup,2
void (threadgroup (lambda at /tmp/metal-ast-macos-air32/src/codegen_all.metal:18:12) &&) threadgroup,2
void (threadgroup_imageblock (lambda at /tmp/metal-ast-macos-air32/src/codegen_all.metal:18:12) &&) threadgroup,2
void (ray_data (lambda at /tmp/metal-ast-macos-air32/src/codegen_all.metal:18:12) &&) threadgroup,2
void (object_data (lambda at /tmp/metal-ast-macos-air32/src/codegen_all.metal:18:12) &&) threadgroup,2
void ((lambda at /tmp/metal-ast-macos-air32/src/codegen_all.metal:18:12) &&) threadgroup,2
void ((lambda at /tmp/metal-ast-macos-air32/src/codegen_all.metal:18:12) &&) const constant,2
void (device (lambda at /tmp/metal-ast-macos-air32/src/codegen_all.metal:18:12) &&) ray_data,2
void (device coherent(device) (lambda at /tmp/metal-ast-macos-air32/src/codegen_all.metal:18:12) &&) ray_data,2
void (threadgroup (lambda at /tmp/metal-ast-macos-air32/src/codegen_all.metal:18:12) &&) ray_data,2
void (threadgroup_imageblock (lambda at /tmp/metal-ast-macos-air32/src/codegen_all.metal:18:12) &&) ray_data,2
void (ray_data (lambda at /tmp/metal-ast-macos-air32/src/codegen_all.metal:18:12) &&) ray_data,2
void (object_data (lambda at /tmp/metal-ast-macos-air32/src/codegen_all.metal:18:12) &&) ray_data,2
void ((lambda at /tmp/metal-ast-macos-air32/src/codegen_all.metal:18:12) &&) ray_data,2
void (device (lambda at /tmp/metal-ast-macos-air32/src/codegen_all.metal:18:12) &&),2
void (device coherent(device) (lambda at /tmp/metal-ast-macos-air32/src/codegen_all.metal:18:12) &&),2
void (threadgroup (lambda at /tmp/metal-ast-macos-air32/src/codegen_all.metal:18:12) &&),2
void (threadgroup_imageblock (lambda at /tmp/metal-ast-macos-air32/src/codegen_all.metal:18:12) &&),2
void (ray_data (lambda at /tmp/metal-ast-macos-air32/src/codegen_all.metal:18:12) &&),2
void (object_data (lambda at /tmp/metal-ast-macos-air32/src/codegen_all.metal:18:12) &&),2
void ((lambda at /tmp/metal-ast-macos-air32/src/cx/cxx_009_lambda_capture_by_ref.metal:5:12) &&) noexcept,2
const (lambda at /tmp/metal-ast-macos-air32/src/cx/cxx_009_lambda_capture_by_ref.metal:5:12),2
const (lambda at /tmp/metal-ast-macos-air32/src/cx/cxx_010_lambda_generic.metal:4:12),2
void (const (lambda at /tmp/metal-ast-macos-air64/src/codegen_all.metal:18:12) &),2
void (const device (lambda at /tmp/metal-ast-macos-air64/src/codegen_all.metal:18:12) &) threadgroup,2
void (const device coherent(device) (lambda at /tmp/metal-ast-macos-air64/src/codegen_all.metal:18:12) &) threadgroup,2
void (const threadgroup (lambda at /tmp/metal-ast-macos-air64/src/codegen_all.metal:18:12) &) threadgroup,2
void (const constant (lambda at /tmp/metal-ast-macos-air64/src/codegen_all.metal:18:12) &) threadgroup,2
void (const threadgroup_imageblock (lambda at /tmp/metal-ast-macos-air64/src/codegen_all.metal:18:12) &) threadgroup,2
void (const ray_data (lambda at /tmp/metal-ast-macos-air64/src/codegen_all.metal:18:12) &) threadgroup,2
void (const object_data (lambda at /tmp/metal-ast-macos-air64/src/codegen_all.metal:18:12) &) threadgroup,2
void (const (lambda at /tmp/metal-ast-macos-air64/src/codegen_all.metal:18:12) &) threadgroup,2
void (const constant (lambda at /tmp/metal-ast-macos-air64/src/codegen_all.metal:18:12) &) const constant,2
void (const (lambda at /tmp/metal-ast-macos-air64/src/codegen_all.metal:18:12) &) const constant,2
void (const device (lambda at /tmp/metal-ast-macos-air64/src/codegen_all.metal:18:12) &) ray_data,2
void (const device coherent(device) (lambda at /tmp/metal-ast-macos-air64/src/codegen_all.metal:18:12) &) ray_data,2
void (const threadgroup (lambda at /tmp/metal-ast-macos-air64/src/codegen_all.metal:18:12) &) ray_data,2
void (const constant (lambda at /tmp/metal-ast-macos-air64/src/codegen_all.metal:18:12) &) ray_data,2
void (const threadgroup_imageblock (lambda at /tmp/metal-ast-macos-air64/src/codegen_all.metal:18:12) &) ray_data,2
void (const ray_data (lambda at /tmp/metal-ast-macos-air64/src/codegen_all.metal:18:12) &) ray_data,2
void (const object_data (lambda at /tmp/metal-ast-macos-air64/src/codegen_all.metal:18:12) &) ray_data,2
void (const (lambda at /tmp/metal-ast-macos-air64/src/codegen_all.metal:18:12) &) ray_data,2
void (const device (lambda at /tmp/metal-ast-macos-air64/src/codegen_all.metal:18:12) &),2
void (const device coherent(device) (lambda at /tmp/metal-ast-macos-air64/src/codegen_all.metal:18:12) &),2
void (const threadgroup (lambda at /tmp/metal-ast-macos-air64/src/codegen_all.metal:18:12) &),2
void (const constant (lambda at /tmp/metal-ast-macos-air64/src/codegen_all.metal:18:12) &),2
void (const threadgroup_imageblock (lambda at /tmp/metal-ast-macos-air64/src/codegen_all.metal:18:12) &),2
void (const ray_data (lambda at /tmp/metal-ast-macos-air64/src/codegen_all.metal:18:12) &),2
void (const object_data (lambda at /tmp/metal-ast-macos-air64/src/codegen_all.metal:18:12) &),2
void (device (lambda at /tmp/metal-ast-macos-air64/src/codegen_all.metal:18:12) &&) threadgroup,2
void (device coherent(device) (lambda at /tmp/metal-ast-macos-air64/src/codegen_all.metal:18:12) &&) threadgroup,2
void (threadgroup (lambda at /tmp/metal-ast-macos-air64/src/codegen_all.metal:18:12) &&) threadgroup,2
void (threadgroup_imageblock (lambda at /tmp/metal-ast-macos-air64/src/codegen_all.metal:18:12) &&) threadgroup,2
void (ray_data (lambda at /tmp/metal-ast-macos-air64/src/codegen_all.metal:18:12) &&) threadgroup,2
void (object_data (lambda at /tmp/metal-ast-macos-air64/src/codegen_all.metal:18:12) &&) threadgroup,2
void ((lambda at /tmp/metal-ast-macos-air64/src/codegen_all.metal:18:12) &&) threadgroup,2
void ((lambda at /tmp/metal-ast-macos-air64/src/codegen_all.metal:18:12) &&) const constant,2
void (device (lambda at /tmp/metal-ast-macos-air64/src/codegen_all.metal:18:12) &&) ray_data,2
void (device coherent(device) (lambda at /tmp/metal-ast-macos-air64/src/codegen_all.metal:18:12) &&) ray_data,2
void (threadgroup (lambda at /tmp/metal-ast-macos-air64/src/codegen_all.metal:18:12) &&) ray_data,2
void (threadgroup_imageblock (lambda at /tmp/metal-ast-macos-air64/src/codegen_all.metal:18:12) &&) ray_data,2
void (ray_data (lambda at /tmp/metal-ast-macos-air64/src/codegen_all.metal:18:12) &&) ray_data,2
void (object_data (lambda at /tmp/metal-ast-macos-air64/src/codegen_all.metal:18:12) &&) ray_data,2
void ((lambda at /tmp/metal-ast-macos-air64/src/codegen_all.metal:18:12) &&) ray_data,2
void (device (lambda at /tmp/metal-ast-macos-air64/src/codegen_all.metal:18:12) &&),2
void (device coherent(device) (lambda at /tmp/metal-ast-macos-air64/src/codegen_all.metal:18:12) &&),2
void (threadgroup (lambda at /tmp/metal-ast-macos-air64/src/codegen_all.metal:18:12) &&),2
void (threadgroup_imageblock (lambda at /tmp/metal-ast-macos-air64/src/codegen_all.metal:18:12) &&),2
void (ray_data (lambda at /tmp/metal-ast-macos-air64/src/codegen_all.metal:18:12) &&),2
void (object_data (lambda at /tmp/metal-ast-macos-air64/src/codegen_all.metal:18:12) &&),2
void ((lambda at /tmp/metal-ast-macos-air64/src/cx/cxx_010_lambda_generic.metal:4:12) &&) noexcept,2
const (lambda at /tmp/metal-ast-macos-air64/src/cx/cxx_010_lambda_generic.metal:4:12),2
const (lambda at /tmp/metal-ast-macos-air64/src/cx/cxx_009_lambda_capture_by_ref.metal:5:12),2
void (const (lambda at /tmp/metal-ast-tvos-air32/src/codegen_all.metal:18:12) &),2
void (const device (lambda at /tmp/metal-ast-tvos-air32/src/codegen_all.metal:18:12) &) threadgroup,2
void (const device coherent(device) (lambda at /tmp/metal-ast-tvos-air32/src/codegen_all.metal:18:12) &) threadgroup,2
void (const threadgroup (lambda at /tmp/metal-ast-tvos-air32/src/codegen_all.metal:18:12) &) threadgroup,2
void (const constant (lambda at /tmp/metal-ast-tvos-air32/src/codegen_all.metal:18:12) &) threadgroup,2
void (const threadgroup_imageblock (lambda at /tmp/metal-ast-tvos-air32/src/codegen_all.metal:18:12) &) threadgroup,2
void (const ray_data (lambda at /tmp/metal-ast-tvos-air32/src/codegen_all.metal:18:12) &) threadgroup,2
void (const object_data (lambda at /tmp/metal-ast-tvos-air32/src/codegen_all.metal:18:12) &) threadgroup,2
void (const (lambda at /tmp/metal-ast-tvos-air32/src/codegen_all.metal:18:12) &) threadgroup,2
void (const constant (lambda at /tmp/metal-ast-tvos-air32/src/codegen_all.metal:18:12) &) const constant,2
void (const (lambda at /tmp/metal-ast-tvos-air32/src/codegen_all.metal:18:12) &) const constant,2
void (const device (lambda at /tmp/metal-ast-tvos-air32/src/codegen_all.metal:18:12) &) ray_data,2
void (const device coherent(device) (lambda at /tmp/metal-ast-tvos-air32/src/codegen_all.metal:18:12) &) ray_data,2
void (const threadgroup (lambda at /tmp/metal-ast-tvos-air32/src/codegen_all.metal:18:12) &) ray_data,2
void (const constant (lambda at /tmp/metal-ast-tvos-air32/src/codegen_all.metal:18:12) &) ray_data,2
void (const threadgroup_imageblock (lambda at /tmp/metal-ast-tvos-air32/src/codegen_all.metal:18:12) &) ray_data,2
void (const ray_data (lambda at /tmp/metal-ast-tvos-air32/src/codegen_all.metal:18:12) &) ray_data,2
void (const object_data (lambda at /tmp/metal-ast-tvos-air32/src/codegen_all.metal:18:12) &) ray_data,2
void (const (lambda at /tmp/metal-ast-tvos-air32/src/codegen_all.metal:18:12) &) ray_data,2
void (const device (lambda at /tmp/metal-ast-tvos-air32/src/codegen_all.metal:18:12) &),2
void (const device coherent(device) (lambda at /tmp/metal-ast-tvos-air32/src/codegen_all.metal:18:12) &),2
void (const threadgroup (lambda at /tmp/metal-ast-tvos-air32/src/codegen_all.metal:18:12) &),2
void (const constant (lambda at /tmp/metal-ast-tvos-air32/src/codegen_all.metal:18:12) &),2
void (const threadgroup_imageblock (lambda at /tmp/metal-ast-tvos-air32/src/codegen_all.metal:18:12) &),2
void (const ray_data (lambda at /tmp/metal-ast-tvos-air32/src/codegen_all.metal:18:12) &),2
void (const object_data (lambda at /tmp/metal-ast-tvos-air32/src/codegen_all.metal:18:12) &),2
void (device (lambda at /tmp/metal-ast-tvos-air32/src/codegen_all.metal:18:12) &&) threadgroup,2
void (device coherent(device) (lambda at /tmp/metal-ast-tvos-air32/src/codegen_all.metal:18:12) &&) threadgroup,2
void (threadgroup (lambda at /tmp/metal-ast-tvos-air32/src/codegen_all.metal:18:12) &&) threadgroup,2
void (threadgroup_imageblock (lambda at /tmp/metal-ast-tvos-air32/src/codegen_all.metal:18:12) &&) threadgroup,2
void (ray_data (lambda at /tmp/metal-ast-tvos-air32/src/codegen_all.metal:18:12) &&) threadgroup,2
void (object_data (lambda at /tmp/metal-ast-tvos-air32/src/codegen_all.metal:18:12) &&) threadgroup,2
void ((lambda at /tmp/metal-ast-tvos-air32/src/codegen_all.metal:18:12) &&) threadgroup,2
void ((lambda at /tmp/metal-ast-tvos-air32/src/codegen_all.metal:18:12) &&) const constant,2
void (device (lambda at /tmp/metal-ast-tvos-air32/src/codegen_all.metal:18:12) &&) ray_data,2
void (device coherent(device) (lambda at /tmp/metal-ast-tvos-air32/src/codegen_all.metal:18:12) &&) ray_data,2
void (threadgroup (lambda at /tmp/metal-ast-tvos-air32/src/codegen_all.metal:18:12) &&) ray_data,2
void (threadgroup_imageblock (lambda at /tmp/metal-ast-tvos-air32/src/codegen_all.metal:18:12) &&) ray_data,2
void (ray_data (lambda at /tmp/metal-ast-tvos-air32/src/codegen_all.metal:18:12) &&) ray_data,2
void (object_data (lambda at /tmp/metal-ast-tvos-air32/src/codegen_all.metal:18:12) &&) ray_data,2
void ((lambda at /tmp/metal-ast-tvos-air32/src/codegen_all.metal:18:12) &&) ray_data,2
void (device (lambda at /tmp/metal-ast-tvos-air32/src/codegen_all.metal:18:12) &&),2
void (device coherent(device) (lambda at /tmp/metal-ast-tvos-air32/src/codegen_all.metal:18:12) &&),2
void (threadgroup (lambda at /tmp/metal-ast-tvos-air32/src/codegen_all.metal:18:12) &&),2
void (threadgroup_imageblock (lambda at /tmp/metal-ast-tvos-air32/src/codegen_all.metal:18:12) &&),2
void (ray_data (lambda at /tmp/metal-ast-tvos-air32/src/codegen_all.metal:18:12) &&),2
void (object_data (lambda at /tmp/metal-ast-tvos-air32/src/codegen_all.metal:18:12) &&),2
void ((lambda at /tmp/metal-ast-tvos-air32/src/cx/cxx_009_lambda_capture_by_ref.metal:5:12) &&) noexcept,2
const (lambda at /tmp/metal-ast-tvos-air32/src/cx/cxx_009_lambda_capture_by_ref.metal:5:12),2
const (lambda at /tmp/metal-ast-tvos-air32/src/cx/cxx_010_lambda_generic.metal:4:12),2
void (const (lambda at /tmp/metal-ast-tvos-air64/src/codegen_all.metal:18:12) &),2
void (const device (lambda at /tmp/metal-ast-tvos-air64/src/codegen_all.metal:18:12) &) threadgroup,2
void (const device coherent(device) (lambda at /tmp/metal-ast-tvos-air64/src/codegen_all.metal:18:12) &) threadgroup,2
void (const threadgroup (lambda at /tmp/metal-ast-tvos-air64/src/codegen_all.metal:18:12) &) threadgroup,2
void (const constant (lambda at /tmp/metal-ast-tvos-air64/src/codegen_all.metal:18:12) &) threadgroup,2
void (const threadgroup_imageblock (lambda at /tmp/metal-ast-tvos-air64/src/codegen_all.metal:18:12) &) threadgroup,2
void (const ray_data (lambda at /tmp/metal-ast-tvos-air64/src/codegen_all.metal:18:12) &) threadgroup,2
void (const object_data (lambda at /tmp/metal-ast-tvos-air64/src/codegen_all.metal:18:12) &) threadgroup,2
void (const (lambda at /tmp/metal-ast-tvos-air64/src/codegen_all.metal:18:12) &) threadgroup,2
void (const constant (lambda at /tmp/metal-ast-tvos-air64/src/codegen_all.metal:18:12) &) const constant,2
void (const (lambda at /tmp/metal-ast-tvos-air64/src/codegen_all.metal:18:12) &) const constant,2
void (const device (lambda at /tmp/metal-ast-tvos-air64/src/codegen_all.metal:18:12) &) ray_data,2
void (const device coherent(device) (lambda at /tmp/metal-ast-tvos-air64/src/codegen_all.metal:18:12) &) ray_data,2
void (const threadgroup (lambda at /tmp/metal-ast-tvos-air64/src/codegen_all.metal:18:12) &) ray_data,2
void (const constant (lambda at /tmp/metal-ast-tvos-air64/src/codegen_all.metal:18:12) &) ray_data,2
void (const threadgroup_imageblock (lambda at /tmp/metal-ast-tvos-air64/src/codegen_all.metal:18:12) &) ray_data,2
void (const ray_data (lambda at /tmp/metal-ast-tvos-air64/src/codegen_all.metal:18:12) &) ray_data,2
void (const object_data (lambda at /tmp/metal-ast-tvos-air64/src/codegen_all.metal:18:12) &) ray_data,2
void (const (lambda at /tmp/metal-ast-tvos-air64/src/codegen_all.metal:18:12) &) ray_data,2
void (const device (lambda at /tmp/metal-ast-tvos-air64/src/codegen_all.metal:18:12) &),2
void (const device coherent(device) (lambda at /tmp/metal-ast-tvos-air64/src/codegen_all.metal:18:12) &),2
void (const threadgroup (lambda at /tmp/metal-ast-tvos-air64/src/codegen_all.metal:18:12) &),2
void (const constant (lambda at /tmp/metal-ast-tvos-air64/src/codegen_all.metal:18:12) &),2
void (const threadgroup_imageblock (lambda at /tmp/metal-ast-tvos-air64/src/codegen_all.metal:18:12) &),2
void (const ray_data (lambda at /tmp/metal-ast-tvos-air64/src/codegen_all.metal:18:12) &),2
void (const object_data (lambda at /tmp/metal-ast-tvos-air64/src/codegen_all.metal:18:12) &),2
void (device (lambda at /tmp/metal-ast-tvos-air64/src/codegen_all.metal:18:12) &&) threadgroup,2
void (device coherent(device) (lambda at /tmp/metal-ast-tvos-air64/src/codegen_all.metal:18:12) &&) threadgroup,2
void (threadgroup (lambda at /tmp/metal-ast-tvos-air64/src/codegen_all.metal:18:12) &&) threadgroup,2
void (threadgroup_imageblock (lambda at /tmp/metal-ast-tvos-air64/src/codegen_all.metal:18:12) &&) threadgroup,2
void (ray_data (lambda at /tmp/metal-ast-tvos-air64/src/codegen_all.metal:18:12) &&) threadgroup,2
void (object_data (lambda at /tmp/metal-ast-tvos-air64/src/codegen_all.metal:18:12) &&) threadgroup,2
void ((lambda at /tmp/metal-ast-tvos-air64/src/codegen_all.metal:18:12) &&) threadgroup,2
void ((lambda at /tmp/metal-ast-tvos-air64/src/codegen_all.metal:18:12) &&) const constant,2
void (device (lambda at /tmp/metal-ast-tvos-air64/src/codegen_all.metal:18:12) &&) ray_data,2
void (device coherent(device) (lambda at /tmp/metal-ast-tvos-air64/src/codegen_all.metal:18:12) &&) ray_data,2
void (threadgroup (lambda at /tmp/metal-ast-tvos-air64/src/codegen_all.metal:18:12) &&) ray_data,2
void (threadgroup_imageblock (lambda at /tmp/metal-ast-tvos-air64/src/codegen_all.metal:18:12) &&) ray_data,2
void (ray_data (lambda at /tmp/metal-ast-tvos-air64/src/codegen_all.metal:18:12) &&) ray_data,2
void (object_data (lambda at /tmp/metal-ast-tvos-air64/src/codegen_all.metal:18:12) &&) ray_data,2
void ((lambda at /tmp/metal-ast-tvos-air64/src/codegen_all.metal:18:12) &&) ray_data,2
void (device (lambda at /tmp/metal-ast-tvos-air64/src/codegen_all.metal:18:12) &&),2
void (device coherent(device) (lambda at /tmp/metal-ast-tvos-air64/src/codegen_all.metal:18:12) &&),2
void (threadgroup (lambda at /tmp/metal-ast-tvos-air64/src/codegen_all.metal:18:12) &&),2
void (threadgroup_imageblock (lambda at /tmp/metal-ast-tvos-air64/src/codegen_all.metal:18:12) &&),2
void (ray_data (lambda at /tmp/metal-ast-tvos-air64/src/codegen_all.metal:18:12) &&),2
void (object_data (lambda at /tmp/metal-ast-tvos-air64/src/codegen_all.metal:18:12) &&),2
void ((lambda at /tmp/metal-ast-tvos-air64/src/cx/cxx_010_lambda_generic.metal:4:12) &&) noexcept,2
const (lambda at /tmp/metal-ast-tvos-air64/src/cx/cxx_010_lambda_generic.metal:4:12),2
const (lambda at /tmp/metal-ast-tvos-air64/src/cx/cxx_009_lambda_capture_by_ref.metal:5:12),2
void (const (lambda at /tmp/metal-ast-tvos-sim-air32/src/codegen_all.metal:18:12) &),2
void (const device (lambda at /tmp/metal-ast-tvos-sim-air32/src/codegen_all.metal:18:12) &) threadgroup,2
void (const device coherent(device) (lambda at /tmp/metal-ast-tvos-sim-air32/src/codegen_all.metal:18:12) &) threadgroup,2
void (const threadgroup (lambda at /tmp/metal-ast-tvos-sim-air32/src/codegen_all.metal:18:12) &) threadgroup,2
void (const constant (lambda at /tmp/metal-ast-tvos-sim-air32/src/codegen_all.metal:18:12) &) threadgroup,2
void (const threadgroup_imageblock (lambda at /tmp/metal-ast-tvos-sim-air32/src/codegen_all.metal:18:12) &) threadgroup,2
void (const ray_data (lambda at /tmp/metal-ast-tvos-sim-air32/src/codegen_all.metal:18:12) &) threadgroup,2
void (const object_data (lambda at /tmp/metal-ast-tvos-sim-air32/src/codegen_all.metal:18:12) &) threadgroup,2
void (const (lambda at /tmp/metal-ast-tvos-sim-air32/src/codegen_all.metal:18:12) &) threadgroup,2
void (const constant (lambda at /tmp/metal-ast-tvos-sim-air32/src/codegen_all.metal:18:12) &) const constant,2
void (const (lambda at /tmp/metal-ast-tvos-sim-air32/src/codegen_all.metal:18:12) &) const constant,2
void (const device (lambda at /tmp/metal-ast-tvos-sim-air32/src/codegen_all.metal:18:12) &) ray_data,2
void (const device coherent(device) (lambda at /tmp/metal-ast-tvos-sim-air32/src/codegen_all.metal:18:12) &) ray_data,2
void (const threadgroup (lambda at /tmp/metal-ast-tvos-sim-air32/src/codegen_all.metal:18:12) &) ray_data,2
void (const constant (lambda at /tmp/metal-ast-tvos-sim-air32/src/codegen_all.metal:18:12) &) ray_data,2
void (const threadgroup_imageblock (lambda at /tmp/metal-ast-tvos-sim-air32/src/codegen_all.metal:18:12) &) ray_data,2
void (const ray_data (lambda at /tmp/metal-ast-tvos-sim-air32/src/codegen_all.metal:18:12) &) ray_data,2
void (const object_data (lambda at /tmp/metal-ast-tvos-sim-air32/src/codegen_all.metal:18:12) &) ray_data,2
void (const (lambda at /tmp/metal-ast-tvos-sim-air32/src/codegen_all.metal:18:12) &) ray_data,2
void (const device (lambda at /tmp/metal-ast-tvos-sim-air32/src/codegen_all.metal:18:12) &),2
void (const device coherent(device) (lambda at /tmp/metal-ast-tvos-sim-air32/src/codegen_all.metal:18:12) &),2
void (const threadgroup (lambda at /tmp/metal-ast-tvos-sim-air32/src/codegen_all.metal:18:12) &),2
void (const constant (lambda at /tmp/metal-ast-tvos-sim-air32/src/codegen_all.metal:18:12) &),2
void (const threadgroup_imageblock (lambda at /tmp/metal-ast-tvos-sim-air32/src/codegen_all.metal:18:12) &),2
void (const ray_data (lambda at /tmp/metal-ast-tvos-sim-air32/src/codegen_all.metal:18:12) &),2
void (const object_data (lambda at /tmp/metal-ast-tvos-sim-air32/src/codegen_all.metal:18:12) &),2
void (device (lambda at /tmp/metal-ast-tvos-sim-air32/src/codegen_all.metal:18:12) &&) threadgroup,2
void (device coherent(device) (lambda at /tmp/metal-ast-tvos-sim-air32/src/codegen_all.metal:18:12) &&) threadgroup,2
void (threadgroup (lambda at /tmp/metal-ast-tvos-sim-air32/src/codegen_all.metal:18:12) &&) threadgroup,2
void (threadgroup_imageblock (lambda at /tmp/metal-ast-tvos-sim-air32/src/codegen_all.metal:18:12) &&) threadgroup,2
void (ray_data (lambda at /tmp/metal-ast-tvos-sim-air32/src/codegen_all.metal:18:12) &&) threadgroup,2
void (object_data (lambda at /tmp/metal-ast-tvos-sim-air32/src/codegen_all.metal:18:12) &&) threadgroup,2
void ((lambda at /tmp/metal-ast-tvos-sim-air32/src/codegen_all.metal:18:12) &&) threadgroup,2
void ((lambda at /tmp/metal-ast-tvos-sim-air32/src/codegen_all.metal:18:12) &&) const constant,2
void (device (lambda at /tmp/metal-ast-tvos-sim-air32/src/codegen_all.metal:18:12) &&) ray_data,2
void (device coherent(device) (lambda at /tmp/metal-ast-tvos-sim-air32/src/codegen_all.metal:18:12) &&) ray_data,2
void (threadgroup (lambda at /tmp/metal-ast-tvos-sim-air32/src/codegen_all.metal:18:12) &&) ray_data,2
void (threadgroup_imageblock (lambda at /tmp/metal-ast-tvos-sim-air32/src/codegen_all.metal:18:12) &&) ray_data,2
void (ray_data (lambda at /tmp/metal-ast-tvos-sim-air32/src/codegen_all.metal:18:12) &&) ray_data,2
void (object_data (lambda at /tmp/metal-ast-tvos-sim-air32/src/codegen_all.metal:18:12) &&) ray_data,2
void ((lambda at /tmp/metal-ast-tvos-sim-air32/src/codegen_all.metal:18:12) &&) ray_data,2
void (device (lambda at /tmp/metal-ast-tvos-sim-air32/src/codegen_all.metal:18:12) &&),2
void (device coherent(device) (lambda at /tmp/metal-ast-tvos-sim-air32/src/codegen_all.metal:18:12) &&),2
void (threadgroup (lambda at /tmp/metal-ast-tvos-sim-air32/src/codegen_all.metal:18:12) &&),2
void (threadgroup_imageblock (lambda at /tmp/metal-ast-tvos-sim-air32/src/codegen_all.metal:18:12) &&),2
void (ray_data (lambda at /tmp/metal-ast-tvos-sim-air32/src/codegen_all.metal:18:12) &&),2
void (object_data (lambda at /tmp/metal-ast-tvos-sim-air32/src/codegen_all.metal:18:12) &&),2
void ((lambda at /tmp/metal-ast-tvos-sim-air32/src/cx/cxx_009_lambda_capture_by_ref.metal:5:12) &&) noexcept,2
const (lambda at /tmp/metal-ast-tvos-sim-air32/src/cx/cxx_009_lambda_capture_by_ref.metal:5:12),2
const (lambda at /tmp/metal-ast-tvos-sim-air32/src/cx/cxx_010_lambda_generic.metal:4:12),2
void (const (lambda at /tmp/metal-ast-tvos-sim-air64/src/codegen_all.metal:18:12) &),2
void (const device (lambda at /tmp/metal-ast-tvos-sim-air64/src/codegen_all.metal:18:12) &) threadgroup,2
void (const device coherent(device) (lambda at /tmp/metal-ast-tvos-sim-air64/src/codegen_all.metal:18:12) &) threadgroup,2
void (const threadgroup (lambda at /tmp/metal-ast-tvos-sim-air64/src/codegen_all.metal:18:12) &) threadgroup,2
void (const constant (lambda at /tmp/metal-ast-tvos-sim-air64/src/codegen_all.metal:18:12) &) threadgroup,2
void (const threadgroup_imageblock (lambda at /tmp/metal-ast-tvos-sim-air64/src/codegen_all.metal:18:12) &) threadgroup,2
void (const ray_data (lambda at /tmp/metal-ast-tvos-sim-air64/src/codegen_all.metal:18:12) &) threadgroup,2
void (const object_data (lambda at /tmp/metal-ast-tvos-sim-air64/src/codegen_all.metal:18:12) &) threadgroup,2
void (const (lambda at /tmp/metal-ast-tvos-sim-air64/src/codegen_all.metal:18:12) &) threadgroup,2
void (const constant (lambda at /tmp/metal-ast-tvos-sim-air64/src/codegen_all.metal:18:12) &) const constant,2
void (const (lambda at /tmp/metal-ast-tvos-sim-air64/src/codegen_all.metal:18:12) &) const constant,2
void (const device (lambda at /tmp/metal-ast-tvos-sim-air64/src/codegen_all.metal:18:12) &) ray_data,2
void (const device coherent(device) (lambda at /tmp/metal-ast-tvos-sim-air64/src/codegen_all.metal:18:12) &) ray_data,2
void (const threadgroup (lambda at /tmp/metal-ast-tvos-sim-air64/src/codegen_all.metal:18:12) &) ray_data,2
void (const constant (lambda at /tmp/metal-ast-tvos-sim-air64/src/codegen_all.metal:18:12) &) ray_data,2
void (const threadgroup_imageblock (lambda at /tmp/metal-ast-tvos-sim-air64/src/codegen_all.metal:18:12) &) ray_data,2
void (const ray_data (lambda at /tmp/metal-ast-tvos-sim-air64/src/codegen_all.metal:18:12) &) ray_data,2
void (const object_data (lambda at /tmp/metal-ast-tvos-sim-air64/src/codegen_all.metal:18:12) &) ray_data,2
void (const (lambda at /tmp/metal-ast-tvos-sim-air64/src/codegen_all.metal:18:12) &) ray_data,2
void (const device (lambda at /tmp/metal-ast-tvos-sim-air64/src/codegen_all.metal:18:12) &),2
void (const device coherent(device) (lambda at /tmp/metal-ast-tvos-sim-air64/src/codegen_all.metal:18:12) &),2
void (const threadgroup (lambda at /tmp/metal-ast-tvos-sim-air64/src/codegen_all.metal:18:12) &),2
void (const constant (lambda at /tmp/metal-ast-tvos-sim-air64/src/codegen_all.metal:18:12) &),2
void (const threadgroup_imageblock (lambda at /tmp/metal-ast-tvos-sim-air64/src/codegen_all.metal:18:12) &),2
void (const ray_data (lambda at /tmp/metal-ast-tvos-sim-air64/src/codegen_all.metal:18:12) &),2
void (const object_data (lambda at /tmp/metal-ast-tvos-sim-air64/src/codegen_all.metal:18:12) &),2
void (device (lambda at /tmp/metal-ast-tvos-sim-air64/src/codegen_all.metal:18:12) &&) threadgroup,2
void (device coherent(device) (lambda at /tmp/metal-ast-tvos-sim-air64/src/codegen_all.metal:18:12) &&) threadgroup,2
void (threadgroup (lambda at /tmp/metal-ast-tvos-sim-air64/src/codegen_all.metal:18:12) &&) threadgroup,2
void (threadgroup_imageblock (lambda at /tmp/metal-ast-tvos-sim-air64/src/codegen_all.metal:18:12) &&) threadgroup,2
void (ray_data (lambda at /tmp/metal-ast-tvos-sim-air64/src/codegen_all.metal:18:12) &&) threadgroup,2
void (object_data (lambda at /tmp/metal-ast-tvos-sim-air64/src/codegen_all.metal:18:12) &&) threadgroup,2
void ((lambda at /tmp/metal-ast-tvos-sim-air64/src/codegen_all.metal:18:12) &&) threadgroup,2
void ((lambda at /tmp/metal-ast-tvos-sim-air64/src/codegen_all.metal:18:12) &&) const constant,2
void (device (lambda at /tmp/metal-ast-tvos-sim-air64/src/codegen_all.metal:18:12) &&) ray_data,2
void (device coherent(device) (lambda at /tmp/metal-ast-tvos-sim-air64/src/codegen_all.metal:18:12) &&) ray_data,2
void (threadgroup (lambda at /tmp/metal-ast-tvos-sim-air64/src/codegen_all.metal:18:12) &&) ray_data,2
void (threadgroup_imageblock (lambda at /tmp/metal-ast-tvos-sim-air64/src/codegen_all.metal:18:12) &&) ray_data,2
void (ray_data (lambda at /tmp/metal-ast-tvos-sim-air64/src/codegen_all.metal:18:12) &&) ray_data,2
void (object_data (lambda at /tmp/metal-ast-tvos-sim-air64/src/codegen_all.metal:18:12) &&) ray_data,2
void ((lambda at /tmp/metal-ast-tvos-sim-air64/src/codegen_all.metal:18:12) &&) ray_data,2
void (device (lambda at /tmp/metal-ast-tvos-sim-air64/src/codegen_all.metal:18:12) &&),2
void (device coherent(device) (lambda at /tmp/metal-ast-tvos-sim-air64/src/codegen_all.metal:18:12) &&),2
void (threadgroup (lambda at /tmp/metal-ast-tvos-sim-air64/src/codegen_all.metal:18:12) &&),2
void (threadgroup_imageblock (lambda at /tmp/metal-ast-tvos-sim-air64/src/codegen_all.metal:18:12) &&),2
void (ray_data (lambda at /tmp/metal-ast-tvos-sim-air64/src/codegen_all.metal:18:12) &&),2
void (object_data (lambda at /tmp/metal-ast-tvos-sim-air64/src/codegen_all.metal:18:12) &&),2
void ((lambda at /tmp/metal-ast-tvos-sim-air64/src/cx/cxx_010_lambda_generic.metal:4:12) &&) noexcept,2
const (lambda at /tmp/metal-ast-tvos-sim-air64/src/cx/cxx_010_lambda_generic.metal:4:12),2
const (lambda at /tmp/metal-ast-tvos-sim-air64/src/cx/cxx_009_lambda_capture_by_ref.metal:5:12),2
void (const (lambda at /tmp/metal-ast-watchos-air32/src/codegen_all.metal:18:12) &),2
void (const device (lambda at /tmp/metal-ast-watchos-air32/src/codegen_all.metal:18:12) &) threadgroup,2
void (const device coherent(device) (lambda at /tmp/metal-ast-watchos-air32/src/codegen_all.metal:18:12) &) threadgroup,2
void (const threadgroup (lambda at /tmp/metal-ast-watchos-air32/src/codegen_all.metal:18:12) &) threadgroup,2
void (const constant (lambda at /tmp/metal-ast-watchos-air32/src/codegen_all.metal:18:12) &) threadgroup,2
void (const threadgroup_imageblock (lambda at /tmp/metal-ast-watchos-air32/src/codegen_all.metal:18:12) &) threadgroup,2
void (const ray_data (lambda at /tmp/metal-ast-watchos-air32/src/codegen_all.metal:18:12) &) threadgroup,2
void (const object_data (lambda at /tmp/metal-ast-watchos-air32/src/codegen_all.metal:18:12) &) threadgroup,2
void (const (lambda at /tmp/metal-ast-watchos-air32/src/codegen_all.metal:18:12) &) threadgroup,2
void (const constant (lambda at /tmp/metal-ast-watchos-air32/src/codegen_all.metal:18:12) &) const constant,2
void (const (lambda at /tmp/metal-ast-watchos-air32/src/codegen_all.metal:18:12) &) const constant,2
void (const device (lambda at /tmp/metal-ast-watchos-air32/src/codegen_all.metal:18:12) &) ray_data,2
void (const device coherent(device) (lambda at /tmp/metal-ast-watchos-air32/src/codegen_all.metal:18:12) &) ray_data,2
void (const threadgroup (lambda at /tmp/metal-ast-watchos-air32/src/codegen_all.metal:18:12) &) ray_data,2
void (const constant (lambda at /tmp/metal-ast-watchos-air32/src/codegen_all.metal:18:12) &) ray_data,2
void (const threadgroup_imageblock (lambda at /tmp/metal-ast-watchos-air32/src/codegen_all.metal:18:12) &) ray_data,2
void (const ray_data (lambda at /tmp/metal-ast-watchos-air32/src/codegen_all.metal:18:12) &) ray_data,2
void (const object_data (lambda at /tmp/metal-ast-watchos-air32/src/codegen_all.metal:18:12) &) ray_data,2
void (const (lambda at /tmp/metal-ast-watchos-air32/src/codegen_all.metal:18:12) &) ray_data,2
void (const device (lambda at /tmp/metal-ast-watchos-air32/src/codegen_all.metal:18:12) &),2
void (const device coherent(device) (lambda at /tmp/metal-ast-watchos-air32/src/codegen_all.metal:18:12) &),2
void (const threadgroup (lambda at /tmp/metal-ast-watchos-air32/src/codegen_all.metal:18:12) &),2
void (const constant (lambda at /tmp/metal-ast-watchos-air32/src/codegen_all.metal:18:12) &),2
void (const threadgroup_imageblock (lambda at /tmp/metal-ast-watchos-air32/src/codegen_all.metal:18:12) &),2
void (const ray_data (lambda at /tmp/metal-ast-watchos-air32/src/codegen_all.metal:18:12) &),2
void (const object_data (lambda at /tmp/metal-ast-watchos-air32/src/codegen_all.metal:18:12) &),2
void (device (lambda at /tmp/metal-ast-watchos-air32/src/codegen_all.metal:18:12) &&) threadgroup,2
void (device coherent(device) (lambda at /tmp/metal-ast-watchos-air32/src/codegen_all.metal:18:12) &&) threadgroup,2
void (threadgroup (lambda at /tmp/metal-ast-watchos-air32/src/codegen_all.metal:18:12) &&) threadgroup,2
void (threadgroup_imageblock (lambda at /tmp/metal-ast-watchos-air32/src/codegen_all.metal:18:12) &&) threadgroup,2
void (ray_data (lambda at /tmp/metal-ast-watchos-air32/src/codegen_all.metal:18:12) &&) threadgroup,2
void (object_data (lambda at /tmp/metal-ast-watchos-air32/src/codegen_all.metal:18:12) &&) threadgroup,2
void ((lambda at /tmp/metal-ast-watchos-air32/src/codegen_all.metal:18:12) &&) threadgroup,2
void ((lambda at /tmp/metal-ast-watchos-air32/src/codegen_all.metal:18:12) &&) const constant,2
void (device (lambda at /tmp/metal-ast-watchos-air32/src/codegen_all.metal:18:12) &&) ray_data,2
void (device coherent(device) (lambda at /tmp/metal-ast-watchos-air32/src/codegen_all.metal:18:12) &&) ray_data,2
void (threadgroup (lambda at /tmp/metal-ast-watchos-air32/src/codegen_all.metal:18:12) &&) ray_data,2
void (threadgroup_imageblock (lambda at /tmp/metal-ast-watchos-air32/src/codegen_all.metal:18:12) &&) ray_data,2
void (ray_data (lambda at /tmp/metal-ast-watchos-air32/src/codegen_all.metal:18:12) &&) ray_data,2
void (object_data (lambda at /tmp/metal-ast-watchos-air32/src/codegen_all.metal:18:12) &&) ray_data,2
void ((lambda at /tmp/metal-ast-watchos-air32/src/codegen_all.metal:18:12) &&) ray_data,2
void (device (lambda at /tmp/metal-ast-watchos-air32/src/codegen_all.metal:18:12) &&),2
void (device coherent(device) (lambda at /tmp/metal-ast-watchos-air32/src/codegen_all.metal:18:12) &&),2
void (threadgroup (lambda at /tmp/metal-ast-watchos-air32/src/codegen_all.metal:18:12) &&),2
void (threadgroup_imageblock (lambda at /tmp/metal-ast-watchos-air32/src/codegen_all.metal:18:12) &&),2
void (ray_data (lambda at /tmp/metal-ast-watchos-air32/src/codegen_all.metal:18:12) &&),2
void (object_data (lambda at /tmp/metal-ast-watchos-air32/src/codegen_all.metal:18:12) &&),2
void ((lambda at /tmp/metal-ast-watchos-air32/src/cx/cxx_010_lambda_generic.metal:4:12) &&) noexcept,2
const (lambda at /tmp/metal-ast-watchos-air32/src/cx/cxx_010_lambda_generic.metal:4:12),2
void (const (lambda at /tmp/metal-ast-watchos-air64/src/codegen_all.metal:18:12) &),2
void (const device (lambda at /tmp/metal-ast-watchos-air64/src/codegen_all.metal:18:12) &) threadgroup,2
void (const device coherent(device) (lambda at /tmp/metal-ast-watchos-air64/src/codegen_all.metal:18:12) &) threadgroup,2
void (const threadgroup (lambda at /tmp/metal-ast-watchos-air64/src/codegen_all.metal:18:12) &) threadgroup,2
void (const constant (lambda at /tmp/metal-ast-watchos-air64/src/codegen_all.metal:18:12) &) threadgroup,2
void (const threadgroup_imageblock (lambda at /tmp/metal-ast-watchos-air64/src/codegen_all.metal:18:12) &) threadgroup,2
void (const ray_data (lambda at /tmp/metal-ast-watchos-air64/src/codegen_all.metal:18:12) &) threadgroup,2
void (const object_data (lambda at /tmp/metal-ast-watchos-air64/src/codegen_all.metal:18:12) &) threadgroup,2
void (const (lambda at /tmp/metal-ast-watchos-air64/src/codegen_all.metal:18:12) &) threadgroup,2
void (const constant (lambda at /tmp/metal-ast-watchos-air64/src/codegen_all.metal:18:12) &) const constant,2
void (const (lambda at /tmp/metal-ast-watchos-air64/src/codegen_all.metal:18:12) &) const constant,2
void (const device (lambda at /tmp/metal-ast-watchos-air64/src/codegen_all.metal:18:12) &) ray_data,2
void (const device coherent(device) (lambda at /tmp/metal-ast-watchos-air64/src/codegen_all.metal:18:12) &) ray_data,2
void (const threadgroup (lambda at /tmp/metal-ast-watchos-air64/src/codegen_all.metal:18:12) &) ray_data,2
void (const constant (lambda at /tmp/metal-ast-watchos-air64/src/codegen_all.metal:18:12) &) ray_data,2
void (const threadgroup_imageblock (lambda at /tmp/metal-ast-watchos-air64/src/codegen_all.metal:18:12) &) ray_data,2
void (const ray_data (lambda at /tmp/metal-ast-watchos-air64/src/codegen_all.metal:18:12) &) ray_data,2
void (const object_data (lambda at /tmp/metal-ast-watchos-air64/src/codegen_all.metal:18:12) &) ray_data,2
void (const (lambda at /tmp/metal-ast-watchos-air64/src/codegen_all.metal:18:12) &) ray_data,2
void (const device (lambda at /tmp/metal-ast-watchos-air64/src/codegen_all.metal:18:12) &),2
void (const device coherent(device) (lambda at /tmp/metal-ast-watchos-air64/src/codegen_all.metal:18:12) &),2
void (const threadgroup (lambda at /tmp/metal-ast-watchos-air64/src/codegen_all.metal:18:12) &),2
void (const constant (lambda at /tmp/metal-ast-watchos-air64/src/codegen_all.metal:18:12) &),2
void (const threadgroup_imageblock (lambda at /tmp/metal-ast-watchos-air64/src/codegen_all.metal:18:12) &),2
void (const ray_data (lambda at /tmp/metal-ast-watchos-air64/src/codegen_all.metal:18:12) &),2
void (const object_data (lambda at /tmp/metal-ast-watchos-air64/src/codegen_all.metal:18:12) &),2
void (device (lambda at /tmp/metal-ast-watchos-air64/src/codegen_all.metal:18:12) &&) threadgroup,2
void (device coherent(device) (lambda at /tmp/metal-ast-watchos-air64/src/codegen_all.metal:18:12) &&) threadgroup,2
void (threadgroup (lambda at /tmp/metal-ast-watchos-air64/src/codegen_all.metal:18:12) &&) threadgroup,2
void (threadgroup_imageblock (lambda at /tmp/metal-ast-watchos-air64/src/codegen_all.metal:18:12) &&) threadgroup,2
void (ray_data (lambda at /tmp/metal-ast-watchos-air64/src/codegen_all.metal:18:12) &&) threadgroup,2
void (object_data (lambda at /tmp/metal-ast-watchos-air64/src/codegen_all.metal:18:12) &&) threadgroup,2
void ((lambda at /tmp/metal-ast-watchos-air64/src/codegen_all.metal:18:12) &&) threadgroup,2
void ((lambda at /tmp/metal-ast-watchos-air64/src/codegen_all.metal:18:12) &&) const constant,2
void (device (lambda at /tmp/metal-ast-watchos-air64/src/codegen_all.metal:18:12) &&) ray_data,2
void (device coherent(device) (lambda at /tmp/metal-ast-watchos-air64/src/codegen_all.metal:18:12) &&) ray_data,2
void (threadgroup (lambda at /tmp/metal-ast-watchos-air64/src/codegen_all.metal:18:12) &&) ray_data,2
void (threadgroup_imageblock (lambda at /tmp/metal-ast-watchos-air64/src/codegen_all.metal:18:12) &&) ray_data,2
void (ray_data (lambda at /tmp/metal-ast-watchos-air64/src/codegen_all.metal:18:12) &&) ray_data,2
void (object_data (lambda at /tmp/metal-ast-watchos-air64/src/codegen_all.metal:18:12) &&) ray_data,2
void ((lambda at /tmp/metal-ast-watchos-air64/src/codegen_all.metal:18:12) &&) ray_data,2
void (device (lambda at /tmp/metal-ast-watchos-air64/src/codegen_all.metal:18:12) &&),2
void (device coherent(device) (lambda at /tmp/metal-ast-watchos-air64/src/codegen_all.metal:18:12) &&),2
void (threadgroup (lambda at /tmp/metal-ast-watchos-air64/src/codegen_all.metal:18:12) &&),2
void (threadgroup_imageblock (lambda at /tmp/metal-ast-watchos-air64/src/codegen_all.metal:18:12) &&),2
void (ray_data (lambda at /tmp/metal-ast-watchos-air64/src/codegen_all.metal:18:12) &&),2
void (object_data (lambda at /tmp/metal-ast-watchos-air64/src/codegen_all.metal:18:12) &&),2
void ((lambda at /tmp/metal-ast-watchos-air64/src/cx/cxx_010_lambda_generic.metal:4:12) &&) noexcept,2
const (lambda at /tmp/metal-ast-watchos-air64/src/cx/cxx_010_lambda_generic.metal:4:12),2
void (const (lambda at /tmp/metal-ast-watchos-sim-air32/src/codegen_all.metal:18:12) &),2
void (const device (lambda at /tmp/metal-ast-watchos-sim-air32/src/codegen_all.metal:18:12) &) threadgroup,2
void (const device coherent(device) (lambda at /tmp/metal-ast-watchos-sim-air32/src/codegen_all.metal:18:12) &) threadgroup,2
void (const threadgroup (lambda at /tmp/metal-ast-watchos-sim-air32/src/codegen_all.metal:18:12) &) threadgroup,2
void (const constant (lambda at /tmp/metal-ast-watchos-sim-air32/src/codegen_all.metal:18:12) &) threadgroup,2
void (const threadgroup_imageblock (lambda at /tmp/metal-ast-watchos-sim-air32/src/codegen_all.metal:18:12) &) threadgroup,2
void (const ray_data (lambda at /tmp/metal-ast-watchos-sim-air32/src/codegen_all.metal:18:12) &) threadgroup,2
void (const object_data (lambda at /tmp/metal-ast-watchos-sim-air32/src/codegen_all.metal:18:12) &) threadgroup,2
void (const (lambda at /tmp/metal-ast-watchos-sim-air32/src/codegen_all.metal:18:12) &) threadgroup,2
void (const constant (lambda at /tmp/metal-ast-watchos-sim-air32/src/codegen_all.metal:18:12) &) const constant,2
void (const (lambda at /tmp/metal-ast-watchos-sim-air32/src/codegen_all.metal:18:12) &) const constant,2
void (const device (lambda at /tmp/metal-ast-watchos-sim-air32/src/codegen_all.metal:18:12) &) ray_data,2
void (const device coherent(device) (lambda at /tmp/metal-ast-watchos-sim-air32/src/codegen_all.metal:18:12) &) ray_data,2
void (const threadgroup (lambda at /tmp/metal-ast-watchos-sim-air32/src/codegen_all.metal:18:12) &) ray_data,2
void (const constant (lambda at /tmp/metal-ast-watchos-sim-air32/src/codegen_all.metal:18:12) &) ray_data,2
void (const threadgroup_imageblock (lambda at /tmp/metal-ast-watchos-sim-air32/src/codegen_all.metal:18:12) &) ray_data,2
void (const ray_data (lambda at /tmp/metal-ast-watchos-sim-air32/src/codegen_all.metal:18:12) &) ray_data,2
void (const object_data (lambda at /tmp/metal-ast-watchos-sim-air32/src/codegen_all.metal:18:12) &) ray_data,2
void (const (lambda at /tmp/metal-ast-watchos-sim-air32/src/codegen_all.metal:18:12) &) ray_data,2
void (const device (lambda at /tmp/metal-ast-watchos-sim-air32/src/codegen_all.metal:18:12) &),2
void (const device coherent(device) (lambda at /tmp/metal-ast-watchos-sim-air32/src/codegen_all.metal:18:12) &),2
void (const threadgroup (lambda at /tmp/metal-ast-watchos-sim-air32/src/codegen_all.metal:18:12) &),2
void (const constant (lambda at /tmp/metal-ast-watchos-sim-air32/src/codegen_all.metal:18:12) &),2
void (const threadgroup_imageblock (lambda at /tmp/metal-ast-watchos-sim-air32/src/codegen_all.metal:18:12) &),2
void (const ray_data (lambda at /tmp/metal-ast-watchos-sim-air32/src/codegen_all.metal:18:12) &),2
void (const object_data (lambda at /tmp/metal-ast-watchos-sim-air32/src/codegen_all.metal:18:12) &),2
void (device (lambda at /tmp/metal-ast-watchos-sim-air32/src/codegen_all.metal:18:12) &&) threadgroup,2
void (device coherent(device) (lambda at /tmp/metal-ast-watchos-sim-air32/src/codegen_all.metal:18:12) &&) threadgroup,2
void (threadgroup (lambda at /tmp/metal-ast-watchos-sim-air32/src/codegen_all.metal:18:12) &&) threadgroup,2
void (threadgroup_imageblock (lambda at /tmp/metal-ast-watchos-sim-air32/src/codegen_all.metal:18:12) &&) threadgroup,2
void (ray_data (lambda at /tmp/metal-ast-watchos-sim-air32/src/codegen_all.metal:18:12) &&) threadgroup,2
void (object_data (lambda at /tmp/metal-ast-watchos-sim-air32/src/codegen_all.metal:18:12) &&) threadgroup,2
void ((lambda at /tmp/metal-ast-watchos-sim-air32/src/codegen_all.metal:18:12) &&) threadgroup,2
void ((lambda at /tmp/metal-ast-watchos-sim-air32/src/codegen_all.metal:18:12) &&) const constant,2
void (device (lambda at /tmp/metal-ast-watchos-sim-air32/src/codegen_all.metal:18:12) &&) ray_data,2
void (device coherent(device) (lambda at /tmp/metal-ast-watchos-sim-air32/src/codegen_all.metal:18:12) &&) ray_data,2
void (threadgroup (lambda at /tmp/metal-ast-watchos-sim-air32/src/codegen_all.metal:18:12) &&) ray_data,2
void (threadgroup_imageblock (lambda at /tmp/metal-ast-watchos-sim-air32/src/codegen_all.metal:18:12) &&) ray_data,2
void (ray_data (lambda at /tmp/metal-ast-watchos-sim-air32/src/codegen_all.metal:18:12) &&) ray_data,2
void (object_data (lambda at /tmp/metal-ast-watchos-sim-air32/src/codegen_all.metal:18:12) &&) ray_data,2
void ((lambda at /tmp/metal-ast-watchos-sim-air32/src/codegen_all.metal:18:12) &&) ray_data,2
void (device (lambda at /tmp/metal-ast-watchos-sim-air32/src/codegen_all.metal:18:12) &&),2
void (device coherent(device) (lambda at /tmp/metal-ast-watchos-sim-air32/src/codegen_all.metal:18:12) &&),2
void (threadgroup (lambda at /tmp/metal-ast-watchos-sim-air32/src/codegen_all.metal:18:12) &&),2
void (threadgroup_imageblock (lambda at /tmp/metal-ast-watchos-sim-air32/src/codegen_all.metal:18:12) &&),2
void (ray_data (lambda at /tmp/metal-ast-watchos-sim-air32/src/codegen_all.metal:18:12) &&),2
void (object_data (lambda at /tmp/metal-ast-watchos-sim-air32/src/codegen_all.metal:18:12) &&),2
void ((lambda at /tmp/metal-ast-watchos-sim-air32/src/cx/cxx_010_lambda_generic.metal:4:12) &&) noexcept,2
const (lambda at /tmp/metal-ast-watchos-sim-air32/src/cx/cxx_010_lambda_generic.metal:4:12),2
void (const (lambda at /tmp/metal-ast-watchos-sim-air64/src/codegen_all.metal:18:12) &),2
void (const device (lambda at /tmp/metal-ast-watchos-sim-air64/src/codegen_all.metal:18:12) &) threadgroup,2
void (const device coherent(device) (lambda at /tmp/metal-ast-watchos-sim-air64/src/codegen_all.metal:18:12) &) threadgroup,2
void (const threadgroup (lambda at /tmp/metal-ast-watchos-sim-air64/src/codegen_all.metal:18:12) &) threadgroup,2
void (const constant (lambda at /tmp/metal-ast-watchos-sim-air64/src/codegen_all.metal:18:12) &) threadgroup,2
void (const threadgroup_imageblock (lambda at /tmp/metal-ast-watchos-sim-air64/src/codegen_all.metal:18:12) &) threadgroup,2
void (const ray_data (lambda at /tmp/metal-ast-watchos-sim-air64/src/codegen_all.metal:18:12) &) threadgroup,2
void (const object_data (lambda at /tmp/metal-ast-watchos-sim-air64/src/codegen_all.metal:18:12) &) threadgroup,2
void (const (lambda at /tmp/metal-ast-watchos-sim-air64/src/codegen_all.metal:18:12) &) threadgroup,2
void (const constant (lambda at /tmp/metal-ast-watchos-sim-air64/src/codegen_all.metal:18:12) &) const constant,2
void (const (lambda at /tmp/metal-ast-watchos-sim-air64/src/codegen_all.metal:18:12) &) const constant,2
void (const device (lambda at /tmp/metal-ast-watchos-sim-air64/src/codegen_all.metal:18:12) &) ray_data,2
void (const device coherent(device) (lambda at /tmp/metal-ast-watchos-sim-air64/src/codegen_all.metal:18:12) &) ray_data,2
void (const threadgroup (lambda at /tmp/metal-ast-watchos-sim-air64/src/codegen_all.metal:18:12) &) ray_data,2
void (const constant (lambda at /tmp/metal-ast-watchos-sim-air64/src/codegen_all.metal:18:12) &) ray_data,2
void (const threadgroup_imageblock (lambda at /tmp/metal-ast-watchos-sim-air64/src/codegen_all.metal:18:12) &) ray_data,2
void (const ray_data (lambda at /tmp/metal-ast-watchos-sim-air64/src/codegen_all.metal:18:12) &) ray_data,2
void (const object_data (lambda at /tmp/metal-ast-watchos-sim-air64/src/codegen_all.metal:18:12) &) ray_data,2
void (const (lambda at /tmp/metal-ast-watchos-sim-air64/src/codegen_all.metal:18:12) &) ray_data,2
void (const device (lambda at /tmp/metal-ast-watchos-sim-air64/src/codegen_all.metal:18:12) &),2
void (const device coherent(device) (lambda at /tmp/metal-ast-watchos-sim-air64/src/codegen_all.metal:18:12) &),2
void (const threadgroup (lambda at /tmp/metal-ast-watchos-sim-air64/src/codegen_all.metal:18:12) &),2
void (const constant (lambda at /tmp/metal-ast-watchos-sim-air64/src/codegen_all.metal:18:12) &),2
void (const threadgroup_imageblock (lambda at /tmp/metal-ast-watchos-sim-air64/src/codegen_all.metal:18:12) &),2
void (const ray_data (lambda at /tmp/metal-ast-watchos-sim-air64/src/codegen_all.metal:18:12) &),2
void (const object_data (lambda at /tmp/metal-ast-watchos-sim-air64/src/codegen_all.metal:18:12) &),2
void (device (lambda at /tmp/metal-ast-watchos-sim-air64/src/codegen_all.metal:18:12) &&) threadgroup,2
void (device coherent(device) (lambda at /tmp/metal-ast-watchos-sim-air64/src/codegen_all.metal:18:12) &&) threadgroup,2
void (threadgroup (lambda at /tmp/metal-ast-watchos-sim-air64/src/codegen_all.metal:18:12) &&) threadgroup,2
void (threadgroup_imageblock (lambda at /tmp/metal-ast-watchos-sim-air64/src/codegen_all.metal:18:12) &&) threadgroup,2
void (ray_data (lambda at /tmp/metal-ast-watchos-sim-air64/src/codegen_all.metal:18:12) &&) threadgroup,2
void (object_data (lambda at /tmp/metal-ast-watchos-sim-air64/src/codegen_all.metal:18:12) &&) threadgroup,2
void ((lambda at /tmp/metal-ast-watchos-sim-air64/src/codegen_all.metal:18:12) &&) threadgroup,2
void ((lambda at /tmp/metal-ast-watchos-sim-air64/src/codegen_all.metal:18:12) &&) const constant,2
void (device (lambda at /tmp/metal-ast-watchos-sim-air64/src/codegen_all.metal:18:12) &&) ray_data,2
void (device coherent(device) (lambda at /tmp/metal-ast-watchos-sim-air64/src/codegen_all.metal:18:12) &&) ray_data,2
void (threadgroup (lambda at /tmp/metal-ast-watchos-sim-air64/src/codegen_all.metal:18:12) &&) ray_data,2
void (threadgroup_imageblock (lambda at /tmp/metal-ast-watchos-sim-air64/src/codegen_all.metal:18:12) &&) ray_data,2
void (ray_data (lambda at /tmp/metal-ast-watchos-sim-air64/src/codegen_all.metal:18:12) &&) ray_data,2
void (object_data (lambda at /tmp/metal-ast-watchos-sim-air64/src/codegen_all.metal:18:12) &&) ray_data,2
void ((lambda at /tmp/metal-ast-watchos-sim-air64/src/codegen_all.metal:18:12) &&) ray_data,2
void (device (lambda at /tmp/metal-ast-watchos-sim-air64/src/codegen_all.metal:18:12) &&),2
void (device coherent(device) (lambda at /tmp/metal-ast-watchos-sim-air64/src/codegen_all.metal:18:12) &&),2
void (threadgroup (lambda at /tmp/metal-ast-watchos-sim-air64/src/codegen_all.metal:18:12) &&),2
void (threadgroup_imageblock (lambda at /tmp/metal-ast-watchos-sim-air64/src/codegen_all.metal:18:12) &&),2
void (ray_data (lambda at /tmp/metal-ast-watchos-sim-air64/src/codegen_all.metal:18:12) &&),2
void (object_data (lambda at /tmp/metal-ast-watchos-sim-air64/src/codegen_all.metal:18:12) &&),2
void ((lambda at /tmp/metal-ast-watchos-sim-air64/src/cx/cxx_010_lambda_generic.metal:4:12) &&) noexcept,2
const (lambda at /tmp/metal-ast-watchos-sim-air64/src/cx/cxx_010_lambda_generic.metal:4:12),2
void ((lambda at /tmp/metal-ast-ios-air64/src/cx/cxx_009_lambda_capture_by_ref.metal:5:12) &&) noexcept,2
void ((lambda at /tmp/metal-ast-ios-sim-air64/src/cx/cxx_010_lambda_generic.metal:4:12) &&) noexcept,2
void ((lambda at /tmp/metal-ast-macos-air32/src/cx/cxx_010_lambda_generic.metal:4:12) &&) noexcept,2
void ((lambda at /tmp/metal-ast-macos-air64/src/cx/cxx_009_lambda_capture_by_ref.metal:5:12) &&) noexcept,2
void ((lambda at /tmp/metal-ast-tvos-air32/src/cx/cxx_010_lambda_generic.metal:4:12) &&) noexcept,2
void ((lambda at /tmp/metal-ast-tvos-air64/src/cx/cxx_009_lambda_capture_by_ref.metal:5:12) &&) noexcept,2
void ((lambda at /tmp/metal-ast-tvos-sim-air32/src/cx/cxx_010_lambda_generic.metal:4:12) &&) noexcept,2
void ((lambda at /tmp/metal-ast-tvos-sim-air64/src/cx/cxx_009_lambda_capture_by_ref.metal:5:12) &&) noexcept,2
void ((lambda at /tmp/metal-ast-watchos-air32/src/cx/cxx_009_lambda_capture_by_ref.metal:5:12) &&) noexcept,2
const (lambda at /tmp/metal-ast-watchos-air32/src/cx/cxx_009_lambda_capture_by_ref.metal:5:12),2
void ((lambda at /tmp/metal-ast-watchos-air64/src/cx/cxx_009_lambda_capture_by_ref.metal:5:12) &&) noexcept,2
const (lambda at /tmp/metal-ast-watchos-air64/src/cx/cxx_009_lambda_capture_by_ref.metal:5:12),2
void ((lambda at /tmp/metal-ast-watchos-sim-air32/src/cx/cxx_009_lambda_capture_by_ref.metal:5:12) &&) noexcept,2
const (lambda at /tmp/metal-ast-watchos-sim-air32/src/cx/cxx_009_lambda_capture_by_ref.metal:5:12),2
void ((lambda at /tmp/metal-ast-watchos-sim-air64/src/cx/cxx_009_lambda_capture_by_ref.metal:5:12) &&) noexcept,2
const (lambda at /tmp/metal-ast-watchos-sim-air64/src/cx/cxx_009_lambda_capture_by_ref.metal:5:12),2
void (const (lambda at /tmp/metal-ast-ios-air64/src/cx/cxx_010_lambda_generic.metal:4:12) &),1
void (const device (lambda at /tmp/metal-ast-ios-air64/src/cx/cxx_010_lambda_generic.metal:4:12) &) threadgroup,1
void (const device coherent(device) (lambda at /tmp/metal-ast-ios-air64/src/cx/cxx_010_lambda_generic.metal:4:12) &) threadgroup,1
void (const threadgroup (lambda at /tmp/metal-ast-ios-air64/src/cx/cxx_010_lambda_generic.metal:4:12) &) threadgroup,1
void (const constant (lambda at /tmp/metal-ast-ios-air64/src/cx/cxx_010_lambda_generic.metal:4:12) &) threadgroup,1
void (const threadgroup_imageblock (lambda at /tmp/metal-ast-ios-air64/src/cx/cxx_010_lambda_generic.metal:4:12) &) threadgroup,1
void (const ray_data (lambda at /tmp/metal-ast-ios-air64/src/cx/cxx_010_lambda_generic.metal:4:12) &) threadgroup,1
void (const object_data (lambda at /tmp/metal-ast-ios-air64/src/cx/cxx_010_lambda_generic.metal:4:12) &) threadgroup,1
void (const (lambda at /tmp/metal-ast-ios-air64/src/cx/cxx_010_lambda_generic.metal:4:12) &) threadgroup,1
void (const constant (lambda at /tmp/metal-ast-ios-air64/src/cx/cxx_010_lambda_generic.metal:4:12) &) const constant,1
void (const (lambda at /tmp/metal-ast-ios-air64/src/cx/cxx_010_lambda_generic.metal:4:12) &) const constant,1
void (const device (lambda at /tmp/metal-ast-ios-air64/src/cx/cxx_010_lambda_generic.metal:4:12) &) ray_data,1
void (const device coherent(device) (lambda at /tmp/metal-ast-ios-air64/src/cx/cxx_010_lambda_generic.metal:4:12) &) ray_data,1
void (const threadgroup (lambda at /tmp/metal-ast-ios-air64/src/cx/cxx_010_lambda_generic.metal:4:12) &) ray_data,1
void (const constant (lambda at /tmp/metal-ast-ios-air64/src/cx/cxx_010_lambda_generic.metal:4:12) &) ray_data,1
void (const threadgroup_imageblock (lambda at /tmp/metal-ast-ios-air64/src/cx/cxx_010_lambda_generic.metal:4:12) &) ray_data,1
void (const ray_data (lambda at /tmp/metal-ast-ios-air64/src/cx/cxx_010_lambda_generic.metal:4:12) &) ray_data,1
void (const object_data (lambda at /tmp/metal-ast-ios-air64/src/cx/cxx_010_lambda_generic.metal:4:12) &) ray_data,1
void (const (lambda at /tmp/metal-ast-ios-air64/src/cx/cxx_010_lambda_generic.metal:4:12) &) ray_data,1
void (const device (lambda at /tmp/metal-ast-ios-air64/src/cx/cxx_010_lambda_generic.metal:4:12) &),1
void (const device coherent(device) (lambda at /tmp/metal-ast-ios-air64/src/cx/cxx_010_lambda_generic.metal:4:12) &),1
void (const threadgroup (lambda at /tmp/metal-ast-ios-air64/src/cx/cxx_010_lambda_generic.metal:4:12) &),1
void (const constant (lambda at /tmp/metal-ast-ios-air64/src/cx/cxx_010_lambda_generic.metal:4:12) &),1
void (const threadgroup_imageblock (lambda at /tmp/metal-ast-ios-air64/src/cx/cxx_010_lambda_generic.metal:4:12) &),1
void (const ray_data (lambda at /tmp/metal-ast-ios-air64/src/cx/cxx_010_lambda_generic.metal:4:12) &),1
void (const object_data (lambda at /tmp/metal-ast-ios-air64/src/cx/cxx_010_lambda_generic.metal:4:12) &),1
void (device (lambda at /tmp/metal-ast-ios-air64/src/cx/cxx_010_lambda_generic.metal:4:12) &&) threadgroup,1
void (device coherent(device) (lambda at /tmp/metal-ast-ios-air64/src/cx/cxx_010_lambda_generic.metal:4:12) &&) threadgroup,1
void (threadgroup (lambda at /tmp/metal-ast-ios-air64/src/cx/cxx_010_lambda_generic.metal:4:12) &&) threadgroup,1
void (threadgroup_imageblock (lambda at /tmp/metal-ast-ios-air64/src/cx/cxx_010_lambda_generic.metal:4:12) &&) threadgroup,1
void (ray_data (lambda at /tmp/metal-ast-ios-air64/src/cx/cxx_010_lambda_generic.metal:4:12) &&) threadgroup,1
void (object_data (lambda at /tmp/metal-ast-ios-air64/src/cx/cxx_010_lambda_generic.metal:4:12) &&) threadgroup,1
void ((lambda at /tmp/metal-ast-ios-air64/src/cx/cxx_010_lambda_generic.metal:4:12) &&) threadgroup,1
void ((lambda at /tmp/metal-ast-ios-air64/src/cx/cxx_010_lambda_generic.metal:4:12) &&) const constant,1
void (device (lambda at /tmp/metal-ast-ios-air64/src/cx/cxx_010_lambda_generic.metal:4:12) &&) ray_data,1
void (device coherent(device) (lambda at /tmp/metal-ast-ios-air64/src/cx/cxx_010_lambda_generic.metal:4:12) &&) ray_data,1
void (threadgroup (lambda at /tmp/metal-ast-ios-air64/src/cx/cxx_010_lambda_generic.metal:4:12) &&) ray_data,1
void (threadgroup_imageblock (lambda at /tmp/metal-ast-ios-air64/src/cx/cxx_010_lambda_generic.metal:4:12) &&) ray_data,1
void (ray_data (lambda at /tmp/metal-ast-ios-air64/src/cx/cxx_010_lambda_generic.metal:4:12) &&) ray_data,1
void (object_data (lambda at /tmp/metal-ast-ios-air64/src/cx/cxx_010_lambda_generic.metal:4:12) &&) ray_data,1
void ((lambda at /tmp/metal-ast-ios-air64/src/cx/cxx_010_lambda_generic.metal:4:12) &&) ray_data,1
void (device (lambda at /tmp/metal-ast-ios-air64/src/cx/cxx_010_lambda_generic.metal:4:12) &&),1
void (device coherent(device) (lambda at /tmp/metal-ast-ios-air64/src/cx/cxx_010_lambda_generic.metal:4:12) &&),1
void (threadgroup (lambda at /tmp/metal-ast-ios-air64/src/cx/cxx_010_lambda_generic.metal:4:12) &&),1
void (threadgroup_imageblock (lambda at /tmp/metal-ast-ios-air64/src/cx/cxx_010_lambda_generic.metal:4:12) &&),1
void (ray_data (lambda at /tmp/metal-ast-ios-air64/src/cx/cxx_010_lambda_generic.metal:4:12) &&),1
void (object_data (lambda at /tmp/metal-ast-ios-air64/src/cx/cxx_010_lambda_generic.metal:4:12) &&),1
void (const (lambda at /tmp/metal-ast-ios-sim-air64/src/cx/cxx_009_lambda_capture_by_ref.metal:5:12) &),1
void (const device (lambda at /tmp/metal-ast-ios-sim-air64/src/cx/cxx_009_lambda_capture_by_ref.metal:5:12) &) threadgroup,1
void (const device coherent(device) (lambda at /tmp/metal-ast-ios-sim-air64/src/cx/cxx_009_lambda_capture_by_ref.metal:5:12) &) threadgroup,1
void (const threadgroup (lambda at /tmp/metal-ast-ios-sim-air64/src/cx/cxx_009_lambda_capture_by_ref.metal:5:12) &) threadgroup,1
void (const constant (lambda at /tmp/metal-ast-ios-sim-air64/src/cx/cxx_009_lambda_capture_by_ref.metal:5:12) &) threadgroup,1
void (const threadgroup_imageblock (lambda at /tmp/metal-ast-ios-sim-air64/src/cx/cxx_009_lambda_capture_by_ref.metal:5:12) &) threadgroup,1
void (const ray_data (lambda at /tmp/metal-ast-ios-sim-air64/src/cx/cxx_009_lambda_capture_by_ref.metal:5:12) &) threadgroup,1
void (const object_data (lambda at /tmp/metal-ast-ios-sim-air64/src/cx/cxx_009_lambda_capture_by_ref.metal:5:12) &) threadgroup,1
void (const (lambda at /tmp/metal-ast-ios-sim-air64/src/cx/cxx_009_lambda_capture_by_ref.metal:5:12) &) threadgroup,1
void (const constant (lambda at /tmp/metal-ast-ios-sim-air64/src/cx/cxx_009_lambda_capture_by_ref.metal:5:12) &) const constant,1
void (const (lambda at /tmp/metal-ast-ios-sim-air64/src/cx/cxx_009_lambda_capture_by_ref.metal:5:12) &) const constant,1
void (const device (lambda at /tmp/metal-ast-ios-sim-air64/src/cx/cxx_009_lambda_capture_by_ref.metal:5:12) &) ray_data,1
void (const device coherent(device) (lambda at /tmp/metal-ast-ios-sim-air64/src/cx/cxx_009_lambda_capture_by_ref.metal:5:12) &) ray_data,1
void (const threadgroup (lambda at /tmp/metal-ast-ios-sim-air64/src/cx/cxx_009_lambda_capture_by_ref.metal:5:12) &) ray_data,1
void (const constant (lambda at /tmp/metal-ast-ios-sim-air64/src/cx/cxx_009_lambda_capture_by_ref.metal:5:12) &) ray_data,1
void (const threadgroup_imageblock (lambda at /tmp/metal-ast-ios-sim-air64/src/cx/cxx_009_lambda_capture_by_ref.metal:5:12) &) ray_data,1
void (const ray_data (lambda at /tmp/metal-ast-ios-sim-air64/src/cx/cxx_009_lambda_capture_by_ref.metal:5:12) &) ray_data,1
void (const object_data (lambda at /tmp/metal-ast-ios-sim-air64/src/cx/cxx_009_lambda_capture_by_ref.metal:5:12) &) ray_data,1
void (const (lambda at /tmp/metal-ast-ios-sim-air64/src/cx/cxx_009_lambda_capture_by_ref.metal:5:12) &) ray_data,1
void (const device (lambda at /tmp/metal-ast-ios-sim-air64/src/cx/cxx_009_lambda_capture_by_ref.metal:5:12) &),1
void (const device coherent(device) (lambda at /tmp/metal-ast-ios-sim-air64/src/cx/cxx_009_lambda_capture_by_ref.metal:5:12) &),1
void (const threadgroup (lambda at /tmp/metal-ast-ios-sim-air64/src/cx/cxx_009_lambda_capture_by_ref.metal:5:12) &),1
void (const constant (lambda at /tmp/metal-ast-ios-sim-air64/src/cx/cxx_009_lambda_capture_by_ref.metal:5:12) &),1
void (const threadgroup_imageblock (lambda at /tmp/metal-ast-ios-sim-air64/src/cx/cxx_009_lambda_capture_by_ref.metal:5:12) &),1
void (const ray_data (lambda at /tmp/metal-ast-ios-sim-air64/src/cx/cxx_009_lambda_capture_by_ref.metal:5:12) &),1
void (const object_data (lambda at /tmp/metal-ast-ios-sim-air64/src/cx/cxx_009_lambda_capture_by_ref.metal:5:12) &),1
void (device (lambda at /tmp/metal-ast-ios-sim-air64/src/cx/cxx_009_lambda_capture_by_ref.metal:5:12) &&) threadgroup,1
void (device coherent(device) (lambda at /tmp/metal-ast-ios-sim-air64/src/cx/cxx_009_lambda_capture_by_ref.metal:5:12) &&) threadgroup,1
void (threadgroup (lambda at /tmp/metal-ast-ios-sim-air64/src/cx/cxx_009_lambda_capture_by_ref.metal:5:12) &&) threadgroup,1
void (threadgroup_imageblock (lambda at /tmp/metal-ast-ios-sim-air64/src/cx/cxx_009_lambda_capture_by_ref.metal:5:12) &&) threadgroup,1
void (ray_data (lambda at /tmp/metal-ast-ios-sim-air64/src/cx/cxx_009_lambda_capture_by_ref.metal:5:12) &&) threadgroup,1
void (object_data (lambda at /tmp/metal-ast-ios-sim-air64/src/cx/cxx_009_lambda_capture_by_ref.metal:5:12) &&) threadgroup,1
void ((lambda at /tmp/metal-ast-ios-sim-air64/src/cx/cxx_009_lambda_capture_by_ref.metal:5:12) &&) threadgroup,1
void ((lambda at /tmp/metal-ast-ios-sim-air64/src/cx/cxx_009_lambda_capture_by_ref.metal:5:12) &&) const constant,1
void (device (lambda at /tmp/metal-ast-ios-sim-air64/src/cx/cxx_009_lambda_capture_by_ref.metal:5:12) &&) ray_data,1
void (device coherent(device) (lambda at /tmp/metal-ast-ios-sim-air64/src/cx/cxx_009_lambda_capture_by_ref.metal:5:12) &&) ray_data,1
void (threadgroup (lambda at /tmp/metal-ast-ios-sim-air64/src/cx/cxx_009_lambda_capture_by_ref.metal:5:12) &&) ray_data,1
void (threadgroup_imageblock (lambda at /tmp/metal-ast-ios-sim-air64/src/cx/cxx_009_lambda_capture_by_ref.metal:5:12) &&) ray_data,1
void (ray_data (lambda at /tmp/metal-ast-ios-sim-air64/src/cx/cxx_009_lambda_capture_by_ref.metal:5:12) &&) ray_data,1
void (object_data (lambda at /tmp/metal-ast-ios-sim-air64/src/cx/cxx_009_lambda_capture_by_ref.metal:5:12) &&) ray_data,1
void ((lambda at /tmp/metal-ast-ios-sim-air64/src/cx/cxx_009_lambda_capture_by_ref.metal:5:12) &&) ray_data,1
void (device (lambda at /tmp/metal-ast-ios-sim-air64/src/cx/cxx_009_lambda_capture_by_ref.metal:5:12) &&),1
void (device coherent(device) (lambda at /tmp/metal-ast-ios-sim-air64/src/cx/cxx_009_lambda_capture_by_ref.metal:5:12) &&),1
void (threadgroup (lambda at /tmp/metal-ast-ios-sim-air64/src/cx/cxx_009_lambda_capture_by_ref.metal:5:12) &&),1
void (threadgroup_imageblock (lambda at /tmp/metal-ast-ios-sim-air64/src/cx/cxx_009_lambda_capture_by_ref.metal:5:12) &&),1
void (ray_data (lambda at /tmp/metal-ast-ios-sim-air64/src/cx/cxx_009_lambda_capture_by_ref.metal:5:12) &&),1
void (object_data (lambda at /tmp/metal-ast-ios-sim-air64/src/cx/cxx_009_lambda_capture_by_ref.metal:5:12) &&),1
void (const (lambda at /tmp/metal-ast-macos-air32/src/cx/cxx_009_lambda_capture_by_ref.metal:5:12) &),1
void (const device (lambda at /tmp/metal-ast-macos-air32/src/cx/cxx_009_lambda_capture_by_ref.metal:5:12) &) threadgroup,1
void (const device coherent(device) (lambda at /tmp/metal-ast-macos-air32/src/cx/cxx_009_lambda_capture_by_ref.metal:5:12) &) threadgroup,1
void (const threadgroup (lambda at /tmp/metal-ast-macos-air32/src/cx/cxx_009_lambda_capture_by_ref.metal:5:12) &) threadgroup,1
void (const constant (lambda at /tmp/metal-ast-macos-air32/src/cx/cxx_009_lambda_capture_by_ref.metal:5:12) &) threadgroup,1
void (const threadgroup_imageblock (lambda at /tmp/metal-ast-macos-air32/src/cx/cxx_009_lambda_capture_by_ref.metal:5:12) &) threadgroup,1
void (const ray_data (lambda at /tmp/metal-ast-macos-air32/src/cx/cxx_009_lambda_capture_by_ref.metal:5:12) &) threadgroup,1
void (const object_data (lambda at /tmp/metal-ast-macos-air32/src/cx/cxx_009_lambda_capture_by_ref.metal:5:12) &) threadgroup,1
void (const (lambda at /tmp/metal-ast-macos-air32/src/cx/cxx_009_lambda_capture_by_ref.metal:5:12) &) threadgroup,1
void (const constant (lambda at /tmp/metal-ast-macos-air32/src/cx/cxx_009_lambda_capture_by_ref.metal:5:12) &) const constant,1
void (const (lambda at /tmp/metal-ast-macos-air32/src/cx/cxx_009_lambda_capture_by_ref.metal:5:12) &) const constant,1
void (const device (lambda at /tmp/metal-ast-macos-air32/src/cx/cxx_009_lambda_capture_by_ref.metal:5:12) &) ray_data,1
void (const device coherent(device) (lambda at /tmp/metal-ast-macos-air32/src/cx/cxx_009_lambda_capture_by_ref.metal:5:12) &) ray_data,1
void (const threadgroup (lambda at /tmp/metal-ast-macos-air32/src/cx/cxx_009_lambda_capture_by_ref.metal:5:12) &) ray_data,1
void (const constant (lambda at /tmp/metal-ast-macos-air32/src/cx/cxx_009_lambda_capture_by_ref.metal:5:12) &) ray_data,1
void (const threadgroup_imageblock (lambda at /tmp/metal-ast-macos-air32/src/cx/cxx_009_lambda_capture_by_ref.metal:5:12) &) ray_data,1
void (const ray_data (lambda at /tmp/metal-ast-macos-air32/src/cx/cxx_009_lambda_capture_by_ref.metal:5:12) &) ray_data,1
void (const object_data (lambda at /tmp/metal-ast-macos-air32/src/cx/cxx_009_lambda_capture_by_ref.metal:5:12) &) ray_data,1
void (const (lambda at /tmp/metal-ast-macos-air32/src/cx/cxx_009_lambda_capture_by_ref.metal:5:12) &) ray_data,1
void (const device (lambda at /tmp/metal-ast-macos-air32/src/cx/cxx_009_lambda_capture_by_ref.metal:5:12) &),1
void (const device coherent(device) (lambda at /tmp/metal-ast-macos-air32/src/cx/cxx_009_lambda_capture_by_ref.metal:5:12) &),1
void (const threadgroup (lambda at /tmp/metal-ast-macos-air32/src/cx/cxx_009_lambda_capture_by_ref.metal:5:12) &),1
void (const constant (lambda at /tmp/metal-ast-macos-air32/src/cx/cxx_009_lambda_capture_by_ref.metal:5:12) &),1
void (const threadgroup_imageblock (lambda at /tmp/metal-ast-macos-air32/src/cx/cxx_009_lambda_capture_by_ref.metal:5:12) &),1
void (const ray_data (lambda at /tmp/metal-ast-macos-air32/src/cx/cxx_009_lambda_capture_by_ref.metal:5:12) &),1
void (const object_data (lambda at /tmp/metal-ast-macos-air32/src/cx/cxx_009_lambda_capture_by_ref.metal:5:12) &),1
void (device (lambda at /tmp/metal-ast-macos-air32/src/cx/cxx_009_lambda_capture_by_ref.metal:5:12) &&) threadgroup,1
void (device coherent(device) (lambda at /tmp/metal-ast-macos-air32/src/cx/cxx_009_lambda_capture_by_ref.metal:5:12) &&) threadgroup,1
void (threadgroup (lambda at /tmp/metal-ast-macos-air32/src/cx/cxx_009_lambda_capture_by_ref.metal:5:12) &&) threadgroup,1
void (threadgroup_imageblock (lambda at /tmp/metal-ast-macos-air32/src/cx/cxx_009_lambda_capture_by_ref.metal:5:12) &&) threadgroup,1
void (ray_data (lambda at /tmp/metal-ast-macos-air32/src/cx/cxx_009_lambda_capture_by_ref.metal:5:12) &&) threadgroup,1
void (object_data (lambda at /tmp/metal-ast-macos-air32/src/cx/cxx_009_lambda_capture_by_ref.metal:5:12) &&) threadgroup,1
void ((lambda at /tmp/metal-ast-macos-air32/src/cx/cxx_009_lambda_capture_by_ref.metal:5:12) &&) threadgroup,1
void ((lambda at /tmp/metal-ast-macos-air32/src/cx/cxx_009_lambda_capture_by_ref.metal:5:12) &&) const constant,1
void (device (lambda at /tmp/metal-ast-macos-air32/src/cx/cxx_009_lambda_capture_by_ref.metal:5:12) &&) ray_data,1
void (device coherent(device) (lambda at /tmp/metal-ast-macos-air32/src/cx/cxx_009_lambda_capture_by_ref.metal:5:12) &&) ray_data,1
void (threadgroup (lambda at /tmp/metal-ast-macos-air32/src/cx/cxx_009_lambda_capture_by_ref.metal:5:12) &&) ray_data,1
void (threadgroup_imageblock (lambda at /tmp/metal-ast-macos-air32/src/cx/cxx_009_lambda_capture_by_ref.metal:5:12) &&) ray_data,1
void (ray_data (lambda at /tmp/metal-ast-macos-air32/src/cx/cxx_009_lambda_capture_by_ref.metal:5:12) &&) ray_data,1
void (object_data (lambda at /tmp/metal-ast-macos-air32/src/cx/cxx_009_lambda_capture_by_ref.metal:5:12) &&) ray_data,1
void ((lambda at /tmp/metal-ast-macos-air32/src/cx/cxx_009_lambda_capture_by_ref.metal:5:12) &&) ray_data,1
void (device (lambda at /tmp/metal-ast-macos-air32/src/cx/cxx_009_lambda_capture_by_ref.metal:5:12) &&),1
void (device coherent(device) (lambda at /tmp/metal-ast-macos-air32/src/cx/cxx_009_lambda_capture_by_ref.metal:5:12) &&),1
void (threadgroup (lambda at /tmp/metal-ast-macos-air32/src/cx/cxx_009_lambda_capture_by_ref.metal:5:12) &&),1
void (threadgroup_imageblock (lambda at /tmp/metal-ast-macos-air32/src/cx/cxx_009_lambda_capture_by_ref.metal:5:12) &&),1
void (ray_data (lambda at /tmp/metal-ast-macos-air32/src/cx/cxx_009_lambda_capture_by_ref.metal:5:12) &&),1
void (object_data (lambda at /tmp/metal-ast-macos-air32/src/cx/cxx_009_lambda_capture_by_ref.metal:5:12) &&),1
void (const (lambda at /tmp/metal-ast-macos-air64/src/cx/cxx_010_lambda_generic.metal:4:12) &),1
void (const device (lambda at /tmp/metal-ast-macos-air64/src/cx/cxx_010_lambda_generic.metal:4:12) &) threadgroup,1
void (const device coherent(device) (lambda at /tmp/metal-ast-macos-air64/src/cx/cxx_010_lambda_generic.metal:4:12) &) threadgroup,1
void (const threadgroup (lambda at /tmp/metal-ast-macos-air64/src/cx/cxx_010_lambda_generic.metal:4:12) &) threadgroup,1
void (const constant (lambda at /tmp/metal-ast-macos-air64/src/cx/cxx_010_lambda_generic.metal:4:12) &) threadgroup,1
void (const threadgroup_imageblock (lambda at /tmp/metal-ast-macos-air64/src/cx/cxx_010_lambda_generic.metal:4:12) &) threadgroup,1
void (const ray_data (lambda at /tmp/metal-ast-macos-air64/src/cx/cxx_010_lambda_generic.metal:4:12) &) threadgroup,1
void (const object_data (lambda at /tmp/metal-ast-macos-air64/src/cx/cxx_010_lambda_generic.metal:4:12) &) threadgroup,1
void (const (lambda at /tmp/metal-ast-macos-air64/src/cx/cxx_010_lambda_generic.metal:4:12) &) threadgroup,1
void (const constant (lambda at /tmp/metal-ast-macos-air64/src/cx/cxx_010_lambda_generic.metal:4:12) &) const constant,1
void (const (lambda at /tmp/metal-ast-macos-air64/src/cx/cxx_010_lambda_generic.metal:4:12) &) const constant,1
void (const device (lambda at /tmp/metal-ast-macos-air64/src/cx/cxx_010_lambda_generic.metal:4:12) &) ray_data,1
void (const device coherent(device) (lambda at /tmp/metal-ast-macos-air64/src/cx/cxx_010_lambda_generic.metal:4:12) &) ray_data,1
void (const threadgroup (lambda at /tmp/metal-ast-macos-air64/src/cx/cxx_010_lambda_generic.metal:4:12) &) ray_data,1
void (const constant (lambda at /tmp/metal-ast-macos-air64/src/cx/cxx_010_lambda_generic.metal:4:12) &) ray_data,1
void (const threadgroup_imageblock (lambda at /tmp/metal-ast-macos-air64/src/cx/cxx_010_lambda_generic.metal:4:12) &) ray_data,1
void (const ray_data (lambda at /tmp/metal-ast-macos-air64/src/cx/cxx_010_lambda_generic.metal:4:12) &) ray_data,1
void (const object_data (lambda at /tmp/metal-ast-macos-air64/src/cx/cxx_010_lambda_generic.metal:4:12) &) ray_data,1
void (const (lambda at /tmp/metal-ast-macos-air64/src/cx/cxx_010_lambda_generic.metal:4:12) &) ray_data,1
void (const device (lambda at /tmp/metal-ast-macos-air64/src/cx/cxx_010_lambda_generic.metal:4:12) &),1
void (const device coherent(device) (lambda at /tmp/metal-ast-macos-air64/src/cx/cxx_010_lambda_generic.metal:4:12) &),1
void (const threadgroup (lambda at /tmp/metal-ast-macos-air64/src/cx/cxx_010_lambda_generic.metal:4:12) &),1
void (const constant (lambda at /tmp/metal-ast-macos-air64/src/cx/cxx_010_lambda_generic.metal:4:12) &),1
void (const threadgroup_imageblock (lambda at /tmp/metal-ast-macos-air64/src/cx/cxx_010_lambda_generic.metal:4:12) &),1
void (const ray_data (lambda at /tmp/metal-ast-macos-air64/src/cx/cxx_010_lambda_generic.metal:4:12) &),1
void (const object_data (lambda at /tmp/metal-ast-macos-air64/src/cx/cxx_010_lambda_generic.metal:4:12) &),1
void (device (lambda at /tmp/metal-ast-macos-air64/src/cx/cxx_010_lambda_generic.metal:4:12) &&) threadgroup,1
void (device coherent(device) (lambda at /tmp/metal-ast-macos-air64/src/cx/cxx_010_lambda_generic.metal:4:12) &&) threadgroup,1
void (threadgroup (lambda at /tmp/metal-ast-macos-air64/src/cx/cxx_010_lambda_generic.metal:4:12) &&) threadgroup,1
void (threadgroup_imageblock (lambda at /tmp/metal-ast-macos-air64/src/cx/cxx_010_lambda_generic.metal:4:12) &&) threadgroup,1
void (ray_data (lambda at /tmp/metal-ast-macos-air64/src/cx/cxx_010_lambda_generic.metal:4:12) &&) threadgroup,1
void (object_data (lambda at /tmp/metal-ast-macos-air64/src/cx/cxx_010_lambda_generic.metal:4:12) &&) threadgroup,1
void ((lambda at /tmp/metal-ast-macos-air64/src/cx/cxx_010_lambda_generic.metal:4:12) &&) threadgroup,1
void ((lambda at /tmp/metal-ast-macos-air64/src/cx/cxx_010_lambda_generic.metal:4:12) &&) const constant,1
void (device (lambda at /tmp/metal-ast-macos-air64/src/cx/cxx_010_lambda_generic.metal:4:12) &&) ray_data,1
void (device coherent(device) (lambda at /tmp/metal-ast-macos-air64/src/cx/cxx_010_lambda_generic.metal:4:12) &&) ray_data,1
void (threadgroup (lambda at /tmp/metal-ast-macos-air64/src/cx/cxx_010_lambda_generic.metal:4:12) &&) ray_data,1
void (threadgroup_imageblock (lambda at /tmp/metal-ast-macos-air64/src/cx/cxx_010_lambda_generic.metal:4:12) &&) ray_data,1
void (ray_data (lambda at /tmp/metal-ast-macos-air64/src/cx/cxx_010_lambda_generic.metal:4:12) &&) ray_data,1
void (object_data (lambda at /tmp/metal-ast-macos-air64/src/cx/cxx_010_lambda_generic.metal:4:12) &&) ray_data,1
void ((lambda at /tmp/metal-ast-macos-air64/src/cx/cxx_010_lambda_generic.metal:4:12) &&) ray_data,1
void (device (lambda at /tmp/metal-ast-macos-air64/src/cx/cxx_010_lambda_generic.metal:4:12) &&),1
void (device coherent(device) (lambda at /tmp/metal-ast-macos-air64/src/cx/cxx_010_lambda_generic.metal:4:12) &&),1
void (threadgroup (lambda at /tmp/metal-ast-macos-air64/src/cx/cxx_010_lambda_generic.metal:4:12) &&),1
void (threadgroup_imageblock (lambda at /tmp/metal-ast-macos-air64/src/cx/cxx_010_lambda_generic.metal:4:12) &&),1
void (ray_data (lambda at /tmp/metal-ast-macos-air64/src/cx/cxx_010_lambda_generic.metal:4:12) &&),1
void (object_data (lambda at /tmp/metal-ast-macos-air64/src/cx/cxx_010_lambda_generic.metal:4:12) &&),1
void (const (lambda at /tmp/metal-ast-tvos-air32/src/cx/cxx_009_lambda_capture_by_ref.metal:5:12) &),1
void (const device (lambda at /tmp/metal-ast-tvos-air32/src/cx/cxx_009_lambda_capture_by_ref.metal:5:12) &) threadgroup,1
void (const device coherent(device) (lambda at /tmp/metal-ast-tvos-air32/src/cx/cxx_009_lambda_capture_by_ref.metal:5:12) &) threadgroup,1
void (const threadgroup (lambda at /tmp/metal-ast-tvos-air32/src/cx/cxx_009_lambda_capture_by_ref.metal:5:12) &) threadgroup,1
void (const constant (lambda at /tmp/metal-ast-tvos-air32/src/cx/cxx_009_lambda_capture_by_ref.metal:5:12) &) threadgroup,1
void (const threadgroup_imageblock (lambda at /tmp/metal-ast-tvos-air32/src/cx/cxx_009_lambda_capture_by_ref.metal:5:12) &) threadgroup,1
void (const ray_data (lambda at /tmp/metal-ast-tvos-air32/src/cx/cxx_009_lambda_capture_by_ref.metal:5:12) &) threadgroup,1
void (const object_data (lambda at /tmp/metal-ast-tvos-air32/src/cx/cxx_009_lambda_capture_by_ref.metal:5:12) &) threadgroup,1
void (const (lambda at /tmp/metal-ast-tvos-air32/src/cx/cxx_009_lambda_capture_by_ref.metal:5:12) &) threadgroup,1
void (const constant (lambda at /tmp/metal-ast-tvos-air32/src/cx/cxx_009_lambda_capture_by_ref.metal:5:12) &) const constant,1
void (const (lambda at /tmp/metal-ast-tvos-air32/src/cx/cxx_009_lambda_capture_by_ref.metal:5:12) &) const constant,1
void (const device (lambda at /tmp/metal-ast-tvos-air32/src/cx/cxx_009_lambda_capture_by_ref.metal:5:12) &) ray_data,1
void (const device coherent(device) (lambda at /tmp/metal-ast-tvos-air32/src/cx/cxx_009_lambda_capture_by_ref.metal:5:12) &) ray_data,1
void (const threadgroup (lambda at /tmp/metal-ast-tvos-air32/src/cx/cxx_009_lambda_capture_by_ref.metal:5:12) &) ray_data,1
void (const constant (lambda at /tmp/metal-ast-tvos-air32/src/cx/cxx_009_lambda_capture_by_ref.metal:5:12) &) ray_data,1
void (const threadgroup_imageblock (lambda at /tmp/metal-ast-tvos-air32/src/cx/cxx_009_lambda_capture_by_ref.metal:5:12) &) ray_data,1
void (const ray_data (lambda at /tmp/metal-ast-tvos-air32/src/cx/cxx_009_lambda_capture_by_ref.metal:5:12) &) ray_data,1
void (const object_data (lambda at /tmp/metal-ast-tvos-air32/src/cx/cxx_009_lambda_capture_by_ref.metal:5:12) &) ray_data,1
void (const (lambda at /tmp/metal-ast-tvos-air32/src/cx/cxx_009_lambda_capture_by_ref.metal:5:12) &) ray_data,1
void (const device (lambda at /tmp/metal-ast-tvos-air32/src/cx/cxx_009_lambda_capture_by_ref.metal:5:12) &),1
void (const device coherent(device) (lambda at /tmp/metal-ast-tvos-air32/src/cx/cxx_009_lambda_capture_by_ref.metal:5:12) &),1
void (const threadgroup (lambda at /tmp/metal-ast-tvos-air32/src/cx/cxx_009_lambda_capture_by_ref.metal:5:12) &),1
void (const constant (lambda at /tmp/metal-ast-tvos-air32/src/cx/cxx_009_lambda_capture_by_ref.metal:5:12) &),1
void (const threadgroup_imageblock (lambda at /tmp/metal-ast-tvos-air32/src/cx/cxx_009_lambda_capture_by_ref.metal:5:12) &),1
void (const ray_data (lambda at /tmp/metal-ast-tvos-air32/src/cx/cxx_009_lambda_capture_by_ref.metal:5:12) &),1
void (const object_data (lambda at /tmp/metal-ast-tvos-air32/src/cx/cxx_009_lambda_capture_by_ref.metal:5:12) &),1
void (device (lambda at /tmp/metal-ast-tvos-air32/src/cx/cxx_009_lambda_capture_by_ref.metal:5:12) &&) threadgroup,1
void (device coherent(device) (lambda at /tmp/metal-ast-tvos-air32/src/cx/cxx_009_lambda_capture_by_ref.metal:5:12) &&) threadgroup,1
void (threadgroup (lambda at /tmp/metal-ast-tvos-air32/src/cx/cxx_009_lambda_capture_by_ref.metal:5:12) &&) threadgroup,1
void (threadgroup_imageblock (lambda at /tmp/metal-ast-tvos-air32/src/cx/cxx_009_lambda_capture_by_ref.metal:5:12) &&) threadgroup,1
void (ray_data (lambda at /tmp/metal-ast-tvos-air32/src/cx/cxx_009_lambda_capture_by_ref.metal:5:12) &&) threadgroup,1
void (object_data (lambda at /tmp/metal-ast-tvos-air32/src/cx/cxx_009_lambda_capture_by_ref.metal:5:12) &&) threadgroup,1
void ((lambda at /tmp/metal-ast-tvos-air32/src/cx/cxx_009_lambda_capture_by_ref.metal:5:12) &&) threadgroup,1
void ((lambda at /tmp/metal-ast-tvos-air32/src/cx/cxx_009_lambda_capture_by_ref.metal:5:12) &&) const constant,1
void (device (lambda at /tmp/metal-ast-tvos-air32/src/cx/cxx_009_lambda_capture_by_ref.metal:5:12) &&) ray_data,1
void (device coherent(device) (lambda at /tmp/metal-ast-tvos-air32/src/cx/cxx_009_lambda_capture_by_ref.metal:5:12) &&) ray_data,1
void (threadgroup (lambda at /tmp/metal-ast-tvos-air32/src/cx/cxx_009_lambda_capture_by_ref.metal:5:12) &&) ray_data,1
void (threadgroup_imageblock (lambda at /tmp/metal-ast-tvos-air32/src/cx/cxx_009_lambda_capture_by_ref.metal:5:12) &&) ray_data,1
void (ray_data (lambda at /tmp/metal-ast-tvos-air32/src/cx/cxx_009_lambda_capture_by_ref.metal:5:12) &&) ray_data,1
void (object_data (lambda at /tmp/metal-ast-tvos-air32/src/cx/cxx_009_lambda_capture_by_ref.metal:5:12) &&) ray_data,1
void ((lambda at /tmp/metal-ast-tvos-air32/src/cx/cxx_009_lambda_capture_by_ref.metal:5:12) &&) ray_data,1
void (device (lambda at /tmp/metal-ast-tvos-air32/src/cx/cxx_009_lambda_capture_by_ref.metal:5:12) &&),1
void (device coherent(device) (lambda at /tmp/metal-ast-tvos-air32/src/cx/cxx_009_lambda_capture_by_ref.metal:5:12) &&),1
void (threadgroup (lambda at /tmp/metal-ast-tvos-air32/src/cx/cxx_009_lambda_capture_by_ref.metal:5:12) &&),1
void (threadgroup_imageblock (lambda at /tmp/metal-ast-tvos-air32/src/cx/cxx_009_lambda_capture_by_ref.metal:5:12) &&),1
void (ray_data (lambda at /tmp/metal-ast-tvos-air32/src/cx/cxx_009_lambda_capture_by_ref.metal:5:12) &&),1
void (object_data (lambda at /tmp/metal-ast-tvos-air32/src/cx/cxx_009_lambda_capture_by_ref.metal:5:12) &&),1
void (const (lambda at /tmp/metal-ast-tvos-air64/src/cx/cxx_010_lambda_generic.metal:4:12) &),1
void (const device (lambda at /tmp/metal-ast-tvos-air64/src/cx/cxx_010_lambda_generic.metal:4:12) &) threadgroup,1
void (const device coherent(device) (lambda at /tmp/metal-ast-tvos-air64/src/cx/cxx_010_lambda_generic.metal:4:12) &) threadgroup,1
void (const threadgroup (lambda at /tmp/metal-ast-tvos-air64/src/cx/cxx_010_lambda_generic.metal:4:12) &) threadgroup,1
void (const constant (lambda at /tmp/metal-ast-tvos-air64/src/cx/cxx_010_lambda_generic.metal:4:12) &) threadgroup,1
void (const threadgroup_imageblock (lambda at /tmp/metal-ast-tvos-air64/src/cx/cxx_010_lambda_generic.metal:4:12) &) threadgroup,1
void (const ray_data (lambda at /tmp/metal-ast-tvos-air64/src/cx/cxx_010_lambda_generic.metal:4:12) &) threadgroup,1
void (const object_data (lambda at /tmp/metal-ast-tvos-air64/src/cx/cxx_010_lambda_generic.metal:4:12) &) threadgroup,1
void (const (lambda at /tmp/metal-ast-tvos-air64/src/cx/cxx_010_lambda_generic.metal:4:12) &) threadgroup,1
void (const constant (lambda at /tmp/metal-ast-tvos-air64/src/cx/cxx_010_lambda_generic.metal:4:12) &) const constant,1
void (const (lambda at /tmp/metal-ast-tvos-air64/src/cx/cxx_010_lambda_generic.metal:4:12) &) const constant,1
void (const device (lambda at /tmp/metal-ast-tvos-air64/src/cx/cxx_010_lambda_generic.metal:4:12) &) ray_data,1
void (const device coherent(device) (lambda at /tmp/metal-ast-tvos-air64/src/cx/cxx_010_lambda_generic.metal:4:12) &) ray_data,1
void (const threadgroup (lambda at /tmp/metal-ast-tvos-air64/src/cx/cxx_010_lambda_generic.metal:4:12) &) ray_data,1
void (const constant (lambda at /tmp/metal-ast-tvos-air64/src/cx/cxx_010_lambda_generic.metal:4:12) &) ray_data,1
void (const threadgroup_imageblock (lambda at /tmp/metal-ast-tvos-air64/src/cx/cxx_010_lambda_generic.metal:4:12) &) ray_data,1
void (const ray_data (lambda at /tmp/metal-ast-tvos-air64/src/cx/cxx_010_lambda_generic.metal:4:12) &) ray_data,1
void (const object_data (lambda at /tmp/metal-ast-tvos-air64/src/cx/cxx_010_lambda_generic.metal:4:12) &) ray_data,1
void (const (lambda at /tmp/metal-ast-tvos-air64/src/cx/cxx_010_lambda_generic.metal:4:12) &) ray_data,1
void (const device (lambda at /tmp/metal-ast-tvos-air64/src/cx/cxx_010_lambda_generic.metal:4:12) &),1
void (const device coherent(device) (lambda at /tmp/metal-ast-tvos-air64/src/cx/cxx_010_lambda_generic.metal:4:12) &),1
void (const threadgroup (lambda at /tmp/metal-ast-tvos-air64/src/cx/cxx_010_lambda_generic.metal:4:12) &),1
void (const constant (lambda at /tmp/metal-ast-tvos-air64/src/cx/cxx_010_lambda_generic.metal:4:12) &),1
void (const threadgroup_imageblock (lambda at /tmp/metal-ast-tvos-air64/src/cx/cxx_010_lambda_generic.metal:4:12) &),1
void (const ray_data (lambda at /tmp/metal-ast-tvos-air64/src/cx/cxx_010_lambda_generic.metal:4:12) &),1
void (const object_data (lambda at /tmp/metal-ast-tvos-air64/src/cx/cxx_010_lambda_generic.metal:4:12) &),1
void (device (lambda at /tmp/metal-ast-tvos-air64/src/cx/cxx_010_lambda_generic.metal:4:12) &&) threadgroup,1
void (device coherent(device) (lambda at /tmp/metal-ast-tvos-air64/src/cx/cxx_010_lambda_generic.metal:4:12) &&) threadgroup,1
void (threadgroup (lambda at /tmp/metal-ast-tvos-air64/src/cx/cxx_010_lambda_generic.metal:4:12) &&) threadgroup,1
void (threadgroup_imageblock (lambda at /tmp/metal-ast-tvos-air64/src/cx/cxx_010_lambda_generic.metal:4:12) &&) threadgroup,1
void (ray_data (lambda at /tmp/metal-ast-tvos-air64/src/cx/cxx_010_lambda_generic.metal:4:12) &&) threadgroup,1
void (object_data (lambda at /tmp/metal-ast-tvos-air64/src/cx/cxx_010_lambda_generic.metal:4:12) &&) threadgroup,1
void ((lambda at /tmp/metal-ast-tvos-air64/src/cx/cxx_010_lambda_generic.metal:4:12) &&) threadgroup,1
void ((lambda at /tmp/metal-ast-tvos-air64/src/cx/cxx_010_lambda_generic.metal:4:12) &&) const constant,1
void (device (lambda at /tmp/metal-ast-tvos-air64/src/cx/cxx_010_lambda_generic.metal:4:12) &&) ray_data,1
void (device coherent(device) (lambda at /tmp/metal-ast-tvos-air64/src/cx/cxx_010_lambda_generic.metal:4:12) &&) ray_data,1
void (threadgroup (lambda at /tmp/metal-ast-tvos-air64/src/cx/cxx_010_lambda_generic.metal:4:12) &&) ray_data,1
void (threadgroup_imageblock (lambda at /tmp/metal-ast-tvos-air64/src/cx/cxx_010_lambda_generic.metal:4:12) &&) ray_data,1
void (ray_data (lambda at /tmp/metal-ast-tvos-air64/src/cx/cxx_010_lambda_generic.metal:4:12) &&) ray_data,1
void (object_data (lambda at /tmp/metal-ast-tvos-air64/src/cx/cxx_010_lambda_generic.metal:4:12) &&) ray_data,1
void ((lambda at /tmp/metal-ast-tvos-air64/src/cx/cxx_010_lambda_generic.metal:4:12) &&) ray_data,1
void (device (lambda at /tmp/metal-ast-tvos-air64/src/cx/cxx_010_lambda_generic.metal:4:12) &&),1
void (device coherent(device) (lambda at /tmp/metal-ast-tvos-air64/src/cx/cxx_010_lambda_generic.metal:4:12) &&),1
void (threadgroup (lambda at /tmp/metal-ast-tvos-air64/src/cx/cxx_010_lambda_generic.metal:4:12) &&),1
void (threadgroup_imageblock (lambda at /tmp/metal-ast-tvos-air64/src/cx/cxx_010_lambda_generic.metal:4:12) &&),1
void (ray_data (lambda at /tmp/metal-ast-tvos-air64/src/cx/cxx_010_lambda_generic.metal:4:12) &&),1
void (object_data (lambda at /tmp/metal-ast-tvos-air64/src/cx/cxx_010_lambda_generic.metal:4:12) &&),1
void (const (lambda at /tmp/metal-ast-tvos-sim-air32/src/cx/cxx_009_lambda_capture_by_ref.metal:5:12) &),1
void (const device (lambda at /tmp/metal-ast-tvos-sim-air32/src/cx/cxx_009_lambda_capture_by_ref.metal:5:12) &) threadgroup,1
void (const device coherent(device) (lambda at /tmp/metal-ast-tvos-sim-air32/src/cx/cxx_009_lambda_capture_by_ref.metal:5:12) &) threadgroup,1
void (const threadgroup (lambda at /tmp/metal-ast-tvos-sim-air32/src/cx/cxx_009_lambda_capture_by_ref.metal:5:12) &) threadgroup,1
void (const constant (lambda at /tmp/metal-ast-tvos-sim-air32/src/cx/cxx_009_lambda_capture_by_ref.metal:5:12) &) threadgroup,1
void (const threadgroup_imageblock (lambda at /tmp/metal-ast-tvos-sim-air32/src/cx/cxx_009_lambda_capture_by_ref.metal:5:12) &) threadgroup,1
void (const ray_data (lambda at /tmp/metal-ast-tvos-sim-air32/src/cx/cxx_009_lambda_capture_by_ref.metal:5:12) &) threadgroup,1
void (const object_data (lambda at /tmp/metal-ast-tvos-sim-air32/src/cx/cxx_009_lambda_capture_by_ref.metal:5:12) &) threadgroup,1
void (const (lambda at /tmp/metal-ast-tvos-sim-air32/src/cx/cxx_009_lambda_capture_by_ref.metal:5:12) &) threadgroup,1
void (const constant (lambda at /tmp/metal-ast-tvos-sim-air32/src/cx/cxx_009_lambda_capture_by_ref.metal:5:12) &) const constant,1
void (const (lambda at /tmp/metal-ast-tvos-sim-air32/src/cx/cxx_009_lambda_capture_by_ref.metal:5:12) &) const constant,1
void (const device (lambda at /tmp/metal-ast-tvos-sim-air32/src/cx/cxx_009_lambda_capture_by_ref.metal:5:12) &) ray_data,1
void (const device coherent(device) (lambda at /tmp/metal-ast-tvos-sim-air32/src/cx/cxx_009_lambda_capture_by_ref.metal:5:12) &) ray_data,1
void (const threadgroup (lambda at /tmp/metal-ast-tvos-sim-air32/src/cx/cxx_009_lambda_capture_by_ref.metal:5:12) &) ray_data,1
void (const constant (lambda at /tmp/metal-ast-tvos-sim-air32/src/cx/cxx_009_lambda_capture_by_ref.metal:5:12) &) ray_data,1
void (const threadgroup_imageblock (lambda at /tmp/metal-ast-tvos-sim-air32/src/cx/cxx_009_lambda_capture_by_ref.metal:5:12) &) ray_data,1
void (const ray_data (lambda at /tmp/metal-ast-tvos-sim-air32/src/cx/cxx_009_lambda_capture_by_ref.metal:5:12) &) ray_data,1
void (const object_data (lambda at /tmp/metal-ast-tvos-sim-air32/src/cx/cxx_009_lambda_capture_by_ref.metal:5:12) &) ray_data,1
void (const (lambda at /tmp/metal-ast-tvos-sim-air32/src/cx/cxx_009_lambda_capture_by_ref.metal:5:12) &) ray_data,1
void (const device (lambda at /tmp/metal-ast-tvos-sim-air32/src/cx/cxx_009_lambda_capture_by_ref.metal:5:12) &),1
void (const device coherent(device) (lambda at /tmp/metal-ast-tvos-sim-air32/src/cx/cxx_009_lambda_capture_by_ref.metal:5:12) &),1
void (const threadgroup (lambda at /tmp/metal-ast-tvos-sim-air32/src/cx/cxx_009_lambda_capture_by_ref.metal:5:12) &),1
void (const constant (lambda at /tmp/metal-ast-tvos-sim-air32/src/cx/cxx_009_lambda_capture_by_ref.metal:5:12) &),1
void (const threadgroup_imageblock (lambda at /tmp/metal-ast-tvos-sim-air32/src/cx/cxx_009_lambda_capture_by_ref.metal:5:12) &),1
void (const ray_data (lambda at /tmp/metal-ast-tvos-sim-air32/src/cx/cxx_009_lambda_capture_by_ref.metal:5:12) &),1
void (const object_data (lambda at /tmp/metal-ast-tvos-sim-air32/src/cx/cxx_009_lambda_capture_by_ref.metal:5:12) &),1
void (device (lambda at /tmp/metal-ast-tvos-sim-air32/src/cx/cxx_009_lambda_capture_by_ref.metal:5:12) &&) threadgroup,1
void (device coherent(device) (lambda at /tmp/metal-ast-tvos-sim-air32/src/cx/cxx_009_lambda_capture_by_ref.metal:5:12) &&) threadgroup,1
void (threadgroup (lambda at /tmp/metal-ast-tvos-sim-air32/src/cx/cxx_009_lambda_capture_by_ref.metal:5:12) &&) threadgroup,1
void (threadgroup_imageblock (lambda at /tmp/metal-ast-tvos-sim-air32/src/cx/cxx_009_lambda_capture_by_ref.metal:5:12) &&) threadgroup,1
void (ray_data (lambda at /tmp/metal-ast-tvos-sim-air32/src/cx/cxx_009_lambda_capture_by_ref.metal:5:12) &&) threadgroup,1
void (object_data (lambda at /tmp/metal-ast-tvos-sim-air32/src/cx/cxx_009_lambda_capture_by_ref.metal:5:12) &&) threadgroup,1
void ((lambda at /tmp/metal-ast-tvos-sim-air32/src/cx/cxx_009_lambda_capture_by_ref.metal:5:12) &&) threadgroup,1
void ((lambda at /tmp/metal-ast-tvos-sim-air32/src/cx/cxx_009_lambda_capture_by_ref.metal:5:12) &&) const constant,1
void (device (lambda at /tmp/metal-ast-tvos-sim-air32/src/cx/cxx_009_lambda_capture_by_ref.metal:5:12) &&) ray_data,1
void (device coherent(device) (lambda at /tmp/metal-ast-tvos-sim-air32/src/cx/cxx_009_lambda_capture_by_ref.metal:5:12) &&) ray_data,1
void (threadgroup (lambda at /tmp/metal-ast-tvos-sim-air32/src/cx/cxx_009_lambda_capture_by_ref.metal:5:12) &&) ray_data,1
void (threadgroup_imageblock (lambda at /tmp/metal-ast-tvos-sim-air32/src/cx/cxx_009_lambda_capture_by_ref.metal:5:12) &&) ray_data,1
void (ray_data (lambda at /tmp/metal-ast-tvos-sim-air32/src/cx/cxx_009_lambda_capture_by_ref.metal:5:12) &&) ray_data,1
void (object_data (lambda at /tmp/metal-ast-tvos-sim-air32/src/cx/cxx_009_lambda_capture_by_ref.metal:5:12) &&) ray_data,1
void ((lambda at /tmp/metal-ast-tvos-sim-air32/src/cx/cxx_009_lambda_capture_by_ref.metal:5:12) &&) ray_data,1
void (device (lambda at /tmp/metal-ast-tvos-sim-air32/src/cx/cxx_009_lambda_capture_by_ref.metal:5:12) &&),1
void (device coherent(device) (lambda at /tmp/metal-ast-tvos-sim-air32/src/cx/cxx_009_lambda_capture_by_ref.metal:5:12) &&),1
void (threadgroup (lambda at /tmp/metal-ast-tvos-sim-air32/src/cx/cxx_009_lambda_capture_by_ref.metal:5:12) &&),1
void (threadgroup_imageblock (lambda at /tmp/metal-ast-tvos-sim-air32/src/cx/cxx_009_lambda_capture_by_ref.metal:5:12) &&),1
void (ray_data (lambda at /tmp/metal-ast-tvos-sim-air32/src/cx/cxx_009_lambda_capture_by_ref.metal:5:12) &&),1
void (object_data (lambda at /tmp/metal-ast-tvos-sim-air32/src/cx/cxx_009_lambda_capture_by_ref.metal:5:12) &&),1
void (const (lambda at /tmp/metal-ast-tvos-sim-air64/src/cx/cxx_010_lambda_generic.metal:4:12) &),1
void (const device (lambda at /tmp/metal-ast-tvos-sim-air64/src/cx/cxx_010_lambda_generic.metal:4:12) &) threadgroup,1
void (const device coherent(device) (lambda at /tmp/metal-ast-tvos-sim-air64/src/cx/cxx_010_lambda_generic.metal:4:12) &) threadgroup,1
void (const threadgroup (lambda at /tmp/metal-ast-tvos-sim-air64/src/cx/cxx_010_lambda_generic.metal:4:12) &) threadgroup,1
void (const constant (lambda at /tmp/metal-ast-tvos-sim-air64/src/cx/cxx_010_lambda_generic.metal:4:12) &) threadgroup,1
void (const threadgroup_imageblock (lambda at /tmp/metal-ast-tvos-sim-air64/src/cx/cxx_010_lambda_generic.metal:4:12) &) threadgroup,1
void (const ray_data (lambda at /tmp/metal-ast-tvos-sim-air64/src/cx/cxx_010_lambda_generic.metal:4:12) &) threadgroup,1
void (const object_data (lambda at /tmp/metal-ast-tvos-sim-air64/src/cx/cxx_010_lambda_generic.metal:4:12) &) threadgroup,1
void (const (lambda at /tmp/metal-ast-tvos-sim-air64/src/cx/cxx_010_lambda_generic.metal:4:12) &) threadgroup,1
void (const constant (lambda at /tmp/metal-ast-tvos-sim-air64/src/cx/cxx_010_lambda_generic.metal:4:12) &) const constant,1
void (const (lambda at /tmp/metal-ast-tvos-sim-air64/src/cx/cxx_010_lambda_generic.metal:4:12) &) const constant,1
void (const device (lambda at /tmp/metal-ast-tvos-sim-air64/src/cx/cxx_010_lambda_generic.metal:4:12) &) ray_data,1
void (const device coherent(device) (lambda at /tmp/metal-ast-tvos-sim-air64/src/cx/cxx_010_lambda_generic.metal:4:12) &) ray_data,1
void (const threadgroup (lambda at /tmp/metal-ast-tvos-sim-air64/src/cx/cxx_010_lambda_generic.metal:4:12) &) ray_data,1
void (const constant (lambda at /tmp/metal-ast-tvos-sim-air64/src/cx/cxx_010_lambda_generic.metal:4:12) &) ray_data,1
void (const threadgroup_imageblock (lambda at /tmp/metal-ast-tvos-sim-air64/src/cx/cxx_010_lambda_generic.metal:4:12) &) ray_data,1
void (const ray_data (lambda at /tmp/metal-ast-tvos-sim-air64/src/cx/cxx_010_lambda_generic.metal:4:12) &) ray_data,1
void (const object_data (lambda at /tmp/metal-ast-tvos-sim-air64/src/cx/cxx_010_lambda_generic.metal:4:12) &) ray_data,1
void (const (lambda at /tmp/metal-ast-tvos-sim-air64/src/cx/cxx_010_lambda_generic.metal:4:12) &) ray_data,1
void (const device (lambda at /tmp/metal-ast-tvos-sim-air64/src/cx/cxx_010_lambda_generic.metal:4:12) &),1
void (const device coherent(device) (lambda at /tmp/metal-ast-tvos-sim-air64/src/cx/cxx_010_lambda_generic.metal:4:12) &),1
void (const threadgroup (lambda at /tmp/metal-ast-tvos-sim-air64/src/cx/cxx_010_lambda_generic.metal:4:12) &),1
void (const constant (lambda at /tmp/metal-ast-tvos-sim-air64/src/cx/cxx_010_lambda_generic.metal:4:12) &),1
void (const threadgroup_imageblock (lambda at /tmp/metal-ast-tvos-sim-air64/src/cx/cxx_010_lambda_generic.metal:4:12) &),1
void (const ray_data (lambda at /tmp/metal-ast-tvos-sim-air64/src/cx/cxx_010_lambda_generic.metal:4:12) &),1
void (const object_data (lambda at /tmp/metal-ast-tvos-sim-air64/src/cx/cxx_010_lambda_generic.metal:4:12) &),1
void (device (lambda at /tmp/metal-ast-tvos-sim-air64/src/cx/cxx_010_lambda_generic.metal:4:12) &&) threadgroup,1
void (device coherent(device) (lambda at /tmp/metal-ast-tvos-sim-air64/src/cx/cxx_010_lambda_generic.metal:4:12) &&) threadgroup,1
void (threadgroup (lambda at /tmp/metal-ast-tvos-sim-air64/src/cx/cxx_010_lambda_generic.metal:4:12) &&) threadgroup,1
void (threadgroup_imageblock (lambda at /tmp/metal-ast-tvos-sim-air64/src/cx/cxx_010_lambda_generic.metal:4:12) &&) threadgroup,1
void (ray_data (lambda at /tmp/metal-ast-tvos-sim-air64/src/cx/cxx_010_lambda_generic.metal:4:12) &&) threadgroup,1
void (object_data (lambda at /tmp/metal-ast-tvos-sim-air64/src/cx/cxx_010_lambda_generic.metal:4:12) &&) threadgroup,1
void ((lambda at /tmp/metal-ast-tvos-sim-air64/src/cx/cxx_010_lambda_generic.metal:4:12) &&) threadgroup,1
void ((lambda at /tmp/metal-ast-tvos-sim-air64/src/cx/cxx_010_lambda_generic.metal:4:12) &&) const constant,1
void (device (lambda at /tmp/metal-ast-tvos-sim-air64/src/cx/cxx_010_lambda_generic.metal:4:12) &&) ray_data,1
void (device coherent(device) (lambda at /tmp/metal-ast-tvos-sim-air64/src/cx/cxx_010_lambda_generic.metal:4:12) &&) ray_data,1
void (threadgroup (lambda at /tmp/metal-ast-tvos-sim-air64/src/cx/cxx_010_lambda_generic.metal:4:12) &&) ray_data,1
void (threadgroup_imageblock (lambda at /tmp/metal-ast-tvos-sim-air64/src/cx/cxx_010_lambda_generic.metal:4:12) &&) ray_data,1
void (ray_data (lambda at /tmp/metal-ast-tvos-sim-air64/src/cx/cxx_010_lambda_generic.metal:4:12) &&) ray_data,1
void (object_data (lambda at /tmp/metal-ast-tvos-sim-air64/src/cx/cxx_010_lambda_generic.metal:4:12) &&) ray_data,1
void ((lambda at /tmp/metal-ast-tvos-sim-air64/src/cx/cxx_010_lambda_generic.metal:4:12) &&) ray_data,1
void (device (lambda at /tmp/metal-ast-tvos-sim-air64/src/cx/cxx_010_lambda_generic.metal:4:12) &&),1
void (device coherent(device) (lambda at /tmp/metal-ast-tvos-sim-air64/src/cx/cxx_010_lambda_generic.metal:4:12) &&),1
void (threadgroup (lambda at /tmp/metal-ast-tvos-sim-air64/src/cx/cxx_010_lambda_generic.metal:4:12) &&),1
void (threadgroup_imageblock (lambda at /tmp/metal-ast-tvos-sim-air64/src/cx/cxx_010_lambda_generic.metal:4:12) &&),1
void (ray_data (lambda at /tmp/metal-ast-tvos-sim-air64/src/cx/cxx_010_lambda_generic.metal:4:12) &&),1
void (object_data (lambda at /tmp/metal-ast-tvos-sim-air64/src/cx/cxx_010_lambda_generic.metal:4:12) &&),1
void (const (lambda at /tmp/metal-ast-watchos-air32/src/cx/cxx_010_lambda_generic.metal:4:12) &),1
void (const device (lambda at /tmp/metal-ast-watchos-air32/src/cx/cxx_010_lambda_generic.metal:4:12) &) threadgroup,1
void (const device coherent(device) (lambda at /tmp/metal-ast-watchos-air32/src/cx/cxx_010_lambda_generic.metal:4:12) &) threadgroup,1
void (const threadgroup (lambda at /tmp/metal-ast-watchos-air32/src/cx/cxx_010_lambda_generic.metal:4:12) &) threadgroup,1
void (const constant (lambda at /tmp/metal-ast-watchos-air32/src/cx/cxx_010_lambda_generic.metal:4:12) &) threadgroup,1
void (const threadgroup_imageblock (lambda at /tmp/metal-ast-watchos-air32/src/cx/cxx_010_lambda_generic.metal:4:12) &) threadgroup,1
void (const ray_data (lambda at /tmp/metal-ast-watchos-air32/src/cx/cxx_010_lambda_generic.metal:4:12) &) threadgroup,1
void (const object_data (lambda at /tmp/metal-ast-watchos-air32/src/cx/cxx_010_lambda_generic.metal:4:12) &) threadgroup,1
void (const (lambda at /tmp/metal-ast-watchos-air32/src/cx/cxx_010_lambda_generic.metal:4:12) &) threadgroup,1
void (const constant (lambda at /tmp/metal-ast-watchos-air32/src/cx/cxx_010_lambda_generic.metal:4:12) &) const constant,1
void (const (lambda at /tmp/metal-ast-watchos-air32/src/cx/cxx_010_lambda_generic.metal:4:12) &) const constant,1
void (const device (lambda at /tmp/metal-ast-watchos-air32/src/cx/cxx_010_lambda_generic.metal:4:12) &) ray_data,1
void (const device coherent(device) (lambda at /tmp/metal-ast-watchos-air32/src/cx/cxx_010_lambda_generic.metal:4:12) &) ray_data,1
void (const threadgroup (lambda at /tmp/metal-ast-watchos-air32/src/cx/cxx_010_lambda_generic.metal:4:12) &) ray_data,1
void (const constant (lambda at /tmp/metal-ast-watchos-air32/src/cx/cxx_010_lambda_generic.metal:4:12) &) ray_data,1
void (const threadgroup_imageblock (lambda at /tmp/metal-ast-watchos-air32/src/cx/cxx_010_lambda_generic.metal:4:12) &) ray_data,1
void (const ray_data (lambda at /tmp/metal-ast-watchos-air32/src/cx/cxx_010_lambda_generic.metal:4:12) &) ray_data,1
void (const object_data (lambda at /tmp/metal-ast-watchos-air32/src/cx/cxx_010_lambda_generic.metal:4:12) &) ray_data,1
void (const (lambda at /tmp/metal-ast-watchos-air32/src/cx/cxx_010_lambda_generic.metal:4:12) &) ray_data,1
void (const device (lambda at /tmp/metal-ast-watchos-air32/src/cx/cxx_010_lambda_generic.metal:4:12) &),1
void (const device coherent(device) (lambda at /tmp/metal-ast-watchos-air32/src/cx/cxx_010_lambda_generic.metal:4:12) &),1
void (const threadgroup (lambda at /tmp/metal-ast-watchos-air32/src/cx/cxx_010_lambda_generic.metal:4:12) &),1
void (const constant (lambda at /tmp/metal-ast-watchos-air32/src/cx/cxx_010_lambda_generic.metal:4:12) &),1
void (const threadgroup_imageblock (lambda at /tmp/metal-ast-watchos-air32/src/cx/cxx_010_lambda_generic.metal:4:12) &),1
void (const ray_data (lambda at /tmp/metal-ast-watchos-air32/src/cx/cxx_010_lambda_generic.metal:4:12) &),1
void (const object_data (lambda at /tmp/metal-ast-watchos-air32/src/cx/cxx_010_lambda_generic.metal:4:12) &),1
void (device (lambda at /tmp/metal-ast-watchos-air32/src/cx/cxx_010_lambda_generic.metal:4:12) &&) threadgroup,1
void (device coherent(device) (lambda at /tmp/metal-ast-watchos-air32/src/cx/cxx_010_lambda_generic.metal:4:12) &&) threadgroup,1
void (threadgroup (lambda at /tmp/metal-ast-watchos-air32/src/cx/cxx_010_lambda_generic.metal:4:12) &&) threadgroup,1
void (threadgroup_imageblock (lambda at /tmp/metal-ast-watchos-air32/src/cx/cxx_010_lambda_generic.metal:4:12) &&) threadgroup,1
void (ray_data (lambda at /tmp/metal-ast-watchos-air32/src/cx/cxx_010_lambda_generic.metal:4:12) &&) threadgroup,1
void (object_data (lambda at /tmp/metal-ast-watchos-air32/src/cx/cxx_010_lambda_generic.metal:4:12) &&) threadgroup,1
void ((lambda at /tmp/metal-ast-watchos-air32/src/cx/cxx_010_lambda_generic.metal:4:12) &&) threadgroup,1
void ((lambda at /tmp/metal-ast-watchos-air32/src/cx/cxx_010_lambda_generic.metal:4:12) &&) const constant,1
void (device (lambda at /tmp/metal-ast-watchos-air32/src/cx/cxx_010_lambda_generic.metal:4:12) &&) ray_data,1
void (device coherent(device) (lambda at /tmp/metal-ast-watchos-air32/src/cx/cxx_010_lambda_generic.metal:4:12) &&) ray_data,1
void (threadgroup (lambda at /tmp/metal-ast-watchos-air32/src/cx/cxx_010_lambda_generic.metal:4:12) &&) ray_data,1
void (threadgroup_imageblock (lambda at /tmp/metal-ast-watchos-air32/src/cx/cxx_010_lambda_generic.metal:4:12) &&) ray_data,1
void (ray_data (lambda at /tmp/metal-ast-watchos-air32/src/cx/cxx_010_lambda_generic.metal:4:12) &&) ray_data,1
void (object_data (lambda at /tmp/metal-ast-watchos-air32/src/cx/cxx_010_lambda_generic.metal:4:12) &&) ray_data,1
void ((lambda at /tmp/metal-ast-watchos-air32/src/cx/cxx_010_lambda_generic.metal:4:12) &&) ray_data,1
void (device (lambda at /tmp/metal-ast-watchos-air32/src/cx/cxx_010_lambda_generic.metal:4:12) &&),1
void (device coherent(device) (lambda at /tmp/metal-ast-watchos-air32/src/cx/cxx_010_lambda_generic.metal:4:12) &&),1
void (threadgroup (lambda at /tmp/metal-ast-watchos-air32/src/cx/cxx_010_lambda_generic.metal:4:12) &&),1
void (threadgroup_imageblock (lambda at /tmp/metal-ast-watchos-air32/src/cx/cxx_010_lambda_generic.metal:4:12) &&),1
void (ray_data (lambda at /tmp/metal-ast-watchos-air32/src/cx/cxx_010_lambda_generic.metal:4:12) &&),1
void (object_data (lambda at /tmp/metal-ast-watchos-air32/src/cx/cxx_010_lambda_generic.metal:4:12) &&),1
void (const (lambda at /tmp/metal-ast-watchos-air64/src/cx/cxx_010_lambda_generic.metal:4:12) &),1
void (const device (lambda at /tmp/metal-ast-watchos-air64/src/cx/cxx_010_lambda_generic.metal:4:12) &) threadgroup,1
void (const device coherent(device) (lambda at /tmp/metal-ast-watchos-air64/src/cx/cxx_010_lambda_generic.metal:4:12) &) threadgroup,1
void (const threadgroup (lambda at /tmp/metal-ast-watchos-air64/src/cx/cxx_010_lambda_generic.metal:4:12) &) threadgroup,1
void (const constant (lambda at /tmp/metal-ast-watchos-air64/src/cx/cxx_010_lambda_generic.metal:4:12) &) threadgroup,1
void (const threadgroup_imageblock (lambda at /tmp/metal-ast-watchos-air64/src/cx/cxx_010_lambda_generic.metal:4:12) &) threadgroup,1
void (const ray_data (lambda at /tmp/metal-ast-watchos-air64/src/cx/cxx_010_lambda_generic.metal:4:12) &) threadgroup,1
void (const object_data (lambda at /tmp/metal-ast-watchos-air64/src/cx/cxx_010_lambda_generic.metal:4:12) &) threadgroup,1
void (const (lambda at /tmp/metal-ast-watchos-air64/src/cx/cxx_010_lambda_generic.metal:4:12) &) threadgroup,1
void (const constant (lambda at /tmp/metal-ast-watchos-air64/src/cx/cxx_010_lambda_generic.metal:4:12) &) const constant,1
void (const (lambda at /tmp/metal-ast-watchos-air64/src/cx/cxx_010_lambda_generic.metal:4:12) &) const constant,1
void (const device (lambda at /tmp/metal-ast-watchos-air64/src/cx/cxx_010_lambda_generic.metal:4:12) &) ray_data,1
void (const device coherent(device) (lambda at /tmp/metal-ast-watchos-air64/src/cx/cxx_010_lambda_generic.metal:4:12) &) ray_data,1
void (const threadgroup (lambda at /tmp/metal-ast-watchos-air64/src/cx/cxx_010_lambda_generic.metal:4:12) &) ray_data,1
void (const constant (lambda at /tmp/metal-ast-watchos-air64/src/cx/cxx_010_lambda_generic.metal:4:12) &) ray_data,1
void (const threadgroup_imageblock (lambda at /tmp/metal-ast-watchos-air64/src/cx/cxx_010_lambda_generic.metal:4:12) &) ray_data,1
void (const ray_data (lambda at /tmp/metal-ast-watchos-air64/src/cx/cxx_010_lambda_generic.metal:4:12) &) ray_data,1
void (const object_data (lambda at /tmp/metal-ast-watchos-air64/src/cx/cxx_010_lambda_generic.metal:4:12) &) ray_data,1
void (const (lambda at /tmp/metal-ast-watchos-air64/src/cx/cxx_010_lambda_generic.metal:4:12) &) ray_data,1
void (const device (lambda at /tmp/metal-ast-watchos-air64/src/cx/cxx_010_lambda_generic.metal:4:12) &),1
void (const device coherent(device) (lambda at /tmp/metal-ast-watchos-air64/src/cx/cxx_010_lambda_generic.metal:4:12) &),1
void (const threadgroup (lambda at /tmp/metal-ast-watchos-air64/src/cx/cxx_010_lambda_generic.metal:4:12) &),1
void (const constant (lambda at /tmp/metal-ast-watchos-air64/src/cx/cxx_010_lambda_generic.metal:4:12) &),1
void (const threadgroup_imageblock (lambda at /tmp/metal-ast-watchos-air64/src/cx/cxx_010_lambda_generic.metal:4:12) &),1
void (const ray_data (lambda at /tmp/metal-ast-watchos-air64/src/cx/cxx_010_lambda_generic.metal:4:12) &),1
void (const object_data (lambda at /tmp/metal-ast-watchos-air64/src/cx/cxx_010_lambda_generic.metal:4:12) &),1
void (device (lambda at /tmp/metal-ast-watchos-air64/src/cx/cxx_010_lambda_generic.metal:4:12) &&) threadgroup,1
void (device coherent(device) (lambda at /tmp/metal-ast-watchos-air64/src/cx/cxx_010_lambda_generic.metal:4:12) &&) threadgroup,1
void (threadgroup (lambda at /tmp/metal-ast-watchos-air64/src/cx/cxx_010_lambda_generic.metal:4:12) &&) threadgroup,1
void (threadgroup_imageblock (lambda at /tmp/metal-ast-watchos-air64/src/cx/cxx_010_lambda_generic.metal:4:12) &&) threadgroup,1
void (ray_data (lambda at /tmp/metal-ast-watchos-air64/src/cx/cxx_010_lambda_generic.metal:4:12) &&) threadgroup,1
void (object_data (lambda at /tmp/metal-ast-watchos-air64/src/cx/cxx_010_lambda_generic.metal:4:12) &&) threadgroup,1
void ((lambda at /tmp/metal-ast-watchos-air64/src/cx/cxx_010_lambda_generic.metal:4:12) &&) threadgroup,1
void ((lambda at /tmp/metal-ast-watchos-air64/src/cx/cxx_010_lambda_generic.metal:4:12) &&) const constant,1
void (device (lambda at /tmp/metal-ast-watchos-air64/src/cx/cxx_010_lambda_generic.metal:4:12) &&) ray_data,1
void (device coherent(device) (lambda at /tmp/metal-ast-watchos-air64/src/cx/cxx_010_lambda_generic.metal:4:12) &&) ray_data,1
void (threadgroup (lambda at /tmp/metal-ast-watchos-air64/src/cx/cxx_010_lambda_generic.metal:4:12) &&) ray_data,1
void (threadgroup_imageblock (lambda at /tmp/metal-ast-watchos-air64/src/cx/cxx_010_lambda_generic.metal:4:12) &&) ray_data,1
void (ray_data (lambda at /tmp/metal-ast-watchos-air64/src/cx/cxx_010_lambda_generic.metal:4:12) &&) ray_data,1
void (object_data (lambda at /tmp/metal-ast-watchos-air64/src/cx/cxx_010_lambda_generic.metal:4:12) &&) ray_data,1
void ((lambda at /tmp/metal-ast-watchos-air64/src/cx/cxx_010_lambda_generic.metal:4:12) &&) ray_data,1
void (device (lambda at /tmp/metal-ast-watchos-air64/src/cx/cxx_010_lambda_generic.metal:4:12) &&),1
void (device coherent(device) (lambda at /tmp/metal-ast-watchos-air64/src/cx/cxx_010_lambda_generic.metal:4:12) &&),1
void (threadgroup (lambda at /tmp/metal-ast-watchos-air64/src/cx/cxx_010_lambda_generic.metal:4:12) &&),1
void (threadgroup_imageblock (lambda at /tmp/metal-ast-watchos-air64/src/cx/cxx_010_lambda_generic.metal:4:12) &&),1
void (ray_data (lambda at /tmp/metal-ast-watchos-air64/src/cx/cxx_010_lambda_generic.metal:4:12) &&),1
void (object_data (lambda at /tmp/metal-ast-watchos-air64/src/cx/cxx_010_lambda_generic.metal:4:12) &&),1
void (const (lambda at /tmp/metal-ast-watchos-sim-air32/src/cx/cxx_010_lambda_generic.metal:4:12) &),1
void (const device (lambda at /tmp/metal-ast-watchos-sim-air32/src/cx/cxx_010_lambda_generic.metal:4:12) &) threadgroup,1
void (const device coherent(device) (lambda at /tmp/metal-ast-watchos-sim-air32/src/cx/cxx_010_lambda_generic.metal:4:12) &) threadgroup,1
void (const threadgroup (lambda at /tmp/metal-ast-watchos-sim-air32/src/cx/cxx_010_lambda_generic.metal:4:12) &) threadgroup,1
void (const constant (lambda at /tmp/metal-ast-watchos-sim-air32/src/cx/cxx_010_lambda_generic.metal:4:12) &) threadgroup,1
void (const threadgroup_imageblock (lambda at /tmp/metal-ast-watchos-sim-air32/src/cx/cxx_010_lambda_generic.metal:4:12) &) threadgroup,1
void (const ray_data (lambda at /tmp/metal-ast-watchos-sim-air32/src/cx/cxx_010_lambda_generic.metal:4:12) &) threadgroup,1
void (const object_data (lambda at /tmp/metal-ast-watchos-sim-air32/src/cx/cxx_010_lambda_generic.metal:4:12) &) threadgroup,1
void (const (lambda at /tmp/metal-ast-watchos-sim-air32/src/cx/cxx_010_lambda_generic.metal:4:12) &) threadgroup,1
void (const constant (lambda at /tmp/metal-ast-watchos-sim-air32/src/cx/cxx_010_lambda_generic.metal:4:12) &) const constant,1
void (const (lambda at /tmp/metal-ast-watchos-sim-air32/src/cx/cxx_010_lambda_generic.metal:4:12) &) const constant,1
void (const device (lambda at /tmp/metal-ast-watchos-sim-air32/src/cx/cxx_010_lambda_generic.metal:4:12) &) ray_data,1
void (const device coherent(device) (lambda at /tmp/metal-ast-watchos-sim-air32/src/cx/cxx_010_lambda_generic.metal:4:12) &) ray_data,1
void (const threadgroup (lambda at /tmp/metal-ast-watchos-sim-air32/src/cx/cxx_010_lambda_generic.metal:4:12) &) ray_data,1
void (const constant (lambda at /tmp/metal-ast-watchos-sim-air32/src/cx/cxx_010_lambda_generic.metal:4:12) &) ray_data,1
void (const threadgroup_imageblock (lambda at /tmp/metal-ast-watchos-sim-air32/src/cx/cxx_010_lambda_generic.metal:4:12) &) ray_data,1
void (const ray_data (lambda at /tmp/metal-ast-watchos-sim-air32/src/cx/cxx_010_lambda_generic.metal:4:12) &) ray_data,1
void (const object_data (lambda at /tmp/metal-ast-watchos-sim-air32/src/cx/cxx_010_lambda_generic.metal:4:12) &) ray_data,1
void (const (lambda at /tmp/metal-ast-watchos-sim-air32/src/cx/cxx_010_lambda_generic.metal:4:12) &) ray_data,1
void (const device (lambda at /tmp/metal-ast-watchos-sim-air32/src/cx/cxx_010_lambda_generic.metal:4:12) &),1
void (const device coherent(device) (lambda at /tmp/metal-ast-watchos-sim-air32/src/cx/cxx_010_lambda_generic.metal:4:12) &),1
void (const threadgroup (lambda at /tmp/metal-ast-watchos-sim-air32/src/cx/cxx_010_lambda_generic.metal:4:12) &),1
void (const constant (lambda at /tmp/metal-ast-watchos-sim-air32/src/cx/cxx_010_lambda_generic.metal:4:12) &),1
void (const threadgroup_imageblock (lambda at /tmp/metal-ast-watchos-sim-air32/src/cx/cxx_010_lambda_generic.metal:4:12) &),1
void (const ray_data (lambda at /tmp/metal-ast-watchos-sim-air32/src/cx/cxx_010_lambda_generic.metal:4:12) &),1
void (const object_data (lambda at /tmp/metal-ast-watchos-sim-air32/src/cx/cxx_010_lambda_generic.metal:4:12) &),1
void (device (lambda at /tmp/metal-ast-watchos-sim-air32/src/cx/cxx_010_lambda_generic.metal:4:12) &&) threadgroup,1
void (device coherent(device) (lambda at /tmp/metal-ast-watchos-sim-air32/src/cx/cxx_010_lambda_generic.metal:4:12) &&) threadgroup,1
void (threadgroup (lambda at /tmp/metal-ast-watchos-sim-air32/src/cx/cxx_010_lambda_generic.metal:4:12) &&) threadgroup,1
void (threadgroup_imageblock (lambda at /tmp/metal-ast-watchos-sim-air32/src/cx/cxx_010_lambda_generic.metal:4:12) &&) threadgroup,1
void (ray_data (lambda at /tmp/metal-ast-watchos-sim-air32/src/cx/cxx_010_lambda_generic.metal:4:12) &&) threadgroup,1
void (object_data (lambda at /tmp/metal-ast-watchos-sim-air32/src/cx/cxx_010_lambda_generic.metal:4:12) &&) threadgroup,1
void ((lambda at /tmp/metal-ast-watchos-sim-air32/src/cx/cxx_010_lambda_generic.metal:4:12) &&) threadgroup,1
void ((lambda at /tmp/metal-ast-watchos-sim-air32/src/cx/cxx_010_lambda_generic.metal:4:12) &&) const constant,1
void (device (lambda at /tmp/metal-ast-watchos-sim-air32/src/cx/cxx_010_lambda_generic.metal:4:12) &&) ray_data,1
void (device coherent(device) (lambda at /tmp/metal-ast-watchos-sim-air32/src/cx/cxx_010_lambda_generic.metal:4:12) &&) ray_data,1
void (threadgroup (lambda at /tmp/metal-ast-watchos-sim-air32/src/cx/cxx_010_lambda_generic.metal:4:12) &&) ray_data,1
void (threadgroup_imageblock (lambda at /tmp/metal-ast-watchos-sim-air32/src/cx/cxx_010_lambda_generic.metal:4:12) &&) ray_data,1
void (ray_data (lambda at /tmp/metal-ast-watchos-sim-air32/src/cx/cxx_010_lambda_generic.metal:4:12) &&) ray_data,1
void (object_data (lambda at /tmp/metal-ast-watchos-sim-air32/src/cx/cxx_010_lambda_generic.metal:4:12) &&) ray_data,1
void ((lambda at /tmp/metal-ast-watchos-sim-air32/src/cx/cxx_010_lambda_generic.metal:4:12) &&) ray_data,1
void (device (lambda at /tmp/metal-ast-watchos-sim-air32/src/cx/cxx_010_lambda_generic.metal:4:12) &&),1
void (device coherent(device) (lambda at /tmp/metal-ast-watchos-sim-air32/src/cx/cxx_010_lambda_generic.metal:4:12) &&),1
void (threadgroup (lambda at /tmp/metal-ast-watchos-sim-air32/src/cx/cxx_010_lambda_generic.metal:4:12) &&),1
void (threadgroup_imageblock (lambda at /tmp/metal-ast-watchos-sim-air32/src/cx/cxx_010_lambda_generic.metal:4:12) &&),1
void (ray_data (lambda at /tmp/metal-ast-watchos-sim-air32/src/cx/cxx_010_lambda_generic.metal:4:12) &&),1
void (object_data (lambda at /tmp/metal-ast-watchos-sim-air32/src/cx/cxx_010_lambda_generic.metal:4:12) &&),1
void (const (lambda at /tmp/metal-ast-watchos-sim-air64/src/cx/cxx_010_lambda_generic.metal:4:12) &),1
void (const device (lambda at /tmp/metal-ast-watchos-sim-air64/src/cx/cxx_010_lambda_generic.metal:4:12) &) threadgroup,1
void (const device coherent(device) (lambda at /tmp/metal-ast-watchos-sim-air64/src/cx/cxx_010_lambda_generic.metal:4:12) &) threadgroup,1
void (const threadgroup (lambda at /tmp/metal-ast-watchos-sim-air64/src/cx/cxx_010_lambda_generic.metal:4:12) &) threadgroup,1
void (const constant (lambda at /tmp/metal-ast-watchos-sim-air64/src/cx/cxx_010_lambda_generic.metal:4:12) &) threadgroup,1
void (const threadgroup_imageblock (lambda at /tmp/metal-ast-watchos-sim-air64/src/cx/cxx_010_lambda_generic.metal:4:12) &) threadgroup,1
void (const ray_data (lambda at /tmp/metal-ast-watchos-sim-air64/src/cx/cxx_010_lambda_generic.metal:4:12) &) threadgroup,1
void (const object_data (lambda at /tmp/metal-ast-watchos-sim-air64/src/cx/cxx_010_lambda_generic.metal:4:12) &) threadgroup,1
void (const (lambda at /tmp/metal-ast-watchos-sim-air64/src/cx/cxx_010_lambda_generic.metal:4:12) &) threadgroup,1
void (const constant (lambda at /tmp/metal-ast-watchos-sim-air64/src/cx/cxx_010_lambda_generic.metal:4:12) &) const constant,1
void (const (lambda at /tmp/metal-ast-watchos-sim-air64/src/cx/cxx_010_lambda_generic.metal:4:12) &) const constant,1
void (const device (lambda at /tmp/metal-ast-watchos-sim-air64/src/cx/cxx_010_lambda_generic.metal:4:12) &) ray_data,1
void (const device coherent(device) (lambda at /tmp/metal-ast-watchos-sim-air64/src/cx/cxx_010_lambda_generic.metal:4:12) &) ray_data,1
void (const threadgroup (lambda at /tmp/metal-ast-watchos-sim-air64/src/cx/cxx_010_lambda_generic.metal:4:12) &) ray_data,1
void (const constant (lambda at /tmp/metal-ast-watchos-sim-air64/src/cx/cxx_010_lambda_generic.metal:4:12) &) ray_data,1
void (const threadgroup_imageblock (lambda at /tmp/metal-ast-watchos-sim-air64/src/cx/cxx_010_lambda_generic.metal:4:12) &) ray_data,1
void (const ray_data (lambda at /tmp/metal-ast-watchos-sim-air64/src/cx/cxx_010_lambda_generic.metal:4:12) &) ray_data,1
void (const object_data (lambda at /tmp/metal-ast-watchos-sim-air64/src/cx/cxx_010_lambda_generic.metal:4:12) &) ray_data,1
void (const (lambda at /tmp/metal-ast-watchos-sim-air64/src/cx/cxx_010_lambda_generic.metal:4:12) &) ray_data,1
void (const device (lambda at /tmp/metal-ast-watchos-sim-air64/src/cx/cxx_010_lambda_generic.metal:4:12) &),1
void (const device coherent(device) (lambda at /tmp/metal-ast-watchos-sim-air64/src/cx/cxx_010_lambda_generic.metal:4:12) &),1
void (const threadgroup (lambda at /tmp/metal-ast-watchos-sim-air64/src/cx/cxx_010_lambda_generic.metal:4:12) &),1
void (const constant (lambda at /tmp/metal-ast-watchos-sim-air64/src/cx/cxx_010_lambda_generic.metal:4:12) &),1
void (const threadgroup_imageblock (lambda at /tmp/metal-ast-watchos-sim-air64/src/cx/cxx_010_lambda_generic.metal:4:12) &),1
void (const ray_data (lambda at /tmp/metal-ast-watchos-sim-air64/src/cx/cxx_010_lambda_generic.metal:4:12) &),1
void (const object_data (lambda at /tmp/metal-ast-watchos-sim-air64/src/cx/cxx_010_lambda_generic.metal:4:12) &),1
void (device (lambda at /tmp/metal-ast-watchos-sim-air64/src/cx/cxx_010_lambda_generic.metal:4:12) &&) threadgroup,1
void (device coherent(device) (lambda at /tmp/metal-ast-watchos-sim-air64/src/cx/cxx_010_lambda_generic.metal:4:12) &&) threadgroup,1
void (threadgroup (lambda at /tmp/metal-ast-watchos-sim-air64/src/cx/cxx_010_lambda_generic.metal:4:12) &&) threadgroup,1
void (threadgroup_imageblock (lambda at /tmp/metal-ast-watchos-sim-air64/src/cx/cxx_010_lambda_generic.metal:4:12) &&) threadgroup,1
void (ray_data (lambda at /tmp/metal-ast-watchos-sim-air64/src/cx/cxx_010_lambda_generic.metal:4:12) &&) threadgroup,1
void (object_data (lambda at /tmp/metal-ast-watchos-sim-air64/src/cx/cxx_010_lambda_generic.metal:4:12) &&) threadgroup,1
void ((lambda at /tmp/metal-ast-watchos-sim-air64/src/cx/cxx_010_lambda_generic.metal:4:12) &&) threadgroup,1
void ((lambda at /tmp/metal-ast-watchos-sim-air64/src/cx/cxx_010_lambda_generic.metal:4:12) &&) const constant,1
void (device (lambda at /tmp/metal-ast-watchos-sim-air64/src/cx/cxx_010_lambda_generic.metal:4:12) &&) ray_data,1
void (device coherent(device) (lambda at /tmp/metal-ast-watchos-sim-air64/src/cx/cxx_010_lambda_generic.metal:4:12) &&) ray_data,1
void (threadgroup (lambda at /tmp/metal-ast-watchos-sim-air64/src/cx/cxx_010_lambda_generic.metal:4:12) &&) ray_data,1
void (threadgroup_imageblock (lambda at /tmp/metal-ast-watchos-sim-air64/src/cx/cxx_010_lambda_generic.metal:4:12) &&) ray_data,1
void (ray_data (lambda at /tmp/metal-ast-watchos-sim-air64/src/cx/cxx_010_lambda_generic.metal:4:12) &&) ray_data,1
void (object_data (lambda at /tmp/metal-ast-watchos-sim-air64/src/cx/cxx_010_lambda_generic.metal:4:12) &&) ray_data,1
void ((lambda at /tmp/metal-ast-watchos-sim-air64/src/cx/cxx_010_lambda_generic.metal:4:12) &&) ray_data,1
void (device (lambda at /tmp/metal-ast-watchos-sim-air64/src/cx/cxx_010_lambda_generic.metal:4:12) &&),1
void (device coherent(device) (lambda at /tmp/metal-ast-watchos-sim-air64/src/cx/cxx_010_lambda_generic.metal:4:12) &&),1
void (threadgroup (lambda at /tmp/metal-ast-watchos-sim-air64/src/cx/cxx_010_lambda_generic.metal:4:12) &&),1
void (threadgroup_imageblock (lambda at /tmp/metal-ast-watchos-sim-air64/src/cx/cxx_010_lambda_generic.metal:4:12) &&),1
void (ray_data (lambda at /tmp/metal-ast-watchos-sim-air64/src/cx/cxx_010_lambda_generic.metal:4:12) &&),1
void (object_data (lambda at /tmp/metal-ast-watchos-sim-air64/src/cx/cxx_010_lambda_generic.metal:4:12) &&),1
void (const (lambda at /tmp/metal-ast-ios-air64/src/cx/cxx_009_lambda_capture_by_ref.metal:5:12) &),1
void (const device (lambda at /tmp/metal-ast-ios-air64/src/cx/cxx_009_lambda_capture_by_ref.metal:5:12) &) threadgroup,1
void (const device coherent(device) (lambda at /tmp/metal-ast-ios-air64/src/cx/cxx_009_lambda_capture_by_ref.metal:5:12) &) threadgroup,1
void (const threadgroup (lambda at /tmp/metal-ast-ios-air64/src/cx/cxx_009_lambda_capture_by_ref.metal:5:12) &) threadgroup,1
void (const constant (lambda at /tmp/metal-ast-ios-air64/src/cx/cxx_009_lambda_capture_by_ref.metal:5:12) &) threadgroup,1
void (const threadgroup_imageblock (lambda at /tmp/metal-ast-ios-air64/src/cx/cxx_009_lambda_capture_by_ref.metal:5:12) &) threadgroup,1
void (const ray_data (lambda at /tmp/metal-ast-ios-air64/src/cx/cxx_009_lambda_capture_by_ref.metal:5:12) &) threadgroup,1
void (const object_data (lambda at /tmp/metal-ast-ios-air64/src/cx/cxx_009_lambda_capture_by_ref.metal:5:12) &) threadgroup,1
void (const (lambda at /tmp/metal-ast-ios-air64/src/cx/cxx_009_lambda_capture_by_ref.metal:5:12) &) threadgroup,1
void (const constant (lambda at /tmp/metal-ast-ios-air64/src/cx/cxx_009_lambda_capture_by_ref.metal:5:12) &) const constant,1
void (const (lambda at /tmp/metal-ast-ios-air64/src/cx/cxx_009_lambda_capture_by_ref.metal:5:12) &) const constant,1
void (const device (lambda at /tmp/metal-ast-ios-air64/src/cx/cxx_009_lambda_capture_by_ref.metal:5:12) &) ray_data,1
void (const device coherent(device) (lambda at /tmp/metal-ast-ios-air64/src/cx/cxx_009_lambda_capture_by_ref.metal:5:12) &) ray_data,1
void (const threadgroup (lambda at /tmp/metal-ast-ios-air64/src/cx/cxx_009_lambda_capture_by_ref.metal:5:12) &) ray_data,1
void (const constant (lambda at /tmp/metal-ast-ios-air64/src/cx/cxx_009_lambda_capture_by_ref.metal:5:12) &) ray_data,1
void (const threadgroup_imageblock (lambda at /tmp/metal-ast-ios-air64/src/cx/cxx_009_lambda_capture_by_ref.metal:5:12) &) ray_data,1
void (const ray_data (lambda at /tmp/metal-ast-ios-air64/src/cx/cxx_009_lambda_capture_by_ref.metal:5:12) &) ray_data,1
void (const object_data (lambda at /tmp/metal-ast-ios-air64/src/cx/cxx_009_lambda_capture_by_ref.metal:5:12) &) ray_data,1
void (const (lambda at /tmp/metal-ast-ios-air64/src/cx/cxx_009_lambda_capture_by_ref.metal:5:12) &) ray_data,1
void (const device (lambda at /tmp/metal-ast-ios-air64/src/cx/cxx_009_lambda_capture_by_ref.metal:5:12) &),1
void (const device coherent(device) (lambda at /tmp/metal-ast-ios-air64/src/cx/cxx_009_lambda_capture_by_ref.metal:5:12) &),1
void (const threadgroup (lambda at /tmp/metal-ast-ios-air64/src/cx/cxx_009_lambda_capture_by_ref.metal:5:12) &),1
void (const constant (lambda at /tmp/metal-ast-ios-air64/src/cx/cxx_009_lambda_capture_by_ref.metal:5:12) &),1
void (const threadgroup_imageblock (lambda at /tmp/metal-ast-ios-air64/src/cx/cxx_009_lambda_capture_by_ref.metal:5:12) &),1
void (const ray_data (lambda at /tmp/metal-ast-ios-air64/src/cx/cxx_009_lambda_capture_by_ref.metal:5:12) &),1
void (const object_data (lambda at /tmp/metal-ast-ios-air64/src/cx/cxx_009_lambda_capture_by_ref.metal:5:12) &),1
void (device (lambda at /tmp/metal-ast-ios-air64/src/cx/cxx_009_lambda_capture_by_ref.metal:5:12) &&) threadgroup,1
void (device coherent(device) (lambda at /tmp/metal-ast-ios-air64/src/cx/cxx_009_lambda_capture_by_ref.metal:5:12) &&) threadgroup,1
void (threadgroup (lambda at /tmp/metal-ast-ios-air64/src/cx/cxx_009_lambda_capture_by_ref.metal:5:12) &&) threadgroup,1
void (threadgroup_imageblock (lambda at /tmp/metal-ast-ios-air64/src/cx/cxx_009_lambda_capture_by_ref.metal:5:12) &&) threadgroup,1
void (ray_data (lambda at /tmp/metal-ast-ios-air64/src/cx/cxx_009_lambda_capture_by_ref.metal:5:12) &&) threadgroup,1
void (object_data (lambda at /tmp/metal-ast-ios-air64/src/cx/cxx_009_lambda_capture_by_ref.metal:5:12) &&) threadgroup,1
void ((lambda at /tmp/metal-ast-ios-air64/src/cx/cxx_009_lambda_capture_by_ref.metal:5:12) &&) threadgroup,1
void ((lambda at /tmp/metal-ast-ios-air64/src/cx/cxx_009_lambda_capture_by_ref.metal:5:12) &&) const constant,1
void (device (lambda at /tmp/metal-ast-ios-air64/src/cx/cxx_009_lambda_capture_by_ref.metal:5:12) &&) ray_data,1
void (device coherent(device) (lambda at /tmp/metal-ast-ios-air64/src/cx/cxx_009_lambda_capture_by_ref.metal:5:12) &&) ray_data,1
void (threadgroup (lambda at /tmp/metal-ast-ios-air64/src/cx/cxx_009_lambda_capture_by_ref.metal:5:12) &&) ray_data,1
void (threadgroup_imageblock (lambda at /tmp/metal-ast-ios-air64/src/cx/cxx_009_lambda_capture_by_ref.metal:5:12) &&) ray_data,1
void (ray_data (lambda at /tmp/metal-ast-ios-air64/src/cx/cxx_009_lambda_capture_by_ref.metal:5:12) &&) ray_data,1
void (object_data (lambda at /tmp/metal-ast-ios-air64/src/cx/cxx_009_lambda_capture_by_ref.metal:5:12) &&) ray_data,1
void ((lambda at /tmp/metal-ast-ios-air64/src/cx/cxx_009_lambda_capture_by_ref.metal:5:12) &&) ray_data,1
void (device (lambda at /tmp/metal-ast-ios-air64/src/cx/cxx_009_lambda_capture_by_ref.metal:5:12) &&),1
void (device coherent(device) (lambda at /tmp/metal-ast-ios-air64/src/cx/cxx_009_lambda_capture_by_ref.metal:5:12) &&),1
void (threadgroup (lambda at /tmp/metal-ast-ios-air64/src/cx/cxx_009_lambda_capture_by_ref.metal:5:12) &&),1
void (threadgroup_imageblock (lambda at /tmp/metal-ast-ios-air64/src/cx/cxx_009_lambda_capture_by_ref.metal:5:12) &&),1
void (ray_data (lambda at /tmp/metal-ast-ios-air64/src/cx/cxx_009_lambda_capture_by_ref.metal:5:12) &&),1
void (object_data (lambda at /tmp/metal-ast-ios-air64/src/cx/cxx_009_lambda_capture_by_ref.metal:5:12) &&),1
void (const (lambda at /tmp/metal-ast-ios-sim-air64/src/cx/cxx_010_lambda_generic.metal:4:12) &),1
void (const device (lambda at /tmp/metal-ast-ios-sim-air64/src/cx/cxx_010_lambda_generic.metal:4:12) &) threadgroup,1
void (const device coherent(device) (lambda at /tmp/metal-ast-ios-sim-air64/src/cx/cxx_010_lambda_generic.metal:4:12) &) threadgroup,1
void (const threadgroup (lambda at /tmp/metal-ast-ios-sim-air64/src/cx/cxx_010_lambda_generic.metal:4:12) &) threadgroup,1
void (const constant (lambda at /tmp/metal-ast-ios-sim-air64/src/cx/cxx_010_lambda_generic.metal:4:12) &) threadgroup,1
void (const threadgroup_imageblock (lambda at /tmp/metal-ast-ios-sim-air64/src/cx/cxx_010_lambda_generic.metal:4:12) &) threadgroup,1
void (const ray_data (lambda at /tmp/metal-ast-ios-sim-air64/src/cx/cxx_010_lambda_generic.metal:4:12) &) threadgroup,1
void (const object_data (lambda at /tmp/metal-ast-ios-sim-air64/src/cx/cxx_010_lambda_generic.metal:4:12) &) threadgroup,1
void (const (lambda at /tmp/metal-ast-ios-sim-air64/src/cx/cxx_010_lambda_generic.metal:4:12) &) threadgroup,1
void (const constant (lambda at /tmp/metal-ast-ios-sim-air64/src/cx/cxx_010_lambda_generic.metal:4:12) &) const constant,1
void (const (lambda at /tmp/metal-ast-ios-sim-air64/src/cx/cxx_010_lambda_generic.metal:4:12) &) const constant,1
void (const device (lambda at /tmp/metal-ast-ios-sim-air64/src/cx/cxx_010_lambda_generic.metal:4:12) &) ray_data,1
void (const device coherent(device) (lambda at /tmp/metal-ast-ios-sim-air64/src/cx/cxx_010_lambda_generic.metal:4:12) &) ray_data,1
void (const threadgroup (lambda at /tmp/metal-ast-ios-sim-air64/src/cx/cxx_010_lambda_generic.metal:4:12) &) ray_data,1
void (const constant (lambda at /tmp/metal-ast-ios-sim-air64/src/cx/cxx_010_lambda_generic.metal:4:12) &) ray_data,1
void (const threadgroup_imageblock (lambda at /tmp/metal-ast-ios-sim-air64/src/cx/cxx_010_lambda_generic.metal:4:12) &) ray_data,1
void (const ray_data (lambda at /tmp/metal-ast-ios-sim-air64/src/cx/cxx_010_lambda_generic.metal:4:12) &) ray_data,1
void (const object_data (lambda at /tmp/metal-ast-ios-sim-air64/src/cx/cxx_010_lambda_generic.metal:4:12) &) ray_data,1
void (const (lambda at /tmp/metal-ast-ios-sim-air64/src/cx/cxx_010_lambda_generic.metal:4:12) &) ray_data,1
void (const device (lambda at /tmp/metal-ast-ios-sim-air64/src/cx/cxx_010_lambda_generic.metal:4:12) &),1
void (const device coherent(device) (lambda at /tmp/metal-ast-ios-sim-air64/src/cx/cxx_010_lambda_generic.metal:4:12) &),1
void (const threadgroup (lambda at /tmp/metal-ast-ios-sim-air64/src/cx/cxx_010_lambda_generic.metal:4:12) &),1
void (const constant (lambda at /tmp/metal-ast-ios-sim-air64/src/cx/cxx_010_lambda_generic.metal:4:12) &),1
void (const threadgroup_imageblock (lambda at /tmp/metal-ast-ios-sim-air64/src/cx/cxx_010_lambda_generic.metal:4:12) &),1
void (const ray_data (lambda at /tmp/metal-ast-ios-sim-air64/src/cx/cxx_010_lambda_generic.metal:4:12) &),1
void (const object_data (lambda at /tmp/metal-ast-ios-sim-air64/src/cx/cxx_010_lambda_generic.metal:4:12) &),1
void (device (lambda at /tmp/metal-ast-ios-sim-air64/src/cx/cxx_010_lambda_generic.metal:4:12) &&) threadgroup,1
void (device coherent(device) (lambda at /tmp/metal-ast-ios-sim-air64/src/cx/cxx_010_lambda_generic.metal:4:12) &&) threadgroup,1
void (threadgroup (lambda at /tmp/metal-ast-ios-sim-air64/src/cx/cxx_010_lambda_generic.metal:4:12) &&) threadgroup,1
void (threadgroup_imageblock (lambda at /tmp/metal-ast-ios-sim-air64/src/cx/cxx_010_lambda_generic.metal:4:12) &&) threadgroup,1
void (ray_data (lambda at /tmp/metal-ast-ios-sim-air64/src/cx/cxx_010_lambda_generic.metal:4:12) &&) threadgroup,1
void (object_data (lambda at /tmp/metal-ast-ios-sim-air64/src/cx/cxx_010_lambda_generic.metal:4:12) &&) threadgroup,1
void ((lambda at /tmp/metal-ast-ios-sim-air64/src/cx/cxx_010_lambda_generic.metal:4:12) &&) threadgroup,1
void ((lambda at /tmp/metal-ast-ios-sim-air64/src/cx/cxx_010_lambda_generic.metal:4:12) &&) const constant,1
void (device (lambda at /tmp/metal-ast-ios-sim-air64/src/cx/cxx_010_lambda_generic.metal:4:12) &&) ray_data,1
void (device coherent(device) (lambda at /tmp/metal-ast-ios-sim-air64/src/cx/cxx_010_lambda_generic.metal:4:12) &&) ray_data,1
void (threadgroup (lambda at /tmp/metal-ast-ios-sim-air64/src/cx/cxx_010_lambda_generic.metal:4:12) &&) ray_data,1
void (threadgroup_imageblock (lambda at /tmp/metal-ast-ios-sim-air64/src/cx/cxx_010_lambda_generic.metal:4:12) &&) ray_data,1
void (ray_data (lambda at /tmp/metal-ast-ios-sim-air64/src/cx/cxx_010_lambda_generic.metal:4:12) &&) ray_data,1
void (object_data (lambda at /tmp/metal-ast-ios-sim-air64/src/cx/cxx_010_lambda_generic.metal:4:12) &&) ray_data,1
void ((lambda at /tmp/metal-ast-ios-sim-air64/src/cx/cxx_010_lambda_generic.metal:4:12) &&) ray_data,1
void (device (lambda at /tmp/metal-ast-ios-sim-air64/src/cx/cxx_010_lambda_generic.metal:4:12) &&),1
void (device coherent(device) (lambda at /tmp/metal-ast-ios-sim-air64/src/cx/cxx_010_lambda_generic.metal:4:12) &&),1
void (threadgroup (lambda at /tmp/metal-ast-ios-sim-air64/src/cx/cxx_010_lambda_generic.metal:4:12) &&),1
void (threadgroup_imageblock (lambda at /tmp/metal-ast-ios-sim-air64/src/cx/cxx_010_lambda_generic.metal:4:12) &&),1
void (ray_data (lambda at /tmp/metal-ast-ios-sim-air64/src/cx/cxx_010_lambda_generic.metal:4:12) &&),1
void (object_data (lambda at /tmp/metal-ast-ios-sim-air64/src/cx/cxx_010_lambda_generic.metal:4:12) &&),1
void (const (lambda at /tmp/metal-ast-macos-air32/src/cx/cxx_010_lambda_generic.metal:4:12) &),1
void (const device (lambda at /tmp/metal-ast-macos-air32/src/cx/cxx_010_lambda_generic.metal:4:12) &) threadgroup,1
void (const device coherent(device) (lambda at /tmp/metal-ast-macos-air32/src/cx/cxx_010_lambda_generic.metal:4:12) &) threadgroup,1
void (const threadgroup (lambda at /tmp/metal-ast-macos-air32/src/cx/cxx_010_lambda_generic.metal:4:12) &) threadgroup,1
void (const constant (lambda at /tmp/metal-ast-macos-air32/src/cx/cxx_010_lambda_generic.metal:4:12) &) threadgroup,1
void (const threadgroup_imageblock (lambda at /tmp/metal-ast-macos-air32/src/cx/cxx_010_lambda_generic.metal:4:12) &) threadgroup,1
void (const ray_data (lambda at /tmp/metal-ast-macos-air32/src/cx/cxx_010_lambda_generic.metal:4:12) &) threadgroup,1
void (const object_data (lambda at /tmp/metal-ast-macos-air32/src/cx/cxx_010_lambda_generic.metal:4:12) &) threadgroup,1
void (const (lambda at /tmp/metal-ast-macos-air32/src/cx/cxx_010_lambda_generic.metal:4:12) &) threadgroup,1
void (const constant (lambda at /tmp/metal-ast-macos-air32/src/cx/cxx_010_lambda_generic.metal:4:12) &) const constant,1
void (const (lambda at /tmp/metal-ast-macos-air32/src/cx/cxx_010_lambda_generic.metal:4:12) &) const constant,1
void (const device (lambda at /tmp/metal-ast-macos-air32/src/cx/cxx_010_lambda_generic.metal:4:12) &) ray_data,1
void (const device coherent(device) (lambda at /tmp/metal-ast-macos-air32/src/cx/cxx_010_lambda_generic.metal:4:12) &) ray_data,1
void (const threadgroup (lambda at /tmp/metal-ast-macos-air32/src/cx/cxx_010_lambda_generic.metal:4:12) &) ray_data,1
void (const constant (lambda at /tmp/metal-ast-macos-air32/src/cx/cxx_010_lambda_generic.metal:4:12) &) ray_data,1
void (const threadgroup_imageblock (lambda at /tmp/metal-ast-macos-air32/src/cx/cxx_010_lambda_generic.metal:4:12) &) ray_data,1
void (const ray_data (lambda at /tmp/metal-ast-macos-air32/src/cx/cxx_010_lambda_generic.metal:4:12) &) ray_data,1
void (const object_data (lambda at /tmp/metal-ast-macos-air32/src/cx/cxx_010_lambda_generic.metal:4:12) &) ray_data,1
void (const (lambda at /tmp/metal-ast-macos-air32/src/cx/cxx_010_lambda_generic.metal:4:12) &) ray_data,1
void (const device (lambda at /tmp/metal-ast-macos-air32/src/cx/cxx_010_lambda_generic.metal:4:12) &),1
void (const device coherent(device) (lambda at /tmp/metal-ast-macos-air32/src/cx/cxx_010_lambda_generic.metal:4:12) &),1
void (const threadgroup (lambda at /tmp/metal-ast-macos-air32/src/cx/cxx_010_lambda_generic.metal:4:12) &),1
void (const constant (lambda at /tmp/metal-ast-macos-air32/src/cx/cxx_010_lambda_generic.metal:4:12) &),1
void (const threadgroup_imageblock (lambda at /tmp/metal-ast-macos-air32/src/cx/cxx_010_lambda_generic.metal:4:12) &),1
void (const ray_data (lambda at /tmp/metal-ast-macos-air32/src/cx/cxx_010_lambda_generic.metal:4:12) &),1
void (const object_data (lambda at /tmp/metal-ast-macos-air32/src/cx/cxx_010_lambda_generic.metal:4:12) &),1
void (device (lambda at /tmp/metal-ast-macos-air32/src/cx/cxx_010_lambda_generic.metal:4:12) &&) threadgroup,1
void (device coherent(device) (lambda at /tmp/metal-ast-macos-air32/src/cx/cxx_010_lambda_generic.metal:4:12) &&) threadgroup,1
void (threadgroup (lambda at /tmp/metal-ast-macos-air32/src/cx/cxx_010_lambda_generic.metal:4:12) &&) threadgroup,1
void (threadgroup_imageblock (lambda at /tmp/metal-ast-macos-air32/src/cx/cxx_010_lambda_generic.metal:4:12) &&) threadgroup,1
void (ray_data (lambda at /tmp/metal-ast-macos-air32/src/cx/cxx_010_lambda_generic.metal:4:12) &&) threadgroup,1
void (object_data (lambda at /tmp/metal-ast-macos-air32/src/cx/cxx_010_lambda_generic.metal:4:12) &&) threadgroup,1
void ((lambda at /tmp/metal-ast-macos-air32/src/cx/cxx_010_lambda_generic.metal:4:12) &&) threadgroup,1
void ((lambda at /tmp/metal-ast-macos-air32/src/cx/cxx_010_lambda_generic.metal:4:12) &&) const constant,1
void (device (lambda at /tmp/metal-ast-macos-air32/src/cx/cxx_010_lambda_generic.metal:4:12) &&) ray_data,1
void (device coherent(device) (lambda at /tmp/metal-ast-macos-air32/src/cx/cxx_010_lambda_generic.metal:4:12) &&) ray_data,1
void (threadgroup (lambda at /tmp/metal-ast-macos-air32/src/cx/cxx_010_lambda_generic.metal:4:12) &&) ray_data,1
void (threadgroup_imageblock (lambda at /tmp/metal-ast-macos-air32/src/cx/cxx_010_lambda_generic.metal:4:12) &&) ray_data,1
void (ray_data (lambda at /tmp/metal-ast-macos-air32/src/cx/cxx_010_lambda_generic.metal:4:12) &&) ray_data,1
void (object_data (lambda at /tmp/metal-ast-macos-air32/src/cx/cxx_010_lambda_generic.metal:4:12) &&) ray_data,1
void ((lambda at /tmp/metal-ast-macos-air32/src/cx/cxx_010_lambda_generic.metal:4:12) &&) ray_data,1
void (device (lambda at /tmp/metal-ast-macos-air32/src/cx/cxx_010_lambda_generic.metal:4:12) &&),1
void (device coherent(device) (lambda at /tmp/metal-ast-macos-air32/src/cx/cxx_010_lambda_generic.metal:4:12) &&),1
void (threadgroup (lambda at /tmp/metal-ast-macos-air32/src/cx/cxx_010_lambda_generic.metal:4:12) &&),1
void (threadgroup_imageblock (lambda at /tmp/metal-ast-macos-air32/src/cx/cxx_010_lambda_generic.metal:4:12) &&),1
void (ray_data (lambda at /tmp/metal-ast-macos-air32/src/cx/cxx_010_lambda_generic.metal:4:12) &&),1
void (object_data (lambda at /tmp/metal-ast-macos-air32/src/cx/cxx_010_lambda_generic.metal:4:12) &&),1
void (const (lambda at /tmp/metal-ast-macos-air64/src/cx/cxx_009_lambda_capture_by_ref.metal:5:12) &),1
void (const device (lambda at /tmp/metal-ast-macos-air64/src/cx/cxx_009_lambda_capture_by_ref.metal:5:12) &) threadgroup,1
void (const device coherent(device) (lambda at /tmp/metal-ast-macos-air64/src/cx/cxx_009_lambda_capture_by_ref.metal:5:12) &) threadgroup,1
void (const threadgroup (lambda at /tmp/metal-ast-macos-air64/src/cx/cxx_009_lambda_capture_by_ref.metal:5:12) &) threadgroup,1
void (const constant (lambda at /tmp/metal-ast-macos-air64/src/cx/cxx_009_lambda_capture_by_ref.metal:5:12) &) threadgroup,1
void (const threadgroup_imageblock (lambda at /tmp/metal-ast-macos-air64/src/cx/cxx_009_lambda_capture_by_ref.metal:5:12) &) threadgroup,1
void (const ray_data (lambda at /tmp/metal-ast-macos-air64/src/cx/cxx_009_lambda_capture_by_ref.metal:5:12) &) threadgroup,1
void (const object_data (lambda at /tmp/metal-ast-macos-air64/src/cx/cxx_009_lambda_capture_by_ref.metal:5:12) &) threadgroup,1
void (const (lambda at /tmp/metal-ast-macos-air64/src/cx/cxx_009_lambda_capture_by_ref.metal:5:12) &) threadgroup,1
void (const constant (lambda at /tmp/metal-ast-macos-air64/src/cx/cxx_009_lambda_capture_by_ref.metal:5:12) &) const constant,1
void (const (lambda at /tmp/metal-ast-macos-air64/src/cx/cxx_009_lambda_capture_by_ref.metal:5:12) &) const constant,1
void (const device (lambda at /tmp/metal-ast-macos-air64/src/cx/cxx_009_lambda_capture_by_ref.metal:5:12) &) ray_data,1
void (const device coherent(device) (lambda at /tmp/metal-ast-macos-air64/src/cx/cxx_009_lambda_capture_by_ref.metal:5:12) &) ray_data,1
void (const threadgroup (lambda at /tmp/metal-ast-macos-air64/src/cx/cxx_009_lambda_capture_by_ref.metal:5:12) &) ray_data,1
void (const constant (lambda at /tmp/metal-ast-macos-air64/src/cx/cxx_009_lambda_capture_by_ref.metal:5:12) &) ray_data,1
void (const threadgroup_imageblock (lambda at /tmp/metal-ast-macos-air64/src/cx/cxx_009_lambda_capture_by_ref.metal:5:12) &) ray_data,1
void (const ray_data (lambda at /tmp/metal-ast-macos-air64/src/cx/cxx_009_lambda_capture_by_ref.metal:5:12) &) ray_data,1
void (const object_data (lambda at /tmp/metal-ast-macos-air64/src/cx/cxx_009_lambda_capture_by_ref.metal:5:12) &) ray_data,1
void (const (lambda at /tmp/metal-ast-macos-air64/src/cx/cxx_009_lambda_capture_by_ref.metal:5:12) &) ray_data,1
void (const device (lambda at /tmp/metal-ast-macos-air64/src/cx/cxx_009_lambda_capture_by_ref.metal:5:12) &),1
void (const device coherent(device) (lambda at /tmp/metal-ast-macos-air64/src/cx/cxx_009_lambda_capture_by_ref.metal:5:12) &),1
void (const threadgroup (lambda at /tmp/metal-ast-macos-air64/src/cx/cxx_009_lambda_capture_by_ref.metal:5:12) &),1
void (const constant (lambda at /tmp/metal-ast-macos-air64/src/cx/cxx_009_lambda_capture_by_ref.metal:5:12) &),1
void (const threadgroup_imageblock (lambda at /tmp/metal-ast-macos-air64/src/cx/cxx_009_lambda_capture_by_ref.metal:5:12) &),1
void (const ray_data (lambda at /tmp/metal-ast-macos-air64/src/cx/cxx_009_lambda_capture_by_ref.metal:5:12) &),1
void (const object_data (lambda at /tmp/metal-ast-macos-air64/src/cx/cxx_009_lambda_capture_by_ref.metal:5:12) &),1
void (device (lambda at /tmp/metal-ast-macos-air64/src/cx/cxx_009_lambda_capture_by_ref.metal:5:12) &&) threadgroup,1
void (device coherent(device) (lambda at /tmp/metal-ast-macos-air64/src/cx/cxx_009_lambda_capture_by_ref.metal:5:12) &&) threadgroup,1
void (threadgroup (lambda at /tmp/metal-ast-macos-air64/src/cx/cxx_009_lambda_capture_by_ref.metal:5:12) &&) threadgroup,1
void (threadgroup_imageblock (lambda at /tmp/metal-ast-macos-air64/src/cx/cxx_009_lambda_capture_by_ref.metal:5:12) &&) threadgroup,1
void (ray_data (lambda at /tmp/metal-ast-macos-air64/src/cx/cxx_009_lambda_capture_by_ref.metal:5:12) &&) threadgroup,1
void (object_data (lambda at /tmp/metal-ast-macos-air64/src/cx/cxx_009_lambda_capture_by_ref.metal:5:12) &&) threadgroup,1
void ((lambda at /tmp/metal-ast-macos-air64/src/cx/cxx_009_lambda_capture_by_ref.metal:5:12) &&) threadgroup,1
void ((lambda at /tmp/metal-ast-macos-air64/src/cx/cxx_009_lambda_capture_by_ref.metal:5:12) &&) const constant,1
void (device (lambda at /tmp/metal-ast-macos-air64/src/cx/cxx_009_lambda_capture_by_ref.metal:5:12) &&) ray_data,1
void (device coherent(device) (lambda at /tmp/metal-ast-macos-air64/src/cx/cxx_009_lambda_capture_by_ref.metal:5:12) &&) ray_data,1
void (threadgroup (lambda at /tmp/metal-ast-macos-air64/src/cx/cxx_009_lambda_capture_by_ref.metal:5:12) &&) ray_data,1
void (threadgroup_imageblock (lambda at /tmp/metal-ast-macos-air64/src/cx/cxx_009_lambda_capture_by_ref.metal:5:12) &&) ray_data,1
void (ray_data (lambda at /tmp/metal-ast-macos-air64/src/cx/cxx_009_lambda_capture_by_ref.metal:5:12) &&) ray_data,1
void (object_data (lambda at /tmp/metal-ast-macos-air64/src/cx/cxx_009_lambda_capture_by_ref.metal:5:12) &&) ray_data,1
void ((lambda at /tmp/metal-ast-macos-air64/src/cx/cxx_009_lambda_capture_by_ref.metal:5:12) &&) ray_data,1
void (device (lambda at /tmp/metal-ast-macos-air64/src/cx/cxx_009_lambda_capture_by_ref.metal:5:12) &&),1
void (device coherent(device) (lambda at /tmp/metal-ast-macos-air64/src/cx/cxx_009_lambda_capture_by_ref.metal:5:12) &&),1
void (threadgroup (lambda at /tmp/metal-ast-macos-air64/src/cx/cxx_009_lambda_capture_by_ref.metal:5:12) &&),1
void (threadgroup_imageblock (lambda at /tmp/metal-ast-macos-air64/src/cx/cxx_009_lambda_capture_by_ref.metal:5:12) &&),1
void (ray_data (lambda at /tmp/metal-ast-macos-air64/src/cx/cxx_009_lambda_capture_by_ref.metal:5:12) &&),1
void (object_data (lambda at /tmp/metal-ast-macos-air64/src/cx/cxx_009_lambda_capture_by_ref.metal:5:12) &&),1
void (const (lambda at /tmp/metal-ast-tvos-air32/src/cx/cxx_010_lambda_generic.metal:4:12) &),1
void (const device (lambda at /tmp/metal-ast-tvos-air32/src/cx/cxx_010_lambda_generic.metal:4:12) &) threadgroup,1
void (const device coherent(device) (lambda at /tmp/metal-ast-tvos-air32/src/cx/cxx_010_lambda_generic.metal:4:12) &) threadgroup,1
void (const threadgroup (lambda at /tmp/metal-ast-tvos-air32/src/cx/cxx_010_lambda_generic.metal:4:12) &) threadgroup,1
void (const constant (lambda at /tmp/metal-ast-tvos-air32/src/cx/cxx_010_lambda_generic.metal:4:12) &) threadgroup,1
void (const threadgroup_imageblock (lambda at /tmp/metal-ast-tvos-air32/src/cx/cxx_010_lambda_generic.metal:4:12) &) threadgroup,1
void (const ray_data (lambda at /tmp/metal-ast-tvos-air32/src/cx/cxx_010_lambda_generic.metal:4:12) &) threadgroup,1
void (const object_data (lambda at /tmp/metal-ast-tvos-air32/src/cx/cxx_010_lambda_generic.metal:4:12) &) threadgroup,1
void (const (lambda at /tmp/metal-ast-tvos-air32/src/cx/cxx_010_lambda_generic.metal:4:12) &) threadgroup,1
void (const constant (lambda at /tmp/metal-ast-tvos-air32/src/cx/cxx_010_lambda_generic.metal:4:12) &) const constant,1
void (const (lambda at /tmp/metal-ast-tvos-air32/src/cx/cxx_010_lambda_generic.metal:4:12) &) const constant,1
void (const device (lambda at /tmp/metal-ast-tvos-air32/src/cx/cxx_010_lambda_generic.metal:4:12) &) ray_data,1
void (const device coherent(device) (lambda at /tmp/metal-ast-tvos-air32/src/cx/cxx_010_lambda_generic.metal:4:12) &) ray_data,1
void (const threadgroup (lambda at /tmp/metal-ast-tvos-air32/src/cx/cxx_010_lambda_generic.metal:4:12) &) ray_data,1
void (const constant (lambda at /tmp/metal-ast-tvos-air32/src/cx/cxx_010_lambda_generic.metal:4:12) &) ray_data,1
void (const threadgroup_imageblock (lambda at /tmp/metal-ast-tvos-air32/src/cx/cxx_010_lambda_generic.metal:4:12) &) ray_data,1
void (const ray_data (lambda at /tmp/metal-ast-tvos-air32/src/cx/cxx_010_lambda_generic.metal:4:12) &) ray_data,1
void (const object_data (lambda at /tmp/metal-ast-tvos-air32/src/cx/cxx_010_lambda_generic.metal:4:12) &) ray_data,1
void (const (lambda at /tmp/metal-ast-tvos-air32/src/cx/cxx_010_lambda_generic.metal:4:12) &) ray_data,1
void (const device (lambda at /tmp/metal-ast-tvos-air32/src/cx/cxx_010_lambda_generic.metal:4:12) &),1
void (const device coherent(device) (lambda at /tmp/metal-ast-tvos-air32/src/cx/cxx_010_lambda_generic.metal:4:12) &),1
void (const threadgroup (lambda at /tmp/metal-ast-tvos-air32/src/cx/cxx_010_lambda_generic.metal:4:12) &),1
void (const constant (lambda at /tmp/metal-ast-tvos-air32/src/cx/cxx_010_lambda_generic.metal:4:12) &),1
void (const threadgroup_imageblock (lambda at /tmp/metal-ast-tvos-air32/src/cx/cxx_010_lambda_generic.metal:4:12) &),1
void (const ray_data (lambda at /tmp/metal-ast-tvos-air32/src/cx/cxx_010_lambda_generic.metal:4:12) &),1
void (const object_data (lambda at /tmp/metal-ast-tvos-air32/src/cx/cxx_010_lambda_generic.metal:4:12) &),1
void (device (lambda at /tmp/metal-ast-tvos-air32/src/cx/cxx_010_lambda_generic.metal:4:12) &&) threadgroup,1
void (device coherent(device) (lambda at /tmp/metal-ast-tvos-air32/src/cx/cxx_010_lambda_generic.metal:4:12) &&) threadgroup,1
void (threadgroup (lambda at /tmp/metal-ast-tvos-air32/src/cx/cxx_010_lambda_generic.metal:4:12) &&) threadgroup,1
void (threadgroup_imageblock (lambda at /tmp/metal-ast-tvos-air32/src/cx/cxx_010_lambda_generic.metal:4:12) &&) threadgroup,1
void (ray_data (lambda at /tmp/metal-ast-tvos-air32/src/cx/cxx_010_lambda_generic.metal:4:12) &&) threadgroup,1
void (object_data (lambda at /tmp/metal-ast-tvos-air32/src/cx/cxx_010_lambda_generic.metal:4:12) &&) threadgroup,1
void ((lambda at /tmp/metal-ast-tvos-air32/src/cx/cxx_010_lambda_generic.metal:4:12) &&) threadgroup,1
void ((lambda at /tmp/metal-ast-tvos-air32/src/cx/cxx_010_lambda_generic.metal:4:12) &&) const constant,1
void (device (lambda at /tmp/metal-ast-tvos-air32/src/cx/cxx_010_lambda_generic.metal:4:12) &&) ray_data,1
void (device coherent(device) (lambda at /tmp/metal-ast-tvos-air32/src/cx/cxx_010_lambda_generic.metal:4:12) &&) ray_data,1
void (threadgroup (lambda at /tmp/metal-ast-tvos-air32/src/cx/cxx_010_lambda_generic.metal:4:12) &&) ray_data,1
void (threadgroup_imageblock (lambda at /tmp/metal-ast-tvos-air32/src/cx/cxx_010_lambda_generic.metal:4:12) &&) ray_data,1
void (ray_data (lambda at /tmp/metal-ast-tvos-air32/src/cx/cxx_010_lambda_generic.metal:4:12) &&) ray_data,1
void (object_data (lambda at /tmp/metal-ast-tvos-air32/src/cx/cxx_010_lambda_generic.metal:4:12) &&) ray_data,1
void ((lambda at /tmp/metal-ast-tvos-air32/src/cx/cxx_010_lambda_generic.metal:4:12) &&) ray_data,1
void (device (lambda at /tmp/metal-ast-tvos-air32/src/cx/cxx_010_lambda_generic.metal:4:12) &&),1
void (device coherent(device) (lambda at /tmp/metal-ast-tvos-air32/src/cx/cxx_010_lambda_generic.metal:4:12) &&),1
void (threadgroup (lambda at /tmp/metal-ast-tvos-air32/src/cx/cxx_010_lambda_generic.metal:4:12) &&),1
void (threadgroup_imageblock (lambda at /tmp/metal-ast-tvos-air32/src/cx/cxx_010_lambda_generic.metal:4:12) &&),1
void (ray_data (lambda at /tmp/metal-ast-tvos-air32/src/cx/cxx_010_lambda_generic.metal:4:12) &&),1
void (object_data (lambda at /tmp/metal-ast-tvos-air32/src/cx/cxx_010_lambda_generic.metal:4:12) &&),1
void (const (lambda at /tmp/metal-ast-tvos-air64/src/cx/cxx_009_lambda_capture_by_ref.metal:5:12) &),1
void (const device (lambda at /tmp/metal-ast-tvos-air64/src/cx/cxx_009_lambda_capture_by_ref.metal:5:12) &) threadgroup,1
void (const device coherent(device) (lambda at /tmp/metal-ast-tvos-air64/src/cx/cxx_009_lambda_capture_by_ref.metal:5:12) &) threadgroup,1
void (const threadgroup (lambda at /tmp/metal-ast-tvos-air64/src/cx/cxx_009_lambda_capture_by_ref.metal:5:12) &) threadgroup,1
void (const constant (lambda at /tmp/metal-ast-tvos-air64/src/cx/cxx_009_lambda_capture_by_ref.metal:5:12) &) threadgroup,1
void (const threadgroup_imageblock (lambda at /tmp/metal-ast-tvos-air64/src/cx/cxx_009_lambda_capture_by_ref.metal:5:12) &) threadgroup,1
void (const ray_data (lambda at /tmp/metal-ast-tvos-air64/src/cx/cxx_009_lambda_capture_by_ref.metal:5:12) &) threadgroup,1
void (const object_data (lambda at /tmp/metal-ast-tvos-air64/src/cx/cxx_009_lambda_capture_by_ref.metal:5:12) &) threadgroup,1
void (const (lambda at /tmp/metal-ast-tvos-air64/src/cx/cxx_009_lambda_capture_by_ref.metal:5:12) &) threadgroup,1
void (const constant (lambda at /tmp/metal-ast-tvos-air64/src/cx/cxx_009_lambda_capture_by_ref.metal:5:12) &) const constant,1
void (const (lambda at /tmp/metal-ast-tvos-air64/src/cx/cxx_009_lambda_capture_by_ref.metal:5:12) &) const constant,1
void (const device (lambda at /tmp/metal-ast-tvos-air64/src/cx/cxx_009_lambda_capture_by_ref.metal:5:12) &) ray_data,1
void (const device coherent(device) (lambda at /tmp/metal-ast-tvos-air64/src/cx/cxx_009_lambda_capture_by_ref.metal:5:12) &) ray_data,1
void (const threadgroup (lambda at /tmp/metal-ast-tvos-air64/src/cx/cxx_009_lambda_capture_by_ref.metal:5:12) &) ray_data,1
void (const constant (lambda at /tmp/metal-ast-tvos-air64/src/cx/cxx_009_lambda_capture_by_ref.metal:5:12) &) ray_data,1
void (const threadgroup_imageblock (lambda at /tmp/metal-ast-tvos-air64/src/cx/cxx_009_lambda_capture_by_ref.metal:5:12) &) ray_data,1
void (const ray_data (lambda at /tmp/metal-ast-tvos-air64/src/cx/cxx_009_lambda_capture_by_ref.metal:5:12) &) ray_data,1
void (const object_data (lambda at /tmp/metal-ast-tvos-air64/src/cx/cxx_009_lambda_capture_by_ref.metal:5:12) &) ray_data,1
void (const (lambda at /tmp/metal-ast-tvos-air64/src/cx/cxx_009_lambda_capture_by_ref.metal:5:12) &) ray_data,1
void (const device (lambda at /tmp/metal-ast-tvos-air64/src/cx/cxx_009_lambda_capture_by_ref.metal:5:12) &),1
void (const device coherent(device) (lambda at /tmp/metal-ast-tvos-air64/src/cx/cxx_009_lambda_capture_by_ref.metal:5:12) &),1
void (const threadgroup (lambda at /tmp/metal-ast-tvos-air64/src/cx/cxx_009_lambda_capture_by_ref.metal:5:12) &),1
void (const constant (lambda at /tmp/metal-ast-tvos-air64/src/cx/cxx_009_lambda_capture_by_ref.metal:5:12) &),1
void (const threadgroup_imageblock (lambda at /tmp/metal-ast-tvos-air64/src/cx/cxx_009_lambda_capture_by_ref.metal:5:12) &),1
void (const ray_data (lambda at /tmp/metal-ast-tvos-air64/src/cx/cxx_009_lambda_capture_by_ref.metal:5:12) &),1
void (const object_data (lambda at /tmp/metal-ast-tvos-air64/src/cx/cxx_009_lambda_capture_by_ref.metal:5:12) &),1
void (device (lambda at /tmp/metal-ast-tvos-air64/src/cx/cxx_009_lambda_capture_by_ref.metal:5:12) &&) threadgroup,1
void (device coherent(device) (lambda at /tmp/metal-ast-tvos-air64/src/cx/cxx_009_lambda_capture_by_ref.metal:5:12) &&) threadgroup,1
void (threadgroup (lambda at /tmp/metal-ast-tvos-air64/src/cx/cxx_009_lambda_capture_by_ref.metal:5:12) &&) threadgroup,1
void (threadgroup_imageblock (lambda at /tmp/metal-ast-tvos-air64/src/cx/cxx_009_lambda_capture_by_ref.metal:5:12) &&) threadgroup,1
void (ray_data (lambda at /tmp/metal-ast-tvos-air64/src/cx/cxx_009_lambda_capture_by_ref.metal:5:12) &&) threadgroup,1
void (object_data (lambda at /tmp/metal-ast-tvos-air64/src/cx/cxx_009_lambda_capture_by_ref.metal:5:12) &&) threadgroup,1
void ((lambda at /tmp/metal-ast-tvos-air64/src/cx/cxx_009_lambda_capture_by_ref.metal:5:12) &&) threadgroup,1
void ((lambda at /tmp/metal-ast-tvos-air64/src/cx/cxx_009_lambda_capture_by_ref.metal:5:12) &&) const constant,1
void (device (lambda at /tmp/metal-ast-tvos-air64/src/cx/cxx_009_lambda_capture_by_ref.metal:5:12) &&) ray_data,1
void (device coherent(device) (lambda at /tmp/metal-ast-tvos-air64/src/cx/cxx_009_lambda_capture_by_ref.metal:5:12) &&) ray_data,1
void (threadgroup (lambda at /tmp/metal-ast-tvos-air64/src/cx/cxx_009_lambda_capture_by_ref.metal:5:12) &&) ray_data,1
void (threadgroup_imageblock (lambda at /tmp/metal-ast-tvos-air64/src/cx/cxx_009_lambda_capture_by_ref.metal:5:12) &&) ray_data,1
void (ray_data (lambda at /tmp/metal-ast-tvos-air64/src/cx/cxx_009_lambda_capture_by_ref.metal:5:12) &&) ray_data,1
void (object_data (lambda at /tmp/metal-ast-tvos-air64/src/cx/cxx_009_lambda_capture_by_ref.metal:5:12) &&) ray_data,1
void ((lambda at /tmp/metal-ast-tvos-air64/src/cx/cxx_009_lambda_capture_by_ref.metal:5:12) &&) ray_data,1
void (device (lambda at /tmp/metal-ast-tvos-air64/src/cx/cxx_009_lambda_capture_by_ref.metal:5:12) &&),1
void (device coherent(device) (lambda at /tmp/metal-ast-tvos-air64/src/cx/cxx_009_lambda_capture_by_ref.metal:5:12) &&),1
void (threadgroup (lambda at /tmp/metal-ast-tvos-air64/src/cx/cxx_009_lambda_capture_by_ref.metal:5:12) &&),1
void (threadgroup_imageblock (lambda at /tmp/metal-ast-tvos-air64/src/cx/cxx_009_lambda_capture_by_ref.metal:5:12) &&),1
void (ray_data (lambda at /tmp/metal-ast-tvos-air64/src/cx/cxx_009_lambda_capture_by_ref.metal:5:12) &&),1
void (object_data (lambda at /tmp/metal-ast-tvos-air64/src/cx/cxx_009_lambda_capture_by_ref.metal:5:12) &&),1
void (const (lambda at /tmp/metal-ast-tvos-sim-air32/src/cx/cxx_010_lambda_generic.metal:4:12) &),1
void (const device (lambda at /tmp/metal-ast-tvos-sim-air32/src/cx/cxx_010_lambda_generic.metal:4:12) &) threadgroup,1
void (const device coherent(device) (lambda at /tmp/metal-ast-tvos-sim-air32/src/cx/cxx_010_lambda_generic.metal:4:12) &) threadgroup,1
void (const threadgroup (lambda at /tmp/metal-ast-tvos-sim-air32/src/cx/cxx_010_lambda_generic.metal:4:12) &) threadgroup,1
void (const constant (lambda at /tmp/metal-ast-tvos-sim-air32/src/cx/cxx_010_lambda_generic.metal:4:12) &) threadgroup,1
void (const threadgroup_imageblock (lambda at /tmp/metal-ast-tvos-sim-air32/src/cx/cxx_010_lambda_generic.metal:4:12) &) threadgroup,1
void (const ray_data (lambda at /tmp/metal-ast-tvos-sim-air32/src/cx/cxx_010_lambda_generic.metal:4:12) &) threadgroup,1
void (const object_data (lambda at /tmp/metal-ast-tvos-sim-air32/src/cx/cxx_010_lambda_generic.metal:4:12) &) threadgroup,1
void (const (lambda at /tmp/metal-ast-tvos-sim-air32/src/cx/cxx_010_lambda_generic.metal:4:12) &) threadgroup,1
void (const constant (lambda at /tmp/metal-ast-tvos-sim-air32/src/cx/cxx_010_lambda_generic.metal:4:12) &) const constant,1
void (const (lambda at /tmp/metal-ast-tvos-sim-air32/src/cx/cxx_010_lambda_generic.metal:4:12) &) const constant,1
void (const device (lambda at /tmp/metal-ast-tvos-sim-air32/src/cx/cxx_010_lambda_generic.metal:4:12) &) ray_data,1
void (const device coherent(device) (lambda at /tmp/metal-ast-tvos-sim-air32/src/cx/cxx_010_lambda_generic.metal:4:12) &) ray_data,1
void (const threadgroup (lambda at /tmp/metal-ast-tvos-sim-air32/src/cx/cxx_010_lambda_generic.metal:4:12) &) ray_data,1
void (const constant (lambda at /tmp/metal-ast-tvos-sim-air32/src/cx/cxx_010_lambda_generic.metal:4:12) &) ray_data,1
void (const threadgroup_imageblock (lambda at /tmp/metal-ast-tvos-sim-air32/src/cx/cxx_010_lambda_generic.metal:4:12) &) ray_data,1
void (const ray_data (lambda at /tmp/metal-ast-tvos-sim-air32/src/cx/cxx_010_lambda_generic.metal:4:12) &) ray_data,1
void (const object_data (lambda at /tmp/metal-ast-tvos-sim-air32/src/cx/cxx_010_lambda_generic.metal:4:12) &) ray_data,1
void (const (lambda at /tmp/metal-ast-tvos-sim-air32/src/cx/cxx_010_lambda_generic.metal:4:12) &) ray_data,1
void (const device (lambda at /tmp/metal-ast-tvos-sim-air32/src/cx/cxx_010_lambda_generic.metal:4:12) &),1
void (const device coherent(device) (lambda at /tmp/metal-ast-tvos-sim-air32/src/cx/cxx_010_lambda_generic.metal:4:12) &),1
void (const threadgroup (lambda at /tmp/metal-ast-tvos-sim-air32/src/cx/cxx_010_lambda_generic.metal:4:12) &),1
void (const constant (lambda at /tmp/metal-ast-tvos-sim-air32/src/cx/cxx_010_lambda_generic.metal:4:12) &),1
void (const threadgroup_imageblock (lambda at /tmp/metal-ast-tvos-sim-air32/src/cx/cxx_010_lambda_generic.metal:4:12) &),1
void (const ray_data (lambda at /tmp/metal-ast-tvos-sim-air32/src/cx/cxx_010_lambda_generic.metal:4:12) &),1
void (const object_data (lambda at /tmp/metal-ast-tvos-sim-air32/src/cx/cxx_010_lambda_generic.metal:4:12) &),1
void (device (lambda at /tmp/metal-ast-tvos-sim-air32/src/cx/cxx_010_lambda_generic.metal:4:12) &&) threadgroup,1
void (device coherent(device) (lambda at /tmp/metal-ast-tvos-sim-air32/src/cx/cxx_010_lambda_generic.metal:4:12) &&) threadgroup,1
void (threadgroup (lambda at /tmp/metal-ast-tvos-sim-air32/src/cx/cxx_010_lambda_generic.metal:4:12) &&) threadgroup,1
void (threadgroup_imageblock (lambda at /tmp/metal-ast-tvos-sim-air32/src/cx/cxx_010_lambda_generic.metal:4:12) &&) threadgroup,1
void (ray_data (lambda at /tmp/metal-ast-tvos-sim-air32/src/cx/cxx_010_lambda_generic.metal:4:12) &&) threadgroup,1
void (object_data (lambda at /tmp/metal-ast-tvos-sim-air32/src/cx/cxx_010_lambda_generic.metal:4:12) &&) threadgroup,1
void ((lambda at /tmp/metal-ast-tvos-sim-air32/src/cx/cxx_010_lambda_generic.metal:4:12) &&) threadgroup,1
void ((lambda at /tmp/metal-ast-tvos-sim-air32/src/cx/cxx_010_lambda_generic.metal:4:12) &&) const constant,1
void (device (lambda at /tmp/metal-ast-tvos-sim-air32/src/cx/cxx_010_lambda_generic.metal:4:12) &&) ray_data,1
void (device coherent(device) (lambda at /tmp/metal-ast-tvos-sim-air32/src/cx/cxx_010_lambda_generic.metal:4:12) &&) ray_data,1
void (threadgroup (lambda at /tmp/metal-ast-tvos-sim-air32/src/cx/cxx_010_lambda_generic.metal:4:12) &&) ray_data,1
void (threadgroup_imageblock (lambda at /tmp/metal-ast-tvos-sim-air32/src/cx/cxx_010_lambda_generic.metal:4:12) &&) ray_data,1
void (ray_data (lambda at /tmp/metal-ast-tvos-sim-air32/src/cx/cxx_010_lambda_generic.metal:4:12) &&) ray_data,1
void (object_data (lambda at /tmp/metal-ast-tvos-sim-air32/src/cx/cxx_010_lambda_generic.metal:4:12) &&) ray_data,1
void ((lambda at /tmp/metal-ast-tvos-sim-air32/src/cx/cxx_010_lambda_generic.metal:4:12) &&) ray_data,1
void (device (lambda at /tmp/metal-ast-tvos-sim-air32/src/cx/cxx_010_lambda_generic.metal:4:12) &&),1
void (device coherent(device) (lambda at /tmp/metal-ast-tvos-sim-air32/src/cx/cxx_010_lambda_generic.metal:4:12) &&),1
void (threadgroup (lambda at /tmp/metal-ast-tvos-sim-air32/src/cx/cxx_010_lambda_generic.metal:4:12) &&),1
void (threadgroup_imageblock (lambda at /tmp/metal-ast-tvos-sim-air32/src/cx/cxx_010_lambda_generic.metal:4:12) &&),1
void (ray_data (lambda at /tmp/metal-ast-tvos-sim-air32/src/cx/cxx_010_lambda_generic.metal:4:12) &&),1
void (object_data (lambda at /tmp/metal-ast-tvos-sim-air32/src/cx/cxx_010_lambda_generic.metal:4:12) &&),1
void (const (lambda at /tmp/metal-ast-tvos-sim-air64/src/cx/cxx_009_lambda_capture_by_ref.metal:5:12) &),1
void (const device (lambda at /tmp/metal-ast-tvos-sim-air64/src/cx/cxx_009_lambda_capture_by_ref.metal:5:12) &) threadgroup,1
void (const device coherent(device) (lambda at /tmp/metal-ast-tvos-sim-air64/src/cx/cxx_009_lambda_capture_by_ref.metal:5:12) &) threadgroup,1
void (const threadgroup (lambda at /tmp/metal-ast-tvos-sim-air64/src/cx/cxx_009_lambda_capture_by_ref.metal:5:12) &) threadgroup,1
void (const constant (lambda at /tmp/metal-ast-tvos-sim-air64/src/cx/cxx_009_lambda_capture_by_ref.metal:5:12) &) threadgroup,1
void (const threadgroup_imageblock (lambda at /tmp/metal-ast-tvos-sim-air64/src/cx/cxx_009_lambda_capture_by_ref.metal:5:12) &) threadgroup,1
void (const ray_data (lambda at /tmp/metal-ast-tvos-sim-air64/src/cx/cxx_009_lambda_capture_by_ref.metal:5:12) &) threadgroup,1
void (const object_data (lambda at /tmp/metal-ast-tvos-sim-air64/src/cx/cxx_009_lambda_capture_by_ref.metal:5:12) &) threadgroup,1
void (const (lambda at /tmp/metal-ast-tvos-sim-air64/src/cx/cxx_009_lambda_capture_by_ref.metal:5:12) &) threadgroup,1
void (const constant (lambda at /tmp/metal-ast-tvos-sim-air64/src/cx/cxx_009_lambda_capture_by_ref.metal:5:12) &) const constant,1
void (const (lambda at /tmp/metal-ast-tvos-sim-air64/src/cx/cxx_009_lambda_capture_by_ref.metal:5:12) &) const constant,1
void (const device (lambda at /tmp/metal-ast-tvos-sim-air64/src/cx/cxx_009_lambda_capture_by_ref.metal:5:12) &) ray_data,1
void (const device coherent(device) (lambda at /tmp/metal-ast-tvos-sim-air64/src/cx/cxx_009_lambda_capture_by_ref.metal:5:12) &) ray_data,1
void (const threadgroup (lambda at /tmp/metal-ast-tvos-sim-air64/src/cx/cxx_009_lambda_capture_by_ref.metal:5:12) &) ray_data,1
void (const constant (lambda at /tmp/metal-ast-tvos-sim-air64/src/cx/cxx_009_lambda_capture_by_ref.metal:5:12) &) ray_data,1
void (const threadgroup_imageblock (lambda at /tmp/metal-ast-tvos-sim-air64/src/cx/cxx_009_lambda_capture_by_ref.metal:5:12) &) ray_data,1
void (const ray_data (lambda at /tmp/metal-ast-tvos-sim-air64/src/cx/cxx_009_lambda_capture_by_ref.metal:5:12) &) ray_data,1
void (const object_data (lambda at /tmp/metal-ast-tvos-sim-air64/src/cx/cxx_009_lambda_capture_by_ref.metal:5:12) &) ray_data,1
void (const (lambda at /tmp/metal-ast-tvos-sim-air64/src/cx/cxx_009_lambda_capture_by_ref.metal:5:12) &) ray_data,1
void (const device (lambda at /tmp/metal-ast-tvos-sim-air64/src/cx/cxx_009_lambda_capture_by_ref.metal:5:12) &),1
void (const device coherent(device) (lambda at /tmp/metal-ast-tvos-sim-air64/src/cx/cxx_009_lambda_capture_by_ref.metal:5:12) &),1
void (const threadgroup (lambda at /tmp/metal-ast-tvos-sim-air64/src/cx/cxx_009_lambda_capture_by_ref.metal:5:12) &),1
void (const constant (lambda at /tmp/metal-ast-tvos-sim-air64/src/cx/cxx_009_lambda_capture_by_ref.metal:5:12) &),1
void (const threadgroup_imageblock (lambda at /tmp/metal-ast-tvos-sim-air64/src/cx/cxx_009_lambda_capture_by_ref.metal:5:12) &),1
void (const ray_data (lambda at /tmp/metal-ast-tvos-sim-air64/src/cx/cxx_009_lambda_capture_by_ref.metal:5:12) &),1
void (const object_data (lambda at /tmp/metal-ast-tvos-sim-air64/src/cx/cxx_009_lambda_capture_by_ref.metal:5:12) &),1
void (device (lambda at /tmp/metal-ast-tvos-sim-air64/src/cx/cxx_009_lambda_capture_by_ref.metal:5:12) &&) threadgroup,1
void (device coherent(device) (lambda at /tmp/metal-ast-tvos-sim-air64/src/cx/cxx_009_lambda_capture_by_ref.metal:5:12) &&) threadgroup,1
void (threadgroup (lambda at /tmp/metal-ast-tvos-sim-air64/src/cx/cxx_009_lambda_capture_by_ref.metal:5:12) &&) threadgroup,1
void (threadgroup_imageblock (lambda at /tmp/metal-ast-tvos-sim-air64/src/cx/cxx_009_lambda_capture_by_ref.metal:5:12) &&) threadgroup,1
void (ray_data (lambda at /tmp/metal-ast-tvos-sim-air64/src/cx/cxx_009_lambda_capture_by_ref.metal:5:12) &&) threadgroup,1
void (object_data (lambda at /tmp/metal-ast-tvos-sim-air64/src/cx/cxx_009_lambda_capture_by_ref.metal:5:12) &&) threadgroup,1
void ((lambda at /tmp/metal-ast-tvos-sim-air64/src/cx/cxx_009_lambda_capture_by_ref.metal:5:12) &&) threadgroup,1
void ((lambda at /tmp/metal-ast-tvos-sim-air64/src/cx/cxx_009_lambda_capture_by_ref.metal:5:12) &&) const constant,1
void (device (lambda at /tmp/metal-ast-tvos-sim-air64/src/cx/cxx_009_lambda_capture_by_ref.metal:5:12) &&) ray_data,1
void (device coherent(device) (lambda at /tmp/metal-ast-tvos-sim-air64/src/cx/cxx_009_lambda_capture_by_ref.metal:5:12) &&) ray_data,1
void (threadgroup (lambda at /tmp/metal-ast-tvos-sim-air64/src/cx/cxx_009_lambda_capture_by_ref.metal:5:12) &&) ray_data,1
void (threadgroup_imageblock (lambda at /tmp/metal-ast-tvos-sim-air64/src/cx/cxx_009_lambda_capture_by_ref.metal:5:12) &&) ray_data,1
void (ray_data (lambda at /tmp/metal-ast-tvos-sim-air64/src/cx/cxx_009_lambda_capture_by_ref.metal:5:12) &&) ray_data,1
void (object_data (lambda at /tmp/metal-ast-tvos-sim-air64/src/cx/cxx_009_lambda_capture_by_ref.metal:5:12) &&) ray_data,1
void ((lambda at /tmp/metal-ast-tvos-sim-air64/src/cx/cxx_009_lambda_capture_by_ref.metal:5:12) &&) ray_data,1
void (device (lambda at /tmp/metal-ast-tvos-sim-air64/src/cx/cxx_009_lambda_capture_by_ref.metal:5:12) &&),1
void (device coherent(device) (lambda at /tmp/metal-ast-tvos-sim-air64/src/cx/cxx_009_lambda_capture_by_ref.metal:5:12) &&),1
void (threadgroup (lambda at /tmp/metal-ast-tvos-sim-air64/src/cx/cxx_009_lambda_capture_by_ref.metal:5:12) &&),1
void (threadgroup_imageblock (lambda at /tmp/metal-ast-tvos-sim-air64/src/cx/cxx_009_lambda_capture_by_ref.metal:5:12) &&),1
void (ray_data (lambda at /tmp/metal-ast-tvos-sim-air64/src/cx/cxx_009_lambda_capture_by_ref.metal:5:12) &&),1
void (object_data (lambda at /tmp/metal-ast-tvos-sim-air64/src/cx/cxx_009_lambda_capture_by_ref.metal:5:12) &&),1
void (const (lambda at /tmp/metal-ast-watchos-air32/src/cx/cxx_009_lambda_capture_by_ref.metal:5:12) &),1
void (const device (lambda at /tmp/metal-ast-watchos-air32/src/cx/cxx_009_lambda_capture_by_ref.metal:5:12) &) threadgroup,1
void (const device coherent(device) (lambda at /tmp/metal-ast-watchos-air32/src/cx/cxx_009_lambda_capture_by_ref.metal:5:12) &) threadgroup,1
void (const threadgroup (lambda at /tmp/metal-ast-watchos-air32/src/cx/cxx_009_lambda_capture_by_ref.metal:5:12) &) threadgroup,1
void (const constant (lambda at /tmp/metal-ast-watchos-air32/src/cx/cxx_009_lambda_capture_by_ref.metal:5:12) &) threadgroup,1
void (const threadgroup_imageblock (lambda at /tmp/metal-ast-watchos-air32/src/cx/cxx_009_lambda_capture_by_ref.metal:5:12) &) threadgroup,1
void (const ray_data (lambda at /tmp/metal-ast-watchos-air32/src/cx/cxx_009_lambda_capture_by_ref.metal:5:12) &) threadgroup,1
void (const object_data (lambda at /tmp/metal-ast-watchos-air32/src/cx/cxx_009_lambda_capture_by_ref.metal:5:12) &) threadgroup,1
void (const (lambda at /tmp/metal-ast-watchos-air32/src/cx/cxx_009_lambda_capture_by_ref.metal:5:12) &) threadgroup,1
void (const constant (lambda at /tmp/metal-ast-watchos-air32/src/cx/cxx_009_lambda_capture_by_ref.metal:5:12) &) const constant,1
void (const (lambda at /tmp/metal-ast-watchos-air32/src/cx/cxx_009_lambda_capture_by_ref.metal:5:12) &) const constant,1
void (const device (lambda at /tmp/metal-ast-watchos-air32/src/cx/cxx_009_lambda_capture_by_ref.metal:5:12) &) ray_data,1
void (const device coherent(device) (lambda at /tmp/metal-ast-watchos-air32/src/cx/cxx_009_lambda_capture_by_ref.metal:5:12) &) ray_data,1
void (const threadgroup (lambda at /tmp/metal-ast-watchos-air32/src/cx/cxx_009_lambda_capture_by_ref.metal:5:12) &) ray_data,1
void (const constant (lambda at /tmp/metal-ast-watchos-air32/src/cx/cxx_009_lambda_capture_by_ref.metal:5:12) &) ray_data,1
void (const threadgroup_imageblock (lambda at /tmp/metal-ast-watchos-air32/src/cx/cxx_009_lambda_capture_by_ref.metal:5:12) &) ray_data,1
void (const ray_data (lambda at /tmp/metal-ast-watchos-air32/src/cx/cxx_009_lambda_capture_by_ref.metal:5:12) &) ray_data,1
void (const object_data (lambda at /tmp/metal-ast-watchos-air32/src/cx/cxx_009_lambda_capture_by_ref.metal:5:12) &) ray_data,1
void (const (lambda at /tmp/metal-ast-watchos-air32/src/cx/cxx_009_lambda_capture_by_ref.metal:5:12) &) ray_data,1
void (const device (lambda at /tmp/metal-ast-watchos-air32/src/cx/cxx_009_lambda_capture_by_ref.metal:5:12) &),1
void (const device coherent(device) (lambda at /tmp/metal-ast-watchos-air32/src/cx/cxx_009_lambda_capture_by_ref.metal:5:12) &),1
void (const threadgroup (lambda at /tmp/metal-ast-watchos-air32/src/cx/cxx_009_lambda_capture_by_ref.metal:5:12) &),1
void (const constant (lambda at /tmp/metal-ast-watchos-air32/src/cx/cxx_009_lambda_capture_by_ref.metal:5:12) &),1
void (const threadgroup_imageblock (lambda at /tmp/metal-ast-watchos-air32/src/cx/cxx_009_lambda_capture_by_ref.metal:5:12) &),1
void (const ray_data (lambda at /tmp/metal-ast-watchos-air32/src/cx/cxx_009_lambda_capture_by_ref.metal:5:12) &),1
void (const object_data (lambda at /tmp/metal-ast-watchos-air32/src/cx/cxx_009_lambda_capture_by_ref.metal:5:12) &),1
void (device (lambda at /tmp/metal-ast-watchos-air32/src/cx/cxx_009_lambda_capture_by_ref.metal:5:12) &&) threadgroup,1
void (device coherent(device) (lambda at /tmp/metal-ast-watchos-air32/src/cx/cxx_009_lambda_capture_by_ref.metal:5:12) &&) threadgroup,1
void (threadgroup (lambda at /tmp/metal-ast-watchos-air32/src/cx/cxx_009_lambda_capture_by_ref.metal:5:12) &&) threadgroup,1
void (threadgroup_imageblock (lambda at /tmp/metal-ast-watchos-air32/src/cx/cxx_009_lambda_capture_by_ref.metal:5:12) &&) threadgroup,1
void (ray_data (lambda at /tmp/metal-ast-watchos-air32/src/cx/cxx_009_lambda_capture_by_ref.metal:5:12) &&) threadgroup,1
void (object_data (lambda at /tmp/metal-ast-watchos-air32/src/cx/cxx_009_lambda_capture_by_ref.metal:5:12) &&) threadgroup,1
void ((lambda at /tmp/metal-ast-watchos-air32/src/cx/cxx_009_lambda_capture_by_ref.metal:5:12) &&) threadgroup,1
void ((lambda at /tmp/metal-ast-watchos-air32/src/cx/cxx_009_lambda_capture_by_ref.metal:5:12) &&) const constant,1
void (device (lambda at /tmp/metal-ast-watchos-air32/src/cx/cxx_009_lambda_capture_by_ref.metal:5:12) &&) ray_data,1
void (device coherent(device) (lambda at /tmp/metal-ast-watchos-air32/src/cx/cxx_009_lambda_capture_by_ref.metal:5:12) &&) ray_data,1
void (threadgroup (lambda at /tmp/metal-ast-watchos-air32/src/cx/cxx_009_lambda_capture_by_ref.metal:5:12) &&) ray_data,1
void (threadgroup_imageblock (lambda at /tmp/metal-ast-watchos-air32/src/cx/cxx_009_lambda_capture_by_ref.metal:5:12) &&) ray_data,1
void (ray_data (lambda at /tmp/metal-ast-watchos-air32/src/cx/cxx_009_lambda_capture_by_ref.metal:5:12) &&) ray_data,1
void (object_data (lambda at /tmp/metal-ast-watchos-air32/src/cx/cxx_009_lambda_capture_by_ref.metal:5:12) &&) ray_data,1
void ((lambda at /tmp/metal-ast-watchos-air32/src/cx/cxx_009_lambda_capture_by_ref.metal:5:12) &&) ray_data,1
void (device (lambda at /tmp/metal-ast-watchos-air32/src/cx/cxx_009_lambda_capture_by_ref.metal:5:12) &&),1
void (device coherent(device) (lambda at /tmp/metal-ast-watchos-air32/src/cx/cxx_009_lambda_capture_by_ref.metal:5:12) &&),1
void (threadgroup (lambda at /tmp/metal-ast-watchos-air32/src/cx/cxx_009_lambda_capture_by_ref.metal:5:12) &&),1
void (threadgroup_imageblock (lambda at /tmp/metal-ast-watchos-air32/src/cx/cxx_009_lambda_capture_by_ref.metal:5:12) &&),1
void (ray_data (lambda at /tmp/metal-ast-watchos-air32/src/cx/cxx_009_lambda_capture_by_ref.metal:5:12) &&),1
void (object_data (lambda at /tmp/metal-ast-watchos-air32/src/cx/cxx_009_lambda_capture_by_ref.metal:5:12) &&),1
void (const (lambda at /tmp/metal-ast-watchos-air64/src/cx/cxx_009_lambda_capture_by_ref.metal:5:12) &),1
void (const device (lambda at /tmp/metal-ast-watchos-air64/src/cx/cxx_009_lambda_capture_by_ref.metal:5:12) &) threadgroup,1
void (const device coherent(device) (lambda at /tmp/metal-ast-watchos-air64/src/cx/cxx_009_lambda_capture_by_ref.metal:5:12) &) threadgroup,1
void (const threadgroup (lambda at /tmp/metal-ast-watchos-air64/src/cx/cxx_009_lambda_capture_by_ref.metal:5:12) &) threadgroup,1
void (const constant (lambda at /tmp/metal-ast-watchos-air64/src/cx/cxx_009_lambda_capture_by_ref.metal:5:12) &) threadgroup,1
void (const threadgroup_imageblock (lambda at /tmp/metal-ast-watchos-air64/src/cx/cxx_009_lambda_capture_by_ref.metal:5:12) &) threadgroup,1
void (const ray_data (lambda at /tmp/metal-ast-watchos-air64/src/cx/cxx_009_lambda_capture_by_ref.metal:5:12) &) threadgroup,1
void (const object_data (lambda at /tmp/metal-ast-watchos-air64/src/cx/cxx_009_lambda_capture_by_ref.metal:5:12) &) threadgroup,1
void (const (lambda at /tmp/metal-ast-watchos-air64/src/cx/cxx_009_lambda_capture_by_ref.metal:5:12) &) threadgroup,1
void (const constant (lambda at /tmp/metal-ast-watchos-air64/src/cx/cxx_009_lambda_capture_by_ref.metal:5:12) &) const constant,1
void (const (lambda at /tmp/metal-ast-watchos-air64/src/cx/cxx_009_lambda_capture_by_ref.metal:5:12) &) const constant,1
void (const device (lambda at /tmp/metal-ast-watchos-air64/src/cx/cxx_009_lambda_capture_by_ref.metal:5:12) &) ray_data,1
void (const device coherent(device) (lambda at /tmp/metal-ast-watchos-air64/src/cx/cxx_009_lambda_capture_by_ref.metal:5:12) &) ray_data,1
void (const threadgroup (lambda at /tmp/metal-ast-watchos-air64/src/cx/cxx_009_lambda_capture_by_ref.metal:5:12) &) ray_data,1
void (const constant (lambda at /tmp/metal-ast-watchos-air64/src/cx/cxx_009_lambda_capture_by_ref.metal:5:12) &) ray_data,1
void (const threadgroup_imageblock (lambda at /tmp/metal-ast-watchos-air64/src/cx/cxx_009_lambda_capture_by_ref.metal:5:12) &) ray_data,1
void (const ray_data (lambda at /tmp/metal-ast-watchos-air64/src/cx/cxx_009_lambda_capture_by_ref.metal:5:12) &) ray_data,1
void (const object_data (lambda at /tmp/metal-ast-watchos-air64/src/cx/cxx_009_lambda_capture_by_ref.metal:5:12) &) ray_data,1
void (const (lambda at /tmp/metal-ast-watchos-air64/src/cx/cxx_009_lambda_capture_by_ref.metal:5:12) &) ray_data,1
void (const device (lambda at /tmp/metal-ast-watchos-air64/src/cx/cxx_009_lambda_capture_by_ref.metal:5:12) &),1
void (const device coherent(device) (lambda at /tmp/metal-ast-watchos-air64/src/cx/cxx_009_lambda_capture_by_ref.metal:5:12) &),1
void (const threadgroup (lambda at /tmp/metal-ast-watchos-air64/src/cx/cxx_009_lambda_capture_by_ref.metal:5:12) &),1
void (const constant (lambda at /tmp/metal-ast-watchos-air64/src/cx/cxx_009_lambda_capture_by_ref.metal:5:12) &),1
void (const threadgroup_imageblock (lambda at /tmp/metal-ast-watchos-air64/src/cx/cxx_009_lambda_capture_by_ref.metal:5:12) &),1
void (const ray_data (lambda at /tmp/metal-ast-watchos-air64/src/cx/cxx_009_lambda_capture_by_ref.metal:5:12) &),1
void (const object_data (lambda at /tmp/metal-ast-watchos-air64/src/cx/cxx_009_lambda_capture_by_ref.metal:5:12) &),1
void (device (lambda at /tmp/metal-ast-watchos-air64/src/cx/cxx_009_lambda_capture_by_ref.metal:5:12) &&) threadgroup,1
void (device coherent(device) (lambda at /tmp/metal-ast-watchos-air64/src/cx/cxx_009_lambda_capture_by_ref.metal:5:12) &&) threadgroup,1
void (threadgroup (lambda at /tmp/metal-ast-watchos-air64/src/cx/cxx_009_lambda_capture_by_ref.metal:5:12) &&) threadgroup,1
void (threadgroup_imageblock (lambda at /tmp/metal-ast-watchos-air64/src/cx/cxx_009_lambda_capture_by_ref.metal:5:12) &&) threadgroup,1
void (ray_data (lambda at /tmp/metal-ast-watchos-air64/src/cx/cxx_009_lambda_capture_by_ref.metal:5:12) &&) threadgroup,1
void (object_data (lambda at /tmp/metal-ast-watchos-air64/src/cx/cxx_009_lambda_capture_by_ref.metal:5:12) &&) threadgroup,1
void ((lambda at /tmp/metal-ast-watchos-air64/src/cx/cxx_009_lambda_capture_by_ref.metal:5:12) &&) threadgroup,1
void ((lambda at /tmp/metal-ast-watchos-air64/src/cx/cxx_009_lambda_capture_by_ref.metal:5:12) &&) const constant,1
void (device (lambda at /tmp/metal-ast-watchos-air64/src/cx/cxx_009_lambda_capture_by_ref.metal:5:12) &&) ray_data,1
void (device coherent(device) (lambda at /tmp/metal-ast-watchos-air64/src/cx/cxx_009_lambda_capture_by_ref.metal:5:12) &&) ray_data,1
void (threadgroup (lambda at /tmp/metal-ast-watchos-air64/src/cx/cxx_009_lambda_capture_by_ref.metal:5:12) &&) ray_data,1
void (threadgroup_imageblock (lambda at /tmp/metal-ast-watchos-air64/src/cx/cxx_009_lambda_capture_by_ref.metal:5:12) &&) ray_data,1
void (ray_data (lambda at /tmp/metal-ast-watchos-air64/src/cx/cxx_009_lambda_capture_by_ref.metal:5:12) &&) ray_data,1
void (object_data (lambda at /tmp/metal-ast-watchos-air64/src/cx/cxx_009_lambda_capture_by_ref.metal:5:12) &&) ray_data,1
void ((lambda at /tmp/metal-ast-watchos-air64/src/cx/cxx_009_lambda_capture_by_ref.metal:5:12) &&) ray_data,1
void (device (lambda at /tmp/metal-ast-watchos-air64/src/cx/cxx_009_lambda_capture_by_ref.metal:5:12) &&),1
void (device coherent(device) (lambda at /tmp/metal-ast-watchos-air64/src/cx/cxx_009_lambda_capture_by_ref.metal:5:12) &&),1
void (threadgroup (lambda at /tmp/metal-ast-watchos-air64/src/cx/cxx_009_lambda_capture_by_ref.metal:5:12) &&),1
void (threadgroup_imageblock (lambda at /tmp/metal-ast-watchos-air64/src/cx/cxx_009_lambda_capture_by_ref.metal:5:12) &&),1
void (ray_data (lambda at /tmp/metal-ast-watchos-air64/src/cx/cxx_009_lambda_capture_by_ref.metal:5:12) &&),1
void (object_data (lambda at /tmp/metal-ast-watchos-air64/src/cx/cxx_009_lambda_capture_by_ref.metal:5:12) &&),1
void (const (lambda at /tmp/metal-ast-watchos-sim-air32/src/cx/cxx_009_lambda_capture_by_ref.metal:5:12) &),1
void (const device (lambda at /tmp/metal-ast-watchos-sim-air32/src/cx/cxx_009_lambda_capture_by_ref.metal:5:12) &) threadgroup,1
void (const device coherent(device) (lambda at /tmp/metal-ast-watchos-sim-air32/src/cx/cxx_009_lambda_capture_by_ref.metal:5:12) &) threadgroup,1
void (const threadgroup (lambda at /tmp/metal-ast-watchos-sim-air32/src/cx/cxx_009_lambda_capture_by_ref.metal:5:12) &) threadgroup,1
void (const constant (lambda at /tmp/metal-ast-watchos-sim-air32/src/cx/cxx_009_lambda_capture_by_ref.metal:5:12) &) threadgroup,1
void (const threadgroup_imageblock (lambda at /tmp/metal-ast-watchos-sim-air32/src/cx/cxx_009_lambda_capture_by_ref.metal:5:12) &) threadgroup,1
void (const ray_data (lambda at /tmp/metal-ast-watchos-sim-air32/src/cx/cxx_009_lambda_capture_by_ref.metal:5:12) &) threadgroup,1
void (const object_data (lambda at /tmp/metal-ast-watchos-sim-air32/src/cx/cxx_009_lambda_capture_by_ref.metal:5:12) &) threadgroup,1
void (const (lambda at /tmp/metal-ast-watchos-sim-air32/src/cx/cxx_009_lambda_capture_by_ref.metal:5:12) &) threadgroup,1
void (const constant (lambda at /tmp/metal-ast-watchos-sim-air32/src/cx/cxx_009_lambda_capture_by_ref.metal:5:12) &) const constant,1
void (const (lambda at /tmp/metal-ast-watchos-sim-air32/src/cx/cxx_009_lambda_capture_by_ref.metal:5:12) &) const constant,1
void (const device (lambda at /tmp/metal-ast-watchos-sim-air32/src/cx/cxx_009_lambda_capture_by_ref.metal:5:12) &) ray_data,1
void (const device coherent(device) (lambda at /tmp/metal-ast-watchos-sim-air32/src/cx/cxx_009_lambda_capture_by_ref.metal:5:12) &) ray_data,1
void (const threadgroup (lambda at /tmp/metal-ast-watchos-sim-air32/src/cx/cxx_009_lambda_capture_by_ref.metal:5:12) &) ray_data,1
void (const constant (lambda at /tmp/metal-ast-watchos-sim-air32/src/cx/cxx_009_lambda_capture_by_ref.metal:5:12) &) ray_data,1
void (const threadgroup_imageblock (lambda at /tmp/metal-ast-watchos-sim-air32/src/cx/cxx_009_lambda_capture_by_ref.metal:5:12) &) ray_data,1
void (const ray_data (lambda at /tmp/metal-ast-watchos-sim-air32/src/cx/cxx_009_lambda_capture_by_ref.metal:5:12) &) ray_data,1
void (const object_data (lambda at /tmp/metal-ast-watchos-sim-air32/src/cx/cxx_009_lambda_capture_by_ref.metal:5:12) &) ray_data,1
void (const (lambda at /tmp/metal-ast-watchos-sim-air32/src/cx/cxx_009_lambda_capture_by_ref.metal:5:12) &) ray_data,1
void (const device (lambda at /tmp/metal-ast-watchos-sim-air32/src/cx/cxx_009_lambda_capture_by_ref.metal:5:12) &),1
void (const device coherent(device) (lambda at /tmp/metal-ast-watchos-sim-air32/src/cx/cxx_009_lambda_capture_by_ref.metal:5:12) &),1
void (const threadgroup (lambda at /tmp/metal-ast-watchos-sim-air32/src/cx/cxx_009_lambda_capture_by_ref.metal:5:12) &),1
void (const constant (lambda at /tmp/metal-ast-watchos-sim-air32/src/cx/cxx_009_lambda_capture_by_ref.metal:5:12) &),1
void (const threadgroup_imageblock (lambda at /tmp/metal-ast-watchos-sim-air32/src/cx/cxx_009_lambda_capture_by_ref.metal:5:12) &),1
void (const ray_data (lambda at /tmp/metal-ast-watchos-sim-air32/src/cx/cxx_009_lambda_capture_by_ref.metal:5:12) &),1
void (const object_data (lambda at /tmp/metal-ast-watchos-sim-air32/src/cx/cxx_009_lambda_capture_by_ref.metal:5:12) &),1
void (device (lambda at /tmp/metal-ast-watchos-sim-air32/src/cx/cxx_009_lambda_capture_by_ref.metal:5:12) &&) threadgroup,1
void (device coherent(device) (lambda at /tmp/metal-ast-watchos-sim-air32/src/cx/cxx_009_lambda_capture_by_ref.metal:5:12) &&) threadgroup,1
void (threadgroup (lambda at /tmp/metal-ast-watchos-sim-air32/src/cx/cxx_009_lambda_capture_by_ref.metal:5:12) &&) threadgroup,1
void (threadgroup_imageblock (lambda at /tmp/metal-ast-watchos-sim-air32/src/cx/cxx_009_lambda_capture_by_ref.metal:5:12) &&) threadgroup,1
void (ray_data (lambda at /tmp/metal-ast-watchos-sim-air32/src/cx/cxx_009_lambda_capture_by_ref.metal:5:12) &&) threadgroup,1
void (object_data (lambda at /tmp/metal-ast-watchos-sim-air32/src/cx/cxx_009_lambda_capture_by_ref.metal:5:12) &&) threadgroup,1
void ((lambda at /tmp/metal-ast-watchos-sim-air32/src/cx/cxx_009_lambda_capture_by_ref.metal:5:12) &&) threadgroup,1
void ((lambda at /tmp/metal-ast-watchos-sim-air32/src/cx/cxx_009_lambda_capture_by_ref.metal:5:12) &&) const constant,1
void (device (lambda at /tmp/metal-ast-watchos-sim-air32/src/cx/cxx_009_lambda_capture_by_ref.metal:5:12) &&) ray_data,1
void (device coherent(device) (lambda at /tmp/metal-ast-watchos-sim-air32/src/cx/cxx_009_lambda_capture_by_ref.metal:5:12) &&) ray_data,1
void (threadgroup (lambda at /tmp/metal-ast-watchos-sim-air32/src/cx/cxx_009_lambda_capture_by_ref.metal:5:12) &&) ray_data,1
void (threadgroup_imageblock (lambda at /tmp/metal-ast-watchos-sim-air32/src/cx/cxx_009_lambda_capture_by_ref.metal:5:12) &&) ray_data,1
void (ray_data (lambda at /tmp/metal-ast-watchos-sim-air32/src/cx/cxx_009_lambda_capture_by_ref.metal:5:12) &&) ray_data,1
void (object_data (lambda at /tmp/metal-ast-watchos-sim-air32/src/cx/cxx_009_lambda_capture_by_ref.metal:5:12) &&) ray_data,1
void ((lambda at /tmp/metal-ast-watchos-sim-air32/src/cx/cxx_009_lambda_capture_by_ref.metal:5:12) &&) ray_data,1
void (device (lambda at /tmp/metal-ast-watchos-sim-air32/src/cx/cxx_009_lambda_capture_by_ref.metal:5:12) &&),1
void (device coherent(device) (lambda at /tmp/metal-ast-watchos-sim-air32/src/cx/cxx_009_lambda_capture_by_ref.metal:5:12) &&),1
void (threadgroup (lambda at /tmp/metal-ast-watchos-sim-air32/src/cx/cxx_009_lambda_capture_by_ref.metal:5:12) &&),1
void (threadgroup_imageblock (lambda at /tmp/metal-ast-watchos-sim-air32/src/cx/cxx_009_lambda_capture_by_ref.metal:5:12) &&),1
void (ray_data (lambda at /tmp/metal-ast-watchos-sim-air32/src/cx/cxx_009_lambda_capture_by_ref.metal:5:12) &&),1
void (object_data (lambda at /tmp/metal-ast-watchos-sim-air32/src/cx/cxx_009_lambda_capture_by_ref.metal:5:12) &&),1
void (const (lambda at /tmp/metal-ast-watchos-sim-air64/src/cx/cxx_009_lambda_capture_by_ref.metal:5:12) &),1
void (const device (lambda at /tmp/metal-ast-watchos-sim-air64/src/cx/cxx_009_lambda_capture_by_ref.metal:5:12) &) threadgroup,1
void (const device coherent(device) (lambda at /tmp/metal-ast-watchos-sim-air64/src/cx/cxx_009_lambda_capture_by_ref.metal:5:12) &) threadgroup,1
void (const threadgroup (lambda at /tmp/metal-ast-watchos-sim-air64/src/cx/cxx_009_lambda_capture_by_ref.metal:5:12) &) threadgroup,1
void (const constant (lambda at /tmp/metal-ast-watchos-sim-air64/src/cx/cxx_009_lambda_capture_by_ref.metal:5:12) &) threadgroup,1
void (const threadgroup_imageblock (lambda at /tmp/metal-ast-watchos-sim-air64/src/cx/cxx_009_lambda_capture_by_ref.metal:5:12) &) threadgroup,1
void (const ray_data (lambda at /tmp/metal-ast-watchos-sim-air64/src/cx/cxx_009_lambda_capture_by_ref.metal:5:12) &) threadgroup,1
void (const object_data (lambda at /tmp/metal-ast-watchos-sim-air64/src/cx/cxx_009_lambda_capture_by_ref.metal:5:12) &) threadgroup,1
void (const (lambda at /tmp/metal-ast-watchos-sim-air64/src/cx/cxx_009_lambda_capture_by_ref.metal:5:12) &) threadgroup,1
void (const constant (lambda at /tmp/metal-ast-watchos-sim-air64/src/cx/cxx_009_lambda_capture_by_ref.metal:5:12) &) const constant,1
void (const (lambda at /tmp/metal-ast-watchos-sim-air64/src/cx/cxx_009_lambda_capture_by_ref.metal:5:12) &) const constant,1
void (const device (lambda at /tmp/metal-ast-watchos-sim-air64/src/cx/cxx_009_lambda_capture_by_ref.metal:5:12) &) ray_data,1
void (const device coherent(device) (lambda at /tmp/metal-ast-watchos-sim-air64/src/cx/cxx_009_lambda_capture_by_ref.metal:5:12) &) ray_data,1
void (const threadgroup (lambda at /tmp/metal-ast-watchos-sim-air64/src/cx/cxx_009_lambda_capture_by_ref.metal:5:12) &) ray_data,1
void (const constant (lambda at /tmp/metal-ast-watchos-sim-air64/src/cx/cxx_009_lambda_capture_by_ref.metal:5:12) &) ray_data,1
void (const threadgroup_imageblock (lambda at /tmp/metal-ast-watchos-sim-air64/src/cx/cxx_009_lambda_capture_by_ref.metal:5:12) &) ray_data,1
void (const ray_data (lambda at /tmp/metal-ast-watchos-sim-air64/src/cx/cxx_009_lambda_capture_by_ref.metal:5:12) &) ray_data,1
void (const object_data (lambda at /tmp/metal-ast-watchos-sim-air64/src/cx/cxx_009_lambda_capture_by_ref.metal:5:12) &) ray_data,1
void (const (lambda at /tmp/metal-ast-watchos-sim-air64/src/cx/cxx_009_lambda_capture_by_ref.metal:5:12) &) ray_data,1
void (const device (lambda at /tmp/metal-ast-watchos-sim-air64/src/cx/cxx_009_lambda_capture_by_ref.metal:5:12) &),1
void (const device coherent(device) (lambda at /tmp/metal-ast-watchos-sim-air64/src/cx/cxx_009_lambda_capture_by_ref.metal:5:12) &),1
void (const threadgroup (lambda at /tmp/metal-ast-watchos-sim-air64/src/cx/cxx_009_lambda_capture_by_ref.metal:5:12) &),1
void (const constant (lambda at /tmp/metal-ast-watchos-sim-air64/src/cx/cxx_009_lambda_capture_by_ref.metal:5:12) &),1
void (const threadgroup_imageblock (lambda at /tmp/metal-ast-watchos-sim-air64/src/cx/cxx_009_lambda_capture_by_ref.metal:5:12) &),1
void (const ray_data (lambda at /tmp/metal-ast-watchos-sim-air64/src/cx/cxx_009_lambda_capture_by_ref.metal:5:12) &),1
void (const object_data (lambda at /tmp/metal-ast-watchos-sim-air64/src/cx/cxx_009_lambda_capture_by_ref.metal:5:12) &),1
void (device (lambda at /tmp/metal-ast-watchos-sim-air64/src/cx/cxx_009_lambda_capture_by_ref.metal:5:12) &&) threadgroup,1
void (device coherent(device) (lambda at /tmp/metal-ast-watchos-sim-air64/src/cx/cxx_009_lambda_capture_by_ref.metal:5:12) &&) threadgroup,1
void (threadgroup (lambda at /tmp/metal-ast-watchos-sim-air64/src/cx/cxx_009_lambda_capture_by_ref.metal:5:12) &&) threadgroup,1
void (threadgroup_imageblock (lambda at /tmp/metal-ast-watchos-sim-air64/src/cx/cxx_009_lambda_capture_by_ref.metal:5:12) &&) threadgroup,1
void (ray_data (lambda at /tmp/metal-ast-watchos-sim-air64/src/cx/cxx_009_lambda_capture_by_ref.metal:5:12) &&) threadgroup,1
void (object_data (lambda at /tmp/metal-ast-watchos-sim-air64/src/cx/cxx_009_lambda_capture_by_ref.metal:5:12) &&) threadgroup,1
void ((lambda at /tmp/metal-ast-watchos-sim-air64/src/cx/cxx_009_lambda_capture_by_ref.metal:5:12) &&) threadgroup,1
void ((lambda at /tmp/metal-ast-watchos-sim-air64/src/cx/cxx_009_lambda_capture_by_ref.metal:5:12) &&) const constant,1
void (device (lambda at /tmp/metal-ast-watchos-sim-air64/src/cx/cxx_009_lambda_capture_by_ref.metal:5:12) &&) ray_data,1
void (device coherent(device) (lambda at /tmp/metal-ast-watchos-sim-air64/src/cx/cxx_009_lambda_capture_by_ref.metal:5:12) &&) ray_data,1
void (threadgroup (lambda at /tmp/metal-ast-watchos-sim-air64/src/cx/cxx_009_lambda_capture_by_ref.metal:5:12) &&) ray_data,1
void (threadgroup_imageblock (lambda at /tmp/metal-ast-watchos-sim-air64/src/cx/cxx_009_lambda_capture_by_ref.metal:5:12) &&) ray_data,1
void (ray_data (lambda at /tmp/metal-ast-watchos-sim-air64/src/cx/cxx_009_lambda_capture_by_ref.metal:5:12) &&) ray_data,1
void (object_data (lambda at /tmp/metal-ast-watchos-sim-air64/src/cx/cxx_009_lambda_capture_by_ref.metal:5:12) &&) ray_data,1
void ((lambda at /tmp/metal-ast-watchos-sim-air64/src/cx/cxx_009_lambda_capture_by_ref.metal:5:12) &&) ray_data,1
void (device (lambda at /tmp/metal-ast-watchos-sim-air64/src/cx/cxx_009_lambda_capture_by_ref.metal:5:12) &&),1
void (device coherent(device) (lambda at /tmp/metal-ast-watchos-sim-air64/src/cx/cxx_009_lambda_capture_by_ref.metal:5:12) &&),1
void (threadgroup (lambda at /tmp/metal-ast-watchos-sim-air64/src/cx/cxx_009_lambda_capture_by_ref.metal:5:12) &&),1
void (threadgroup_imageblock (lambda at /tmp/metal-ast-watchos-sim-air64/src/cx/cxx_009_lambda_capture_by_ref.metal:5:12) &&),1
void (ray_data (lambda at /tmp/metal-ast-watchos-sim-air64/src/cx/cxx_009_lambda_capture_by_ref.metal:5:12) &&),1
void (object_data (lambda at /tmp/metal-ast-watchos-sim-air64/src/cx/cxx_009_lambda_capture_by_ref.metal:5:12) &&),1
