value,count
air.atomic.global.add.u.i32,1126
air.fma.f32,1014
air.fast_fmin.f32,998
air.atomic.global.sub.u.i32,848
air.fast_fmax.f32,847
air.version,715
air.fast_fabs.f32,643
air..select,450
air.any.v3i1,427
air.is_null_visible_function_table,372
air.get_function_pointer_visible_function_table,371
air.any,280
air.all.v3i1,277
air.convert.f.f32.s.i32,267
air.dot.v3f32,249
air.mix.f32,234
air..clamp,234
air.fast_fabs,197
air.dot,189
air.fast_fmax,187
air.fast_fmin,187
air..fabs,180
air..fmax,180
air..fmax3,180
air..fmedian3,180
air..fmin,180
air..fmin3,180
air.fma,171
air..abs,144
air..absdiff,144
air..addsat,144
air..clz,144
air..ctz,144
air..extract_bits,144
air..hadd,144
air..insert_bits,144
air..madhi,144
air..madsat,144
air..max,144
air..max3,144
air..median3,144
air..min,144
air..min3,144
air..mulhi,144
air..popcount,144
air..reverse_bits,144
air..rhadd,144
air..rotate,144
air..subsat,144
air.arg_type_name,134
air.atomic.global.add.u,133
air..depth2d.sample.sample_depth_2d_t,120
air..depth2d.sample.sample_compare_depth_2d_t,120
air..depth2d.array.sample.sample_depth_2d_array_t,120
air..depth2d.array.sample.sample_compare_depth_2d_array_t,120
air..depthcube.sample.sample_depth_cube_t,120
air..depthcube.sample.sample_compare_depth_cube_t,120
air..depthcube.array.sample.sample_depth_cube_array_t,120
air..depthcube.array.sample.sample_compare_depth_cube_array_t,120
air..texture2d.sample.sample_texture_2d_t,120
air..texture2d.array.sample.sample_texture_2d_array_t,120
air..texture3d.sample.sample_texture_3d_t,120
air..texturecube.sample.sample_texture_cube_t,120
air..texturecube.array.sample.sample_texture_cube_array_t,120
air.convert.f.f32.s,112
air.atomic.global.sub.u,109
air.kernel,107
air.fast_floor,105
air.convert.s.i32.f,104
air.all.v4i1,96
air.all,91
air.fast_floor.f32,90
air..saturate,90
air..acos,90
air..acosh,90
air..asin,90
air..asinh,90
air..atan,90
air..atan2,90
air..atanh,90
air..ceil,90
air..cos,90
air..cosh,90
air..cospi,90
air..divide,90
air..exp,90
air..exp10,90
air..exp2,90
air..floor,90
air..fma,90
air..fmod,90
air..fract,90
air..frexp,90
air..ilogb,90
air..ldexp,90
air..log,90
air..log10,90
air..log2,90
air..nextafter,90
air..pow,90
air..powr,90
air..rint,90
air..round,90
air..rsqrt,90
air..sin,90
air..sincos,90
air..sinh,90
air..sinpi,90
air..sqrt,90
air..tan,90
air..tanh,90
air..tanpi,90
air..trunc,90
air.convert.s.i32.f.f32,87
air.fast_clamp,85
air..mix,54
air..sign,54
air.fast_clamp.f32,53
air.language_version,51
air.compile_options,48
air.atomic.global.or.u.i32,48
air..depth2d.sample.sample_depth_2d_t_grad,48
air..depth2d.sample.sample_compare_depth_2d_t_grad,48
air..depth2d.read.get_read_sampler,48
air..depth2d.array.sample.sample_depth_2d_array_t_grad,48
air..depth2d.array.sample.sample_compare_depth_2d_array_t_grad,48
air..depth2d.array.read.get_read_sampler,48
air..depth2d.ms.read.get_read_sampler,48
air..depth2d.ms.array.read.get_read_sampler,48
air..depthcube.sample.sample_depth_cube_t_grad,48
air..depthcube.sample.sample_compare_depth_cube_t_grad,48
air..depthcube.read.get_read_sampler,48
air..depthcube.array.sample.sample_depth_cube_array_t_grad,48
air..depthcube.array.sample.sample_compare_depth_cube_array_t_grad,48
air..depthcube.array.read.get_read_sampler,48
air..texture1d.read.get_read_sampler,48
air..texture1d.array.read.get_read_sampler,48
air..texture2d.sample.sample_texture_2d_t_grad,48
air..texture2d.read.get_read_sampler,48
air..texture2d.array.sample.sample_texture_2d_array_t_grad,48
air..texture2d.array.read.get_read_sampler,48
air..texture2d.ms.read.get_read_sampler,48
air..texture2d.ms.array.read.get_read_sampler,48
air..texture3d.sample.sample_texture_3d_t_grad,48
air..texture3d.read.get_read_sampler,48
air..texturecube.sample.sample_texture_cube_t_grad,48
air..texturecube.read.get_read_sampler,48
air..texturecube.array.sample.sample_texture_cube_array_t_grad,48
air..texturecube.array.read.get_read_sampler,48
air.arg_name,46
air.wg.barrier,45
air.dot.v2f32,45
air..dot,45
air.source_file_name,44
air.atomic.global.or.u,43
air.atomic.global.max.u.i32,39
air.allocate_intersection_query.instancing.triangle_data,37
air.fast_sqrt.f32,37
air..dfdx,36
air..dfdy,36
air..fwidth,36
air..mad24,36
air..mul24,36
air.max.s.i32,34
air...TENSOR.INLINE.ATTRS.slice_tensor,33
air.render.command.draw_indexed_patches_render_command,32
air..intersector.impl.get_null_intersection_function_table,32
air.fast_fmax.v3f32,31
air.fast_fmin.v3f32,31
air.fast_rsqrt.f32,30
air.clz,27
air.atomic.global.load.i32,25
air.get_null_intersection_function_table,25
air.floor.f16,25
air.intersection.result.get_buffer_intersection_function_table,24
air.intersection.result.set_buffer_intersection_function_table,24
air...tensor.accessor.load_tensor,24
air...tensor.accessor.store_tensor,24
air...tensor.base.get_data_pointer_tensor,24
air..depth2d.gather.gather_depth_2d_t,24
air..depth2d.gather.gather_compare_depth_2d_t,24
air..depth2d.array.gather.gather_depth_2d_array_t,24
air..depth2d.array.gather.gather_compare_depth_2d_array_t,24
air..depthcube.gather.gather_depth_cube_t,24
air..depthcube.gather.gather_compare_depth_cube_t,24
air..depthcube.array.gather.gather_depth_cube_array_t,24
air..depthcube.array.gather.gather_compare_depth_cube_array_t,24
air..texture1d.sample.sample_texture_1d_t,24
air..texture1d.write.write_texture_1d_t,24
air..texture1d.write.write_imageblock_slice_to_texture_1d_t,24
air..texture1d.atomic.load.atomic_load_explicit_texture_1d_t,24
air..texture1d.atomic.store.atomic_store_explicit_texture_1d_t,24
air..texture1d.atomic.compare.exchange.atomic_compare_exchange_weak_explicit_texture_1d_t,24
air..texture1d.atomic.exchange.atomic_exchange_explicit_texture_1d_t,24
air..texture1d.atomic.fetch.and.atomic_fetch_and_explicit_texture_1d_t,24
air..texture1d.atomic.fetch.and.atomic_fetch_max_explicit_texture_1d_t,24
air..texture1d.atomic.fetch.and.atomic_fetch_min_explicit_texture_1d_t,24
air..texture1d.atomic.fetch.and.atomic_fetch_or_explicit_texture_1d_t,24
air..texture1d.atomic.fetch.and.atomic_fetch_xor_explicit_texture_1d_t,24
air..texture1d.atomic.fetch.and.arith.atomic_fetch_add_explicit_texture_1d_t,24
air..texture1d.atomic.fetch.and.arith.atomic_fetch_sub_explicit_texture_1d_t,24
air..texture1d.atomic.modify.atomic_max_explicit_texture_1d_t,24
air..texture1d.atomic.modify.atomic_min_explicit_texture_1d_t,24
air..texture1d.array.sample.sample_texture_1d_array_t,24
air..texture1d.array.write.write_texture_1d_array_t,24
air..texture1d.array.write.write_imageblock_slice_to_texture_1d_array_t,24
air..texture1d.array.atomic.load.atomic_load_explicit_texture_1d_array_t,24
air..texture1d.array.atomic.store.atomic_store_explicit_texture_1d_array_t,24
air..texture1d.array.atomic.compare.exchange.atomic_compare_exchange_weak_explicit_texture_1d_array_t,24
air..texture1d.array.atomic.exchange.atomic_exchange_explicit_texture_1d_array_t,24
air..texture1d.array.atomic.fetch.and.atomic_fetch_and_explicit_texture_1d_array_t,24
air..texture1d.array.atomic.fetch.and.atomic_fetch_max_explicit_texture_1d_array_t,24
air..texture1d.array.atomic.fetch.and.atomic_fetch_min_explicit_texture_1d_array_t,24
air..texture1d.array.atomic.fetch.and.atomic_fetch_or_explicit_texture_1d_array_t,24
air..texture1d.array.atomic.fetch.and.atomic_fetch_xor_explicit_texture_1d_array_t,24
air..texture1d.array.atomic.fetch.and.arith.atomic_fetch_add_explicit_texture_1d_array_t,24
air..texture1d.array.atomic.fetch.and.arith.atomic_fetch_sub_explicit_texture_1d_array_t,24
air..texture1d.array.atomic.modify.atomic_max_explicit_texture_1d_array_t,24
air..texture1d.array.atomic.modify.atomic_min_explicit_texture_1d_array_t,24
air..texture2d.write.write_texture_2d_t,24
air..texture2d.write.write_imageblock_slice_to_texture_2d_t,24
air..texture2d.gather.gather_texture_2d_t,24
air..texture2d.atomic.load.atomic_load_explicit_texture_2d_t,24
air..texture2d.atomic.store.atomic_store_explicit_texture_2d_t,24
air..texture2d.atomic.compare.exchange.atomic_compare_exchange_weak_explicit_texture_2d_t,24
air..texture2d.atomic.exchange.atomic_exchange_explicit_texture_2d_t,24
air..texture2d.atomic.fetch.and.atomic_fetch_and_explicit_texture_2d_t,24
air..texture2d.atomic.fetch.and.atomic_fetch_max_explicit_texture_2d_t,24
air..texture2d.atomic.fetch.and.atomic_fetch_min_explicit_texture_2d_t,24
air..texture2d.atomic.fetch.and.atomic_fetch_or_explicit_texture_2d_t,24
air..texture2d.atomic.fetch.and.atomic_fetch_xor_explicit_texture_2d_t,24
air..texture2d.atomic.fetch.and.arith.atomic_fetch_add_explicit_texture_2d_t,24
air..texture2d.atomic.fetch.and.arith.atomic_fetch_sub_explicit_texture_2d_t,24
air..texture2d.atomic.modify.atomic_max_explicit_texture_2d_t,24
air..texture2d.atomic.modify.atomic_min_explicit_texture_2d_t,24
air..texture2d.array.write.write_texture_2d_array_t,24
air..texture2d.array.write.write_imageblock_slice_to_texture_2d_array_t,24
air..texture2d.array.gather.gather_texture_2d_array_t,24
air..texture2d.array.atomic.load.atomic_load_explicit_texture_2d_array_t,24
air..texture2d.array.atomic.store.atomic_store_explicit_texture_2d_array_t,24
air..texture2d.array.atomic.compare.exchange.atomic_compare_exchange_weak_explicit_texture_2d_array_t,24
air..texture2d.array.atomic.exchange.atomic_exchange_explicit_texture_2d_array_t,24
air..texture2d.array.atomic.fetch.and.atomic_fetch_and_explicit_texture_2d_array_t,24
air..texture2d.array.atomic.fetch.and.atomic_fetch_max_explicit_texture_2d_array_t,24
air..texture2d.array.atomic.fetch.and.atomic_fetch_min_explicit_texture_2d_array_t,24
air..texture2d.array.atomic.fetch.and.atomic_fetch_or_explicit_texture_2d_array_t,24
air..texture2d.array.atomic.fetch.and.atomic_fetch_xor_explicit_texture_2d_array_t,24
air..texture2d.array.atomic.fetch.and.arith.atomic_fetch_add_explicit_texture_2d_array_t,24
air..texture2d.array.atomic.fetch.and.arith.atomic_fetch_sub_explicit_texture_2d_array_t,24
air..texture2d.array.atomic.modify.atomic_max_explicit_texture_2d_array_t,24
air..texture2d.array.atomic.modify.atomic_min_explicit_texture_2d_array_t,24
air..texture3d.write.write_texture_3d_t,24
air..texture3d.write.write_imageblock_slice_to_texture_3d_t,24
air..texture3d.atomic.load.atomic_load_explicit_texture_3d_t,24
air..texture3d.atomic.store.atomic_store_explicit_texture_3d_t,24
air..texture3d.atomic.compare.exchange.atomic_compare_exchange_weak_explicit_texture_3d_t,24
air..texture3d.atomic.exchange.atomic_exchange_explicit_texture_3d_t,24
air..texture3d.atomic.fetch.and.atomic_fetch_and_explicit_texture_3d_t,24
air..texture3d.atomic.fetch.and.atomic_fetch_max_explicit_texture_3d_t,24
air..texture3d.atomic.fetch.and.atomic_fetch_min_explicit_texture_3d_t,24
air..texture3d.atomic.fetch.and.atomic_fetch_or_explicit_texture_3d_t,24
air..texture3d.atomic.fetch.and.atomic_fetch_xor_explicit_texture_3d_t,24
air..texture3d.atomic.fetch.and.arith.atomic_fetch_add_explicit_texture_3d_t,24
air..texture3d.atomic.fetch.and.arith.atomic_fetch_sub_explicit_texture_3d_t,24
air..texture3d.atomic.modify.atomic_max_explicit_texture_3d_t,24
air..texture3d.atomic.modify.atomic_min_explicit_texture_3d_t,24
air..texture.buffer.read.get_read_sampler,24
air..texture.buffer.write.write_texture_buffer_1d_t,24
air..texture.buffer.atomic.load.atomic_load_explicit_texture_buffer_1d_t,24
air..texture.buffer.atomic.store.atomic_store_explicit_texture_buffer_1d_t,24
air..texture.buffer.atomic.compare.exchange.atomic_compare_exchange_weak_explicit_texture_buffer_1d_t,24
air..texture.buffer.atomic.exchange.atomic_exchange_explicit_texture_buffer_1d_t,24
air..texture.buffer.atomic.fetch.and.atomic_fetch_and_explicit_texture_buffer_1d_t,24
air..texture.buffer.atomic.fetch.and.atomic_fetch_max_explicit_texture_buffer_1d_t,24
air..texture.buffer.atomic.fetch.and.atomic_fetch_min_explicit_texture_buffer_1d_t,24
air..texture.buffer.atomic.fetch.and.atomic_fetch_or_explicit_texture_buffer_1d_t,24
air..texture.buffer.atomic.fetch.and.atomic_fetch_xor_explicit_texture_buffer_1d_t,24
air..texture.buffer.atomic.fetch.and.arith.atomic_fetch_add_explicit_texture_buffer_1d_t,24
air..texture.buffer.atomic.fetch.and.arith.atomic_fetch_sub_explicit_texture_buffer_1d_t,24
air..texture.buffer.atomic.modify.atomic_max_explicit_texture_buffer_1d_t,24
air..texture.buffer.atomic.modify.atomic_min_explicit_texture_buffer_1d_t,24
air..texturecube.write.write_texture_cube_t,24
air..texturecube.write.write_imageblock_slice_to_texture_cube_t,24
air..texturecube.gather.gather_texture_cube_t,24
air..texturecube.atomic.load.atomic_load_explicit_texture_cube_t,24
air..texturecube.atomic.store.atomic_store_explicit_texture_cube_t,24
air..texturecube.atomic.compare.exchange.atomic_compare_exchange_weak_explicit_texture_cube_t,24
air..texturecube.atomic.exchange.atomic_exchange_explicit_texture_cube_t,24
air..texturecube.atomic.fetch.and.atomic_fetch_and_explicit_texture_cube_t,24
air..texturecube.atomic.fetch.and.atomic_fetch_max_explicit_texture_cube_t,24
air..texturecube.atomic.fetch.and.atomic_fetch_min_explicit_texture_cube_t,24
air..texturecube.atomic.fetch.and.atomic_fetch_or_explicit_texture_cube_t,24
air..texturecube.atomic.fetch.and.atomic_fetch_xor_explicit_texture_cube_t,24
air..texturecube.atomic.fetch.and.arith.atomic_fetch_add_explicit_texture_cube_t,24
air..texturecube.atomic.fetch.and.arith.atomic_fetch_sub_explicit_texture_cube_t,24
air..texturecube.atomic.modify.atomic_max_explicit_texture_cube_t,24
air..texturecube.atomic.modify.atomic_min_explicit_texture_cube_t,24
air..texturecube.array.write.write_texture_cube_array_t,24
air..texturecube.array.write.write_imageblock_slice_to_texture_cube_array_t,24
air..texturecube.array.gather.gather_texture_cube_array_t,24
air..texturecube.array.atomic.load.atomic_load_explicit_texture_cube_array_t,24
air..texturecube.array.atomic.store.atomic_store_explicit_texture_cube_array_t,24
air..texturecube.array.atomic.compare.exchange.atomic_compare_exchange_weak_explicit_texture_cube_array_t,24
air..texturecube.array.atomic.exchange.atomic_exchange_explicit_texture_cube_array_t,24
air..texturecube.array.atomic.fetch.and.atomic_fetch_and_explicit_texture_cube_array_t,24
air..texturecube.array.atomic.fetch.and.atomic_fetch_max_explicit_texture_cube_array_t,24
air..texturecube.array.atomic.fetch.and.atomic_fetch_min_explicit_texture_cube_array_t,24
air..texturecube.array.atomic.fetch.and.atomic_fetch_or_explicit_texture_cube_array_t,24
air..texturecube.array.atomic.fetch.and.atomic_fetch_xor_explicit_texture_cube_array_t,24
air..texturecube.array.atomic.fetch.and.arith.atomic_fetch_add_explicit_texture_cube_array_t,24
air..texturecube.array.atomic.fetch.and.arith.atomic_fetch_sub_explicit_texture_cube_array_t,24
air..texturecube.array.atomic.modify.atomic_max_explicit_texture_cube_array_t,24
air..texturecube.array.atomic.modify.atomic_min_explicit_texture_cube_array_t,24
air.atomic.global.load,23
air.atomic.global.max.u,23
air.fract.f16,23
air.fmin.f16,22
air.sqrt.f16,22
air.atomic.global.store.i32,21
air.atomic.fence,21
air.atomic.global.store,21
air.fast_fract,21
air.floor,21
air.fmin,21
air.fract,21
air.floor.f64,21
air.fast_saturate.f32,20
air.get_height_depth_2d,19
air.get_width_depth_2d,19
air.fmin.f64,18
air..all,18
air..any,18
air..depth2d.get_width_depth_2d_t,18
air..depth2d.get_height_depth_2d_t,18
air..depth2d.get_num_mip_levels_depth_2d_t,18
air..depth2d.ms.get_width_depth_2d_ms_t,18
air..depth2d.ms.get_height_depth_2d_ms_t,18
air..depth2d.ms.get_num_samples_depth_2d_ms_t,18
air..depthcube.get_width_depth_cube_t,18
air..depthcube.get_height_depth_cube_t,18
air..depthcube.get_num_mip_levels_depth_cube_t,18
air.dot.f16,17
air.floor.f32,17
air.sqrt.f64,17
air.atomic.global.cmpxchg.weak.i32,16
air.convert.f.f32.u.i32,16
air.clz.i64,16
air.fabs.f16,16
air.fast_fract.f32,16
air.fmin.f32,16
air.sqrt.f32,16
air.render.command.draw_patches_render_command,16
air.tensor.tensor_t,15
air..is_null_tensor,15
air.store.system_coherent.volatile.i8.p1i8,14
air.fmax.f32,14
air.rsqrt.f16,14
air.trunc.f16,14
air.atomic.global.xchg.i32,13
air.get_array_size_depth_2d_array,13
air.get_array_size_depth_2d_ms_array,13
air.get_height_depth_2d_array,13
air.get_height_depth_2d_ms_array,13
air.get_width_depth_2d_array,13
air.get_width_depth_2d_ms_array,13
air.get_width_texture_2d,13
air.get_width_texture_2d_array,13
air.get_width_texture_2d_ms,13
air.get_width_texture_2d_ms_array,13
air.get_width_texture_3d,13
air.read_depth_2d.f32,13
air.ctz.i32,13
air.fabs.v16f64,13
air.sincos.f16,13
air.atomic.global.add.s.i32,12
air.atomic.global.sub.s.i32,12
air.get_read_sampler,12
air.get_array_size_texture_1d_array,12
air.get_array_size_texture_2d_array,12
air.get_array_size_texture_2d_ms_array,12
air.get_depth_texture_3d,12
air.get_height_texture_2d,12
air.get_height_texture_2d_array,12
air.get_height_texture_2d_ms,12
air.get_height_texture_2d_ms_array,12
air.get_height_texture_3d,12
air.convert.f.v2f32.s.v2i32,12
air.dot.f32,12
air.dot.v2f16,12
air.dot.v3f16,12
air.dot.v4f16,12
air.dot.v4f32,12
air.fabs.f64,12
air.fabs.v16f16,12
air.fabs.v2f16,12
air.fabs.v2f64,12
air.fabs.v3f16,12
air.fabs.v3f64,12
air.fabs.v4f16,12
air.fabs.v4f64,12
air.fabs.v8f16,12
air.fabs.v8f64,12
air.rint.f32,12
air.,12
air.command.buffer.get_size_command_buffer,12
air.compute.pipeline.state.set_kernel_buffer_compute_command,12
air.imageblock.imageblock_explicit_data,12
air.os.log.os_log,12
air..acceleration.structure.base.get_instance_count_instance_acceleration_structure,12
air..acceleration.structure.base.get_instance_acceleration_structure_instance_acceleration_structure,12
air..acceleration.structure.base.get_primitive_acceleration_structure_instance_acceleration_structure,12
air.intersection.result.get_size_intersection_function_table,12
air.intersection.result.get_visible_function_table_intersection_function_table,12
air.intersection.result.set_visible_function_table_intersection_function_table,12
air...tensor.observer.get_extent_tensor,12
air...tensor.observer.get_stride_tensor,12
air.function.handle.get_null_function_handle,12
air..depth2d.sample.calculate_clamped_lod_depth_2d_t,12
air..depth2d.sample.calculate_unclamped_lod_depth_2d_t,12
air..depth2d.array.sample.calculate_clamped_lod_depth_2d_array_t,12
air..depth2d.array.sample.calculate_unclamped_lod_depth_2d_array_t,12
air..depth2d.array.get_width_depth_2d_array_t,12
air..depth2d.array.get_height_depth_2d_array_t,12
air..depth2d.array.get_array_size_depth_2d_array_t,12
air..depth2d.array.get_num_mip_levels_depth_2d_array_t,12
air..depth2d.ms.array.get_width_depth_2d_ms_array_t,12
air..depth2d.ms.array.get_height_depth_2d_ms_array_t,12
air..depth2d.ms.array.get_array_size_depth_2d_ms_array_t,12
air..depth2d.ms.array.get_num_samples_depth_2d_ms_array_t,12
air..depthcube.sample.calculate_clamped_lod_depth_cube_t,12
air..depthcube.sample.calculate_unclamped_lod_depth_cube_t,12
air..depthcube.array.sample.calculate_clamped_lod_depth_cube_array_t,12
air..depthcube.array.sample.calculate_unclamped_lod_depth_cube_array_t,12
air..depthcube.array.get_width_depth_cube_array_t,12
air..depthcube.array.get_height_depth_cube_array_t,12
air..depthcube.array.get_array_size_depth_cube_array_t,12
air..depthcube.array.get_num_mip_levels_depth_cube_array_t,12
air..texture1d.fence_texture_1d_t,12
air..texture1d.get_width_texture_1d_t,12
air..texture1d.get_num_mip_levels_texture_1d_t,12
air..texture1d.array.fence_texture_1d_array_t,12
air..texture1d.array.get_width_texture_1d_array_t,12
air..texture1d.array.get_array_size_texture_1d_array_t,12
air..texture1d.array.get_num_mip_levels_texture_1d_array_t,12
air..texture2d.sample.calculate_clamped_lod_texture_2d_t,12
air..texture2d.sample.calculate_unclamped_lod_texture_2d_t,12
air..texture2d.fence_texture_2d_t,12
air..texture2d.get_width_texture_2d_t,12
air..texture2d.get_height_texture_2d_t,12
air..texture2d.get_num_mip_levels_texture_2d_t,12
air..texture2d.array.sample.calculate_clamped_lod_texture_2d_array_t,12
air..texture2d.array.sample.calculate_unclamped_lod_texture_2d_array_t,12
air..texture2d.array.fence_texture_2d_array_t,12
air..texture2d.array.get_width_texture_2d_array_t,12
air..texture2d.array.get_height_texture_2d_array_t,12
air..texture2d.array.get_array_size_texture_2d_array_t,12
air..texture2d.array.get_num_mip_levels_texture_2d_array_t,12
air..texture2d.ms.get_width_texture_2d_ms_t,12
air..texture2d.ms.get_height_texture_2d_ms_t,12
air..texture2d.ms.get_num_samples_texture_2d_ms_t,12
air..texture2d.ms.array.get_width_texture_2d_ms_array_t,12
air..texture2d.ms.array.get_height_texture_2d_ms_array_t,12
air..texture2d.ms.array.get_array_size_texture_2d_ms_array_t,12
air..texture2d.ms.array.get_num_samples_texture_2d_ms_array_t,12
air..texture3d.sample.calculate_clamped_lod_texture_3d_t,12
air..texture3d.sample.calculate_unclamped_lod_texture_3d_t,12
air..texture3d.fence_texture_3d_t,12
air..texture3d.get_width_texture_3d_t,12
air..texture3d.get_height_texture_3d_t,12
air..texture3d.get_depth_texture_3d_t,12
air..texture3d.get_num_mip_levels_texture_3d_t,12
air..texture.buffer.fence_texture_buffer_1d_t,12
air..texture.buffer.get_width_texture_buffer_1d_t,12
air..texturecube.sample.calculate_clamped_lod_texture_cube_t,12
air..texturecube.sample.calculate_unclamped_lod_texture_cube_t,12
air..texturecube.fence_texture_cube_t,12
air..texturecube.get_width_texture_cube_t,12
air..texturecube.get_height_texture_cube_t,12
air..texturecube.get_num_mip_levels_texture_cube_t,12
air..texturecube.array.sample.calculate_clamped_lod_texture_cube_array_t,12
air..texturecube.array.sample.calculate_unclamped_lod_texture_cube_array_t,12
air..texturecube.array.fence_texture_cube_array_t,12
air..texturecube.array.get_width_texture_cube_array_t,12
air..texturecube.array.get_height_texture_cube_array_t,12
air..texturecube.array.get_array_size_texture_cube_array_t,12
air..texturecube.array.get_num_mip_levels_texture_cube_array_t,12
air.convert.f.f32.u,12
air.get_null_global_tensor,11
air.get_num_samples_depth_2d_ms,11
air.get_num_samples_depth_2d_ms_array,11
air.get_width_texture_1d,11
air.get_width_texture_1d_array,11
air.get_width_texture_buffer_1d,11
air.location_index,11
air.fast_rsqrt,11
air.fast_saturate,11
air.fast_sqrt,11
air.floor.v16f64,11
air.fmax.v16f64,11
air.fmin.v16f64,11
air.trunc.v16f64,11
air.convert.u.i32.f.f32,11
air.fmax.f16,11
air.atomic.global.and.s.i32,10
air.atomic.global.max.s.i32,10
air.atomic.global.min.s.i32,10
air.atomic.global.or.s.i32,10
air.atomic.global.xor.s.i32,10
air.dot.f64,10
air.get_num_samples_texture_2d_ms,10
air.get_num_samples_texture_2d_ms_array,10
air.get_private_data,10
air.lgamma_r.v16f64,10
air.remquo.v16f64,10
air.sincos.v16f64,10
air.floor.v16f16,10
air.floor.v2f16,10
air.floor.v2f64,10
air.floor.v3f16,10
air.floor.v3f64,10
air.floor.v4f16,10
air.floor.v4f64,10
air.floor.v8f16,10
air.floor.v8f64,10
air.fmax.v16f16,10
air.fmax.v2f16,10
air.fmax.v2f64,10
air.fmax.v3f16,10
air.fmax.v3f64,10
air.fmax.v4f16,10
air.fmax.v4f64,10
air.fmax.v8f16,10
air.fmax.v8f64,10
air.fmin.v16f16,10
air.fmin.v2f16,10
air.fmin.v2f64,10
air.fmin.v3f16,10
air.fmin.v3f64,10
air.fmin.v4f16,10
air.fmin.v4f64,10
air.fmin.v8f16,10
air.fmin.v8f64,10
air.trunc.f64,10
air.trunc.v16f16,10
air.trunc.v2f16,10
air.trunc.v2f64,10
air.trunc.v3f16,10
air.trunc.v3f64,10
air.trunc.v4f16,10
air.trunc.v4f64,10
air.trunc.v8f16,10
air.trunc.v8f64,10
air.fence_,10
air.buffer_size,9
air.get_buffer_intersection_function_table.p1i8,9
air.get_imageblock_width,9
air.get_width_depth_2d_ms,9
air.mul_hi.s.i8,9
air.set_buffer_intersection_function_table.p1i8,9
air.fract.v16f64,9
air.sample_depth_2d.f32,9
air.sample_depth_2d_array.f32,9
air.store.system_coherent.volatile,9
air.clz.i32,9
air.clz.i8,9
air.dot.v2f64,9
air.dot.v3f64,9
air.dot.v4f64,9
air.fmod.f16,9
air.lgamma_r.f16,9
air.lgamma_r.f32,9
air.lgamma_r.f64,9
air.lgamma_r.v16f16,9
air.lgamma_r.v16f32,9
air.lgamma_r.v2f16,9
air.lgamma_r.v2f32,9
air.lgamma_r.v2f64,9
air.lgamma_r.v3f16,9
air.lgamma_r.v3f32,9
air.lgamma_r.v3f64,9
air.lgamma_r.v4f16,9
air.lgamma_r.v4f32,9
air.lgamma_r.v4f64,9
air.lgamma_r.v8f16,9
air.lgamma_r.v8f32,9
air.lgamma_r.v8f64,9
air.popcount.i8,9
air.remquo.f16,9
air.remquo.f32,9
air.remquo.f64,9
air.remquo.v16f16,9
air.remquo.v16f32,9
air.remquo.v2f16,9
air.remquo.v2f32,9
air.remquo.v2f64,9
air.remquo.v3f16,9
air.remquo.v3f32,9
air.remquo.v3f64,9
air.remquo.v4f16,9
air.remquo.v4f32,9
air.remquo.v4f64,9
air.remquo.v8f16,9
air.remquo.v8f32,9
air.remquo.v8f64,9
air.rotate.i8,9
air.rsqrt.f64,9
air.sincos.f64,9
air.sincos.v16f16,9
air.sincos.v2f16,9
air.sincos.v2f64,9
air.sincos.v3f16,9
air.sincos.v3f64,9
air.sincos.v4f16,9
air.sincos.v4f64,9
air.sincos.v8f16,9
air.sincos.v8f64,9
air...TENSOR.INLINE.ATTRS.init_strided_tensor,9
air.depth2d.get_null_depth_2d_t,9
air.depth2d.ms.get_null_depth_2d_ms_t,9
air.depthcube.get_null_depth_cube_t,9
air.abs_diff.s.i8,8
air.add_sat.s.i8,8
air.arg_type_align_size,8
air.arg_type_size,8
air.calculate_clamped_lod_texture_2d,8
air.calculate_clamped_lod_texture_2d_array,8
air.calculate_clamped_lod_texture_3d,8
air.calculate_clamped_lod_texture_cube,8
air.calculate_clamped_lod_texture_cube_array,8
air.calculate_unclamped_lod_texture_2d,8
air.calculate_unclamped_lod_texture_2d_array,8
air.calculate_unclamped_lod_texture_3d,8
air.calculate_unclamped_lod_texture_cube,8
air.calculate_unclamped_lod_texture_cube_array,8
air.get_array_size_texture_cube_array,8
air.get_height_texture_cube_array,8
air.get_null_texture_1d,8
air.get_null_texture_1d_array,8
air.get_null_texture_2d,8
air.get_null_texture_2d_array,8
air.get_null_texture_2d_ms,8
air.get_null_texture_2d_ms_array,8
air.get_null_texture_3d,8
air.get_null_texture_buffer_1d,8
air.get_null_texture_cube,8
air.get_null_texture_cube_array,8
air.get_num_mip_levels_texture_3d,8
air.get_num_mip_levels_texture_cube,8
air.get_num_mip_levels_texture_cube_array,8
air.get_simdgroup_size.i16,8
air.get_width_texture_cube,8
air.get_width_texture_cube_array,8
air.is_null_texture_1d,8
air.is_null_texture_1d_array,8
air.is_null_texture_2d,8
air.is_null_texture_2d_array,8
air.is_null_texture_2d_ms,8
air.is_null_texture_2d_ms_array,8
air.is_null_texture_3d,8
air.is_null_texture_buffer_1d,8
air.is_null_texture_cube,8
air.is_null_texture_cube_array,8
air.mad_hi.s.i8,8
air.mad_sat.s.i8,8
air.max_device_buffers,8
air.max_samplers,8
air.max_textures,8
air.read,8
air.read_depth_2d_array.f32,8
air.read_depth_2d_ms_array.f32,8
air.sample,8
air.set_position_mesh,8
air.simdgroup.barrier,8
air.sub_sat.s.i8,8
air.atomic.local.xchg.i32,8
air.fast_fabs.v16f32,8
air.get_channel_data_type_depth_2d,8
air.get_channel_data_type_depth_2d_array,8
air.get_height_depth_2d_ms,8
air.read_texture_2d_ms.v4f32,8
air.read_texture_2d_ms_array.v4f32,8
air.write_texture_1d.v4f16,8
air.write_texture_1d_array.v4f16,8
air.write_texture_2d.v4f16,8
air.write_texture_2d_array.v4f16,8
air.write_texture_3d.v4f16,8
air.write_texture_buffer_1d.v4f16,8
air.acos.f16,8
air.acosh.f16,8
air.asin.f16,8
air.asinh.f16,8
air.atan.f16,8
air.atan2.f16,8
air.atanh.f16,8
air.ceil.f16,8
air.clamp.f16,8
air.cos.f16,8
air.cosh.f16,8
air.cospi.f16,8
air.exp.f16,8
air.exp10.f16,8
air.exp2.f16,8
air.fabs.f32,8
air.fma.f16,8
air.fract.f64,8
air.fract.v16f16,8
air.fract.v2f16,8
air.fract.v2f64,8
air.fract.v3f16,8
air.fract.v3f64,8
air.fract.v4f16,8
air.fract.v4f64,8
air.fract.v8f16,8
air.fract.v8f64,8
air.hadd.s.i8,8
air.ldexp.f16,8
air.log.f16,8
air.log10.f16,8
air.log2.f16,8
air.pow.f16,8
air.powr.f16,8
air.rhadd.s.i8,8
air.rint.f16,8
air.round.f16,8
air.rsqrt.f32,8
air.sample_texture_1d.v4f16,8
air.sample_texture_1d_array.v4f16,8
air.sample_texture_2d.v4f16,8
air.sample_texture_2d_array.v4f16,8
air.sample_texture_3d.v4f16,8
air.sin.f16,8
air.sinh.f16,8
air.sinpi.f16,8
air.tan.f16,8
air.tanh.f16,8
air.tanpi.f16,8
air.convert,8
air.render.command.set_vertex_buffer_render_command,8
air.intersection.result.get_null_function_handle,8
air.address_space,7
air.compile.fast_math_enable,7
air.discard_fragment,7
air.fragment,7
air.get_descriptor_size_tensor,7
air.get_null_function_handle,7
air.get_null_visible_function_table,7
air.max_constant_buffers,7
air.max_read_write_textures,7
air.max_threadgroup_buffers,7
air.no_perspective,7
air.perspective,7
air.render_target,7
air.sample_texture_2d.v4f32,7
air.set_index_mesh,7
air.set_primitive_count_mesh,7
air.simdgroup_matrix_8x8_load.v64f32.p1f32,7
air.vertex,7
air.all.v16i1,7
air.any.v16i1,7
air.atomic.local.add.s.i32,7
air.atomic.local.add.u.i32,7
air.atomic.local.cmpxchg.weak.i32,7
air.atomic.local.sub.s.i32,7
air.atomic.local.sub.u.i32,7
air.clamp.v16f64,7
air.fast_floor.v16f32,7
air.fast_trunc.v16f32,7
air.ldexp.v16f64,7
air.vprintf,7
air.wait_wg_events,7
air.abs.s.i8,7
air.fabs.v16f32,7
air.fabs.v2f32,7
air.fabs.v3f32,7
air.fabs.v4f32,7
air.fabs.v8f32,7
air.fast_fabs.v2f32,7
air.fast_fabs.v3f32,7
air.fast_fabs.v4f32,7
air.fast_fabs.v8f32,7
air.fmax.f64,7
air.fmax.v16f32,7
air.fmax.v2f32,7
air.fmax.v3f32,7
air.fmax.v4f32,7
air.fmax.v8f32,7
air.fmin.v16f32,7
air.fmin.v2f32,7
air.fmin.v3f32,7
air.fmin.v4f32,7
air.fmin.v8f32,7
air.mad24.s.i32,7
air.max.s.i8,7
air.min.s.i8,7
air.mix.f16,7
air.mul24.s.i32,7
air.read_texture_1d.v4f16,7
air.read_texture_1d_array.v4f16,7
air.read_texture_2d.v4f16,7
air.read_texture_2d_array.v4f16,7
air.read_texture_3d.v4f16,7
air.read_texture_buffer_1d.v4f16,7
air.sign.f16,7
air.get_height_texture_cube,7
air.get_num_mip_levels_texture_1d_array,7
air.get_num_mip_levels_texture_1d,7
air.get_num_mip_levels_texture_2d_array,7
air.get_num_mip_levels_texture_2d,7
air.atomic_exchange_explicit_texture_buffer_1d.u.v4i32,6
air.dfdx.f16,6
air.dfdy.f16,6
air.extract_bits.s.i8,6
air.fast_fmedian3.f32,6
air.fwidth.f16,6
air.get_color_coverage_mask,6
air.get_height_depth_cube,6
air.get_null_depth_2d,6
air.get_null_depth_2d_ms,6
air.get_null_depth_cube,6
air.get_null_instance_acceleration_structure,6
air.get_num_mip_levels_depth_2d,6
air.get_num_samples.i32,6
air.get_vertex_value.f32,6
air.get_width_depth_cube,6
air.implicit_imageblock_data,6
air.init_strided_private_tensor.i16.private,6
air.insert_bits.s.i8,6
air.interpolate_center_no_perspective.f32,6
air.interpolate_center_perspective.f32,6
air.interpolate_centroid_no_perspective.f32,6
air.interpolate_centroid_perspective.f32,6
air.interpolate_offset_no_perspective.f32,6
air.interpolate_offset_perspective.f32,6
air.is_function_constant_defined,6
air.is_null_depth_2d,6
air.is_null_depth_2d_ms,6
air.is_null_depth_cube,6
air.is_null_function_handle,6
air.is_uniform.i32,6
air.map_physical_to_screen_coordinates.v2f32.p2i8.i32,6
air.map_screen_to_physical_coordinates.v2f32.p2i8.i32,6
air.median3.s.i8,6
air.pack.snorm.rgb10a2.v4f16,6
air.pack.snorm1x16.f32,6
air.pack.snorm1x8.f16,6
air.pack.snorm2x16.v2f32,6
air.pack.snorm2x8.v2f16,6
air.pack.snorm4x16.v4f32,6
air.pack.snorm4x8.v4f32,6
air.pack.unorm.rg11b10f.v3f16,6
air.pack.unorm.rgb10a2.v4f32,6
air.pack.unorm.rgb565.v3f32,6
air.pack.unorm.rgb9e5.v3f16,6
air.pack.unorm1x16.f32,6
air.pack.unorm1x8.f16,6
air.pack.unorm2x16.v2f32,6
air.pack.unorm2x8.v2f16,6
air.pack.unorm4x16.v4f32,6
air.pack.unorm4x8.srgb.v4f32,6
air.pack.unorm4x8.v4f32,6
air.position,6
air.quad_all,6
air.quad_and.s.i32,6
air.quad_any,6
air.quad_is_first,6
air.quad_or.s.i32,6
air.quad_prefix_exclusive_product.f32,6
air.quad_prefix_exclusive_sum.f32,6
air.quad_prefix_inclusive_product.f32,6
air.quad_prefix_inclusive_sum.f32,6
air.quad_product.f32,6
air.quad_sum.f32,6
air.quad_xor.s.i32,6
air.read_write,6
air.reverse_bits.i8,6
air.set_indices_mesh.v4i8,6
air.set_primitive_id_mesh,6
air.set_threadgroups_per_grid_mesh_properties,6
air.simd_all,6
air.simd_and.s.i32,6
air.simd_any,6
air.simd_is_first,6
air.simd_or.s.i32,6
air.simd_xor.s.i32,6
air.unpack.snorm.rgb10a2.v4f16,6
air.unpack.snorm1x16.f32,6
air.unpack.snorm1x8.f16,6
air.unpack.snorm2x16.v2f32,6
air.unpack.snorm2x8.v2f16,6
air.unpack.snorm4x16.v4f32,6
air.unpack.snorm4x8.v4f32,6
air.unpack.unorm.rg11b10f.v3f16,6
air.unpack.unorm.rgb10a2.v4f32,6
air.unpack.unorm.rgb565.v3f32,6
air.unpack.unorm.rgb9e5.v3f16,6
air.unpack.unorm1x16.f32,6
air.unpack.unorm1x8.f16,6
air.unpack.unorm2x16.v2f32,6
air.unpack.unorm2x8.v2f16,6
air.unpack.unorm4x16.v4f32,6
air.unpack.unorm4x8.srgb.v4f32,6
air.unpack.unorm4x8.v4f32,6
air.vertex_input,6
air.fast_fmax.v16f32,6
air.fast_fmin.v16f32,6
air.fast_fract.v16f32,6
air.fast_sincos.v16f32,6
air.get_channel_data_type_depth_2d_ms,6
air.get_channel_data_type_depth_2d_ms_array,6
air.get_channel_data_type_texture_1d,6
air.get_channel_data_type_texture_1d_array,6
air.get_channel_data_type_texture_2d,6
air.get_channel_data_type_texture_2d_array,6
air.get_channel_data_type_texture_2d_ms,6
air.get_channel_data_type_texture_2d_ms_array,6
air.get_channel_data_type_texture_3d,6
air.get_channel_data_type_texture_buffer_1d,6
air.get_channel_order_depth_2d,6
air.get_channel_order_depth_2d_array,6
air.get_channel_order_depth_2d_ms,6
air.get_channel_order_depth_2d_ms_array,6
air.get_channel_order_texture_1d,6
air.get_channel_order_texture_1d_array,6
air.get_channel_order_texture_2d,6
air.get_channel_order_texture_2d_array,6
air.get_channel_order_texture_2d_ms,6
air.get_channel_order_texture_2d_ms_array,6
air.get_channel_order_texture_3d,6
air.get_channel_order_texture_buffer_1d,6
air.get_global_id,6
air.all.v2i1,6
air.all.v8i1,6
air.any.v2i1,6
air.any.v4i1,6
air.any.v8i1,6
air.clamp.v16f16,6
air.clamp.v16f32,6
air.clamp.v2f16,6
air.clamp.v2f32,6
air.clamp.v2f64,6
air.clamp.v3f16,6
air.clamp.v3f32,6
air.clamp.v3f64,6
air.clamp.v4f16,6
air.clamp.v4f32,6
air.clamp.v4f64,6
air.clamp.v8f16,6
air.clamp.v8f32,6
air.clamp.v8f64,6
air.convert.f.v3f32.s.v3i32,6
air.fast_floor.v2f32,6
air.fast_floor.v3f32,6
air.fast_floor.v4f32,6
air.fast_floor.v8f32,6
air.fast_trunc.f32,6
air.fast_trunc.v2f32,6
air.fast_trunc.v3f32,6
air.fast_trunc.v4f32,6
air.fast_trunc.v8f32,6
air.floor.v16f32,6
air.floor.v2f32,6
air.floor.v3f32,6
air.floor.v4f32,6
air.floor.v8f32,6
air.ldexp.v16f16,6
air.ldexp.v2f16,6
air.ldexp.v2f64,6
air.ldexp.v3f16,6
air.ldexp.v3f64,6
air.ldexp.v4f16,6
air.ldexp.v4f64,6
air.ldexp.v8f16,6
air.ldexp.v8f64,6
air.nextafter.f16,6
air.trunc.f32,6
air.trunc.v16f32,6
air.trunc.v2f32,6
air.trunc.v3f32,6
air.trunc.v4f32,6
air.trunc.v8f32,6
air.gather_,6
air..atomic_store_explicit,6
air..atomic_load_explicit,6
air..atomic_exchange_explicit,6
air..atomic_compare_exchange_weak_explicit,6
air..atomic_fetch_add_explicit,6
air..atomic_fetch_and_explicit,6
air..atomic_fetch_max_explicit,6
air..atomic_fetch_min_explicit,6
air..atomic_fetch_or_explicit,6
air..atomic_fetch_sub_explicit,6
air..atomic_fetch_xor_explicit,6
air..wg_barrier,6
air..simdgroup_barrier,6
air.rasterization.rate.map.decoder.map_physical_to_screen_coordinates,6
air.rasterization.rate.map.decoder.map_screen_to_physical_coordinates,6
air.imageblock.imageblock_implicit_read,6
air.imageblock.imageblock_implicit_write,6
air.imageblock.imageblock_implicit_data,6
air.mesh.set_indices_mesh,6
air..unpack_unorm4x8,6
air..unpack_snorm4x8,6
air..unpack_unorm4x8_srgb,6
air..unpack_unorm2x16,6
air..unpack_snorm2x16,6
air..unpack_unorm_rgb10a2,6
air..unpack_snorm_rgb10a2,6
air..unpack_unorm_rgb565,6
air..pack_unorm4x8,6
air..pack_snorm4x8,6
air..pack_unorm4x8_srgb,6
air..pack_unorm2x16,6
air..pack_snorm2x16,6
air..pack_unorm_rgb10a2,6
air..pack_snorm_rgb10a2,6
air..pack_unorm_rgb565,6
air..quad_shuffle_and_fill_down,6
air..quad_shuffle_and_fill_up,6
air.intersection.result.get_null_intersection_function_table,6
air..get_simdgroup_size,6
air.function.handle.function_handle_t,6
air.depth2d.depth_2d_t,6
air.depth2d.array.get_null_depth_2d_array_t,6
air.depth2d.ms.depth_2d_ms_t,6
air.depth2d.ms.array.get_null_depth_2d_ms_array_t,6
air.depthcube.depth_cube_t,6
air.depthcube.array.get_null_depth_cube_array_t,6
air.texture1d.get_null_texture_1d_t,6
air.texture1d.array.get_null_texture_1d_array_t,6
air.texture2d.get_null_texture_2d_t,6
air.texture2d.array.get_null_texture_2d_array_t,6
air.texture2d.ms.get_null_texture_2d_ms_t,6
air.texture2d.ms.array.get_null_texture_2d_ms_array_t,6
air.texture3d.get_null_texture_3d_t,6
air.texture.buffer.get_null_texture_buffer_1d_t,6
air.texturecube.get_null_texture_cube_t,6
air.texturecube.array.get_null_texture_cube_array_t,6
air.allocate_intersection_query.instancing.triangle_data.curve_data,5
air.atomic.global.max.u.i64,5
air.atomic.global.min.u.i64,5
air.atomic_compare_exchange_weak_explicit_texture_1d.u.v4i32,5
air.atomic_compare_exchange_weak_explicit_texture_1d_array.u.v4i32,5
air.atomic_compare_exchange_weak_explicit_texture_2d.u.v4i32,5
air.atomic_compare_exchange_weak_explicit_texture_2d_array.u.v4i32,5
air.atomic_compare_exchange_weak_explicit_texture_3d.u.v4i32,5
air.atomic_compare_exchange_weak_explicit_texture_buffer_1d.u.v4i32,5
air.atomic_compare_exchange_weak_explicit_texture_cube.u.v4i32,5
air.atomic_compare_exchange_weak_explicit_texture_cube_array.u.v4i32,5
air.atomic_exchange_explicit_texture_cube.u.v4i32,5
air.atomic_exchange_explicit_texture_cube_array.u.v4i32,5
air.atomic_fetch_add_explicit_texture_buffer_1d.u.v4i32,5
air.atomic_fetch_add_explicit_texture_cube.u.v4i32,5
air.atomic_fetch_add_explicit_texture_cube_array.u.v4i32,5
air.atomic_fetch_and_explicit_texture_buffer_1d.u.v4i32,5
air.atomic_fetch_and_explicit_texture_cube.u.v4i32,5
air.atomic_fetch_and_explicit_texture_cube_array.u.v4i32,5
air.atomic_fetch_max_explicit_texture_buffer_1d.u.v4i32,5
air.atomic_fetch_max_explicit_texture_cube.u.v4i32,5
air.atomic_fetch_max_explicit_texture_cube_array.u.v4i32,5
air.atomic_fetch_min_explicit_texture_buffer_1d.u.v4i32,5
air.atomic_fetch_min_explicit_texture_cube.u.v4i32,5
air.atomic_fetch_min_explicit_texture_cube_array.u.v4i32,5
air.atomic_fetch_or_explicit_texture_buffer_1d.u.v4i32,5
air.atomic_fetch_or_explicit_texture_cube.u.v4i32,5
air.atomic_fetch_or_explicit_texture_cube_array.u.v4i32,5
air.atomic_fetch_sub_explicit_texture_buffer_1d.u.v4i32,5
air.atomic_fetch_sub_explicit_texture_cube.u.v4i32,5
air.atomic_fetch_sub_explicit_texture_cube_array.u.v4i32,5
air.atomic_fetch_xor_explicit_texture_buffer_1d.u.v4i32,5
air.atomic_fetch_xor_explicit_texture_cube.u.v4i32,5
air.atomic_fetch_xor_explicit_texture_cube_array.u.v4i32,5
air.atomic_load_explicit_texture_buffer_1d.u.v4i32,5
air.atomic_load_explicit_texture_cube.u.v4i32,5
air.atomic_load_explicit_texture_cube_array.u.v4i32,5
air.atomic_max_explicit_texture_1d.i16.u.v4i64,5
air.atomic_max_explicit_texture_1d_array.i16.u.v4i64,5
air.atomic_max_explicit_texture_2d.i16.u.v4i64,5
air.atomic_max_explicit_texture_2d_array.i16.u.v4i64,5
air.atomic_max_explicit_texture_3d.i16.u.v4i64,5
air.atomic_max_explicit_texture_buffer_1d.i16.u.v4i64,5
air.atomic_max_explicit_texture_cube.i16.u.v4i64,5
air.atomic_max_explicit_texture_cube_array.i16.u.v4i64,5
air.atomic_min_explicit_texture_1d.i16.u.v4i64,5
air.atomic_min_explicit_texture_1d_array.i16.u.v4i64,5
air.atomic_min_explicit_texture_2d.i16.u.v4i64,5
air.atomic_min_explicit_texture_2d_array.i16.u.v4i64,5
air.atomic_min_explicit_texture_3d.i16.u.v4i64,5
air.atomic_min_explicit_texture_buffer_1d.i16.u.v4i64,5
air.atomic_min_explicit_texture_cube.i16.u.v4i64,5
air.atomic_min_explicit_texture_cube_array.i16.u.v4i64,5
air.atomic_store_explicit_texture_buffer_1d.u.v4i32,5
air.atomic_store_explicit_texture_cube.u.v4i32,5
air.atomic_store_explicit_texture_cube_array.u.v4i32,5
air.calculate_clamped_lod_depth_2d,5
air.calculate_clamped_lod_depth_2d_array,5
air.calculate_clamped_lod_depth_cube,5
air.calculate_clamped_lod_depth_cube_array,5
air.calculate_unclamped_lod_depth_2d,5
air.calculate_unclamped_lod_depth_2d_array,5
air.calculate_unclamped_lod_depth_cube,5
air.calculate_unclamped_lod_depth_cube_array,5
air.center,5
air.clear_barrier_compute_command,5
air.clear_barrier_render_command,5
air.concurrent_dispatch_threadgroups_compute_command,5
air.concurrent_dispatch_threads_compute_command,5
air.copy_compute_command,5
air.copy_render_command,5
air.draw_indexed_patches_render_command.p1i32.p1i8.p1i8,5
air.draw_indexed_primitives_render_command.p1i32,5
air.draw_mesh_threadgroups_render_command,5
air.draw_mesh_threads_render_command,5
air.draw_patches_render_command.p1i32.p1i8,5
air.draw_primitives_render_command,5
air.fast_fmax3.f32,5
air.fast_fmin3.f32,5
air.fence_texture_1d,5
air.fence_texture_1d_array,5
air.fence_texture_2d,5
air.fence_texture_2d_array,5
air.fence_texture_3d,5
air.fence_texture_buffer_1d,5
air.fence_texture_cube,5
air.fence_texture_cube_array,5
air.gather_compare_depth_2d.f32,5
air.gather_compare_depth_cube_array.f32,5
air.gather_depth_2d.v4f32,5
air.gather_depth_cube_array.v4f32,5
air.gather_texture_2d.v4f32,5
air.gather_texture_2d_array.v4f32,5
air.gather_texture_cube.v4f32,5
air.gather_texture_cube_array.v4f32,5
air.get_array_size_depth_cube_array,5
air.get_data_pointer_typed_global_tensor.s.i32.global,5
air.get_height_depth_cube_array,5
air.get_imageblock_height,5
air.get_imageblock_num_colors,5
air.get_instance_acceleration_structure_instance_acceleration_structure,5
air.get_null_depth_2d_array,5
air.get_null_depth_2d_ms_array,5
air.get_null_depth_cube_array,5
air.get_null_primitive_acceleration_structure,5
air.get_num_mip_levels_depth_cube_array,5
air.get_primitive_acceleration_structure_instance_acceleration_structure,5
air.get_resource_id_instance_acceleration_structure,5
air.get_resource_id_primitive_acceleration_structure,5
air.get_sample_position.v2f32,5
air.get_size_command_buffer,5
air.get_size_visible_function_table,5
air.get_stride_global_tensor.i32,5
air.get_width_depth_cube_array,5
air.imageblock_data,5
air.interpolate_sample_no_perspective.f32,5
air.interpolate_sample_perspective.f32,5
air.intersect.triangle_data,5
air.is_equal_function_handle,5
air.is_null_depth_2d_array,5
air.is_null_depth_2d_ms_array,5
air.is_null_depth_cube_array,5
air.is_null_global_tensor,5
air.is_null_instance_acceleration_structure,5
air.is_null_intersection_function_table,5
air.is_null_primitive_acceleration_structure,5
air.load.implicit_imageblock.v4f32,5
air.load_global_tensor.s.i32.global.f32,5
air.max3.s.i8,5
air.min3.s.i8,5
air.quad_active_threads_mask,5
air.quad_ballot,5
air.quad_broadcast.f32,5
air.quad_broadcast_first.f32,5
air.quad_is_helper_thread,5
air.quad_max.f32,5
air.quad_min.f32,5
air.quad_shuffle.f32,5
air.quad_shuffle_and_fill_down.f32,5
air.quad_shuffle_and_fill_up.f32,5
air.quad_shuffle_down.f32,5
air.quad_shuffle_rotate_down.f32,5
air.quad_shuffle_rotate_up.f32,5
air.quad_shuffle_up.f32,5
air.quad_shuffle_xor.f32,5
air.quad_vote_all,5
air.quad_vote_any,5
air.reset_compute_command,5
air.reset_render_command,5
air.sample_compare_depth_2d.f32,5
air.sample_compare_depth_2d_array.f32,5
air.sample_compare_depth_2d_array_grad.f32,5
air.sample_compare_depth_2d_grad.f32,5
air.sample_compare_depth_cube.f32,5
air.sample_compare_depth_cube_array.f32,5
air.sample_compare_depth_cube_array_grad.f32,5
air.sample_compare_depth_cube_grad.f32,5
air.sample_depth_2d_grad.f32,5
air.sample_depth_cube_array.f32,5
air.sample_depth_cube_array_grad.f32,5
air.sample_texture_3d_grad.v4f32,5
air.sample_texture_cube_array.v4f32,5
air.sample_texture_cube_array_grad.v4f32,5
air.sample_texture_cube_grad.v4f32,5
air.set_barrier_compute_command,5
air.set_barrier_render_command,5
air.set_cull_mode_render_command,5
air.set_depth_bias_render_command,5
air.set_depth_clip_mode_render_command,5
air.set_depth_stencil_state_render_command,5
air.set_fragment_buffer_render_command.p1i8,5
air.set_front_facing_winding_render_command,5
air.set_imageblock_size_compute_command,5
air.set_kernel_buffer_compute_command.p1i8,5
air.set_mesh_buffer_render_command.p1i8,5
air.set_object_buffer_render_command.p1i8,5
air.set_object_threadgroup_memory_length_render_command,5
air.set_pipeline_state_compute_command,5
air.set_pipeline_state_render_command,5
air.set_stage_in_region_compute_command,5
air.set_threadgroup_memory_length_compute_command,5
air.set_triangle_fill_mode_render_command,5
air.set_vertex_buffer_render_command.p1i8,5
air.simd_active_threads_mask.i64,5
air.simd_ballot.i64,5
air.simd_broadcast.f32,5
air.simd_broadcast_first.f32,5
air.simd_is_helper_thread,5
air.simd_max.f32,5
air.simd_min.f32,5
air.simd_prefix_exclusive_product.f32,5
air.simd_prefix_exclusive_sum.f32,5
air.simd_prefix_inclusive_product.f32,5
air.simd_prefix_inclusive_sum.f32,5
air.simd_product.f32,5
air.simd_shuffle.f32,5
air.simd_shuffle_down.f32,5
air.simd_shuffle_rotate_down.f32,5
air.simd_shuffle_rotate_up.f32,5
air.simd_shuffle_up.f32,5
air.simd_shuffle_xor.f32,5
air.simd_sum.f32,5
air.simd_vote_all.i64,5
air.simd_vote_any.i64,5
air.simdgroup_matrix_8x8_init_diag.v64f32.f32,5
air.simdgroup_matrix_8x8_init_filled.v64f32.f32,5
air.store.implicit_imageblock.mask.v4f32,5
air.store_global_tensor.s.i32.global.f32,5
air.write_imageblock_slice_to_texture_1d.i16.v4f32,5
air.write_imageblock_slice_to_texture_1d_array.i16.v4f32,5
air.write_imageblock_slice_to_texture_2d.i16.v4f32,5
air.write_imageblock_slice_to_texture_2d_array.i16.v4f32,5
air.write_imageblock_slice_to_texture_3d.i16.v4f32,5
air.write_imageblock_slice_to_texture_cube.i16.v4f32,5
air.write_imageblock_slice_to_texture_cube_array.i16.v4f32,5
air.write_texture_cube.i16.v4f32,5
air.write_texture_cube_array.i16.v4f32,5
air.acos,5
air.acos.v16f64,5
air.acosh,5
air.acosh.v16f64,5
air.acospi,5
air.acospi.v16f64,5
air.asin,5
air.asin.v16f64,5
air.asinh,5
air.asinh.v16f64,5
air.asinpi,5
air.asinpi.v16f64,5
air.atan,5
air.atan.v16f64,5
air.atan2,5
air.atan2.v16f64,5
air.atan2pi,5
air.atan2pi.v16f64,5
air.atanh,5
air.atanh.v16f64,5
air.atanpi,5
air.atanpi.v16f64,5
air.atomic.global.and.u.i32,5
air.atomic.global.cmpxchg.weak,5
air.atomic.global.min.u.i32,5
air.atomic.global.xor.u.i32,5
air.atomic.local.and.s.i32,5
air.atomic.local.and.u.i32,5
air.atomic.local.max.s.i32,5
air.atomic.local.max.u.i32,5
air.atomic.local.min.s.i32,5
air.atomic.local.min.u.i32,5
air.atomic.local.or.s.i32,5
air.atomic.local.or.u.i32,5
air.atomic.local.xor.s.i32,5
air.atomic.local.xor.u.i32,5
air.cbrt,5
air.cbrt.v16f64,5
air.ceil.v16f64,5
air.clamp.s.v16i16,5
air.clamp.u.v16i16,5
air.clz.v16i16,5
air.convert.f.v16f64.f.v16f16.rte,5
air.convert.f.v16f64.s.v16i16.rte,5
air.convert.f.v16f64.u.v16i1,5
air.cos.v16f64,5
air.cosh.v16f64,5
air.cospi.v16f64,5
air.ctz,5
air.erf.v16f64,5
air.erfc.v16f64,5
air.exp.v16f64,5
air.exp10.v16f64,5
air.exp2.v16f64,5
air.expm1.v16f64,5
air.fast_ldexp.v16f32,5
air.fma.v16f64,5
air.fmod.v16f64,5
air.get_local_id,5
air.half_cos.v16f32,5
air.half_exp.v16f32,5
air.half_exp10.v16f32,5
air.half_exp2.v16f32,5
air.half_log.v16f32,5
air.half_log10.v16f32,5
air.half_log2.v16f32,5
air.half_powr.v16f32,5
air.half_rsqrt.v16f32,5
air.half_sin.v16f32,5
air.half_sqrt.v16f32,5
air.half_tan.v16f32,5
air.hypot.v16f64,5
air.lgamma.v16f64,5
air.log.v16f64,5
air.log10.v16f64,5
air.log1p.v16f64,5
air.log2.v16f64,5
air.logb.v16f64,5
air.mad.v16f64,5
air.max.s.v16i16,5
air.max.u.v16i16,5
air.min.s.v16i16,5
air.min.u.v16i16,5
air.mix,5
air.mix.v16f64,5
air.native_cos.v16f32,5
air.native_exp.v16f32,5
air.native_exp10.v16f32,5
air.native_exp2.v16f32,5
air.native_log.v16f32,5
air.native_log10.v16f32,5
air.native_log2.v16f32,5
air.native_powr.v16f32,5
air.native_rsqrt.v16f32,5
air.native_sin.v16f32,5
air.native_sqrt.v16f32,5
air.native_tan.v16f32,5
air.nextafter.v16f64,5
air.popcount.v16i16,5
air.pow.v16f64,5
air.pown.v16f64,5
air.powr.v16f64,5
air.remainder.v16f64,5
air.rint.v16f64,5
air.rootn.v16f64,5
air.rotate.v16i16,5
air.round.v16f64,5
air.rsqrt.v16f64,5
air.sample_texture_1d.v4f32,5
air.sample_texture_1d.s.v4i32,5
air.sample_texture_1d.u.v4i32,5
air.sample_texture_1d_array.v4f32,5
air.sample_texture_1d_array.s.v4i32,5
air.sample_texture_1d_array.u.v4i32,5
air.sample_texture_2d.s.v4i32,5
air.sample_texture_2d.u.v4i32,5
air.sample_texture_2d_array.v4f32,5
air.sample_texture_2d_array.s.v4i32,5
air.sample_texture_2d_array.u.v4i32,5
air.sample_texture_3d.v4f32,5
air.sample_texture_3d.s.v4i32,5
air.sample_texture_3d.u.v4i32,5
air.sin.v16f64,5
air.sinh.v16f64,5
air.sinpi.v16f64,5
air.sqrt.v16f64,5
air.tan.v16f64,5
air.tanh.v16f64,5
air.tanpi.v16f64,5
air.tgamma.v16f64,5
air.vstore_half.global.rte.f32,5
air.vstore_half.local.rte.f32,5
air.vstore_half.private.rte.f32,5
air.vstorea_half.global.rte.f32,5
air.vstorea_half.local.rte.f32,5
air.vstorea_half.private.rte.f32,5
air.fast_fmax.v2f32,5
air.fast_fmax.v4f32,5
air.fast_fmax.v8f32,5
air.fast_fmin.v2f32,5
air.fast_fmin.v4f32,5
air.fast_fmin.v8f32,5
air.fast_fract.v2f32,5
air.fast_fract.v3f32,5
air.fast_fract.v4f32,5
air.fast_fract.v8f32,5
air.fast_sincos.f32,5
air.fast_sincos.v2f32,5
air.fast_sincos.v3f32,5
air.fast_sincos.v4f32,5
air.fast_sincos.v8f32,5
air.fract.f32,5
air.fract.v16f32,5
air.fract.v2f32,5
air.fract.v3f32,5
air.fract.v4f32,5
air.fract.v8f32,5
air.sincos.f32,5
air.sincos.v16f32,5
air.sincos.v2f32,5
air.sincos.v3f32,5
air.sincos.v4f32,5
air.sincos.v8f32,5
air.mesh,5
air.write,5
air.get_num_mip_levels_depth_cube,5
air.abort_intersection_query.instancing.triangle_data,4
air.buffer,4
air.commit_bounding_box_intersection_intersection_query.instancing.triangle_data,4
air.commit_curve_intersection_intersection_query.instancing.triangle_data.curve_data,4
air.commit_triangle_intersection_intersection_query.instancing.triangle_data,4
air.compile.denorms_disable,4
air.compile.framebuffer_fetch_enable,4
air.fragment_input,4
air.get_candidate_curve_distance_intersection_query.instancing.triangle_data.curve_data,4
air.get_candidate_curve_parameter_intersection_query.instancing.triangle_data.curve_data,4
air.get_candidate_geometry_id_intersection_query.instancing.triangle_data,4
air.get_candidate_instance_count_intersection_query.multi_level_instancing.triangle_data,4
air.get_candidate_instance_id_intersection_query.instancing.triangle_data,4
air.get_candidate_intersection_type_intersection_query.instancing.triangle_data,4
air.get_candidate_object_to_world_transform_intersection_query.instancing.triangle_data,4
air.get_candidate_primitive_data_intersection_query.instancing.triangle_data,4
air.get_candidate_primitive_id_intersection_query.instancing.triangle_data,4
air.get_candidate_ray_direction_intersection_query.instancing.triangle_data,4
air.get_candidate_ray_origin_intersection_query.instancing.triangle_data,4
air.get_candidate_triangle_barycentric_coord_intersection_query.instancing.triangle_data,4
air.get_candidate_triangle_distance_intersection_query.instancing.triangle_data,4
air.get_candidate_user_instance_id_intersection_query.instancing.triangle_data,4
air.get_candidate_world_to_object_transform_intersection_query.instancing.triangle_data,4
air.get_committed_curve_parameter_intersection_query.instancing.triangle_data.curve_data,4
air.get_committed_distance_intersection_query.instancing.triangle_data,4
air.get_committed_geometry_id_intersection_query.instancing.triangle_data,4
air.get_committed_instance_count_intersection_query.multi_level_instancing.triangle_data,4
air.get_committed_instance_id_intersection_query.instancing.triangle_data,4
air.get_committed_intersection_type_intersection_query.instancing.triangle_data,4
air.get_committed_object_to_world_transform_intersection_query.instancing.triangle_data,4
air.get_committed_primitive_data_intersection_query.instancing.triangle_data,4
air.get_committed_primitive_id_intersection_query.instancing.triangle_data,4
air.get_committed_ray_direction_intersection_query.instancing.triangle_data,4
air.get_committed_ray_origin_intersection_query.instancing.triangle_data,4
air.get_committed_triangle_barycentric_coord_intersection_query.instancing.triangle_data,4
air.get_committed_user_instance_id_intersection_query.instancing.triangle_data,4
air.get_committed_world_to_object_transform_intersection_query.instancing.triangle_data,4
air.get_curve_parameter_intersection_result.instancing.triangle_data.curve_data,4
air.get_distance_intersection_result.instancing.triangle_data,4
air.get_geometry_id_intersection_result.instancing.triangle_data,4
air.get_imageblock_samples,4
air.get_instance_count_instance_acceleration_structure,4
air.get_instance_count_intersection_result.multi_level_instancing.triangle_data,4
air.get_instance_id_intersection_result.instancing.triangle_data,4
air.get_intersection_params_intersection_query.instancing.triangle_data,4
air.get_object_to_world_transform_intersection_result.instancing.triangle_data.world_space_data,4
air.get_primitive_data_intersection_result.instancing.triangle_data,4
air.get_primitive_id_intersection_result.instancing.triangle_data,4
air.get_ray_direction_intersection_result.instancing.triangle_data,4
air.get_ray_min_distance_intersection_query.instancing.triangle_data,4
air.get_ray_min_distance_intersection_result.instancing.triangle_data,4
air.get_ray_origin_intersection_result.instancing.triangle_data,4
air.get_size_intersection_function_table,4
air.get_triangle_barycentric_coord_intersection_result.instancing.triangle_data,4
air.get_type_intersection_result.triangle_data,4
air.get_user_instance_id_intersection_result.instancing.triangle_data,4
air.get_world_space_ray_direction_intersection_query.instancing.triangle_data,4
air.get_world_space_ray_origin_intersection_query.instancing.triangle_data,4
air.get_world_to_object_transform_intersection_result.instancing.triangle_data.world_space_data,4
air.instance_id,4
air.intersect_direct_access.instancing.triangle_data,4
air.is_candidate_non_opaque_bounding_box_intersection_query.instancing.triangle_data,4
air.is_candidate_triangle_front_facing_intersection_query.instancing.triangle_data,4
air.is_committed_triangle_front_facing_intersection_query.instancing.triangle_data,4
air.is_triangle_front_facing_intersection_result.instancing.triangle_data,4
air.next_intersection_query.instancing.triangle_data,4
air.read_depth_cube.f32,4
air.read_depth_cube_array.f32,4
air.read_texture_cube.v4f32,4
air.read_texture_cube_array.v4f32,4
air.release_intersect_payload.triangle_data,4
air.release_intersection_result.instancing.triangle_data,4
air.reset_intersection_query.instancing.triangle_data,4
air.sampler,4
air.simd_shuffle_and_fill_down.f32,4
air.simd_shuffle_and_fill_up.f32,4
air.simdgroup_matrix_8x8_multiply_accumulate.v64f32.v64f32.v64f32.v64f32,4
air.simdgroup_matrix_8x8_store.v64f32.p1f32,4
air.store.imageblock.mask.v4f16,4
air.store.implicit_imageblock.v4f32,4
air.struct_type_info,4
air.texture,4
air.thread_position_in_grid,4
air.vertex_id,4
air.vertex_output,4
air.abs.s.v16i16,4
air.abs.u.v16i16,4
air.abs_diff.s.v16i16,4
air.abs_diff.u.v16i16,4
air.add_sat.s.v16i16,4
air.add_sat.u.v16i16,4
air.async_wg_copy.p1f16.p3f16,4
air.async_wg_strided_copy.p1f16.p3f16,4
air.convert.s.v16i16.f.v16f16.rte,4
air.convert.s.v16i16.f.v16f16.rte.sat,4
air.convert.s.v16i16.s.v16i32.rte,4
air.convert.s.v16i16.s.v16i32.rte.sat,4
air.convert.s.v16i16.u.v16i16.rte,4
air.convert.s.v16i16.u.v16i16.rte.sat,4
air.convert.u.v16i16.f.v16f16.rte,4
air.convert.u.v16i16.f.v16f16.rte.sat,4
air.convert.u.v16i16.s.v16i16.rte,4
air.convert.u.v16i16.s.v16i16.rte.sat,4
air.convert.u.v16i16.u.v16i32.rte,4
air.convert.u.v16i16.u.v16i32.rte.sat,4
air.fast_acos.v16f32,4
air.fast_acosh.v16f32,4
air.fast_asin.v16f32,4
air.fast_asinh.v16f32,4
air.fast_atan.v16f32,4
air.fast_atan2.v16f32,4
air.fast_atanh.v16f32,4
air.fast_ceil.v16f32,4
air.fast_cos.v16f32,4
air.fast_cosh.v16f32,4
air.fast_cospi.v16f32,4
air.fast_exp.v16f32,4
air.fast_exp10.v16f32,4
air.fast_exp2.v16f32,4
air.fast_fmod.v16f32,4
air.fast_log.v16f32,4
air.fast_log10.v16f32,4
air.fast_log2.v16f32,4
air.fast_pow.v16f32,4
air.fast_powr.v16f32,4
air.fast_rint.v16f32,4
air.fast_round.v16f32,4
air.fast_rsqrt.v16f32,4
air.fast_sin.v16f32,4
air.fast_sinh.v16f32,4
air.fast_sinpi.v16f32,4
air.fast_sqrt.v16f32,4
air.fast_tan.v16f32,4
air.fast_tanh.v16f32,4
air.fast_tanpi.v16f32,4
air.get_global_id.i32,4
air.get_global_offset.i32,4
air.get_global_size,4
air.get_global_size.i32,4
air.get_group_id.i32,4
air.get_local_id.i32,4
air.get_local_size,4
air.get_local_size.i32,4
air.get_num_groups,4
air.get_num_groups.i32,4
air.get_work_dim.i32,4
air.hadd.s.v16i16,4
air.hadd.u.v16i16,4
air.mad24.s.v16i32,4
air.mad24.u.v16i32,4
air.mad_hi.s.v16i16,4
air.mad_hi.u.v16i16,4
air.mad_sat.s.v16i16,4
air.mad_sat.u.v16i16,4
air.mul24.s.v16i32,4
air.mul24.u.v16i32,4
air.mul_hi.s.v16i16,4
air.mul_hi.u.v16i16,4
air.read_depth_2d_ms.f32,4
air.read_texture_1d.v4f32,4
air.read_texture_1d.s.v4i32,4
air.read_texture_1d.u.v4i32,4
air.read_texture_1d_array.v4f32,4
air.read_texture_1d_array.s.v4i32,4
air.read_texture_1d_array.u.v4i32,4
air.read_texture_2d.v4f32,4
air.read_texture_2d.s.v4i32,4
air.read_texture_2d.u.v4i32,4
air.read_texture_2d_array.v4f32,4
air.read_texture_2d_array.s.v4i32,4
air.read_texture_2d_array.u.v4i32,4
air.read_texture_2d_ms.s.v4i32,4
air.read_texture_2d_ms.u.v4i32,4
air.read_texture_2d_ms_array.s.v4i32,4
air.read_texture_2d_ms_array.u.v4i32,4
air.read_texture_3d.v4f32,4
air.read_texture_3d.s.v4i32,4
air.read_texture_3d.u.v4i32,4
air.read_texture_buffer_1d.v4f32,4
air.read_texture_buffer_1d.s.v4i32,4
air.read_texture_buffer_1d.u.v4i32,4
air.rhadd.s.v16i16,4
air.rhadd.u.v16i16,4
air.shuffle.v16f64.v16f64.v16i64,4
air.shuffle.s.v16i16.v16i16.v16i16,4
air.shuffle.u.v16i16.v16i16.v16i16,4
air.shuffle2.v16f64.v16f64.v16i64,4
air.shuffle2.s.v16i16.v16i16.v16i16,4
air.shuffle2.u.v16i16.v16i16.v16i16,4
air.sign.v16f64,4
air.sub_sat.s.v16i16,4
air.sub_sat.u.v16i16,4
air.vload.constant.v16f64,4
air.vload.global.v16f64,4
air.vload.local.v16f64,4
air.vload.private.v16f64,4
air.vload_half.constant.v16f32,4
air.vload_half.global.v16f32,4
air.vload_half.local.v16f32,4
air.vload_half.private.v16f32,4
air.vloada_half.constant.v16f32,4
air.vloada_half.global.v16f32,4
air.vloada_half.local.v16f32,4
air.vloada_half.private.v16f32,4
air.vstore.global.v16f16,4
air.vstore.local.v16f16,4
air.vstore.private.v16f16,4
air.write_depth_2d.f32,4
air.write_depth_2d_array.f32,4
air.write_texture_1d.s.v4i32,4
air.write_texture_1d.u.v4i32,4
air.write_texture_1d_array.s.v4i32,4
air.write_texture_1d_array.u.v4i32,4
air.write_texture_2d.s.v4i32,4
air.write_texture_2d.u.v4i32,4
air.write_texture_2d_array.s.v4i32,4
air.write_texture_2d_array.u.v4i32,4
air.write_texture_3d.s.v4i32,4
air.write_texture_3d.u.v4i32,4
air.write_texture_buffer_1d.s.v4i32,4
air.write_texture_buffer_1d.u.v4i32,4
air.acos.f64,4
air.acos.v16f16,4
air.acos.v2f16,4
air.acos.v2f64,4
air.acos.v3f16,4
air.acos.v3f64,4
air.acos.v4f16,4
air.acos.v4f64,4
air.acos.v8f16,4
air.acos.v8f64,4
air.acosh.f64,4
air.acosh.v16f16,4
air.acosh.v2f16,4
air.acosh.v2f64,4
air.acosh.v3f16,4
air.acosh.v3f64,4
air.acosh.v4f16,4
air.acosh.v4f64,4
air.acosh.v8f16,4
air.acosh.v8f64,4
air.acospi.f16,4
air.acospi.f32,4
air.acospi.f64,4
air.acospi.v16f16,4
air.acospi.v16f32,4
air.acospi.v2f16,4
air.acospi.v2f32,4
air.acospi.v2f64,4
air.acospi.v3f16,4
air.acospi.v3f32,4
air.acospi.v3f64,4
air.acospi.v4f16,4
air.acospi.v4f32,4
air.acospi.v4f64,4
air.acospi.v8f16,4
air.acospi.v8f32,4
air.acospi.v8f64,4
air.asin.f64,4
air.asin.v16f16,4
air.asin.v2f16,4
air.asin.v2f64,4
air.asin.v3f16,4
air.asin.v3f64,4
air.asin.v4f16,4
air.asin.v4f64,4
air.asin.v8f16,4
air.asin.v8f64,4
air.asinh.f64,4
air.asinh.v16f16,4
air.asinh.v2f16,4
air.asinh.v2f64,4
air.asinh.v3f16,4
air.asinh.v3f64,4
air.asinh.v4f16,4
air.asinh.v4f64,4
air.asinh.v8f16,4
air.asinh.v8f64,4
air.asinpi.f16,4
air.asinpi.f32,4
air.asinpi.f64,4
air.asinpi.v16f16,4
air.asinpi.v16f32,4
air.asinpi.v2f16,4
air.asinpi.v2f32,4
air.asinpi.v2f64,4
air.asinpi.v3f16,4
air.asinpi.v3f32,4
air.asinpi.v3f64,4
air.asinpi.v4f16,4
air.asinpi.v4f32,4
air.asinpi.v4f64,4
air.asinpi.v8f16,4
air.asinpi.v8f32,4
air.asinpi.v8f64,4
air.async_wg_copy.p1i16.p3i16,4
air.async_wg_copy.p1i32.p3i32,4
air.async_wg_copy.p1i64.p3i64,4
air.async_wg_copy.p1i8.p3i8,4
air.async_wg_copy.p1v16i16.p3v16i16,4
air.async_wg_copy.p1v16i32.p3v16i32,4
air.async_wg_copy.p1v16i64.p3v16i64,4
air.async_wg_copy.p1v16i8.p3v16i8,4
air.async_wg_copy.p1v2i16.p3v2i16,4
air.async_wg_copy.p1v2i32.p3v2i32,4
air.async_wg_copy.p1v2i64.p3v2i64,4
air.async_wg_copy.p1v2i8.p3v2i8,4
air.async_wg_copy.p1v3i16.p3v3i16,4
air.async_wg_copy.p1v3i32.p3v3i32,4
air.async_wg_copy.p1v3i64.p3v3i64,4
air.async_wg_copy.p1v3i8.p3v3i8,4
air.async_wg_copy.p1v4i16.p3v4i16,4
air.async_wg_copy.p1v4i32.p3v4i32,4
air.async_wg_copy.p1v4i64.p3v4i64,4
air.async_wg_copy.p1v4i8.p3v4i8,4
air.async_wg_copy.p1v8i16.p3v8i16,4
air.async_wg_copy.p1v8i32.p3v8i32,4
air.async_wg_copy.p1v8i64.p3v8i64,4
air.async_wg_copy.p1v8i8.p3v8i8,4
air.async_wg_copy.p3i16.p1i16,4
air.async_wg_copy.p3i32.p1i32,4
air.async_wg_copy.p3i64.p1i64,4
air.async_wg_copy.p3i8.p1i8,4
air.async_wg_copy.p3v16i16.p1v16i16,4
air.async_wg_copy.p3v16i32.p1v16i32,4
air.async_wg_copy.p3v16i64.p1v16i64,4
air.async_wg_copy.p3v16i8.p1v16i8,4
air.async_wg_copy.p3v2i16.p1v2i16,4
air.async_wg_copy.p3v2i32.p1v2i32,4
air.async_wg_copy.p3v2i64.p1v2i64,4
air.async_wg_copy.p3v2i8.p1v2i8,4
air.async_wg_copy.p3v3i16.p1v3i16,4
air.async_wg_copy.p3v3i32.p1v3i32,4
air.async_wg_copy.p3v3i64.p1v3i64,4
air.async_wg_copy.p3v3i8.p1v3i8,4
air.async_wg_copy.p3v4i16.p1v4i16,4
air.async_wg_copy.p3v4i32.p1v4i32,4
air.async_wg_copy.p3v4i64.p1v4i64,4
air.async_wg_copy.p3v4i8.p1v4i8,4
air.async_wg_copy.p3v8i16.p1v8i16,4
air.async_wg_copy.p3v8i32.p1v8i32,4
air.async_wg_copy.p3v8i64.p1v8i64,4
air.async_wg_copy.p3v8i8.p1v8i8,4
air.async_wg_strided_copy.p1i16.p3i16,4
air.async_wg_strided_copy.p1i32.p3i32,4
air.async_wg_strided_copy.p1i64.p3i64,4
air.async_wg_strided_copy.p1i8.p3i8,4
air.async_wg_strided_copy.p1v16i16.p3v16i16,4
air.async_wg_strided_copy.p1v16i32.p3v16i32,4
air.async_wg_strided_copy.p1v16i64.p3v16i64,4
air.async_wg_strided_copy.p1v16i8.p3v16i8,4
air.async_wg_strided_copy.p1v2i16.p3v2i16,4
air.async_wg_strided_copy.p1v2i32.p3v2i32,4
air.async_wg_strided_copy.p1v2i64.p3v2i64,4
air.async_wg_strided_copy.p1v2i8.p3v2i8,4
air.async_wg_strided_copy.p1v3i16.p3v3i16,4
air.async_wg_strided_copy.p1v3i32.p3v3i32,4
air.async_wg_strided_copy.p1v3i64.p3v3i64,4
air.async_wg_strided_copy.p1v3i8.p3v3i8,4
air.async_wg_strided_copy.p1v4i16.p3v4i16,4
air.async_wg_strided_copy.p1v4i32.p3v4i32,4
air.async_wg_strided_copy.p1v4i64.p3v4i64,4
air.async_wg_strided_copy.p1v4i8.p3v4i8,4
air.async_wg_strided_copy.p1v8i16.p3v8i16,4
air.async_wg_strided_copy.p1v8i32.p3v8i32,4
air.async_wg_strided_copy.p1v8i64.p3v8i64,4
air.async_wg_strided_copy.p1v8i8.p3v8i8,4
air.async_wg_strided_copy.p3i16.p1i16,4
air.async_wg_strided_copy.p3i32.p1i32,4
air.async_wg_strided_copy.p3i64.p1i64,4
air.async_wg_strided_copy.p3i8.p1i8,4
air.async_wg_strided_copy.p3v16i16.p1v16i16,4
air.async_wg_strided_copy.p3v16i32.p1v16i32,4
air.async_wg_strided_copy.p3v16i64.p1v16i64,4
air.async_wg_strided_copy.p3v16i8.p1v16i8,4
air.async_wg_strided_copy.p3v2i16.p1v2i16,4
air.async_wg_strided_copy.p3v2i32.p1v2i32,4
air.async_wg_strided_copy.p3v2i64.p1v2i64,4
air.async_wg_strided_copy.p3v2i8.p1v2i8,4
air.async_wg_strided_copy.p3v3i16.p1v3i16,4
air.async_wg_strided_copy.p3v3i32.p1v3i32,4
air.async_wg_strided_copy.p3v3i64.p1v3i64,4
air.async_wg_strided_copy.p3v3i8.p1v3i8,4
air.async_wg_strided_copy.p3v4i16.p1v4i16,4
air.async_wg_strided_copy.p3v4i32.p1v4i32,4
air.async_wg_strided_copy.p3v4i64.p1v4i64,4
air.async_wg_strided_copy.p3v4i8.p1v4i8,4
air.async_wg_strided_copy.p3v8i16.p1v8i16,4
air.async_wg_strided_copy.p3v8i32.p1v8i32,4
air.async_wg_strided_copy.p3v8i64.p1v8i64,4
air.async_wg_strided_copy.p3v8i8.p1v8i8,4
air.atan.f64,4
air.atan.v16f16,4
air.atan.v2f16,4
air.atan.v2f64,4
air.atan.v3f16,4
air.atan.v3f64,4
air.atan.v4f16,4
air.atan.v4f64,4
air.atan.v8f16,4
air.atan.v8f64,4
air.atan2.f64,4
air.atan2.v16f16,4
air.atan2.v2f16,4
air.atan2.v2f64,4
air.atan2.v3f16,4
air.atan2.v3f64,4
air.atan2.v4f16,4
air.atan2.v4f64,4
air.atan2.v8f16,4
air.atan2.v8f64,4
air.atan2pi.f16,4
air.atan2pi.f32,4
air.atan2pi.f64,4
air.atan2pi.v16f16,4
air.atan2pi.v16f32,4
air.atan2pi.v2f16,4
air.atan2pi.v2f32,4
air.atan2pi.v2f64,4
air.atan2pi.v3f16,4
air.atan2pi.v3f32,4
air.atan2pi.v3f64,4
air.atan2pi.v4f16,4
air.atan2pi.v4f32,4
air.atan2pi.v4f64,4
air.atan2pi.v8f16,4
air.atan2pi.v8f32,4
air.atan2pi.v8f64,4
air.atanh.f64,4
air.atanh.v16f16,4
air.atanh.v2f16,4
air.atanh.v2f64,4
air.atanh.v3f16,4
air.atanh.v3f64,4
air.atanh.v4f16,4
air.atanh.v4f64,4
air.atanh.v8f16,4
air.atanh.v8f64,4
air.atanpi.f16,4
air.atanpi.f32,4
air.atanpi.f64,4
air.atanpi.v16f16,4
air.atanpi.v16f32,4
air.atanpi.v2f16,4
air.atanpi.v2f32,4
air.atanpi.v2f64,4
air.atanpi.v3f16,4
air.atanpi.v3f32,4
air.atanpi.v3f64,4
air.atanpi.v4f16,4
air.atanpi.v4f32,4
air.atanpi.v4f64,4
air.atanpi.v8f16,4
air.atanpi.v8f32,4
air.atanpi.v8f64,4
air.cbrt.f16,4
air.cbrt.f32,4
air.cbrt.f64,4
air.cbrt.v16f16,4
air.cbrt.v16f32,4
air.cbrt.v2f16,4
air.cbrt.v2f32,4
air.cbrt.v2f64,4
air.cbrt.v3f16,4
air.cbrt.v3f32,4
air.cbrt.v3f64,4
air.cbrt.v4f16,4
air.cbrt.v4f32,4
air.cbrt.v4f64,4
air.cbrt.v8f16,4
air.cbrt.v8f32,4
air.cbrt.v8f64,4
air.ceil.f64,4
air.ceil.v16f16,4
air.ceil.v2f16,4
air.ceil.v2f64,4
air.ceil.v3f16,4
air.ceil.v3f64,4
air.ceil.v4f16,4
air.ceil.v4f64,4
air.ceil.v8f16,4
air.ceil.v8f64,4
air.clamp.f32,4
air.clamp.f64,4
air.clamp.s.v16i32,4
air.clamp.s.v16i64,4
air.clamp.s.v16i8,4
air.clamp.s.v2i16,4
air.clamp.s.v2i32,4
air.clamp.s.v2i64,4
air.clamp.s.v2i8,4
air.clamp.s.v3i16,4
air.clamp.s.v3i32,4
air.clamp.s.v3i64,4
air.clamp.s.v3i8,4
air.clamp.s.v4i16,4
air.clamp.s.v4i32,4
air.clamp.s.v4i64,4
air.clamp.s.v4i8,4
air.clamp.s.v8i16,4
air.clamp.s.v8i32,4
air.clamp.s.v8i64,4
air.clamp.s.v8i8,4
air.clamp.u.v16i32,4
air.clamp.u.v16i64,4
air.clamp.u.v16i8,4
air.clamp.u.v2i16,4
air.clamp.u.v2i32,4
air.clamp.u.v2i64,4
air.clamp.u.v2i8,4
air.clamp.u.v3i16,4
air.clamp.u.v3i32,4
air.clamp.u.v3i64,4
air.clamp.u.v3i8,4
air.clamp.u.v4i16,4
air.clamp.u.v4i32,4
air.clamp.u.v4i64,4
air.clamp.u.v4i8,4
air.clamp.u.v8i16,4
air.clamp.u.v8i32,4
air.clamp.u.v8i64,4
air.clamp.u.v8i8,4
air.clz.i16,4
air.clz.v16i32,4
air.clz.v16i64,4
air.clz.v16i8,4
air.clz.v2i16,4
air.clz.v2i32,4
air.clz.v2i64,4
air.clz.v2i8,4
air.clz.v3i16,4
air.clz.v3i32,4
air.clz.v3i64,4
air.clz.v3i8,4
air.clz.v4i16,4
air.clz.v4i32,4
air.clz.v4i64,4
air.clz.v4i8,4
air.clz.v8i16,4
air.clz.v8i32,4
air.clz.v8i64,4
air.clz.v8i8,4
air.convert.f.f16.f.f32.rte,4
air.convert.f.f16.f.f64.rte,4
air.convert.f.f16.s.i16.rte,4
air.convert.f.f16.s.i32.rte,4
air.convert.f.f16.s.i64.rte,4
air.convert.f.f16.s.i8.rte,4
air.convert.f.f16.u.i16.rte,4
air.convert.f.f16.u.i32.rte,4
air.convert.f.f16.u.i64.rte,4
air.convert.f.f16.u.i8.rte,4
air.convert.f.f32.f.f16.rte,4
air.convert.f.f32.f.f64.rte,4
air.convert.f.f32.s.i16.rte,4
air.convert.f.f32.s.i32.rte,4
air.convert.f.f32.s.i64.rte,4
air.convert.f.f32.s.i8.rte,4
air.convert.f.f32.u.i16.rte,4
air.convert.f.f32.u.i32.rte,4
air.convert.f.f32.u.i64.rte,4
air.convert.f.f32.u.i8.rte,4
air.convert.f.f64.f.f16.rte,4
air.convert.f.f64.f.f32.rte,4
air.convert.f.f64.s.i16.rte,4
air.convert.f.f64.s.i32.rte,4
air.convert.f.f64.s.i64.rte,4
air.convert.f.f64.s.i8.rte,4
air.convert.f.f64.u.i16.rte,4
air.convert.f.f64.u.i32.rte,4
air.convert.f.f64.u.i64.rte,4
air.convert.f.f64.u.i8.rte,4
air.convert.f.v16f16.f.v16f32.rte,4
air.convert.f.v16f16.f.v16f64.rte,4
air.convert.f.v16f16.s.v16i16.rte,4
air.convert.f.v16f16.s.v16i32.rte,4
air.convert.f.v16f16.s.v16i64.rte,4
air.convert.f.v16f16.s.v16i8.rte,4
air.convert.f.v16f16.u.v16i1,4
air.convert.f.v16f16.u.v16i16.rte,4
air.convert.f.v16f16.u.v16i32.rte,4
air.convert.f.v16f16.u.v16i64.rte,4
air.convert.f.v16f16.u.v16i8.rte,4
air.convert.f.v16f32.f.v16f16.rte,4
air.convert.f.v16f32.f.v16f64.rte,4
air.convert.f.v16f32.s.v16i16.rte,4
air.convert.f.v16f32.s.v16i32.rte,4
air.convert.f.v16f32.s.v16i64.rte,4
air.convert.f.v16f32.s.v16i8.rte,4
air.convert.f.v16f32.u.v16i1,4
air.convert.f.v16f32.u.v16i16.rte,4
air.convert.f.v16f32.u.v16i32.rte,4
air.convert.f.v16f32.u.v16i64.rte,4
air.convert.f.v16f32.u.v16i8.rte,4
air.convert.f.v16f64.f.v16f32.rte,4
air.convert.f.v16f64.s.v16i32.rte,4
air.convert.f.v16f64.s.v16i64.rte,4
air.convert.f.v16f64.s.v16i8.rte,4
air.convert.f.v16f64.u.v16i16.rte,4
air.convert.f.v16f64.u.v16i32.rte,4
air.convert.f.v16f64.u.v16i64.rte,4
air.convert.f.v16f64.u.v16i8.rte,4
air.convert.f.v2f16.f.v2f32.rte,4
air.convert.f.v2f16.f.v2f64.rte,4
air.convert.f.v2f16.s.v2i16.rte,4
air.convert.f.v2f16.s.v2i32.rte,4
air.convert.f.v2f16.s.v2i64.rte,4
air.convert.f.v2f16.s.v2i8.rte,4
air.convert.f.v2f16.u.v2i1,4
air.convert.f.v2f16.u.v2i16.rte,4
air.convert.f.v2f16.u.v2i32.rte,4
air.convert.f.v2f16.u.v2i64.rte,4
air.convert.f.v2f16.u.v2i8.rte,4
air.convert.f.v2f32.f.v2f16.rte,4
air.convert.f.v2f32.f.v2f64.rte,4
air.convert.f.v2f32.s.v2i16.rte,4
air.convert.f.v2f32.s.v2i32.rte,4
air.convert.f.v2f32.s.v2i64.rte,4
air.convert.f.v2f32.s.v2i8.rte,4
air.convert.f.v2f32.u.v2i1,4
air.convert.f.v2f32.u.v2i16.rte,4
air.convert.f.v2f32.u.v2i32.rte,4
air.convert.f.v2f32.u.v2i64.rte,4
air.convert.f.v2f32.u.v2i8.rte,4
air.convert.f.v2f64.f.v2f16.rte,4
air.convert.f.v2f64.f.v2f32.rte,4
air.convert.f.v2f64.s.v2i16.rte,4
air.convert.f.v2f64.s.v2i32.rte,4
air.convert.f.v2f64.s.v2i64.rte,4
air.convert.f.v2f64.s.v2i8.rte,4
air.convert.f.v2f64.u.v2i1,4
air.convert.f.v2f64.u.v2i16.rte,4
air.convert.f.v2f64.u.v2i32.rte,4
air.convert.f.v2f64.u.v2i64.rte,4
air.convert.f.v2f64.u.v2i8.rte,4
air.convert.f.v3f16.f.v3f32.rte,4
air.convert.f.v3f16.f.v3f64.rte,4
air.convert.f.v3f16.s.v3i16.rte,4
air.convert.f.v3f16.s.v3i32.rte,4
air.convert.f.v3f16.s.v3i64.rte,4
air.convert.f.v3f16.s.v3i8.rte,4
air.convert.f.v3f16.u.v3i1,4
air.convert.f.v3f16.u.v3i16.rte,4
air.convert.f.v3f16.u.v3i32.rte,4
air.convert.f.v3f16.u.v3i64.rte,4
air.convert.f.v3f16.u.v3i8.rte,4
air.convert.f.v3f32.f.v3f16.rte,4
air.convert.f.v3f32.f.v3f64.rte,4
air.convert.f.v3f32.s.v3i16.rte,4
air.convert.f.v3f32.s.v3i32.rte,4
air.convert.f.v3f32.s.v3i64.rte,4
air.convert.f.v3f32.s.v3i8.rte,4
air.convert.f.v3f32.u.v3i1,4
air.convert.f.v3f32.u.v3i16.rte,4
air.convert.f.v3f32.u.v3i32.rte,4
air.convert.f.v3f32.u.v3i64.rte,4
air.convert.f.v3f32.u.v3i8.rte,4
air.convert.f.v3f64.f.v3f16.rte,4
air.convert.f.v3f64.f.v3f32.rte,4
air.convert.f.v3f64.s.v3i16.rte,4
air.convert.f.v3f64.s.v3i32.rte,4
air.convert.f.v3f64.s.v3i64.rte,4
air.convert.f.v3f64.s.v3i8.rte,4
air.convert.f.v3f64.u.v3i1,4
air.convert.f.v3f64.u.v3i16.rte,4
air.convert.f.v3f64.u.v3i32.rte,4
air.convert.f.v3f64.u.v3i64.rte,4
air.convert.f.v3f64.u.v3i8.rte,4
air.convert.f.v4f16.f.v4f32.rte,4
air.convert.f.v4f16.f.v4f64.rte,4
air.convert.f.v4f16.s.v4i16.rte,4
air.convert.f.v4f16.s.v4i32.rte,4
air.convert.f.v4f16.s.v4i64.rte,4
air.convert.f.v4f16.s.v4i8.rte,4
air.convert.f.v4f16.u.v4i1,4
air.convert.f.v4f16.u.v4i16.rte,4
air.convert.f.v4f16.u.v4i32.rte,4
air.convert.f.v4f16.u.v4i64.rte,4
air.convert.f.v4f16.u.v4i8.rte,4
air.convert.f.v4f32.f.v4f16.rte,4
air.convert.f.v4f32.f.v4f64.rte,4
air.convert.f.v4f32.s.v4i16.rte,4
air.convert.f.v4f32.s.v4i32.rte,4
air.convert.f.v4f32.s.v4i64.rte,4
air.convert.f.v4f32.s.v4i8.rte,4
air.convert.f.v4f32.u.v4i1,4
air.convert.f.v4f32.u.v4i16.rte,4
air.convert.f.v4f32.u.v4i32.rte,4
air.convert.f.v4f32.u.v4i64.rte,4
air.convert.f.v4f32.u.v4i8.rte,4
air.convert.f.v4f64.f.v4f16.rte,4
air.convert.f.v4f64.f.v4f32.rte,4
air.convert.f.v4f64.s.v4i16.rte,4
air.convert.f.v4f64.s.v4i32.rte,4
air.convert.f.v4f64.s.v4i64.rte,4
air.convert.f.v4f64.s.v4i8.rte,4
air.convert.f.v4f64.u.v4i1,4
air.convert.f.v4f64.u.v4i16.rte,4
air.convert.f.v4f64.u.v4i32.rte,4
air.convert.f.v4f64.u.v4i64.rte,4
air.convert.f.v4f64.u.v4i8.rte,4
air.convert.f.v8f16.f.v8f32.rte,4
air.convert.f.v8f16.f.v8f64.rte,4
air.convert.f.v8f16.s.v8i16.rte,4
air.convert.f.v8f16.s.v8i32.rte,4
air.convert.f.v8f16.s.v8i64.rte,4
air.convert.f.v8f16.s.v8i8.rte,4
air.convert.f.v8f16.u.v8i1,4
air.convert.f.v8f16.u.v8i16.rte,4
air.convert.f.v8f16.u.v8i32.rte,4
air.convert.f.v8f16.u.v8i64.rte,4
air.convert.f.v8f16.u.v8i8.rte,4
air.convert.f.v8f32.f.v8f16.rte,4
air.convert.f.v8f32.f.v8f64.rte,4
air.convert.f.v8f32.s.v8i16.rte,4
air.convert.f.v8f32.s.v8i32.rte,4
air.convert.f.v8f32.s.v8i64.rte,4
air.convert.f.v8f32.s.v8i8.rte,4
air.convert.f.v8f32.u.v8i1,4
air.convert.f.v8f32.u.v8i16.rte,4
air.convert.f.v8f32.u.v8i32.rte,4
air.convert.f.v8f32.u.v8i64.rte,4
air.convert.f.v8f32.u.v8i8.rte,4
air.convert.f.v8f64.f.v8f16.rte,4
air.convert.f.v8f64.f.v8f32.rte,4
air.convert.f.v8f64.s.v8i16.rte,4
air.convert.f.v8f64.s.v8i32.rte,4
air.convert.f.v8f64.s.v8i64.rte,4
air.convert.f.v8f64.s.v8i8.rte,4
air.convert.f.v8f64.u.v8i1,4
air.convert.f.v8f64.u.v8i16.rte,4
air.convert.f.v8f64.u.v8i32.rte,4
air.convert.f.v8f64.u.v8i64.rte,4
air.convert.f.v8f64.u.v8i8.rte,4
air.convert.s.i16.f.f16.rtz,4
air.convert.s.i16.f.f16.rtz.sat,4
air.convert.s.i16.f.f32.rtz,4
air.convert.s.i16.f.f32.rtz.sat,4
air.convert.s.i16.f.f64.rtz,4
air.convert.s.i16.f.f64.rtz.sat,4
air.convert.s.i16.s.i32.rtz,4
air.convert.s.i16.s.i32.rtz.sat,4
air.convert.s.i16.s.i64.rtz,4
air.convert.s.i16.s.i64.rtz.sat,4
air.convert.s.i16.s.i8.rtz,4
air.convert.s.i16.s.i8.rtz.sat,4
air.convert.s.i16.u.i16.rtz,4
air.convert.s.i16.u.i16.rtz.sat,4
air.convert.s.i16.u.i32.rtz,4
air.convert.s.i16.u.i32.rtz.sat,4
air.convert.s.i16.u.i64.rtz,4
air.convert.s.i16.u.i64.rtz.sat,4
air.convert.s.i16.u.i8.rtz,4
air.convert.s.i16.u.i8.rtz.sat,4
air.convert.s.i32.f.f16.rtz,4
air.convert.s.i32.f.f16.rtz.sat,4
air.convert.s.i32.f.f32.rtz,4
air.convert.s.i32.f.f32.rtz.sat,4
air.convert.s.i32.f.f64.rtz,4
air.convert.s.i32.f.f64.rtz.sat,4
air.convert.s.i32.s.i16.rtz,4
air.convert.s.i32.s.i16.rtz.sat,4
air.convert.s.i32.s.i64.rtz,4
air.convert.s.i32.s.i64.rtz.sat,4
air.convert.s.i32.s.i8.rtz,4
air.convert.s.i32.s.i8.rtz.sat,4
air.convert.s.i32.u.i16.rtz,4
air.convert.s.i32.u.i16.rtz.sat,4
air.convert.s.i32.u.i32.rtz,4
air.convert.s.i32.u.i32.rtz.sat,4
air.convert.s.i32.u.i64.rtz,4
air.convert.s.i32.u.i64.rtz.sat,4
air.convert.s.i32.u.i8.rtz,4
air.convert.s.i32.u.i8.rtz.sat,4
air.convert.s.i64.f.f16.rtz,4
air.convert.s.i64.f.f16.rtz.sat,4
air.convert.s.i64.f.f32.rtz,4
air.convert.s.i64.f.f32.rtz.sat,4
air.convert.s.i64.f.f64.rtz,4
air.convert.s.i64.f.f64.rtz.sat,4
air.convert.s.i64.s.i16.rtz,4
air.convert.s.i64.s.i16.rtz.sat,4
air.convert.s.i64.s.i32.rtz,4
air.convert.s.i64.s.i32.rtz.sat,4
air.convert.s.i64.s.i8.rtz,4
air.convert.s.i64.s.i8.rtz.sat,4
air.convert.s.i64.u.i16.rtz,4
air.convert.s.i64.u.i16.rtz.sat,4
air.convert.s.i64.u.i32.rtz,4
air.convert.s.i64.u.i32.rtz.sat,4
air.convert.s.i64.u.i64.rtz,4
air.convert.s.i64.u.i64.rtz.sat,4
air.convert.s.i64.u.i8.rtz,4
air.convert.s.i64.u.i8.rtz.sat,4
air.convert.s.i8.f.f16.rtz,4
air.convert.s.i8.f.f16.rtz.sat,4
air.convert.s.i8.f.f32.rtz,4
air.convert.s.i8.f.f32.rtz.sat,4
air.convert.s.i8.f.f64.rtz,4
air.convert.s.i8.f.f64.rtz.sat,4
air.convert.s.i8.s.i16.rtz,4
air.convert.s.i8.s.i16.rtz.sat,4
air.convert.s.i8.s.i32.rtz,4
air.convert.s.i8.s.i32.rtz.sat,4
air.convert.s.i8.s.i64.rtz,4
air.convert.s.i8.s.i64.rtz.sat,4
air.convert.s.i8.u.i16.rtz,4
air.convert.s.i8.u.i16.rtz.sat,4
air.convert.s.i8.u.i32.rtz,4
air.convert.s.i8.u.i32.rtz.sat,4
air.convert.s.i8.u.i64.rtz,4
air.convert.s.i8.u.i64.rtz.sat,4
air.convert.s.i8.u.i8.rtz,4
air.convert.s.i8.u.i8.rtz.sat,4
air.convert.s.v16i16.f.v16f16.rtz,4
air.convert.s.v16i16.f.v16f16.rtz.sat,4
air.convert.s.v16i16.f.v16f32.rtz,4
air.convert.s.v16i16.f.v16f32.rtz.sat,4
air.convert.s.v16i16.f.v16f64.rtz,4
air.convert.s.v16i16.f.v16f64.rtz.sat,4
air.convert.s.v16i16.s.v16i32.rtz,4
air.convert.s.v16i16.s.v16i32.rtz.sat,4
air.convert.s.v16i16.s.v16i64.rtz,4
air.convert.s.v16i16.s.v16i64.rtz.sat,4
air.convert.s.v16i16.s.v16i8.rtz,4
air.convert.s.v16i16.s.v16i8.rtz.sat,4
air.convert.s.v16i16.u.v16i16.rtz,4
air.convert.s.v16i16.u.v16i16.rtz.sat,4
air.convert.s.v16i16.u.v16i32.rtz,4
air.convert.s.v16i16.u.v16i32.rtz.sat,4
air.convert.s.v16i16.u.v16i64.rtz,4
air.convert.s.v16i16.u.v16i64.rtz.sat,4
air.convert.s.v16i16.u.v16i8.rtz,4
air.convert.s.v16i16.u.v16i8.rtz.sat,4
air.convert.s.v16i32.f.v16f16.rtz,4
air.convert.s.v16i32.f.v16f16.rtz.sat,4
air.convert.s.v16i32.f.v16f32.rtz,4
air.convert.s.v16i32.f.v16f32.rtz.sat,4
air.convert.s.v16i32.f.v16f64.rtz,4
air.convert.s.v16i32.f.v16f64.rtz.sat,4
air.convert.s.v16i32.s.v16i16.rtz,4
air.convert.s.v16i32.s.v16i16.rtz.sat,4
air.convert.s.v16i32.s.v16i64.rtz,4
air.convert.s.v16i32.s.v16i64.rtz.sat,4
air.convert.s.v16i32.s.v16i8.rtz,4
air.convert.s.v16i32.s.v16i8.rtz.sat,4
air.convert.s.v16i32.u.v16i16.rtz,4
air.convert.s.v16i32.u.v16i16.rtz.sat,4
air.convert.s.v16i32.u.v16i32.rtz,4
air.convert.s.v16i32.u.v16i32.rtz.sat,4
air.convert.s.v16i32.u.v16i64.rtz,4
air.convert.s.v16i32.u.v16i64.rtz.sat,4
air.convert.s.v16i32.u.v16i8.rtz,4
air.convert.s.v16i32.u.v16i8.rtz.sat,4
air.convert.s.v16i64.f.v16f16.rtz,4
air.convert.s.v16i64.f.v16f16.rtz.sat,4
air.convert.s.v16i64.f.v16f32.rtz,4
air.convert.s.v16i64.f.v16f32.rtz.sat,4
air.convert.s.v16i64.f.v16f64.rtz,4
air.convert.s.v16i64.f.v16f64.rtz.sat,4
air.convert.s.v16i64.s.v16i16.rtz,4
air.convert.s.v16i64.s.v16i16.rtz.sat,4
air.convert.s.v16i64.s.v16i32.rtz,4
air.convert.s.v16i64.s.v16i32.rtz.sat,4
air.convert.s.v16i64.s.v16i8.rtz,4
air.convert.s.v16i64.s.v16i8.rtz.sat,4
air.convert.s.v16i64.u.v16i16.rtz,4
air.convert.s.v16i64.u.v16i16.rtz.sat,4
air.convert.s.v16i64.u.v16i32.rtz,4
air.convert.s.v16i64.u.v16i32.rtz.sat,4
air.convert.s.v16i64.u.v16i64.rtz,4
air.convert.s.v16i64.u.v16i64.rtz.sat,4
air.convert.s.v16i64.u.v16i8.rtz,4
air.convert.s.v16i64.u.v16i8.rtz.sat,4
air.convert.s.v16i8.f.v16f16.rtz,4
air.convert.s.v16i8.f.v16f16.rtz.sat,4
air.convert.s.v16i8.f.v16f32.rtz,4
air.convert.s.v16i8.f.v16f32.rtz.sat,4
air.convert.s.v16i8.f.v16f64.rtz,4
air.convert.s.v16i8.f.v16f64.rtz.sat,4
air.convert.s.v16i8.s.v16i16.rtz,4
air.convert.s.v16i8.s.v16i16.rtz.sat,4
air.convert.s.v16i8.s.v16i32.rtz,4
air.convert.s.v16i8.s.v16i32.rtz.sat,4
air.convert.s.v16i8.s.v16i64.rtz,4
air.convert.s.v16i8.s.v16i64.rtz.sat,4
air.convert.s.v16i8.u.v16i16.rtz,4
air.convert.s.v16i8.u.v16i16.rtz.sat,4
air.convert.s.v16i8.u.v16i32.rtz,4
air.convert.s.v16i8.u.v16i32.rtz.sat,4
air.convert.s.v16i8.u.v16i64.rtz,4
air.convert.s.v16i8.u.v16i64.rtz.sat,4
air.convert.s.v16i8.u.v16i8.rtz,4
air.convert.s.v16i8.u.v16i8.rtz.sat,4
air.convert.s.v2i16.f.v2f16.rtz,4
air.convert.s.v2i16.f.v2f16.rtz.sat,4
air.convert.s.v2i16.f.v2f32.rtz,4
air.convert.s.v2i16.f.v2f32.rtz.sat,4
air.convert.s.v2i16.f.v2f64.rtz,4
air.convert.s.v2i16.f.v2f64.rtz.sat,4
air.convert.s.v2i16.s.v2i32.rtz,4
air.convert.s.v2i16.s.v2i32.rtz.sat,4
air.convert.s.v2i16.s.v2i64.rtz,4
air.convert.s.v2i16.s.v2i64.rtz.sat,4
air.convert.s.v2i16.s.v2i8.rtz,4
air.convert.s.v2i16.s.v2i8.rtz.sat,4
air.convert.s.v2i16.u.v2i16.rtz,4
air.convert.s.v2i16.u.v2i16.rtz.sat,4
air.convert.s.v2i16.u.v2i32.rtz,4
air.convert.s.v2i16.u.v2i32.rtz.sat,4
air.convert.s.v2i16.u.v2i64.rtz,4
air.convert.s.v2i16.u.v2i64.rtz.sat,4
air.convert.s.v2i16.u.v2i8.rtz,4
air.convert.s.v2i16.u.v2i8.rtz.sat,4
air.convert.s.v2i32.f.v2f16.rtz,4
air.convert.s.v2i32.f.v2f16.rtz.sat,4
air.convert.s.v2i32.f.v2f32.rtz,4
air.convert.s.v2i32.f.v2f32.rtz.sat,4
air.convert.s.v2i32.f.v2f64.rtz,4
air.convert.s.v2i32.f.v2f64.rtz.sat,4
air.convert.s.v2i32.s.v2i16.rtz,4
air.convert.s.v2i32.s.v2i16.rtz.sat,4
air.convert.s.v2i32.s.v2i64.rtz,4
air.convert.s.v2i32.s.v2i64.rtz.sat,4
air.convert.s.v2i32.s.v2i8.rtz,4
air.convert.s.v2i32.s.v2i8.rtz.sat,4
air.convert.s.v2i32.u.v2i16.rtz,4
air.convert.s.v2i32.u.v2i16.rtz.sat,4
air.convert.s.v2i32.u.v2i32.rtz,4
air.convert.s.v2i32.u.v2i32.rtz.sat,4
air.convert.s.v2i32.u.v2i64.rtz,4
air.convert.s.v2i32.u.v2i64.rtz.sat,4
air.convert.s.v2i32.u.v2i8.rtz,4
air.convert.s.v2i32.u.v2i8.rtz.sat,4
air.convert.s.v2i64.f.v2f16.rtz,4
air.convert.s.v2i64.f.v2f16.rtz.sat,4
air.convert.s.v2i64.f.v2f32.rtz,4
air.convert.s.v2i64.f.v2f32.rtz.sat,4
air.convert.s.v2i64.f.v2f64.rtz,4
air.convert.s.v2i64.f.v2f64.rtz.sat,4
air.convert.s.v2i64.s.v2i16.rtz,4
air.convert.s.v2i64.s.v2i16.rtz.sat,4
air.convert.s.v2i64.s.v2i32.rtz,4
air.convert.s.v2i64.s.v2i32.rtz.sat,4
air.convert.s.v2i64.s.v2i8.rtz,4
air.convert.s.v2i64.s.v2i8.rtz.sat,4
air.convert.s.v2i64.u.v2i16.rtz,4
air.convert.s.v2i64.u.v2i16.rtz.sat,4
air.convert.s.v2i64.u.v2i32.rtz,4
air.convert.s.v2i64.u.v2i32.rtz.sat,4
air.convert.s.v2i64.u.v2i64.rtz,4
air.convert.s.v2i64.u.v2i64.rtz.sat,4
air.convert.s.v2i64.u.v2i8.rtz,4
air.convert.s.v2i64.u.v2i8.rtz.sat,4
air.convert.s.v2i8.f.v2f16.rtz,4
air.convert.s.v2i8.f.v2f16.rtz.sat,4
air.convert.s.v2i8.f.v2f32.rtz,4
air.convert.s.v2i8.f.v2f32.rtz.sat,4
air.convert.s.v2i8.f.v2f64.rtz,4
air.convert.s.v2i8.f.v2f64.rtz.sat,4
air.convert.s.v2i8.s.v2i16.rtz,4
air.convert.s.v2i8.s.v2i16.rtz.sat,4
air.convert.s.v2i8.s.v2i32.rtz,4
air.convert.s.v2i8.s.v2i32.rtz.sat,4
air.convert.s.v2i8.s.v2i64.rtz,4
air.convert.s.v2i8.s.v2i64.rtz.sat,4
air.convert.s.v2i8.u.v2i16.rtz,4
air.convert.s.v2i8.u.v2i16.rtz.sat,4
air.convert.s.v2i8.u.v2i32.rtz,4
air.convert.s.v2i8.u.v2i32.rtz.sat,4
air.convert.s.v2i8.u.v2i64.rtz,4
air.convert.s.v2i8.u.v2i64.rtz.sat,4
air.convert.s.v2i8.u.v2i8.rtz,4
air.convert.s.v2i8.u.v2i8.rtz.sat,4
air.convert.s.v3i16.f.v3f16.rtz,4
air.convert.s.v3i16.f.v3f16.rtz.sat,4
air.convert.s.v3i16.f.v3f32.rtz,4
air.convert.s.v3i16.f.v3f32.rtz.sat,4
air.convert.s.v3i16.f.v3f64.rtz,4
air.convert.s.v3i16.f.v3f64.rtz.sat,4
air.convert.s.v3i16.s.v3i32.rtz,4
air.convert.s.v3i16.s.v3i32.rtz.sat,4
air.convert.s.v3i16.s.v3i64.rtz,4
air.convert.s.v3i16.s.v3i64.rtz.sat,4
air.convert.s.v3i16.s.v3i8.rtz,4
air.convert.s.v3i16.s.v3i8.rtz.sat,4
air.convert.s.v3i16.u.v3i16.rtz,4
air.convert.s.v3i16.u.v3i16.rtz.sat,4
air.convert.s.v3i16.u.v3i32.rtz,4
air.convert.s.v3i16.u.v3i32.rtz.sat,4
air.convert.s.v3i16.u.v3i64.rtz,4
air.convert.s.v3i16.u.v3i64.rtz.sat,4
air.convert.s.v3i16.u.v3i8.rtz,4
air.convert.s.v3i16.u.v3i8.rtz.sat,4
air.convert.s.v3i32.f.v3f16.rtz,4
air.convert.s.v3i32.f.v3f16.rtz.sat,4
air.convert.s.v3i32.f.v3f32.rtz,4
air.convert.s.v3i32.f.v3f32.rtz.sat,4
air.convert.s.v3i32.f.v3f64.rtz,4
air.convert.s.v3i32.f.v3f64.rtz.sat,4
air.convert.s.v3i32.s.v3i16.rtz,4
air.convert.s.v3i32.s.v3i16.rtz.sat,4
air.convert.s.v3i32.s.v3i64.rtz,4
air.convert.s.v3i32.s.v3i64.rtz.sat,4
air.convert.s.v3i32.s.v3i8.rtz,4
air.convert.s.v3i32.s.v3i8.rtz.sat,4
air.convert.s.v3i32.u.v3i16.rtz,4
air.convert.s.v3i32.u.v3i16.rtz.sat,4
air.convert.s.v3i32.u.v3i32.rtz,4
air.convert.s.v3i32.u.v3i32.rtz.sat,4
air.convert.s.v3i32.u.v3i64.rtz,4
air.convert.s.v3i32.u.v3i64.rtz.sat,4
air.convert.s.v3i32.u.v3i8.rtz,4
air.convert.s.v3i32.u.v3i8.rtz.sat,4
air.convert.s.v3i64.f.v3f16.rtz,4
air.convert.s.v3i64.f.v3f16.rtz.sat,4
air.convert.s.v3i64.f.v3f32.rtz,4
air.convert.s.v3i64.f.v3f32.rtz.sat,4
air.convert.s.v3i64.f.v3f64.rtz,4
air.convert.s.v3i64.f.v3f64.rtz.sat,4
air.convert.s.v3i64.s.v3i16.rtz,4
air.convert.s.v3i64.s.v3i16.rtz.sat,4
air.convert.s.v3i64.s.v3i32.rtz,4
air.convert.s.v3i64.s.v3i32.rtz.sat,4
air.convert.s.v3i64.s.v3i8.rtz,4
air.convert.s.v3i64.s.v3i8.rtz.sat,4
air.convert.s.v3i64.u.v3i16.rtz,4
air.convert.s.v3i64.u.v3i16.rtz.sat,4
air.convert.s.v3i64.u.v3i32.rtz,4
air.convert.s.v3i64.u.v3i32.rtz.sat,4
air.convert.s.v3i64.u.v3i64.rtz,4
air.convert.s.v3i64.u.v3i64.rtz.sat,4
air.convert.s.v3i64.u.v3i8.rtz,4
air.convert.s.v3i64.u.v3i8.rtz.sat,4
air.convert.s.v3i8.f.v3f16.rtz,4
air.convert.s.v3i8.f.v3f16.rtz.sat,4
air.convert.s.v3i8.f.v3f32.rtz,4
air.convert.s.v3i8.f.v3f32.rtz.sat,4
air.convert.s.v3i8.f.v3f64.rtz,4
air.convert.s.v3i8.f.v3f64.rtz.sat,4
air.convert.s.v3i8.s.v3i16.rtz,4
air.convert.s.v3i8.s.v3i16.rtz.sat,4
air.convert.s.v3i8.s.v3i32.rtz,4
air.convert.s.v3i8.s.v3i32.rtz.sat,4
air.convert.s.v3i8.s.v3i64.rtz,4
air.convert.s.v3i8.s.v3i64.rtz.sat,4
air.convert.s.v3i8.u.v3i16.rtz,4
air.convert.s.v3i8.u.v3i16.rtz.sat,4
air.convert.s.v3i8.u.v3i32.rtz,4
air.convert.s.v3i8.u.v3i32.rtz.sat,4
air.convert.s.v3i8.u.v3i64.rtz,4
air.convert.s.v3i8.u.v3i64.rtz.sat,4
air.convert.s.v3i8.u.v3i8.rtz,4
air.convert.s.v3i8.u.v3i8.rtz.sat,4
air.convert.s.v4i16.f.v4f16.rtz,4
air.convert.s.v4i16.f.v4f16.rtz.sat,4
air.convert.s.v4i16.f.v4f32.rtz,4
air.convert.s.v4i16.f.v4f32.rtz.sat,4
air.convert.s.v4i16.f.v4f64.rtz,4
air.convert.s.v4i16.f.v4f64.rtz.sat,4
air.convert.s.v4i16.s.v4i32.rtz,4
air.convert.s.v4i16.s.v4i32.rtz.sat,4
air.convert.s.v4i16.s.v4i64.rtz,4
air.convert.s.v4i16.s.v4i64.rtz.sat,4
air.convert.s.v4i16.s.v4i8.rtz,4
air.convert.s.v4i16.s.v4i8.rtz.sat,4
air.convert.s.v4i16.u.v4i16.rtz,4
air.convert.s.v4i16.u.v4i16.rtz.sat,4
air.convert.s.v4i16.u.v4i32.rtz,4
air.convert.s.v4i16.u.v4i32.rtz.sat,4
air.convert.s.v4i16.u.v4i64.rtz,4
air.convert.s.v4i16.u.v4i64.rtz.sat,4
air.convert.s.v4i16.u.v4i8.rtz,4
air.convert.s.v4i16.u.v4i8.rtz.sat,4
air.convert.s.v4i32.f.v4f16.rtz,4
air.convert.s.v4i32.f.v4f16.rtz.sat,4
air.convert.s.v4i32.f.v4f32.rtz,4
air.convert.s.v4i32.f.v4f32.rtz.sat,4
air.convert.s.v4i32.f.v4f64.rtz,4
air.convert.s.v4i32.f.v4f64.rtz.sat,4
air.convert.s.v4i32.s.v4i16.rtz,4
air.convert.s.v4i32.s.v4i16.rtz.sat,4
air.convert.s.v4i32.s.v4i64.rtz,4
air.convert.s.v4i32.s.v4i64.rtz.sat,4
air.convert.s.v4i32.s.v4i8.rtz,4
air.convert.s.v4i32.s.v4i8.rtz.sat,4
air.convert.s.v4i32.u.v4i16.rtz,4
air.convert.s.v4i32.u.v4i16.rtz.sat,4
air.convert.s.v4i32.u.v4i32.rtz,4
air.convert.s.v4i32.u.v4i32.rtz.sat,4
air.convert.s.v4i32.u.v4i64.rtz,4
air.convert.s.v4i32.u.v4i64.rtz.sat,4
air.convert.s.v4i32.u.v4i8.rtz,4
air.convert.s.v4i32.u.v4i8.rtz.sat,4
air.convert.s.v4i64.f.v4f16.rtz,4
air.convert.s.v4i64.f.v4f16.rtz.sat,4
air.convert.s.v4i64.f.v4f32.rtz,4
air.convert.s.v4i64.f.v4f32.rtz.sat,4
air.convert.s.v4i64.f.v4f64.rtz,4
air.convert.s.v4i64.f.v4f64.rtz.sat,4
air.convert.s.v4i64.s.v4i16.rtz,4
air.convert.s.v4i64.s.v4i16.rtz.sat,4
air.convert.s.v4i64.s.v4i32.rtz,4
air.convert.s.v4i64.s.v4i32.rtz.sat,4
air.convert.s.v4i64.s.v4i8.rtz,4
air.convert.s.v4i64.s.v4i8.rtz.sat,4
air.convert.s.v4i64.u.v4i16.rtz,4
air.convert.s.v4i64.u.v4i16.rtz.sat,4
air.convert.s.v4i64.u.v4i32.rtz,4
air.convert.s.v4i64.u.v4i32.rtz.sat,4
air.convert.s.v4i64.u.v4i64.rtz,4
air.convert.s.v4i64.u.v4i64.rtz.sat,4
air.convert.s.v4i64.u.v4i8.rtz,4
air.convert.s.v4i64.u.v4i8.rtz.sat,4
air.convert.s.v4i8.f.v4f16.rtz,4
air.convert.s.v4i8.f.v4f16.rtz.sat,4
air.convert.s.v4i8.f.v4f32.rtz,4
air.convert.s.v4i8.f.v4f32.rtz.sat,4
air.convert.s.v4i8.f.v4f64.rtz,4
air.convert.s.v4i8.f.v4f64.rtz.sat,4
air.convert.s.v4i8.s.v4i16.rtz,4
air.convert.s.v4i8.s.v4i16.rtz.sat,4
air.convert.s.v4i8.s.v4i32.rtz,4
air.convert.s.v4i8.s.v4i32.rtz.sat,4
air.convert.s.v4i8.s.v4i64.rtz,4
air.convert.s.v4i8.s.v4i64.rtz.sat,4
air.convert.s.v4i8.u.v4i16.rtz,4
air.convert.s.v4i8.u.v4i16.rtz.sat,4
air.convert.s.v4i8.u.v4i32.rtz,4
air.convert.s.v4i8.u.v4i32.rtz.sat,4
air.convert.s.v4i8.u.v4i64.rtz,4
air.convert.s.v4i8.u.v4i64.rtz.sat,4
air.convert.s.v4i8.u.v4i8.rtz,4
air.convert.s.v4i8.u.v4i8.rtz.sat,4
air.convert.s.v8i16.f.v8f16.rtz,4
air.convert.s.v8i16.f.v8f16.rtz.sat,4
air.convert.s.v8i16.f.v8f32.rtz,4
air.convert.s.v8i16.f.v8f32.rtz.sat,4
air.convert.s.v8i16.f.v8f64.rtz,4
air.convert.s.v8i16.f.v8f64.rtz.sat,4
air.convert.s.v8i16.s.v8i32.rtz,4
air.convert.s.v8i16.s.v8i32.rtz.sat,4
air.convert.s.v8i16.s.v8i64.rtz,4
air.convert.s.v8i16.s.v8i64.rtz.sat,4
air.convert.s.v8i16.s.v8i8.rtz,4
air.convert.s.v8i16.s.v8i8.rtz.sat,4
air.convert.s.v8i16.u.v8i16.rtz,4
air.convert.s.v8i16.u.v8i16.rtz.sat,4
air.convert.s.v8i16.u.v8i32.rtz,4
air.convert.s.v8i16.u.v8i32.rtz.sat,4
air.convert.s.v8i16.u.v8i64.rtz,4
air.convert.s.v8i16.u.v8i64.rtz.sat,4
air.convert.s.v8i16.u.v8i8.rtz,4
air.convert.s.v8i16.u.v8i8.rtz.sat,4
air.convert.s.v8i32.f.v8f16.rtz,4
air.convert.s.v8i32.f.v8f16.rtz.sat,4
air.convert.s.v8i32.f.v8f32.rtz,4
air.convert.s.v8i32.f.v8f32.rtz.sat,4
air.convert.s.v8i32.f.v8f64.rtz,4
air.convert.s.v8i32.f.v8f64.rtz.sat,4
air.convert.s.v8i32.s.v8i16.rtz,4
air.convert.s.v8i32.s.v8i16.rtz.sat,4
air.convert.s.v8i32.s.v8i64.rtz,4
air.convert.s.v8i32.s.v8i64.rtz.sat,4
air.convert.s.v8i32.s.v8i8.rtz,4
air.convert.s.v8i32.s.v8i8.rtz.sat,4
air.convert.s.v8i32.u.v8i16.rtz,4
air.convert.s.v8i32.u.v8i16.rtz.sat,4
air.convert.s.v8i32.u.v8i32.rtz,4
air.convert.s.v8i32.u.v8i32.rtz.sat,4
air.convert.s.v8i32.u.v8i64.rtz,4
air.convert.s.v8i32.u.v8i64.rtz.sat,4
air.convert.s.v8i32.u.v8i8.rtz,4
air.convert.s.v8i32.u.v8i8.rtz.sat,4
air.convert.s.v8i64.f.v8f16.rtz,4
air.convert.s.v8i64.f.v8f16.rtz.sat,4
air.convert.s.v8i64.f.v8f32.rtz,4
air.convert.s.v8i64.f.v8f32.rtz.sat,4
air.convert.s.v8i64.f.v8f64.rtz,4
air.convert.s.v8i64.f.v8f64.rtz.sat,4
air.convert.s.v8i64.s.v8i16.rtz,4
air.convert.s.v8i64.s.v8i16.rtz.sat,4
air.convert.s.v8i64.s.v8i32.rtz,4
air.convert.s.v8i64.s.v8i32.rtz.sat,4
air.convert.s.v8i64.s.v8i8.rtz,4
air.convert.s.v8i64.s.v8i8.rtz.sat,4
air.convert.s.v8i64.u.v8i16.rtz,4
air.convert.s.v8i64.u.v8i16.rtz.sat,4
air.convert.s.v8i64.u.v8i32.rtz,4
air.convert.s.v8i64.u.v8i32.rtz.sat,4
air.convert.s.v8i64.u.v8i64.rtz,4
air.convert.s.v8i64.u.v8i64.rtz.sat,4
air.convert.s.v8i64.u.v8i8.rtz,4
air.convert.s.v8i64.u.v8i8.rtz.sat,4
air.convert.s.v8i8.f.v8f16.rtz,4
air.convert.s.v8i8.f.v8f16.rtz.sat,4
air.convert.s.v8i8.f.v8f32.rtz,4
air.convert.s.v8i8.f.v8f32.rtz.sat,4
air.convert.s.v8i8.f.v8f64.rtz,4
air.convert.s.v8i8.f.v8f64.rtz.sat,4
air.convert.s.v8i8.s.v8i16.rtz,4
air.convert.s.v8i8.s.v8i16.rtz.sat,4
air.convert.s.v8i8.s.v8i32.rtz,4
air.convert.s.v8i8.s.v8i32.rtz.sat,4
air.convert.s.v8i8.s.v8i64.rtz,4
air.convert.s.v8i8.s.v8i64.rtz.sat,4
air.convert.s.v8i8.u.v8i16.rtz,4
air.convert.s.v8i8.u.v8i16.rtz.sat,4
air.convert.s.v8i8.u.v8i32.rtz,4
air.convert.s.v8i8.u.v8i32.rtz.sat,4
air.convert.s.v8i8.u.v8i64.rtz,4
air.convert.s.v8i8.u.v8i64.rtz.sat,4
air.convert.s.v8i8.u.v8i8.rtz,4
air.convert.s.v8i8.u.v8i8.rtz.sat,4
air.convert.u.i16.f.f16.rtz,4
air.convert.u.i16.f.f16.rtz.sat,4
air.convert.u.i16.f.f32.rtz,4
air.convert.u.i16.f.f32.rtz.sat,4
air.convert.u.i16.f.f64.rtz,4
air.convert.u.i16.f.f64.rtz.sat,4
air.convert.u.i16.s.i16.rtz,4
air.convert.u.i16.s.i16.rtz.sat,4
air.convert.u.i16.s.i32.rtz,4
air.convert.u.i16.s.i32.rtz.sat,4
air.convert.u.i16.s.i64.rtz,4
air.convert.u.i16.s.i64.rtz.sat,4
air.convert.u.i16.s.i8.rtz,4
air.convert.u.i16.s.i8.rtz.sat,4
air.convert.u.i16.u.i32.rtz,4
air.convert.u.i16.u.i32.rtz.sat,4
air.convert.u.i16.u.i64.rtz,4
air.convert.u.i16.u.i64.rtz.sat,4
air.convert.u.i16.u.i8.rtz,4
air.convert.u.i16.u.i8.rtz.sat,4
air.convert.u.i32.f.f16.rtz,4
air.convert.u.i32.f.f16.rtz.sat,4
air.convert.u.i32.f.f32.rtz,4
air.convert.u.i32.f.f32.rtz.sat,4
air.convert.u.i32.f.f64.rtz,4
air.convert.u.i32.f.f64.rtz.sat,4
air.convert.u.i32.s.i16.rtz,4
air.convert.u.i32.s.i16.rtz.sat,4
air.convert.u.i32.s.i32.rtz,4
air.convert.u.i32.s.i32.rtz.sat,4
air.convert.u.i32.s.i64.rtz,4
air.convert.u.i32.s.i64.rtz.sat,4
air.convert.u.i32.s.i8.rtz,4
air.convert.u.i32.s.i8.rtz.sat,4
air.convert.u.i32.u.i16.rtz,4
air.convert.u.i32.u.i16.rtz.sat,4
air.convert.u.i32.u.i64.rtz,4
air.convert.u.i32.u.i64.rtz.sat,4
air.convert.u.i32.u.i8.rtz,4
air.convert.u.i32.u.i8.rtz.sat,4
air.convert.u.i64.f.f16.rtz,4
air.convert.u.i64.f.f16.rtz.sat,4
air.convert.u.i64.f.f32.rtz,4
air.convert.u.i64.f.f32.rtz.sat,4
air.convert.u.i64.f.f64.rtz,4
air.convert.u.i64.f.f64.rtz.sat,4
air.convert.u.i64.s.i16.rtz,4
air.convert.u.i64.s.i16.rtz.sat,4
air.convert.u.i64.s.i32.rtz,4
air.convert.u.i64.s.i32.rtz.sat,4
air.convert.u.i64.s.i64.rtz,4
air.convert.u.i64.s.i64.rtz.sat,4
air.convert.u.i64.s.i8.rtz,4
air.convert.u.i64.s.i8.rtz.sat,4
air.convert.u.i64.u.i16.rtz,4
air.convert.u.i64.u.i16.rtz.sat,4
air.convert.u.i64.u.i32.rtz,4
air.convert.u.i64.u.i32.rtz.sat,4
air.convert.u.i64.u.i8.rtz,4
air.convert.u.i64.u.i8.rtz.sat,4
air.convert.u.i8.f.f16.rtz,4
air.convert.u.i8.f.f16.rtz.sat,4
air.convert.u.i8.f.f32.rtz,4
air.convert.u.i8.f.f32.rtz.sat,4
air.convert.u.i8.f.f64.rtz,4
air.convert.u.i8.f.f64.rtz.sat,4
air.convert.u.i8.s.i16.rtz,4
air.convert.u.i8.s.i16.rtz.sat,4
air.convert.u.i8.s.i32.rtz,4
air.convert.u.i8.s.i32.rtz.sat,4
air.convert.u.i8.s.i64.rtz,4
air.convert.u.i8.s.i64.rtz.sat,4
air.convert.u.i8.s.i8.rtz,4
air.convert.u.i8.s.i8.rtz.sat,4
air.convert.u.i8.u.i16.rtz,4
air.convert.u.i8.u.i16.rtz.sat,4
air.convert.u.i8.u.i32.rtz,4
air.convert.u.i8.u.i32.rtz.sat,4
air.convert.u.i8.u.i64.rtz,4
air.convert.u.i8.u.i64.rtz.sat,4
air.convert.u.v16i16.f.v16f16.rtz,4
air.convert.u.v16i16.f.v16f16.rtz.sat,4
air.convert.u.v16i16.f.v16f32.rtz,4
air.convert.u.v16i16.f.v16f32.rtz.sat,4
air.convert.u.v16i16.f.v16f64.rtz,4
air.convert.u.v16i16.f.v16f64.rtz.sat,4
air.convert.u.v16i16.s.v16i16.rtz,4
air.convert.u.v16i16.s.v16i16.rtz.sat,4
air.convert.u.v16i16.s.v16i32.rtz,4
air.convert.u.v16i16.s.v16i32.rtz.sat,4
air.convert.u.v16i16.s.v16i64.rtz,4
air.convert.u.v16i16.s.v16i64.rtz.sat,4
air.convert.u.v16i16.s.v16i8.rtz,4
air.convert.u.v16i16.s.v16i8.rtz.sat,4
air.convert.u.v16i16.u.v16i32.rtz,4
air.convert.u.v16i16.u.v16i32.rtz.sat,4
air.convert.u.v16i16.u.v16i64.rtz,4
air.convert.u.v16i16.u.v16i64.rtz.sat,4
air.convert.u.v16i16.u.v16i8,4
air.convert.u.v16i16.u.v16i8.rtz,4
air.convert.u.v16i16.u.v16i8.rtz.sat,4
air.convert.u.v16i32.f.v16f16.rtz,4
air.convert.u.v16i32.f.v16f16.rtz.sat,4
air.convert.u.v16i32.f.v16f32.rtz,4
air.convert.u.v16i32.f.v16f32.rtz.sat,4
air.convert.u.v16i32.f.v16f64.rtz,4
air.convert.u.v16i32.f.v16f64.rtz.sat,4
air.convert.u.v16i32.s.v16i16.rtz,4
air.convert.u.v16i32.s.v16i16.rtz.sat,4
air.convert.u.v16i32.s.v16i32.rtz,4
air.convert.u.v16i32.s.v16i32.rtz.sat,4
air.convert.u.v16i32.s.v16i64.rtz,4
air.convert.u.v16i32.s.v16i64.rtz.sat,4
air.convert.u.v16i32.s.v16i8.rtz,4
air.convert.u.v16i32.s.v16i8.rtz.sat,4
air.convert.u.v16i32.u.v16i16,4
air.convert.u.v16i32.u.v16i16.rtz,4
air.convert.u.v16i32.u.v16i16.rtz.sat,4
air.convert.u.v16i32.u.v16i64.rtz,4
air.convert.u.v16i32.u.v16i64.rtz.sat,4
air.convert.u.v16i32.u.v16i8.rtz,4
air.convert.u.v16i32.u.v16i8.rtz.sat,4
air.convert.u.v16i64.f.v16f16.rtz,4
air.convert.u.v16i64.f.v16f16.rtz.sat,4
air.convert.u.v16i64.f.v16f32.rtz,4
air.convert.u.v16i64.f.v16f32.rtz.sat,4
air.convert.u.v16i64.f.v16f64.rtz,4
air.convert.u.v16i64.f.v16f64.rtz.sat,4
air.convert.u.v16i64.s.v16i16.rtz,4
air.convert.u.v16i64.s.v16i16.rtz.sat,4
air.convert.u.v16i64.s.v16i32.rtz,4
air.convert.u.v16i64.s.v16i32.rtz.sat,4
air.convert.u.v16i64.s.v16i64.rtz,4
air.convert.u.v16i64.s.v16i64.rtz.sat,4
air.convert.u.v16i64.s.v16i8.rtz,4
air.convert.u.v16i64.s.v16i8.rtz.sat,4
air.convert.u.v16i64.u.v16i16.rtz,4
air.convert.u.v16i64.u.v16i16.rtz.sat,4
air.convert.u.v16i64.u.v16i32,4
air.convert.u.v16i64.u.v16i32.rtz,4
air.convert.u.v16i64.u.v16i32.rtz.sat,4
air.convert.u.v16i64.u.v16i8.rtz,4
air.convert.u.v16i64.u.v16i8.rtz.sat,4
air.convert.u.v16i8.f.v16f16.rtz,4
air.convert.u.v16i8.f.v16f16.rtz.sat,4
air.convert.u.v16i8.f.v16f32.rtz,4
air.convert.u.v16i8.f.v16f32.rtz.sat,4
air.convert.u.v16i8.f.v16f64.rtz,4
air.convert.u.v16i8.f.v16f64.rtz.sat,4
air.convert.u.v16i8.s.v16i16.rtz,4
air.convert.u.v16i8.s.v16i16.rtz.sat,4
air.convert.u.v16i8.s.v16i32.rtz,4
air.convert.u.v16i8.s.v16i32.rtz.sat,4
air.convert.u.v16i8.s.v16i64.rtz,4
air.convert.u.v16i8.s.v16i64.rtz.sat,4
air.convert.u.v16i8.s.v16i8.rtz,4
air.convert.u.v16i8.s.v16i8.rtz.sat,4
air.convert.u.v16i8.u.v16i16.rtz,4
air.convert.u.v16i8.u.v16i16.rtz.sat,4
air.convert.u.v16i8.u.v16i32.rtz,4
air.convert.u.v16i8.u.v16i32.rtz.sat,4
air.convert.u.v16i8.u.v16i64.rtz,4
air.convert.u.v16i8.u.v16i64.rtz.sat,4
air.convert.u.v2i16.f.v2f16.rtz,4
air.convert.u.v2i16.f.v2f16.rtz.sat,4
air.convert.u.v2i16.f.v2f32.rtz,4
air.convert.u.v2i16.f.v2f32.rtz.sat,4
air.convert.u.v2i16.f.v2f64.rtz,4
air.convert.u.v2i16.f.v2f64.rtz.sat,4
air.convert.u.v2i16.s.v2i16.rtz,4
air.convert.u.v2i16.s.v2i16.rtz.sat,4
air.convert.u.v2i16.s.v2i32.rtz,4
air.convert.u.v2i16.s.v2i32.rtz.sat,4
air.convert.u.v2i16.s.v2i64.rtz,4
air.convert.u.v2i16.s.v2i64.rtz.sat,4
air.convert.u.v2i16.s.v2i8.rtz,4
air.convert.u.v2i16.s.v2i8.rtz.sat,4
air.convert.u.v2i16.u.v2i32.rtz,4
air.convert.u.v2i16.u.v2i32.rtz.sat,4
air.convert.u.v2i16.u.v2i64.rtz,4
air.convert.u.v2i16.u.v2i64.rtz.sat,4
air.convert.u.v2i16.u.v2i8,4
air.convert.u.v2i16.u.v2i8.rtz,4
air.convert.u.v2i16.u.v2i8.rtz.sat,4
air.convert.u.v2i32.f.v2f16.rtz,4
air.convert.u.v2i32.f.v2f16.rtz.sat,4
air.convert.u.v2i32.f.v2f32.rtz,4
air.convert.u.v2i32.f.v2f32.rtz.sat,4
air.convert.u.v2i32.f.v2f64.rtz,4
air.convert.u.v2i32.f.v2f64.rtz.sat,4
air.convert.u.v2i32.s.v2i16.rtz,4
air.convert.u.v2i32.s.v2i16.rtz.sat,4
air.convert.u.v2i32.s.v2i32.rtz,4
air.convert.u.v2i32.s.v2i32.rtz.sat,4
air.convert.u.v2i32.s.v2i64.rtz,4
air.convert.u.v2i32.s.v2i64.rtz.sat,4
air.convert.u.v2i32.s.v2i8.rtz,4
air.convert.u.v2i32.s.v2i8.rtz.sat,4
air.convert.u.v2i32.u.v2i16,4
air.convert.u.v2i32.u.v2i16.rtz,4
air.convert.u.v2i32.u.v2i16.rtz.sat,4
air.convert.u.v2i32.u.v2i64.rtz,4
air.convert.u.v2i32.u.v2i64.rtz.sat,4
air.convert.u.v2i32.u.v2i8.rtz,4
air.convert.u.v2i32.u.v2i8.rtz.sat,4
air.convert.u.v2i64.f.v2f16.rtz,4
air.convert.u.v2i64.f.v2f16.rtz.sat,4
air.convert.u.v2i64.f.v2f32.rtz,4
air.convert.u.v2i64.f.v2f32.rtz.sat,4
air.convert.u.v2i64.f.v2f64.rtz,4
air.convert.u.v2i64.f.v2f64.rtz.sat,4
air.convert.u.v2i64.s.v2i16.rtz,4
air.convert.u.v2i64.s.v2i16.rtz.sat,4
air.convert.u.v2i64.s.v2i32.rtz,4
air.convert.u.v2i64.s.v2i32.rtz.sat,4
air.convert.u.v2i64.s.v2i64.rtz,4
air.convert.u.v2i64.s.v2i64.rtz.sat,4
air.convert.u.v2i64.s.v2i8.rtz,4
air.convert.u.v2i64.s.v2i8.rtz.sat,4
air.convert.u.v2i64.u.v2i16.rtz,4
air.convert.u.v2i64.u.v2i16.rtz.sat,4
air.convert.u.v2i64.u.v2i32,4
air.convert.u.v2i64.u.v2i32.rtz,4
air.convert.u.v2i64.u.v2i32.rtz.sat,4
air.convert.u.v2i64.u.v2i8.rtz,4
air.convert.u.v2i64.u.v2i8.rtz.sat,4
air.convert.u.v2i8.f.v2f16.rtz,4
air.convert.u.v2i8.f.v2f16.rtz.sat,4
air.convert.u.v2i8.f.v2f32.rtz,4
air.convert.u.v2i8.f.v2f32.rtz.sat,4
air.convert.u.v2i8.f.v2f64.rtz,4
air.convert.u.v2i8.f.v2f64.rtz.sat,4
air.convert.u.v2i8.s.v2i16.rtz,4
air.convert.u.v2i8.s.v2i16.rtz.sat,4
air.convert.u.v2i8.s.v2i32.rtz,4
air.convert.u.v2i8.s.v2i32.rtz.sat,4
air.convert.u.v2i8.s.v2i64.rtz,4
air.convert.u.v2i8.s.v2i64.rtz.sat,4
air.convert.u.v2i8.s.v2i8.rtz,4
air.convert.u.v2i8.s.v2i8.rtz.sat,4
air.convert.u.v2i8.u.v2i16.rtz,4
air.convert.u.v2i8.u.v2i16.rtz.sat,4
air.convert.u.v2i8.u.v2i32.rtz,4
air.convert.u.v2i8.u.v2i32.rtz.sat,4
air.convert.u.v2i8.u.v2i64.rtz,4
air.convert.u.v2i8.u.v2i64.rtz.sat,4
air.convert.u.v3i16.f.v3f16.rtz,4
air.convert.u.v3i16.f.v3f16.rtz.sat,4
air.convert.u.v3i16.f.v3f32.rtz,4
air.convert.u.v3i16.f.v3f32.rtz.sat,4
air.convert.u.v3i16.f.v3f64.rtz,4
air.convert.u.v3i16.f.v3f64.rtz.sat,4
air.convert.u.v3i16.s.v3i16.rtz,4
air.convert.u.v3i16.s.v3i16.rtz.sat,4
air.convert.u.v3i16.s.v3i32.rtz,4
air.convert.u.v3i16.s.v3i32.rtz.sat,4
air.convert.u.v3i16.s.v3i64.rtz,4
air.convert.u.v3i16.s.v3i64.rtz.sat,4
air.convert.u.v3i16.s.v3i8.rtz,4
air.convert.u.v3i16.s.v3i8.rtz.sat,4
air.convert.u.v3i16.u.v3i32.rtz,4
air.convert.u.v3i16.u.v3i32.rtz.sat,4
air.convert.u.v3i16.u.v3i64.rtz,4
air.convert.u.v3i16.u.v3i64.rtz.sat,4
air.convert.u.v3i16.u.v3i8,4
air.convert.u.v3i16.u.v3i8.rtz,4
air.convert.u.v3i16.u.v3i8.rtz.sat,4
air.convert.u.v3i32.f.v3f16.rtz,4
air.convert.u.v3i32.f.v3f16.rtz.sat,4
air.convert.u.v3i32.f.v3f32.rtz,4
air.convert.u.v3i32.f.v3f32.rtz.sat,4
air.convert.u.v3i32.f.v3f64.rtz,4
air.convert.u.v3i32.f.v3f64.rtz.sat,4
air.convert.u.v3i32.s.v3i16.rtz,4
air.convert.u.v3i32.s.v3i16.rtz.sat,4
air.convert.u.v3i32.s.v3i32.rtz,4
air.convert.u.v3i32.s.v3i32.rtz.sat,4
air.convert.u.v3i32.s.v3i64.rtz,4
air.convert.u.v3i32.s.v3i64.rtz.sat,4
air.convert.u.v3i32.s.v3i8.rtz,4
air.convert.u.v3i32.s.v3i8.rtz.sat,4
air.convert.u.v3i32.u.v3i16,4
air.convert.u.v3i32.u.v3i16.rtz,4
air.convert.u.v3i32.u.v3i16.rtz.sat,4
air.convert.u.v3i32.u.v3i64.rtz,4
air.convert.u.v3i32.u.v3i64.rtz.sat,4
air.convert.u.v3i32.u.v3i8.rtz,4
air.convert.u.v3i32.u.v3i8.rtz.sat,4
air.convert.u.v3i64.f.v3f16.rtz,4
air.convert.u.v3i64.f.v3f16.rtz.sat,4
air.convert.u.v3i64.f.v3f32.rtz,4
air.convert.u.v3i64.f.v3f32.rtz.sat,4
air.convert.u.v3i64.f.v3f64.rtz,4
air.convert.u.v3i64.f.v3f64.rtz.sat,4
air.convert.u.v3i64.s.v3i16.rtz,4
air.convert.u.v3i64.s.v3i16.rtz.sat,4
air.convert.u.v3i64.s.v3i32.rtz,4
air.convert.u.v3i64.s.v3i32.rtz.sat,4
air.convert.u.v3i64.s.v3i64.rtz,4
air.convert.u.v3i64.s.v3i64.rtz.sat,4
air.convert.u.v3i64.s.v3i8.rtz,4
air.convert.u.v3i64.s.v3i8.rtz.sat,4
air.convert.u.v3i64.u.v3i16.rtz,4
air.convert.u.v3i64.u.v3i16.rtz.sat,4
air.convert.u.v3i64.u.v3i32,4
air.convert.u.v3i64.u.v3i32.rtz,4
air.convert.u.v3i64.u.v3i32.rtz.sat,4
air.convert.u.v3i64.u.v3i8.rtz,4
air.convert.u.v3i64.u.v3i8.rtz.sat,4
air.convert.u.v3i8.f.v3f16.rtz,4
air.convert.u.v3i8.f.v3f16.rtz.sat,4
air.convert.u.v3i8.f.v3f32.rtz,4
air.convert.u.v3i8.f.v3f32.rtz.sat,4
air.convert.u.v3i8.f.v3f64.rtz,4
air.convert.u.v3i8.f.v3f64.rtz.sat,4
air.convert.u.v3i8.s.v3i16.rtz,4
air.convert.u.v3i8.s.v3i16.rtz.sat,4
air.convert.u.v3i8.s.v3i32.rtz,4
air.convert.u.v3i8.s.v3i32.rtz.sat,4
air.convert.u.v3i8.s.v3i64.rtz,4
air.convert.u.v3i8.s.v3i64.rtz.sat,4
air.convert.u.v3i8.s.v3i8.rtz,4
air.convert.u.v3i8.s.v3i8.rtz.sat,4
air.convert.u.v3i8.u.v3i16.rtz,4
air.convert.u.v3i8.u.v3i16.rtz.sat,4
air.convert.u.v3i8.u.v3i32.rtz,4
air.convert.u.v3i8.u.v3i32.rtz.sat,4
air.convert.u.v3i8.u.v3i64.rtz,4
air.convert.u.v3i8.u.v3i64.rtz.sat,4
air.convert.u.v4i16.f.v4f16.rtz,4
air.convert.u.v4i16.f.v4f16.rtz.sat,4
air.convert.u.v4i16.f.v4f32.rtz,4
air.convert.u.v4i16.f.v4f32.rtz.sat,4
air.convert.u.v4i16.f.v4f64.rtz,4
air.convert.u.v4i16.f.v4f64.rtz.sat,4
air.convert.u.v4i16.s.v4i16.rtz,4
air.convert.u.v4i16.s.v4i16.rtz.sat,4
air.convert.u.v4i16.s.v4i32.rtz,4
air.convert.u.v4i16.s.v4i32.rtz.sat,4
air.convert.u.v4i16.s.v4i64.rtz,4
air.convert.u.v4i16.s.v4i64.rtz.sat,4
air.convert.u.v4i16.s.v4i8.rtz,4
air.convert.u.v4i16.s.v4i8.rtz.sat,4
air.convert.u.v4i16.u.v4i32.rtz,4
air.convert.u.v4i16.u.v4i32.rtz.sat,4
air.convert.u.v4i16.u.v4i64.rtz,4
air.convert.u.v4i16.u.v4i64.rtz.sat,4
air.convert.u.v4i16.u.v4i8,4
air.convert.u.v4i16.u.v4i8.rtz,4
air.convert.u.v4i16.u.v4i8.rtz.sat,4
air.convert.u.v4i32.f.v4f16.rtz,4
air.convert.u.v4i32.f.v4f16.rtz.sat,4
air.convert.u.v4i32.f.v4f32.rtz,4
air.convert.u.v4i32.f.v4f32.rtz.sat,4
air.convert.u.v4i32.f.v4f64.rtz,4
air.convert.u.v4i32.f.v4f64.rtz.sat,4
air.convert.u.v4i32.s.v4i16.rtz,4
air.convert.u.v4i32.s.v4i16.rtz.sat,4
air.convert.u.v4i32.s.v4i32.rtz,4
air.convert.u.v4i32.s.v4i32.rtz.sat,4
air.convert.u.v4i32.s.v4i64.rtz,4
air.convert.u.v4i32.s.v4i64.rtz.sat,4
air.convert.u.v4i32.s.v4i8.rtz,4
air.convert.u.v4i32.s.v4i8.rtz.sat,4
air.convert.u.v4i32.u.v4i16,4
air.convert.u.v4i32.u.v4i16.rtz,4
air.convert.u.v4i32.u.v4i16.rtz.sat,4
air.convert.u.v4i32.u.v4i64.rtz,4
air.convert.u.v4i32.u.v4i64.rtz.sat,4
air.convert.u.v4i32.u.v4i8.rtz,4
air.convert.u.v4i32.u.v4i8.rtz.sat,4
air.convert.u.v4i64.f.v4f16.rtz,4
air.convert.u.v4i64.f.v4f16.rtz.sat,4
air.convert.u.v4i64.f.v4f32.rtz,4
air.convert.u.v4i64.f.v4f32.rtz.sat,4
air.convert.u.v4i64.f.v4f64.rtz,4
air.convert.u.v4i64.f.v4f64.rtz.sat,4
air.convert.u.v4i64.s.v4i16.rtz,4
air.convert.u.v4i64.s.v4i16.rtz.sat,4
air.convert.u.v4i64.s.v4i32.rtz,4
air.convert.u.v4i64.s.v4i32.rtz.sat,4
air.convert.u.v4i64.s.v4i64.rtz,4
air.convert.u.v4i64.s.v4i64.rtz.sat,4
air.convert.u.v4i64.s.v4i8.rtz,4
air.convert.u.v4i64.s.v4i8.rtz.sat,4
air.convert.u.v4i64.u.v4i16.rtz,4
air.convert.u.v4i64.u.v4i16.rtz.sat,4
air.convert.u.v4i64.u.v4i32,4
air.convert.u.v4i64.u.v4i32.rtz,4
air.convert.u.v4i64.u.v4i32.rtz.sat,4
air.convert.u.v4i64.u.v4i8.rtz,4
air.convert.u.v4i64.u.v4i8.rtz.sat,4
air.convert.u.v4i8.f.v4f16.rtz,4
air.convert.u.v4i8.f.v4f16.rtz.sat,4
air.convert.u.v4i8.f.v4f32.rtz,4
air.convert.u.v4i8.f.v4f32.rtz.sat,4
air.convert.u.v4i8.f.v4f64.rtz,4
air.convert.u.v4i8.f.v4f64.rtz.sat,4
air.convert.u.v4i8.s.v4i16.rtz,4
air.convert.u.v4i8.s.v4i16.rtz.sat,4
air.convert.u.v4i8.s.v4i32.rtz,4
air.convert.u.v4i8.s.v4i32.rtz.sat,4
air.convert.u.v4i8.s.v4i64.rtz,4
air.convert.u.v4i8.s.v4i64.rtz.sat,4
air.convert.u.v4i8.s.v4i8.rtz,4
air.convert.u.v4i8.s.v4i8.rtz.sat,4
air.convert.u.v4i8.u.v4i16.rtz,4
air.convert.u.v4i8.u.v4i16.rtz.sat,4
air.convert.u.v4i8.u.v4i32.rtz,4
air.convert.u.v4i8.u.v4i32.rtz.sat,4
air.convert.u.v4i8.u.v4i64.rtz,4
air.convert.u.v4i8.u.v4i64.rtz.sat,4
air.convert.u.v8i16.f.v8f16.rtz,4
air.convert.u.v8i16.f.v8f16.rtz.sat,4
air.convert.u.v8i16.f.v8f32.rtz,4
air.convert.u.v8i16.f.v8f32.rtz.sat,4
air.convert.u.v8i16.f.v8f64.rtz,4
air.convert.u.v8i16.f.v8f64.rtz.sat,4
air.convert.u.v8i16.s.v8i16.rtz,4
air.convert.u.v8i16.s.v8i16.rtz.sat,4
air.convert.u.v8i16.s.v8i32.rtz,4
air.convert.u.v8i16.s.v8i32.rtz.sat,4
air.convert.u.v8i16.s.v8i64.rtz,4
air.convert.u.v8i16.s.v8i64.rtz.sat,4
air.convert.u.v8i16.s.v8i8.rtz,4
air.convert.u.v8i16.s.v8i8.rtz.sat,4
air.convert.u.v8i16.u.v8i32.rtz,4
air.convert.u.v8i16.u.v8i32.rtz.sat,4
air.convert.u.v8i16.u.v8i64.rtz,4
air.convert.u.v8i16.u.v8i64.rtz.sat,4
air.convert.u.v8i16.u.v8i8,4
air.convert.u.v8i16.u.v8i8.rtz,4
air.convert.u.v8i16.u.v8i8.rtz.sat,4
air.convert.u.v8i32.f.v8f16.rtz,4
air.convert.u.v8i32.f.v8f16.rtz.sat,4
air.convert.u.v8i32.f.v8f32.rtz,4
air.convert.u.v8i32.f.v8f32.rtz.sat,4
air.convert.u.v8i32.f.v8f64.rtz,4
air.convert.u.v8i32.f.v8f64.rtz.sat,4
air.convert.u.v8i32.s.v8i16.rtz,4
air.convert.u.v8i32.s.v8i16.rtz.sat,4
air.convert.u.v8i32.s.v8i32.rtz,4
air.convert.u.v8i32.s.v8i32.rtz.sat,4
air.convert.u.v8i32.s.v8i64.rtz,4
air.convert.u.v8i32.s.v8i64.rtz.sat,4
air.convert.u.v8i32.s.v8i8.rtz,4
air.convert.u.v8i32.s.v8i8.rtz.sat,4
air.convert.u.v8i32.u.v8i16,4
air.convert.u.v8i32.u.v8i16.rtz,4
air.convert.u.v8i32.u.v8i16.rtz.sat,4
air.convert.u.v8i32.u.v8i64.rtz,4
air.convert.u.v8i32.u.v8i64.rtz.sat,4
air.convert.u.v8i32.u.v8i8.rtz,4
air.convert.u.v8i32.u.v8i8.rtz.sat,4
air.convert.u.v8i64.f.v8f16.rtz,4
air.convert.u.v8i64.f.v8f16.rtz.sat,4
air.convert.u.v8i64.f.v8f32.rtz,4
air.convert.u.v8i64.f.v8f32.rtz.sat,4
air.convert.u.v8i64.f.v8f64.rtz,4
air.convert.u.v8i64.f.v8f64.rtz.sat,4
air.convert.u.v8i64.s.v8i16.rtz,4
air.convert.u.v8i64.s.v8i16.rtz.sat,4
air.convert.u.v8i64.s.v8i32.rtz,4
air.convert.u.v8i64.s.v8i32.rtz.sat,4
air.convert.u.v8i64.s.v8i64.rtz,4
air.convert.u.v8i64.s.v8i64.rtz.sat,4
air.convert.u.v8i64.s.v8i8.rtz,4
air.convert.u.v8i64.s.v8i8.rtz.sat,4
air.convert.u.v8i64.u.v8i16.rtz,4
air.convert.u.v8i64.u.v8i16.rtz.sat,4
air.convert.u.v8i64.u.v8i32,4
air.convert.u.v8i64.u.v8i32.rtz,4
air.convert.u.v8i64.u.v8i32.rtz.sat,4
air.convert.u.v8i64.u.v8i8.rtz,4
air.convert.u.v8i64.u.v8i8.rtz.sat,4
air.convert.u.v8i8.f.v8f16.rtz,4
air.convert.u.v8i8.f.v8f16.rtz.sat,4
air.convert.u.v8i8.f.v8f32.rtz,4
air.convert.u.v8i8.f.v8f32.rtz.sat,4
air.convert.u.v8i8.f.v8f64.rtz,4
air.convert.u.v8i8.f.v8f64.rtz.sat,4
air.convert.u.v8i8.s.v8i16.rtz,4
air.convert.u.v8i8.s.v8i16.rtz.sat,4
air.convert.u.v8i8.s.v8i32.rtz,4
air.convert.u.v8i8.s.v8i32.rtz.sat,4
air.convert.u.v8i8.s.v8i64.rtz,4
air.convert.u.v8i8.s.v8i64.rtz.sat,4
air.convert.u.v8i8.s.v8i8.rtz,4
air.convert.u.v8i8.s.v8i8.rtz.sat,4
air.convert.u.v8i8.u.v8i16.rtz,4
air.convert.u.v8i8.u.v8i16.rtz.sat,4
air.convert.u.v8i8.u.v8i32.rtz,4
air.convert.u.v8i8.u.v8i32.rtz.sat,4
air.convert.u.v8i8.u.v8i64.rtz,4
air.convert.u.v8i8.u.v8i64.rtz.sat,4
air.cos.f64,4
air.cos.v16f16,4
air.cos.v2f16,4
air.cos.v2f64,4
air.cos.v3f16,4
air.cos.v3f64,4
air.cos.v4f16,4
air.cos.v4f64,4
air.cos.v8f16,4
air.cos.v8f64,4
air.cosh.f64,4
air.cosh.v16f16,4
air.cosh.v2f16,4
air.cosh.v2f64,4
air.cosh.v3f16,4
air.cosh.v3f64,4
air.cosh.v4f16,4
air.cosh.v4f64,4
air.cosh.v8f16,4
air.cosh.v8f64,4
air.cospi.f64,4
air.cospi.v16f16,4
air.cospi.v2f16,4
air.cospi.v2f64,4
air.cospi.v3f16,4
air.cospi.v3f64,4
air.cospi.v4f16,4
air.cospi.v4f64,4
air.cospi.v8f16,4
air.cospi.v8f64,4
air.erf.f16,4
air.erf.f32,4
air.erf.f64,4
air.erf.v16f16,4
air.erf.v16f32,4
air.erf.v2f16,4
air.erf.v2f32,4
air.erf.v2f64,4
air.erf.v3f16,4
air.erf.v3f32,4
air.erf.v3f64,4
air.erf.v4f16,4
air.erf.v4f32,4
air.erf.v4f64,4
air.erf.v8f16,4
air.erf.v8f32,4
air.erf.v8f64,4
air.erfc.f16,4
air.erfc.f32,4
air.erfc.f64,4
air.erfc.v16f16,4
air.erfc.v16f32,4
air.erfc.v2f16,4
air.erfc.v2f32,4
air.erfc.v2f64,4
air.erfc.v3f16,4
air.erfc.v3f32,4
air.erfc.v3f64,4
air.erfc.v4f16,4
air.erfc.v4f32,4
air.erfc.v4f64,4
air.erfc.v8f16,4
air.erfc.v8f32,4
air.erfc.v8f64,4
air.exp.f32,4
air.exp.f64,4
air.exp.v16f16,4
air.exp.v2f16,4
air.exp.v2f64,4
air.exp.v3f16,4
air.exp.v3f64,4
air.exp.v4f16,4
air.exp.v4f64,4
air.exp.v8f16,4
air.exp.v8f64,4
air.exp10.f64,4
air.exp10.v16f16,4
air.exp10.v2f16,4
air.exp10.v2f64,4
air.exp10.v3f16,4
air.exp10.v3f64,4
air.exp10.v4f16,4
air.exp10.v4f64,4
air.exp10.v8f16,4
air.exp10.v8f64,4
air.exp2.f64,4
air.exp2.v16f16,4
air.exp2.v2f16,4
air.exp2.v2f64,4
air.exp2.v3f16,4
air.exp2.v3f64,4
air.exp2.v4f16,4
air.exp2.v4f64,4
air.exp2.v8f16,4
air.exp2.v8f64,4
air.expm1.f16,4
air.expm1.f32,4
air.expm1.f64,4
air.expm1.v16f16,4
air.expm1.v16f32,4
air.expm1.v2f16,4
air.expm1.v2f32,4
air.expm1.v2f64,4
air.expm1.v3f16,4
air.expm1.v3f32,4
air.expm1.v3f64,4
air.expm1.v4f16,4
air.expm1.v4f32,4
air.expm1.v4f64,4
air.expm1.v8f16,4
air.expm1.v8f32,4
air.expm1.v8f64,4
air.fast_ldexp.v2f32,4
air.fast_ldexp.v3f32,4
air.fast_ldexp.v4f32,4
air.fast_ldexp.v8f32,4
air.fma.f64,4
air.fma.v16f16,4
air.fma.v16f32,4
air.fma.v2f16,4
air.fma.v2f32,4
air.fma.v2f64,4
air.fma.v3f16,4
air.fma.v3f32,4
air.fma.v3f64,4
air.fma.v4f16,4
air.fma.v4f32,4
air.fma.v4f64,4
air.fma.v8f16,4
air.fma.v8f32,4
air.fma.v8f64,4
air.fmod.f64,4
air.fmod.v16f16,4
air.fmod.v2f16,4
air.fmod.v2f64,4
air.fmod.v3f16,4
air.fmod.v3f64,4
air.fmod.v4f16,4
air.fmod.v4f64,4
air.fmod.v8f16,4
air.fmod.v8f64,4
air.half_cos.f32,4
air.half_cos.v2f32,4
air.half_cos.v3f32,4
air.half_cos.v4f32,4
air.half_cos.v8f32,4
air.half_exp.f32,4
air.half_exp.v2f32,4
air.half_exp.v3f32,4
air.half_exp.v4f32,4
air.half_exp.v8f32,4
air.half_exp10.f32,4
air.half_exp10.v2f32,4
air.half_exp10.v3f32,4
air.half_exp10.v4f32,4
air.half_exp10.v8f32,4
air.half_exp2.f32,4
air.half_exp2.v2f32,4
air.half_exp2.v3f32,4
air.half_exp2.v4f32,4
air.half_exp2.v8f32,4
air.half_log.f32,4
air.half_log.v2f32,4
air.half_log.v3f32,4
air.half_log.v4f32,4
air.half_log.v8f32,4
air.half_log10.f32,4
air.half_log10.v2f32,4
air.half_log10.v3f32,4
air.half_log10.v4f32,4
air.half_log10.v8f32,4
air.half_log2.f32,4
air.half_log2.v2f32,4
air.half_log2.v3f32,4
air.half_log2.v4f32,4
air.half_log2.v8f32,4
air.half_powr.f32,4
air.half_powr.v2f32,4
air.half_powr.v3f32,4
air.half_powr.v4f32,4
air.half_powr.v8f32,4
air.half_rsqrt.f32,4
air.half_rsqrt.v2f32,4
air.half_rsqrt.v3f32,4
air.half_rsqrt.v4f32,4
air.half_rsqrt.v8f32,4
air.half_sin.f32,4
air.half_sin.v2f32,4
air.half_sin.v3f32,4
air.half_sin.v4f32,4
air.half_sin.v8f32,4
air.half_sqrt.f32,4
air.half_sqrt.v2f32,4
air.half_sqrt.v3f32,4
air.half_sqrt.v4f32,4
air.half_sqrt.v8f32,4
air.half_tan.f32,4
air.half_tan.v2f32,4
air.half_tan.v3f32,4
air.half_tan.v4f32,4
air.half_tan.v8f32,4
air.hypot.f16,4
air.hypot.f32,4
air.hypot.f64,4
air.hypot.v16f16,4
air.hypot.v16f32,4
air.hypot.v2f16,4
air.hypot.v2f32,4
air.hypot.v2f64,4
air.hypot.v3f16,4
air.hypot.v3f32,4
air.hypot.v3f64,4
air.hypot.v4f16,4
air.hypot.v4f32,4
air.hypot.v4f64,4
air.hypot.v8f16,4
air.hypot.v8f32,4
air.hypot.v8f64,4
air.ldexp.f64,4
air.ldexp.v16f32,4
air.ldexp.v2f32,4
air.ldexp.v3f32,4
air.ldexp.v4f32,4
air.ldexp.v8f32,4
air.lgamma.f16,4
air.lgamma.f32,4
air.lgamma.f64,4
air.lgamma.v16f16,4
air.lgamma.v16f32,4
air.lgamma.v2f16,4
air.lgamma.v2f32,4
air.lgamma.v2f64,4
air.lgamma.v3f16,4
air.lgamma.v3f32,4
air.lgamma.v3f64,4
air.lgamma.v4f16,4
air.lgamma.v4f32,4
air.lgamma.v4f64,4
air.lgamma.v8f16,4
air.lgamma.v8f32,4
air.lgamma.v8f64,4
air.log.f32,4
air.log.f64,4
air.log.v16f16,4
air.log.v2f16,4
air.log.v2f64,4
air.log.v3f16,4
air.log.v3f64,4
air.log.v4f16,4
air.log.v4f64,4
air.log.v8f16,4
air.log.v8f64,4
air.log10.f64,4
air.log10.v16f16,4
air.log10.v2f16,4
air.log10.v2f64,4
air.log10.v3f16,4
air.log10.v3f64,4
air.log10.v4f16,4
air.log10.v4f64,4
air.log10.v8f16,4
air.log10.v8f64,4
air.log1p.f16,4
air.log1p.f32,4
air.log1p.f64,4
air.log1p.v16f16,4
air.log1p.v16f32,4
air.log1p.v2f16,4
air.log1p.v2f32,4
air.log1p.v2f64,4
air.log1p.v3f16,4
air.log1p.v3f32,4
air.log1p.v3f64,4
air.log1p.v4f16,4
air.log1p.v4f32,4
air.log1p.v4f64,4
air.log1p.v8f16,4
air.log1p.v8f32,4
air.log1p.v8f64,4
air.log2.f64,4
air.log2.v16f16,4
air.log2.v2f16,4
air.log2.v2f64,4
air.log2.v3f16,4
air.log2.v3f64,4
air.log2.v4f16,4
air.log2.v4f64,4
air.log2.v8f16,4
air.log2.v8f64,4
air.logb.f16,4
air.logb.f32,4
air.logb.f64,4
air.logb.v16f16,4
air.logb.v16f32,4
air.logb.v2f16,4
air.logb.v2f32,4
air.logb.v2f64,4
air.logb.v3f16,4
air.logb.v3f32,4
air.logb.v3f64,4
air.logb.v4f16,4
air.logb.v4f32,4
air.logb.v4f64,4
air.logb.v8f16,4
air.logb.v8f32,4
air.logb.v8f64,4
air.mad.f16,4
air.mad.f32,4
air.mad.f64,4
air.mad.v16f16,4
air.mad.v16f32,4
air.mad.v2f16,4
air.mad.v2f32,4
air.mad.v2f64,4
air.mad.v3f16,4
air.mad.v3f32,4
air.mad.v3f64,4
air.mad.v4f16,4
air.mad.v4f32,4
air.mad.v4f64,4
air.mad.v8f16,4
air.mad.v8f32,4
air.mad.v8f64,4
air.max.s.v16i32,4
air.max.s.v16i64,4
air.max.s.v16i8,4
air.max.s.v2i16,4
air.max.s.v2i32,4
air.max.s.v2i64,4
air.max.s.v2i8,4
air.max.s.v3i16,4
air.max.s.v3i32,4
air.max.s.v3i64,4
air.max.s.v3i8,4
air.max.s.v4i16,4
air.max.s.v4i32,4
air.max.s.v4i64,4
air.max.s.v4i8,4
air.max.s.v8i16,4
air.max.s.v8i32,4
air.max.s.v8i64,4
air.max.s.v8i8,4
air.max.u.v16i32,4
air.max.u.v16i64,4
air.max.u.v16i8,4
air.max.u.v2i16,4
air.max.u.v2i32,4
air.max.u.v2i64,4
air.max.u.v2i8,4
air.max.u.v3i16,4
air.max.u.v3i32,4
air.max.u.v3i64,4
air.max.u.v3i8,4
air.max.u.v4i16,4
air.max.u.v4i32,4
air.max.u.v4i64,4
air.max.u.v4i8,4
air.max.u.v8i16,4
air.max.u.v8i32,4
air.max.u.v8i64,4
air.max.u.v8i8,4
air.min.s.v16i32,4
air.min.s.v16i64,4
air.min.s.v16i8,4
air.min.s.v2i16,4
air.min.s.v2i32,4
air.min.s.v2i64,4
air.min.s.v2i8,4
air.min.s.v3i16,4
air.min.s.v3i32,4
air.min.s.v3i64,4
air.min.s.v3i8,4
air.min.s.v4i16,4
air.min.s.v4i32,4
air.min.s.v4i64,4
air.min.s.v4i8,4
air.min.s.v8i16,4
air.min.s.v8i32,4
air.min.s.v8i64,4
air.min.s.v8i8,4
air.min.u.v16i32,4
air.min.u.v16i64,4
air.min.u.v16i8,4
air.min.u.v2i16,4
air.min.u.v2i32,4
air.min.u.v2i64,4
air.min.u.v2i8,4
air.min.u.v3i16,4
air.min.u.v3i32,4
air.min.u.v3i64,4
air.min.u.v3i8,4
air.min.u.v4i16,4
air.min.u.v4i32,4
air.min.u.v4i64,4
air.min.u.v4i8,4
air.min.u.v8i16,4
air.min.u.v8i32,4
air.min.u.v8i64,4
air.min.u.v8i8,4
air.mix.v16f16,4
air.mix.v16f32,4
air.mix.v2f16,4
air.mix.v2f32,4
air.mix.v2f64,4
air.mix.v3f16,4
air.mix.v3f32,4
air.mix.v3f64,4
air.mix.v4f16,4
air.mix.v4f32,4
air.mix.v4f64,4
air.mix.v8f16,4
air.mix.v8f32,4
air.mix.v8f64,4
air.native_cos.f32,4
air.native_cos.v2f32,4
air.native_cos.v3f32,4
air.native_cos.v4f32,4
air.native_cos.v8f32,4
air.native_exp.f32,4
air.native_exp.v2f32,4
air.native_exp.v3f32,4
air.native_exp.v4f32,4
air.native_exp.v8f32,4
air.native_exp10.f32,4
air.native_exp10.v2f32,4
air.native_exp10.v3f32,4
air.native_exp10.v4f32,4
air.native_exp10.v8f32,4
air.native_exp2.f32,4
air.native_exp2.v2f32,4
air.native_exp2.v3f32,4
air.native_exp2.v4f32,4
air.native_exp2.v8f32,4
air.native_log.f32,4
air.native_log.v2f32,4
air.native_log.v3f32,4
air.native_log.v4f32,4
air.native_log.v8f32,4
air.native_log10.f32,4
air.native_log10.v2f32,4
air.native_log10.v3f32,4
air.native_log10.v4f32,4
air.native_log10.v8f32,4
air.native_log2.f32,4
air.native_log2.v2f32,4
air.native_log2.v3f32,4
air.native_log2.v4f32,4
air.native_log2.v8f32,4
air.native_powr.f32,4
air.native_powr.v2f32,4
air.native_powr.v3f32,4
air.native_powr.v4f32,4
air.native_powr.v8f32,4
air.native_rsqrt.f32,4
air.native_rsqrt.v2f32,4
air.native_rsqrt.v3f32,4
air.native_rsqrt.v4f32,4
air.native_rsqrt.v8f32,4
air.native_sin.f32,4
air.native_sin.v2f32,4
air.native_sin.v3f32,4
air.native_sin.v4f32,4
air.native_sin.v8f32,4
air.native_sqrt.f32,4
air.native_sqrt.v2f32,4
air.native_sqrt.v3f32,4
air.native_sqrt.v4f32,4
air.native_sqrt.v8f32,4
air.native_tan.f32,4
air.native_tan.v2f32,4
air.native_tan.v3f32,4
air.native_tan.v4f32,4
air.native_tan.v8f32,4
air.nextafter.f32,4
air.nextafter.f64,4
air.nextafter.v16f16,4
air.nextafter.v16f32,4
air.nextafter.v2f16,4
air.nextafter.v2f32,4
air.nextafter.v2f64,4
air.nextafter.v3f16,4
air.nextafter.v3f32,4
air.nextafter.v3f64,4
air.nextafter.v4f16,4
air.nextafter.v4f32,4
air.nextafter.v4f64,4
air.nextafter.v8f16,4
air.nextafter.v8f32,4
air.nextafter.v8f64,4
air.popcount.i16,4
air.popcount.i32,4
air.popcount.i64,4
air.popcount.v16i32,4
air.popcount.v16i64,4
air.popcount.v16i8,4
air.popcount.v2i16,4
air.popcount.v2i32,4
air.popcount.v2i64,4
air.popcount.v2i8,4
air.popcount.v3i16,4
air.popcount.v3i32,4
air.popcount.v3i64,4
air.popcount.v3i8,4
air.popcount.v4i16,4
air.popcount.v4i32,4
air.popcount.v4i64,4
air.popcount.v4i8,4
air.popcount.v8i16,4
air.popcount.v8i32,4
air.popcount.v8i64,4
air.popcount.v8i8,4
air.pow.f32,4
air.pow.f64,4
air.pow.v16f16,4
air.pow.v2f16,4
air.pow.v2f64,4
air.pow.v3f16,4
air.pow.v3f64,4
air.pow.v4f16,4
air.pow.v4f64,4
air.pow.v8f16,4
air.pow.v8f64,4
air.pown.f16,4
air.pown.f32,4
air.pown.f64,4
air.pown.v16f16,4
air.pown.v16f32,4
air.pown.v2f16,4
air.pown.v2f32,4
air.pown.v2f64,4
air.pown.v3f16,4
air.pown.v3f32,4
air.pown.v3f64,4
air.pown.v4f16,4
air.pown.v4f32,4
air.pown.v4f64,4
air.pown.v8f16,4
air.pown.v8f32,4
air.pown.v8f64,4
air.powr.f64,4
air.powr.v16f16,4
air.powr.v2f16,4
air.powr.v2f64,4
air.powr.v3f16,4
air.powr.v3f64,4
air.powr.v4f16,4
air.powr.v4f64,4
air.powr.v8f16,4
air.powr.v8f64,4
air.remainder.f16,4
air.remainder.f32,4
air.remainder.f64,4
air.remainder.v16f16,4
air.remainder.v16f32,4
air.remainder.v2f16,4
air.remainder.v2f32,4
air.remainder.v2f64,4
air.remainder.v3f16,4
air.remainder.v3f32,4
air.remainder.v3f64,4
air.remainder.v4f16,4
air.remainder.v4f32,4
air.remainder.v4f64,4
air.remainder.v8f16,4
air.remainder.v8f32,4
air.remainder.v8f64,4
air.rint.f64,4
air.rint.v16f16,4
air.rint.v2f16,4
air.rint.v2f64,4
air.rint.v3f16,4
air.rint.v3f64,4
air.rint.v4f16,4
air.rint.v4f64,4
air.rint.v8f16,4
air.rint.v8f64,4
air.rootn.f16,4
air.rootn.f32,4
air.rootn.f64,4
air.rootn.v16f16,4
air.rootn.v16f32,4
air.rootn.v2f16,4
air.rootn.v2f32,4
air.rootn.v2f64,4
air.rootn.v3f16,4
air.rootn.v3f32,4
air.rootn.v3f64,4
air.rootn.v4f16,4
air.rootn.v4f32,4
air.rootn.v4f64,4
air.rootn.v8f16,4
air.rootn.v8f32,4
air.rootn.v8f64,4
air.rotate.i16,4
air.rotate.i32,4
air.rotate.i64,4
air.rotate.v16i32,4
air.rotate.v16i64,4
air.rotate.v16i8,4
air.rotate.v2i16,4
air.rotate.v2i32,4
air.rotate.v2i64,4
air.rotate.v2i8,4
air.rotate.v3i16,4
air.rotate.v3i32,4
air.rotate.v3i64,4
air.rotate.v3i8,4
air.rotate.v4i16,4
air.rotate.v4i32,4
air.rotate.v4i64,4
air.rotate.v4i8,4
air.rotate.v8i16,4
air.rotate.v8i32,4
air.rotate.v8i64,4
air.rotate.v8i8,4
air.round.f64,4
air.round.v16f16,4
air.round.v2f16,4
air.round.v2f64,4
air.round.v3f16,4
air.round.v3f64,4
air.round.v4f16,4
air.round.v4f64,4
air.round.v8f16,4
air.round.v8f64,4
air.rsqrt.v16f16,4
air.rsqrt.v2f16,4
air.rsqrt.v2f64,4
air.rsqrt.v3f16,4
air.rsqrt.v3f64,4
air.rsqrt.v4f16,4
air.rsqrt.v4f64,4
air.rsqrt.v8f16,4
air.rsqrt.v8f64,4
air.sin.f32,4
air.sin.f64,4
air.sin.v16f16,4
air.sin.v2f16,4
air.sin.v2f64,4
air.sin.v3f16,4
air.sin.v3f64,4
air.sin.v4f16,4
air.sin.v4f64,4
air.sin.v8f16,4
air.sin.v8f64,4
air.sinh.f64,4
air.sinh.v16f16,4
air.sinh.v2f16,4
air.sinh.v2f64,4
air.sinh.v3f16,4
air.sinh.v3f64,4
air.sinh.v4f16,4
air.sinh.v4f64,4
air.sinh.v8f16,4
air.sinh.v8f64,4
air.sinpi.f64,4
air.sinpi.v16f16,4
air.sinpi.v2f16,4
air.sinpi.v2f64,4
air.sinpi.v3f16,4
air.sinpi.v3f64,4
air.sinpi.v4f16,4
air.sinpi.v4f64,4
air.sinpi.v8f16,4
air.sinpi.v8f64,4
air.sqrt.v16f16,4
air.sqrt.v2f16,4
air.sqrt.v2f64,4
air.sqrt.v3f16,4
air.sqrt.v3f64,4
air.sqrt.v4f16,4
air.sqrt.v4f64,4
air.sqrt.v8f16,4
air.sqrt.v8f64,4
air.tan.f64,4
air.tan.v16f16,4
air.tan.v2f16,4
air.tan.v2f64,4
air.tan.v3f16,4
air.tan.v3f64,4
air.tan.v4f16,4
air.tan.v4f64,4
air.tan.v8f16,4
air.tan.v8f64,4
air.tanh.f64,4
air.tanh.v16f16,4
air.tanh.v2f16,4
air.tanh.v2f64,4
air.tanh.v3f16,4
air.tanh.v3f64,4
air.tanh.v4f16,4
air.tanh.v4f64,4
air.tanh.v8f16,4
air.tanh.v8f64,4
air.tanpi.f64,4
air.tanpi.v16f16,4
air.tanpi.v2f16,4
air.tanpi.v2f64,4
air.tanpi.v3f16,4
air.tanpi.v3f64,4
air.tanpi.v4f16,4
air.tanpi.v4f64,4
air.tanpi.v8f16,4
air.tanpi.v8f64,4
air.tgamma.f16,4
air.tgamma.f32,4
air.tgamma.f64,4
air.tgamma.v16f16,4
air.tgamma.v16f32,4
air.tgamma.v2f16,4
air.tgamma.v2f32,4
air.tgamma.v2f64,4
air.tgamma.v3f16,4
air.tgamma.v3f32,4
air.tgamma.v3f64,4
air.tgamma.v4f16,4
air.tgamma.v4f32,4
air.tgamma.v4f64,4
air.tgamma.v8f16,4
air.tgamma.v8f32,4
air.tgamma.v8f64,4
air.vload.constant.v16i16,4
air.vload.constant.v16i32,4
air.vload.constant.v16i64,4
air.vload.constant.v16i8,4
air.vload.constant.v2i16,4
air.vload.constant.v2i32,4
air.vload.constant.v2i64,4
air.vload.constant.v2i8,4
air.vload.constant.v3i16,4
air.vload.constant.v3i32,4
air.vload.constant.v3i64,4
air.vload.constant.v3i8,4
air.vload.constant.v4i16,4
air.vload.constant.v4i32,4
air.vload.constant.v4i64,4
air.vload.constant.v4i8,4
air.vload.constant.v8i16,4
air.vload.constant.v8i32,4
air.vload.constant.v8i64,4
air.vload.constant.v8i8,4
air.vload.global.v16i16,4
air.vload.global.v16i32,4
air.vload.global.v16i64,4
air.vload.global.v16i8,4
air.vload.global.v2i16,4
air.vload.global.v2i32,4
air.vload.global.v2i64,4
air.vload.global.v2i8,4
air.vload.global.v3i16,4
air.vload.global.v3i32,4
air.vload.global.v3i64,4
air.vload.global.v3i8,4
air.vload.global.v4i16,4
air.vload.global.v4i32,4
air.vload.global.v4i64,4
air.vload.global.v4i8,4
air.vload.global.v8i16,4
air.vload.global.v8i32,4
air.vload.global.v8i64,4
air.vload.global.v8i8,4
air.vload.local.v16i16,4
air.vload.local.v16i32,4
air.vload.local.v16i64,4
air.vload.local.v16i8,4
air.vload.local.v2i16,4
air.vload.local.v2i32,4
air.vload.local.v2i64,4
air.vload.local.v2i8,4
air.vload.local.v3i16,4
air.vload.local.v3i32,4
air.vload.local.v3i64,4
air.vload.local.v3i8,4
air.vload.local.v4i16,4
air.vload.local.v4i32,4
air.vload.local.v4i64,4
air.vload.local.v4i8,4
air.vload.local.v8i16,4
air.vload.local.v8i32,4
air.vload.local.v8i64,4
air.vload.local.v8i8,4
air.vload.private.v16i16,4
air.vload.private.v16i32,4
air.vload.private.v16i64,4
air.vload.private.v16i8,4
air.vload.private.v2i16,4
air.vload.private.v2i32,4
air.vload.private.v2i64,4
air.vload.private.v2i8,4
air.vload.private.v3i16,4
air.vload.private.v3i32,4
air.vload.private.v3i64,4
air.vload.private.v3i8,4
air.vload.private.v4i16,4
air.vload.private.v4i32,4
air.vload.private.v4i64,4
air.vload.private.v4i8,4
air.vload.private.v8i16,4
air.vload.private.v8i32,4
air.vload.private.v8i64,4
air.vload.private.v8i8,4
air.vstore.global.v16i16,4
air.vstore.global.v16i32,4
air.vstore.global.v16i64,4
air.vstore.global.v16i8,4
air.vstore.global.v2i16,4
air.vstore.global.v2i32,4
air.vstore.global.v2i64,4
air.vstore.global.v2i8,4
air.vstore.global.v3i16,4
air.vstore.global.v3i32,4
air.vstore.global.v3i64,4
air.vstore.global.v3i8,4
air.vstore.global.v4i16,4
air.vstore.global.v4i32,4
air.vstore.global.v4i64,4
air.vstore.global.v4i8,4
air.vstore.global.v8i16,4
air.vstore.global.v8i32,4
air.vstore.global.v8i64,4
air.vstore.global.v8i8,4
air.vstore.local.v16i16,4
air.vstore.local.v16i32,4
air.vstore.local.v16i64,4
air.vstore.local.v16i8,4
air.vstore.local.v2i16,4
air.vstore.local.v2i32,4
air.vstore.local.v2i64,4
air.vstore.local.v2i8,4
air.vstore.local.v3i16,4
air.vstore.local.v3i32,4
air.vstore.local.v3i64,4
air.vstore.local.v3i8,4
air.vstore.local.v4i16,4
air.vstore.local.v4i32,4
air.vstore.local.v4i64,4
air.vstore.local.v4i8,4
air.vstore.local.v8i16,4
air.vstore.local.v8i32,4
air.vstore.local.v8i64,4
air.vstore.local.v8i8,4
air.vstore.private.v16i16,4
air.vstore.private.v16i32,4
air.vstore.private.v16i64,4
air.vstore.private.v16i8,4
air.vstore.private.v2i16,4
air.vstore.private.v2i32,4
air.vstore.private.v2i64,4
air.vstore.private.v2i8,4
air.vstore.private.v3i16,4
air.vstore.private.v3i32,4
air.vstore.private.v3i64,4
air.vstore.private.v3i8,4
air.vstore.private.v4i16,4
air.vstore.private.v4i32,4
air.vstore.private.v4i64,4
air.vstore.private.v4i8,4
air.vstore.private.v8i16,4
air.vstore.private.v8i32,4
air.vstore.private.v8i64,4
air.vstore.private.v8i8,4
air.vstore_half.global.rte.f64,4
air.vstore_half.global.rte.v16f32,4
air.vstore_half.global.rte.v16f64,4
air.vstore_half.global.rte.v2f32,4
air.vstore_half.global.rte.v2f64,4
air.vstore_half.global.rte.v3f32,4
air.vstore_half.global.rte.v3f64,4
air.vstore_half.global.rte.v4f32,4
air.vstore_half.global.rte.v4f64,4
air.vstore_half.global.rte.v8f32,4
air.vstore_half.global.rte.v8f64,4
air.vstore_half.local.rte.f64,4
air.vstore_half.local.rte.v16f32,4
air.vstore_half.local.rte.v16f64,4
air.vstore_half.local.rte.v2f32,4
air.vstore_half.local.rte.v2f64,4
air.vstore_half.local.rte.v3f32,4
air.vstore_half.local.rte.v3f64,4
air.vstore_half.local.rte.v4f32,4
air.vstore_half.local.rte.v4f64,4
air.vstore_half.local.rte.v8f32,4
air.vstore_half.local.rte.v8f64,4
air.vstore_half.private.rte.f64,4
air.vstore_half.private.rte.v16f32,4
air.vstore_half.private.rte.v16f64,4
air.vstore_half.private.rte.v2f32,4
air.vstore_half.private.rte.v2f64,4
air.vstore_half.private.rte.v3f32,4
air.vstore_half.private.rte.v3f64,4
air.vstore_half.private.rte.v4f32,4
air.vstore_half.private.rte.v4f64,4
air.vstore_half.private.rte.v8f32,4
air.vstore_half.private.rte.v8f64,4
air.vstorea_half.global.rte.f64,4
air.vstorea_half.global.rte.v16f32,4
air.vstorea_half.global.rte.v16f64,4
air.vstorea_half.global.rte.v2f32,4
air.vstorea_half.global.rte.v2f64,4
air.vstorea_half.global.rte.v3f32,4
air.vstorea_half.global.rte.v3f64,4
air.vstorea_half.global.rte.v4f32,4
air.vstorea_half.global.rte.v4f64,4
air.vstorea_half.global.rte.v8f32,4
air.vstorea_half.global.rte.v8f64,4
air.vstorea_half.local.rte.f64,4
air.vstorea_half.local.rte.v16f32,4
air.vstorea_half.local.rte.v16f64,4
air.vstorea_half.local.rte.v2f32,4
air.vstorea_half.local.rte.v2f64,4
air.vstorea_half.local.rte.v3f32,4
air.vstorea_half.local.rte.v3f64,4
air.vstorea_half.local.rte.v4f32,4
air.vstorea_half.local.rte.v4f64,4
air.vstorea_half.local.rte.v8f32,4
air.vstorea_half.local.rte.v8f64,4
air.vstorea_half.private.rte.f64,4
air.vstorea_half.private.rte.v16f32,4
air.vstorea_half.private.rte.v16f64,4
air.vstorea_half.private.rte.v2f32,4
air.vstorea_half.private.rte.v2f64,4
air.vstorea_half.private.rte.v3f32,4
air.vstorea_half.private.rte.v3f64,4
air.vstorea_half.private.rte.v4f32,4
air.vstorea_half.private.rte.v4f64,4
air.vstorea_half.private.rte.v8f32,4
air.vstorea_half.private.rte.v8f64,4
air.object,4
air.sample_,4
air.os.log,4
air.atomic_exchange_explicit_texture_1d_array.u.v4i32,4
air.atomic_exchange_explicit_texture_1d.u.v4i32,4
air.atomic_exchange_explicit_texture_2d_array.u.v4i32,4
air.atomic_exchange_explicit_texture_2d.u.v4i32,4
air.atomic_exchange_explicit_texture_3d.u.v4i32,4
air.atomic_fetch_add_explicit_texture_1d_array.u.v4i32,4
air.atomic_fetch_add_explicit_texture_1d.u.v4i32,4
air.atomic_fetch_add_explicit_texture_2d_array.u.v4i32,4
air.atomic_fetch_add_explicit_texture_2d.u.v4i32,4
air.atomic_fetch_add_explicit_texture_3d.u.v4i32,4
air.atomic_fetch_and_explicit_texture_1d_array.u.v4i32,4
air.atomic_fetch_and_explicit_texture_1d.u.v4i32,4
air.atomic_fetch_and_explicit_texture_2d_array.u.v4i32,4
air.atomic_fetch_and_explicit_texture_2d.u.v4i32,4
air.atomic_fetch_and_explicit_texture_3d.u.v4i32,4
air.atomic_fetch_max_explicit_texture_1d_array.u.v4i32,4
air.atomic_fetch_max_explicit_texture_1d.u.v4i32,4
air.atomic_fetch_max_explicit_texture_2d_array.u.v4i32,4
air.atomic_fetch_max_explicit_texture_2d.u.v4i32,4
air.atomic_fetch_max_explicit_texture_3d.u.v4i32,4
air.atomic_fetch_min_explicit_texture_1d_array.u.v4i32,4
air.atomic_fetch_min_explicit_texture_1d.u.v4i32,4
air.atomic_fetch_min_explicit_texture_2d_array.u.v4i32,4
air.atomic_fetch_min_explicit_texture_2d.u.v4i32,4
air.atomic_fetch_min_explicit_texture_3d.u.v4i32,4
air.atomic_fetch_or_explicit_texture_1d_array.u.v4i32,4
air.atomic_fetch_or_explicit_texture_1d.u.v4i32,4
air.atomic_fetch_or_explicit_texture_2d_array.u.v4i32,4
air.atomic_fetch_or_explicit_texture_2d.u.v4i32,4
air.atomic_fetch_or_explicit_texture_3d.u.v4i32,4
air.atomic_fetch_sub_explicit_texture_1d_array.u.v4i32,4
air.atomic_fetch_sub_explicit_texture_1d.u.v4i32,4
air.atomic_fetch_sub_explicit_texture_2d_array.u.v4i32,4
air.atomic_fetch_sub_explicit_texture_2d.u.v4i32,4
air.atomic_fetch_sub_explicit_texture_3d.u.v4i32,4
air.atomic_fetch_xor_explicit_texture_1d_array.u.v4i32,4
air.atomic_fetch_xor_explicit_texture_1d.u.v4i32,4
air.atomic_fetch_xor_explicit_texture_2d_array.u.v4i32,4
air.atomic_fetch_xor_explicit_texture_2d.u.v4i32,4
air.atomic_fetch_xor_explicit_texture_3d.u.v4i32,4
air.atomic_load_explicit_texture_1d_array.u.v4i32,4
air.atomic_load_explicit_texture_1d.u.v4i32,4
air.atomic_load_explicit_texture_2d_array.u.v4i32,4
air.atomic_load_explicit_texture_2d.u.v4i32,4
air.atomic_load_explicit_texture_3d.u.v4i32,4
air.atomic_store_explicit_texture_1d_array.u.v4i32,4
air.atomic_store_explicit_texture_1d.u.v4i32,4
air.atomic_store_explicit_texture_2d_array.u.v4i32,4
air.atomic_store_explicit_texture_2d.u.v4i32,4
air.atomic_store_explicit_texture_3d.u.v4i32,4
air.gather_compare_depth_2d_array.f32,4
air.gather_compare_depth_cube.f32,4
air.gather_depth_2d_array.v4f32,4
air.gather_depth_cube.v4f32,4
air.get_num_mip_levels_depth_2d_array,4
air.sample_depth_2d_array_grad.f32,4
air.sample_depth_cube.f32,4
air.sample_depth_cube_grad.f32,4
air.sample_texture_2d_array_grad.v4f32,4
air.sample_texture_2d_grad.v4f32,4
air.sample_texture_cube.v4f32,4
air.render.command.set_fragment_buffer_render_command,4
air.render.command.set_object_buffer_render_command,4
air.render.command.set_mesh_buffer_render_command,4
air.render.command.draw_indexed_primitives_render_command,4
air..intersection.result.ref.instancing.ext.get_instance_id_intersection_result,4
air..intersection.result.ref.instancing.ext.get_user_instance_id_intersection_result,4
air..intersector.base.ift.intersect_direct_access,4
air..intersector.base.ifb.intersect_direct_access,4
air..intersection.query.instancing.ext.get_candidate_instance_id_intersection_query,4
air..intersection.query.instancing.ext.get_candidate_user_instance_id_intersection_query,4
air..intersection.query.instancing.ext.get_candidate_object_to_world_transform_intersection_query,4
air..intersection.query.instancing.ext.get_candidate_world_to_object_transform_intersection_query,4
air..intersection.query.instancing.ext.get_committed_instance_id_intersection_query,4
air..intersection.query.instancing.ext.get_committed_user_instance_id_intersection_query,4
air..intersection.query.instancing.ext.get_committed_object_to_world_transform_intersection_query,4
air..intersection.query.instancing.ext.get_committed_world_to_object_transform_intersection_query,4
air..simdgroup.load.impl.simdgroup_matrix_8x8_load,4
air..simdgroup.store.impl.simdgroup_matrix_8x8_store,4
air.depth2d.array.depth_2d_array_t,4
air.depth2d.ms.array.depth_2d_ms_array_t,4
air.depthcube.array.depth_cube_array_t,4
air.texture1d.texture_1d_t,4
air.texture1d.array.texture_1d_array_t,4
air.texture2d.texture_2d_t,4
air.texture2d.array.texture_2d_array_t,4
air.texture2d.ms.texture_2d_ms_t,4
air.texture2d.ms.array.texture_2d_ms_array_t,4
air.texture3d.texture_3d_t,4
air.texture.buffer.texture_buffer_1d_t,4
air.texturecube.texture_cube_t,4
air.texturecube.array.texture_cube_array_t,4
air.convert.f.f16.u,4
air.convert.f.f64.u,4
air.convert.f.v16f16.u,4
air.allocate_intersection_query.multi_level_instancing.triangle_data,3
air.arg_unused,3
air.abs.s,3
air.abs.u,3
air.abs_diff.s,3
air.abs_diff.u,3
air.add_sat.s,3
air.add_sat.u,3
air.async_wg_copy,3
air.async_wg_strided_copy,3
air.atomic.global.add.s,3
air.atomic.global.and.s,3
air.atomic.global.and.u,3
air.atomic.global.max.s,3
air.atomic.global.min.s,3
air.atomic.global.min.u,3
air.atomic.global.or.s,3
air.atomic.global.sub.s,3
air.clamp,3
air.clamp.s,3
air.clamp.u,3
air.fmax,3
air.get_global_offset,3
air.get_group_id,3
air.get_work_dim,3
air.rsqrt,3
air.shuffle,3
air.shuffle.s,3
air.shuffle.u,3
air.shuffle2,3
air.shuffle2.s,3
air.shuffle2.u,3
air.sqrt,3
air.vload.constant,3
air.vload.global,3
air.vload.local,3
air.vload.private,3
air.vload_half.constant,3
air.vload_half.global,3
air.vload_half.local,3
air.vload_half.private,3
air.vloada_half.constant,3
air.vloada_half.global,3
air.vloada_half.local,3
air.vloada_half.private,3
air.abs.s.i16,3
air.abs.s.i32,3
air.abs.s.i64,3
air.abs.s.v16i32,3
air.abs.s.v16i64,3
air.abs.s.v16i8,3
air.abs.s.v2i16,3
air.abs.s.v2i32,3
air.abs.s.v2i64,3
air.abs.s.v2i8,3
air.abs.s.v3i16,3
air.abs.s.v3i32,3
air.abs.s.v3i64,3
air.abs.s.v3i8,3
air.abs.s.v4i16,3
air.abs.s.v4i32,3
air.abs.s.v4i64,3
air.abs.s.v4i8,3
air.abs.s.v8i16,3
air.abs.s.v8i32,3
air.abs.s.v8i64,3
air.abs.s.v8i8,3
air.abs.u.i16,3
air.abs.u.i32,3
air.abs.u.i64,3
air.abs.u.i8,3
air.abs.u.v16i32,3
air.abs.u.v16i64,3
air.abs.u.v16i8,3
air.abs.u.v2i16,3
air.abs.u.v2i32,3
air.abs.u.v2i64,3
air.abs.u.v2i8,3
air.abs.u.v3i16,3
air.abs.u.v3i32,3
air.abs.u.v3i64,3
air.abs.u.v3i8,3
air.abs.u.v4i16,3
air.abs.u.v4i32,3
air.abs.u.v4i64,3
air.abs.u.v4i8,3
air.abs.u.v8i16,3
air.abs.u.v8i32,3
air.abs.u.v8i64,3
air.abs.u.v8i8,3
air.abs_diff.s.i16,3
air.abs_diff.s.i32,3
air.abs_diff.s.i64,3
air.abs_diff.s.v16i32,3
air.abs_diff.s.v16i64,3
air.abs_diff.s.v16i8,3
air.abs_diff.s.v2i16,3
air.abs_diff.s.v2i32,3
air.abs_diff.s.v2i64,3
air.abs_diff.s.v2i8,3
air.abs_diff.s.v3i16,3
air.abs_diff.s.v3i32,3
air.abs_diff.s.v3i64,3
air.abs_diff.s.v3i8,3
air.abs_diff.s.v4i16,3
air.abs_diff.s.v4i32,3
air.abs_diff.s.v4i64,3
air.abs_diff.s.v4i8,3
air.abs_diff.s.v8i16,3
air.abs_diff.s.v8i32,3
air.abs_diff.s.v8i64,3
air.abs_diff.s.v8i8,3
air.abs_diff.u.i16,3
air.abs_diff.u.i32,3
air.abs_diff.u.i64,3
air.abs_diff.u.i8,3
air.abs_diff.u.v16i32,3
air.abs_diff.u.v16i64,3
air.abs_diff.u.v16i8,3
air.abs_diff.u.v2i16,3
air.abs_diff.u.v2i32,3
air.abs_diff.u.v2i64,3
air.abs_diff.u.v2i8,3
air.abs_diff.u.v3i16,3
air.abs_diff.u.v3i32,3
air.abs_diff.u.v3i64,3
air.abs_diff.u.v3i8,3
air.abs_diff.u.v4i16,3
air.abs_diff.u.v4i32,3
air.abs_diff.u.v4i64,3
air.abs_diff.u.v4i8,3
air.abs_diff.u.v8i16,3
air.abs_diff.u.v8i32,3
air.abs_diff.u.v8i64,3
air.abs_diff.u.v8i8,3
air.acos.f32,3
air.acos.v16f32,3
air.acos.v2f32,3
air.acos.v3f32,3
air.acos.v4f32,3
air.acos.v8f32,3
air.acosh.f32,3
air.acosh.v16f32,3
air.acosh.v2f32,3
air.acosh.v3f32,3
air.acosh.v4f32,3
air.acosh.v8f32,3
air.add_sat.s.i16,3
air.add_sat.s.i32,3
air.add_sat.s.i64,3
air.add_sat.s.v16i32,3
air.add_sat.s.v16i64,3
air.add_sat.s.v16i8,3
air.add_sat.s.v2i16,3
air.add_sat.s.v2i32,3
air.add_sat.s.v2i64,3
air.add_sat.s.v2i8,3
air.add_sat.s.v3i16,3
air.add_sat.s.v3i32,3
air.add_sat.s.v3i64,3
air.add_sat.s.v3i8,3
air.add_sat.s.v4i16,3
air.add_sat.s.v4i32,3
air.add_sat.s.v4i64,3
air.add_sat.s.v4i8,3
air.add_sat.s.v8i16,3
air.add_sat.s.v8i32,3
air.add_sat.s.v8i64,3
air.add_sat.s.v8i8,3
air.add_sat.u.i16,3
air.add_sat.u.i32,3
air.add_sat.u.i64,3
air.add_sat.u.i8,3
air.add_sat.u.v16i32,3
air.add_sat.u.v16i64,3
air.add_sat.u.v16i8,3
air.add_sat.u.v2i16,3
air.add_sat.u.v2i32,3
air.add_sat.u.v2i64,3
air.add_sat.u.v2i8,3
air.add_sat.u.v3i16,3
air.add_sat.u.v3i32,3
air.add_sat.u.v3i64,3
air.add_sat.u.v3i8,3
air.add_sat.u.v4i16,3
air.add_sat.u.v4i32,3
air.add_sat.u.v4i64,3
air.add_sat.u.v4i8,3
air.add_sat.u.v8i16,3
air.add_sat.u.v8i32,3
air.add_sat.u.v8i64,3
air.add_sat.u.v8i8,3
air.asin.f32,3
air.asin.v16f32,3
air.asin.v2f32,3
air.asin.v3f32,3
air.asin.v4f32,3
air.asin.v8f32,3
air.asinh.f32,3
air.asinh.v16f32,3
air.asinh.v2f32,3
air.asinh.v3f32,3
air.asinh.v4f32,3
air.asinh.v8f32,3
air.async_wg_copy.p1f32.p3f32,3
air.async_wg_copy.p1f64.p3f64,3
air.async_wg_copy.p1v16f16.p3v16f16,3
air.async_wg_copy.p1v16f32.p3v16f32,3
air.async_wg_copy.p1v16f64.p3v16f64,3
air.async_wg_copy.p1v2f16.p3v2f16,3
air.async_wg_copy.p1v2f32.p3v2f32,3
air.async_wg_copy.p1v2f64.p3v2f64,3
air.async_wg_copy.p1v3f16.p3v3f16,3
air.async_wg_copy.p1v3f32.p3v3f32,3
air.async_wg_copy.p1v3f64.p3v3f64,3
air.async_wg_copy.p1v4f16.p3v4f16,3
air.async_wg_copy.p1v4f32.p3v4f32,3
air.async_wg_copy.p1v4f64.p3v4f64,3
air.async_wg_copy.p1v8f16.p3v8f16,3
air.async_wg_copy.p1v8f32.p3v8f32,3
air.async_wg_copy.p1v8f64.p3v8f64,3
air.async_wg_copy.p3f16.p1f16,3
air.async_wg_copy.p3f32.p1f32,3
air.async_wg_copy.p3f64.p1f64,3
air.async_wg_copy.p3v16f16.p1v16f16,3
air.async_wg_copy.p3v16f32.p1v16f32,3
air.async_wg_copy.p3v16f64.p1v16f64,3
air.async_wg_copy.p3v2f16.p1v2f16,3
air.async_wg_copy.p3v2f32.p1v2f32,3
air.async_wg_copy.p3v2f64.p1v2f64,3
air.async_wg_copy.p3v3f16.p1v3f16,3
air.async_wg_copy.p3v3f32.p1v3f32,3
air.async_wg_copy.p3v3f64.p1v3f64,3
air.async_wg_copy.p3v4f16.p1v4f16,3
air.async_wg_copy.p3v4f32.p1v4f32,3
air.async_wg_copy.p3v4f64.p1v4f64,3
air.async_wg_copy.p3v8f16.p1v8f16,3
air.async_wg_copy.p3v8f32.p1v8f32,3
air.async_wg_copy.p3v8f64.p1v8f64,3
air.async_wg_strided_copy.p1f32.p3f32,3
air.async_wg_strided_copy.p1f64.p3f64,3
air.async_wg_strided_copy.p1v16f16.p3v16f16,3
air.async_wg_strided_copy.p1v16f32.p3v16f32,3
air.async_wg_strided_copy.p1v16f64.p3v16f64,3
air.async_wg_strided_copy.p1v2f16.p3v2f16,3
air.async_wg_strided_copy.p1v2f32.p3v2f32,3
air.async_wg_strided_copy.p1v2f64.p3v2f64,3
air.async_wg_strided_copy.p1v3f16.p3v3f16,3
air.async_wg_strided_copy.p1v3f32.p3v3f32,3
air.async_wg_strided_copy.p1v3f64.p3v3f64,3
air.async_wg_strided_copy.p1v4f16.p3v4f16,3
air.async_wg_strided_copy.p1v4f32.p3v4f32,3
air.async_wg_strided_copy.p1v4f64.p3v4f64,3
air.async_wg_strided_copy.p1v8f16.p3v8f16,3
air.async_wg_strided_copy.p1v8f32.p3v8f32,3
air.async_wg_strided_copy.p1v8f64.p3v8f64,3
air.async_wg_strided_copy.p3f16.p1f16,3
air.async_wg_strided_copy.p3f32.p1f32,3
air.async_wg_strided_copy.p3f64.p1f64,3
air.async_wg_strided_copy.p3v16f16.p1v16f16,3
air.async_wg_strided_copy.p3v16f32.p1v16f32,3
air.async_wg_strided_copy.p3v16f64.p1v16f64,3
air.async_wg_strided_copy.p3v2f16.p1v2f16,3
air.async_wg_strided_copy.p3v2f32.p1v2f32,3
air.async_wg_strided_copy.p3v2f64.p1v2f64,3
air.async_wg_strided_copy.p3v3f16.p1v3f16,3
air.async_wg_strided_copy.p3v3f32.p1v3f32,3
air.async_wg_strided_copy.p3v3f64.p1v3f64,3
air.async_wg_strided_copy.p3v4f16.p1v4f16,3
air.async_wg_strided_copy.p3v4f32.p1v4f32,3
air.async_wg_strided_copy.p3v4f64.p1v4f64,3
air.async_wg_strided_copy.p3v8f16.p1v8f16,3
air.async_wg_strided_copy.p3v8f32.p1v8f32,3
air.async_wg_strided_copy.p3v8f64.p1v8f64,3
air.atan.f32,3
air.atan.v16f32,3
air.atan.v2f32,3
air.atan.v3f32,3
air.atan.v4f32,3
air.atan.v8f32,3
air.atan2.f32,3
air.atan2.v16f32,3
air.atan2.v2f32,3
air.atan2.v3f32,3
air.atan2.v4f32,3
air.atan2.v8f32,3
air.atanh.f32,3
air.atanh.v16f32,3
air.atanh.v2f32,3
air.atanh.v3f32,3
air.atanh.v4f32,3
air.atanh.v8f32,3
air.ceil.f32,3
air.ceil.v16f32,3
air.ceil.v2f32,3
air.ceil.v3f32,3
air.ceil.v4f32,3
air.ceil.v8f32,3
air.clamp.s.i16,3
air.clamp.s.i32,3
air.clamp.s.i64,3
air.clamp.s.i8,3
air.clamp.u.i16,3
air.clamp.u.i32,3
air.clamp.u.i64,3
air.clamp.u.i8,3
air.convert.f.f16.f.f32.rtn,3
air.convert.f.f16.f.f32.rtp,3
air.convert.f.f16.f.f32.rtz,3
air.convert.f.f16.f.f64.rtn,3
air.convert.f.f16.f.f64.rtp,3
air.convert.f.f16.f.f64.rtz,3
air.convert.f.f16.s.i16.rtn,3
air.convert.f.f16.s.i16.rtp,3
air.convert.f.f16.s.i16.rtz,3
air.convert.f.f16.s.i32.rtn,3
air.convert.f.f16.s.i32.rtp,3
air.convert.f.f16.s.i32.rtz,3
air.convert.f.f16.s.i64.rtn,3
air.convert.f.f16.s.i64.rtp,3
air.convert.f.f16.s.i64.rtz,3
air.convert.f.f16.s.i8.rtn,3
air.convert.f.f16.s.i8.rtp,3
air.convert.f.f16.s.i8.rtz,3
air.convert.f.f16.u.i1,3
air.convert.f.f16.u.i16.rtn,3
air.convert.f.f16.u.i16.rtp,3
air.convert.f.f16.u.i16.rtz,3
air.convert.f.f16.u.i32.rtn,3
air.convert.f.f16.u.i32.rtp,3
air.convert.f.f16.u.i32.rtz,3
air.convert.f.f16.u.i64.rtn,3
air.convert.f.f16.u.i64.rtp,3
air.convert.f.f16.u.i64.rtz,3
air.convert.f.f16.u.i8.rtn,3
air.convert.f.f16.u.i8.rtp,3
air.convert.f.f16.u.i8.rtz,3
air.convert.f.f32.f.f16.rtn,3
air.convert.f.f32.f.f16.rtp,3
air.convert.f.f32.f.f16.rtz,3
air.convert.f.f32.f.f64.rtn,3
air.convert.f.f32.f.f64.rtp,3
air.convert.f.f32.f.f64.rtz,3
air.convert.f.f32.s.i16.rtn,3
air.convert.f.f32.s.i16.rtp,3
air.convert.f.f32.s.i16.rtz,3
air.convert.f.f32.s.i32.rtn,3
air.convert.f.f32.s.i32.rtp,3
air.convert.f.f32.s.i32.rtz,3
air.convert.f.f32.s.i64.rtn,3
air.convert.f.f32.s.i64.rtp,3
air.convert.f.f32.s.i64.rtz,3
air.convert.f.f32.s.i8.rtn,3
air.convert.f.f32.s.i8.rtp,3
air.convert.f.f32.s.i8.rtz,3
air.convert.f.f32.u.i1,3
air.convert.f.f32.u.i16.rtn,3
air.convert.f.f32.u.i16.rtp,3
air.convert.f.f32.u.i16.rtz,3
air.convert.f.f32.u.i32.rtn,3
air.convert.f.f32.u.i32.rtp,3
air.convert.f.f32.u.i32.rtz,3
air.convert.f.f32.u.i64.rtn,3
air.convert.f.f32.u.i64.rtp,3
air.convert.f.f32.u.i64.rtz,3
air.convert.f.f32.u.i8.rtn,3
air.convert.f.f32.u.i8.rtp,3
air.convert.f.f32.u.i8.rtz,3
air.convert.f.f64.f.f16.rtn,3
air.convert.f.f64.f.f16.rtp,3
air.convert.f.f64.f.f16.rtz,3
air.convert.f.f64.f.f32.rtn,3
air.convert.f.f64.f.f32.rtp,3
air.convert.f.f64.f.f32.rtz,3
air.convert.f.f64.s.i16.rtn,3
air.convert.f.f64.s.i16.rtp,3
air.convert.f.f64.s.i16.rtz,3
air.convert.f.f64.s.i32.rtn,3
air.convert.f.f64.s.i32.rtp,3
air.convert.f.f64.s.i32.rtz,3
air.convert.f.f64.s.i64.rtn,3
air.convert.f.f64.s.i64.rtp,3
air.convert.f.f64.s.i64.rtz,3
air.convert.f.f64.s.i8.rtn,3
air.convert.f.f64.s.i8.rtp,3
air.convert.f.f64.s.i8.rtz,3
air.convert.f.f64.u.i1,3
air.convert.f.f64.u.i16.rtn,3
air.convert.f.f64.u.i16.rtp,3
air.convert.f.f64.u.i16.rtz,3
air.convert.f.f64.u.i32.rtn,3
air.convert.f.f64.u.i32.rtp,3
air.convert.f.f64.u.i32.rtz,3
air.convert.f.f64.u.i64.rtn,3
air.convert.f.f64.u.i64.rtp,3
air.convert.f.f64.u.i64.rtz,3
air.convert.f.f64.u.i8.rtn,3
air.convert.f.f64.u.i8.rtp,3
air.convert.f.f64.u.i8.rtz,3
air.convert.f.v16f16.f.v16f32.rtn,3
air.convert.f.v16f16.f.v16f32.rtp,3
air.convert.f.v16f16.f.v16f32.rtz,3
air.convert.f.v16f16.f.v16f64.rtn,3
air.convert.f.v16f16.f.v16f64.rtp,3
air.convert.f.v16f16.f.v16f64.rtz,3
air.convert.f.v16f16.s.v16i16.rtn,3
air.convert.f.v16f16.s.v16i16.rtp,3
air.convert.f.v16f16.s.v16i16.rtz,3
air.convert.f.v16f16.s.v16i32.rtn,3
air.convert.f.v16f16.s.v16i32.rtp,3
air.convert.f.v16f16.s.v16i32.rtz,3
air.convert.f.v16f16.s.v16i64.rtn,3
air.convert.f.v16f16.s.v16i64.rtp,3
air.convert.f.v16f16.s.v16i64.rtz,3
air.convert.f.v16f16.s.v16i8.rtn,3
air.convert.f.v16f16.s.v16i8.rtp,3
air.convert.f.v16f16.s.v16i8.rtz,3
air.convert.f.v16f16.u.v16i16.rtn,3
air.convert.f.v16f16.u.v16i16.rtp,3
air.convert.f.v16f16.u.v16i16.rtz,3
air.convert.f.v16f16.u.v16i32.rtn,3
air.convert.f.v16f16.u.v16i32.rtp,3
air.convert.f.v16f16.u.v16i32.rtz,3
air.convert.f.v16f16.u.v16i64.rtn,3
air.convert.f.v16f16.u.v16i64.rtp,3
air.convert.f.v16f16.u.v16i64.rtz,3
air.convert.f.v16f16.u.v16i8.rtn,3
air.convert.f.v16f16.u.v16i8.rtp,3
air.convert.f.v16f16.u.v16i8.rtz,3
air.convert.f.v16f32.f.v16f16.rtn,3
air.convert.f.v16f32.f.v16f16.rtp,3
air.convert.f.v16f32.f.v16f16.rtz,3
air.convert.f.v16f32.f.v16f64.rtn,3
air.convert.f.v16f32.f.v16f64.rtp,3
air.convert.f.v16f32.f.v16f64.rtz,3
air.convert.f.v16f32.s.v16i16.rtn,3
air.convert.f.v16f32.s.v16i16.rtp,3
air.convert.f.v16f32.s.v16i16.rtz,3
air.convert.f.v16f32.s.v16i32.rtn,3
air.convert.f.v16f32.s.v16i32.rtp,3
air.convert.f.v16f32.s.v16i32.rtz,3
air.convert.f.v16f32.s.v16i64.rtn,3
air.convert.f.v16f32.s.v16i64.rtp,3
air.convert.f.v16f32.s.v16i64.rtz,3
air.convert.f.v16f32.s.v16i8.rtn,3
air.convert.f.v16f32.s.v16i8.rtp,3
air.convert.f.v16f32.s.v16i8.rtz,3
air.convert.f.v16f32.u.v16i16.rtn,3
air.convert.f.v16f32.u.v16i16.rtp,3
air.convert.f.v16f32.u.v16i16.rtz,3
air.convert.f.v16f32.u.v16i32.rtn,3
air.convert.f.v16f32.u.v16i32.rtp,3
air.convert.f.v16f32.u.v16i32.rtz,3
air.convert.f.v16f32.u.v16i64.rtn,3
air.convert.f.v16f32.u.v16i64.rtp,3
air.convert.f.v16f32.u.v16i64.rtz,3
air.convert.f.v16f32.u.v16i8.rtn,3
air.convert.f.v16f32.u.v16i8.rtp,3
air.convert.f.v16f32.u.v16i8.rtz,3
air.convert.f.v16f64.f.v16f16.rtn,3
air.convert.f.v16f64.f.v16f16.rtp,3
air.convert.f.v16f64.f.v16f16.rtz,3
air.convert.f.v16f64.f.v16f32.rtn,3
air.convert.f.v16f64.f.v16f32.rtp,3
air.convert.f.v16f64.f.v16f32.rtz,3
air.convert.f.v16f64.s.v16i16.rtn,3
air.convert.f.v16f64.s.v16i16.rtp,3
air.convert.f.v16f64.s.v16i16.rtz,3
air.convert.f.v16f64.s.v16i32.rtn,3
air.convert.f.v16f64.s.v16i32.rtp,3
air.convert.f.v16f64.s.v16i32.rtz,3
air.convert.f.v16f64.s.v16i64.rtn,3
air.convert.f.v16f64.s.v16i64.rtp,3
air.convert.f.v16f64.s.v16i64.rtz,3
air.convert.f.v16f64.s.v16i8.rtn,3
air.convert.f.v16f64.s.v16i8.rtp,3
air.convert.f.v16f64.s.v16i8.rtz,3
air.convert.f.v16f64.u.v16i16.rtn,3
air.convert.f.v16f64.u.v16i16.rtp,3
air.convert.f.v16f64.u.v16i16.rtz,3
air.convert.f.v16f64.u.v16i32.rtn,3
air.convert.f.v16f64.u.v16i32.rtp,3
air.convert.f.v16f64.u.v16i32.rtz,3
air.convert.f.v16f64.u.v16i64.rtn,3
air.convert.f.v16f64.u.v16i64.rtp,3
air.convert.f.v16f64.u.v16i64.rtz,3
air.convert.f.v16f64.u.v16i8.rtn,3
air.convert.f.v16f64.u.v16i8.rtp,3
air.convert.f.v16f64.u.v16i8.rtz,3
air.convert.f.v2f16.f.v2f32.rtn,3
air.convert.f.v2f16.f.v2f32.rtp,3
air.convert.f.v2f16.f.v2f32.rtz,3
air.convert.f.v2f16.f.v2f64.rtn,3
air.convert.f.v2f16.f.v2f64.rtp,3
air.convert.f.v2f16.f.v2f64.rtz,3
air.convert.f.v2f16.s.v2i16.rtn,3
air.convert.f.v2f16.s.v2i16.rtp,3
air.convert.f.v2f16.s.v2i16.rtz,3
air.convert.f.v2f16.s.v2i32.rtn,3
air.convert.f.v2f16.s.v2i32.rtp,3
air.convert.f.v2f16.s.v2i32.rtz,3
air.convert.f.v2f16.s.v2i64.rtn,3
air.convert.f.v2f16.s.v2i64.rtp,3
air.convert.f.v2f16.s.v2i64.rtz,3
air.convert.f.v2f16.s.v2i8.rtn,3
air.convert.f.v2f16.s.v2i8.rtp,3
air.convert.f.v2f16.s.v2i8.rtz,3
air.convert.f.v2f16.u.v2i16.rtn,3
air.convert.f.v2f16.u.v2i16.rtp,3
air.convert.f.v2f16.u.v2i16.rtz,3
air.convert.f.v2f16.u.v2i32.rtn,3
air.convert.f.v2f16.u.v2i32.rtp,3
air.convert.f.v2f16.u.v2i32.rtz,3
air.convert.f.v2f16.u.v2i64.rtn,3
air.convert.f.v2f16.u.v2i64.rtp,3
air.convert.f.v2f16.u.v2i64.rtz,3
air.convert.f.v2f16.u.v2i8.rtn,3
air.convert.f.v2f16.u.v2i8.rtp,3
air.convert.f.v2f16.u.v2i8.rtz,3
air.convert.f.v2f32.f.v2f16.rtn,3
air.convert.f.v2f32.f.v2f16.rtp,3
air.convert.f.v2f32.f.v2f16.rtz,3
air.convert.f.v2f32.f.v2f64.rtn,3
air.convert.f.v2f32.f.v2f64.rtp,3
air.convert.f.v2f32.f.v2f64.rtz,3
air.convert.f.v2f32.s.v2i16.rtn,3
air.convert.f.v2f32.s.v2i16.rtp,3
air.convert.f.v2f32.s.v2i16.rtz,3
air.convert.f.v2f32.s.v2i32.rtn,3
air.convert.f.v2f32.s.v2i32.rtp,3
air.convert.f.v2f32.s.v2i32.rtz,3
air.convert.f.v2f32.s.v2i64.rtn,3
air.convert.f.v2f32.s.v2i64.rtp,3
air.convert.f.v2f32.s.v2i64.rtz,3
air.convert.f.v2f32.s.v2i8.rtn,3
air.convert.f.v2f32.s.v2i8.rtp,3
air.convert.f.v2f32.s.v2i8.rtz,3
air.convert.f.v2f32.u.v2i16.rtn,3
air.convert.f.v2f32.u.v2i16.rtp,3
air.convert.f.v2f32.u.v2i16.rtz,3
air.convert.f.v2f32.u.v2i32.rtn,3
air.convert.f.v2f32.u.v2i32.rtp,3
air.convert.f.v2f32.u.v2i32.rtz,3
air.convert.f.v2f32.u.v2i64.rtn,3
air.convert.f.v2f32.u.v2i64.rtp,3
air.convert.f.v2f32.u.v2i64.rtz,3
air.convert.f.v2f32.u.v2i8.rtn,3
air.convert.f.v2f32.u.v2i8.rtp,3
air.convert.f.v2f32.u.v2i8.rtz,3
air.convert.f.v2f64.f.v2f16.rtn,3
air.convert.f.v2f64.f.v2f16.rtp,3
air.convert.f.v2f64.f.v2f16.rtz,3
air.convert.f.v2f64.f.v2f32.rtn,3
air.convert.f.v2f64.f.v2f32.rtp,3
air.convert.f.v2f64.f.v2f32.rtz,3
air.convert.f.v2f64.s.v2i16.rtn,3
air.convert.f.v2f64.s.v2i16.rtp,3
air.convert.f.v2f64.s.v2i16.rtz,3
air.convert.f.v2f64.s.v2i32.rtn,3
air.convert.f.v2f64.s.v2i32.rtp,3
air.convert.f.v2f64.s.v2i32.rtz,3
air.convert.f.v2f64.s.v2i64.rtn,3
air.convert.f.v2f64.s.v2i64.rtp,3
air.convert.f.v2f64.s.v2i64.rtz,3
air.convert.f.v2f64.s.v2i8.rtn,3
air.convert.f.v2f64.s.v2i8.rtp,3
air.convert.f.v2f64.s.v2i8.rtz,3
air.convert.f.v2f64.u.v2i16.rtn,3
air.convert.f.v2f64.u.v2i16.rtp,3
air.convert.f.v2f64.u.v2i16.rtz,3
air.convert.f.v2f64.u.v2i32.rtn,3
air.convert.f.v2f64.u.v2i32.rtp,3
air.convert.f.v2f64.u.v2i32.rtz,3
air.convert.f.v2f64.u.v2i64.rtn,3
air.convert.f.v2f64.u.v2i64.rtp,3
air.convert.f.v2f64.u.v2i64.rtz,3
air.convert.f.v2f64.u.v2i8.rtn,3
air.convert.f.v2f64.u.v2i8.rtp,3
air.convert.f.v2f64.u.v2i8.rtz,3
air.convert.f.v3f16.f.v3f32.rtn,3
air.convert.f.v3f16.f.v3f32.rtp,3
air.convert.f.v3f16.f.v3f32.rtz,3
air.convert.f.v3f16.f.v3f64.rtn,3
air.convert.f.v3f16.f.v3f64.rtp,3
air.convert.f.v3f16.f.v3f64.rtz,3
air.convert.f.v3f16.s.v3i16.rtn,3
air.convert.f.v3f16.s.v3i16.rtp,3
air.convert.f.v3f16.s.v3i16.rtz,3
air.convert.f.v3f16.s.v3i32.rtn,3
air.convert.f.v3f16.s.v3i32.rtp,3
air.convert.f.v3f16.s.v3i32.rtz,3
air.convert.f.v3f16.s.v3i64.rtn,3
air.convert.f.v3f16.s.v3i64.rtp,3
air.convert.f.v3f16.s.v3i64.rtz,3
air.convert.f.v3f16.s.v3i8.rtn,3
air.convert.f.v3f16.s.v3i8.rtp,3
air.convert.f.v3f16.s.v3i8.rtz,3
air.convert.f.v3f16.u.v3i16.rtn,3
air.convert.f.v3f16.u.v3i16.rtp,3
air.convert.f.v3f16.u.v3i16.rtz,3
air.convert.f.v3f16.u.v3i32.rtn,3
air.convert.f.v3f16.u.v3i32.rtp,3
air.convert.f.v3f16.u.v3i32.rtz,3
air.convert.f.v3f16.u.v3i64.rtn,3
air.convert.f.v3f16.u.v3i64.rtp,3
air.convert.f.v3f16.u.v3i64.rtz,3
air.convert.f.v3f16.u.v3i8.rtn,3
air.convert.f.v3f16.u.v3i8.rtp,3
air.convert.f.v3f16.u.v3i8.rtz,3
air.convert.f.v3f32.f.v3f16.rtn,3
air.convert.f.v3f32.f.v3f16.rtp,3
air.convert.f.v3f32.f.v3f16.rtz,3
air.convert.f.v3f32.f.v3f64.rtn,3
air.convert.f.v3f32.f.v3f64.rtp,3
air.convert.f.v3f32.f.v3f64.rtz,3
air.convert.f.v3f32.s.v3i16.rtn,3
air.convert.f.v3f32.s.v3i16.rtp,3
air.convert.f.v3f32.s.v3i16.rtz,3
air.convert.f.v3f32.s.v3i32.rtn,3
air.convert.f.v3f32.s.v3i32.rtp,3
air.convert.f.v3f32.s.v3i32.rtz,3
air.convert.f.v3f32.s.v3i64.rtn,3
air.convert.f.v3f32.s.v3i64.rtp,3
air.convert.f.v3f32.s.v3i64.rtz,3
air.convert.f.v3f32.s.v3i8.rtn,3
air.convert.f.v3f32.s.v3i8.rtp,3
air.convert.f.v3f32.s.v3i8.rtz,3
air.convert.f.v3f32.u.v3i16.rtn,3
air.convert.f.v3f32.u.v3i16.rtp,3
air.convert.f.v3f32.u.v3i16.rtz,3
air.convert.f.v3f32.u.v3i32.rtn,3
air.convert.f.v3f32.u.v3i32.rtp,3
air.convert.f.v3f32.u.v3i32.rtz,3
air.convert.f.v3f32.u.v3i64.rtn,3
air.convert.f.v3f32.u.v3i64.rtp,3
air.convert.f.v3f32.u.v3i64.rtz,3
air.convert.f.v3f32.u.v3i8.rtn,3
air.convert.f.v3f32.u.v3i8.rtp,3
air.convert.f.v3f32.u.v3i8.rtz,3
air.convert.f.v3f64.f.v3f16.rtn,3
air.convert.f.v3f64.f.v3f16.rtp,3
air.convert.f.v3f64.f.v3f16.rtz,3
air.convert.f.v3f64.f.v3f32.rtn,3
air.convert.f.v3f64.f.v3f32.rtp,3
air.convert.f.v3f64.f.v3f32.rtz,3
air.convert.f.v3f64.s.v3i16.rtn,3
air.convert.f.v3f64.s.v3i16.rtp,3
air.convert.f.v3f64.s.v3i16.rtz,3
air.convert.f.v3f64.s.v3i32.rtn,3
air.convert.f.v3f64.s.v3i32.rtp,3
air.convert.f.v3f64.s.v3i32.rtz,3
air.convert.f.v3f64.s.v3i64.rtn,3
air.convert.f.v3f64.s.v3i64.rtp,3
air.convert.f.v3f64.s.v3i64.rtz,3
air.convert.f.v3f64.s.v3i8.rtn,3
air.convert.f.v3f64.s.v3i8.rtp,3
air.convert.f.v3f64.s.v3i8.rtz,3
air.convert.f.v3f64.u.v3i16.rtn,3
air.convert.f.v3f64.u.v3i16.rtp,3
air.convert.f.v3f64.u.v3i16.rtz,3
air.convert.f.v3f64.u.v3i32.rtn,3
air.convert.f.v3f64.u.v3i32.rtp,3
air.convert.f.v3f64.u.v3i32.rtz,3
air.convert.f.v3f64.u.v3i64.rtn,3
air.convert.f.v3f64.u.v3i64.rtp,3
air.convert.f.v3f64.u.v3i64.rtz,3
air.convert.f.v3f64.u.v3i8.rtn,3
air.convert.f.v3f64.u.v3i8.rtp,3
air.convert.f.v3f64.u.v3i8.rtz,3
air.convert.f.v4f16.f.v4f32.rtn,3
air.convert.f.v4f16.f.v4f32.rtp,3
air.convert.f.v4f16.f.v4f32.rtz,3
air.convert.f.v4f16.f.v4f64.rtn,3
air.convert.f.v4f16.f.v4f64.rtp,3
air.convert.f.v4f16.f.v4f64.rtz,3
air.convert.f.v4f16.s.v4i16.rtn,3
air.convert.f.v4f16.s.v4i16.rtp,3
air.convert.f.v4f16.s.v4i16.rtz,3
air.convert.f.v4f16.s.v4i32.rtn,3
air.convert.f.v4f16.s.v4i32.rtp,3
air.convert.f.v4f16.s.v4i32.rtz,3
air.convert.f.v4f16.s.v4i64.rtn,3
air.convert.f.v4f16.s.v4i64.rtp,3
air.convert.f.v4f16.s.v4i64.rtz,3
air.convert.f.v4f16.s.v4i8.rtn,3
air.convert.f.v4f16.s.v4i8.rtp,3
air.convert.f.v4f16.s.v4i8.rtz,3
air.convert.f.v4f16.u.v4i16.rtn,3
air.convert.f.v4f16.u.v4i16.rtp,3
air.convert.f.v4f16.u.v4i16.rtz,3
air.convert.f.v4f16.u.v4i32.rtn,3
air.convert.f.v4f16.u.v4i32.rtp,3
air.convert.f.v4f16.u.v4i32.rtz,3
air.convert.f.v4f16.u.v4i64.rtn,3
air.convert.f.v4f16.u.v4i64.rtp,3
air.convert.f.v4f16.u.v4i64.rtz,3
air.convert.f.v4f16.u.v4i8.rtn,3
air.convert.f.v4f16.u.v4i8.rtp,3
air.convert.f.v4f16.u.v4i8.rtz,3
air.convert.f.v4f32.f.v4f16.rtn,3
air.convert.f.v4f32.f.v4f16.rtp,3
air.convert.f.v4f32.f.v4f16.rtz,3
air.convert.f.v4f32.f.v4f64.rtn,3
air.convert.f.v4f32.f.v4f64.rtp,3
air.convert.f.v4f32.f.v4f64.rtz,3
air.convert.f.v4f32.s.v4i16.rtn,3
air.convert.f.v4f32.s.v4i16.rtp,3
air.convert.f.v4f32.s.v4i16.rtz,3
air.convert.f.v4f32.s.v4i32.rtn,3
air.convert.f.v4f32.s.v4i32.rtp,3
air.convert.f.v4f32.s.v4i32.rtz,3
air.convert.f.v4f32.s.v4i64.rtn,3
air.convert.f.v4f32.s.v4i64.rtp,3
air.convert.f.v4f32.s.v4i64.rtz,3
air.convert.f.v4f32.s.v4i8.rtn,3
air.convert.f.v4f32.s.v4i8.rtp,3
air.convert.f.v4f32.s.v4i8.rtz,3
air.convert.f.v4f32.u.v4i16.rtn,3
air.convert.f.v4f32.u.v4i16.rtp,3
air.convert.f.v4f32.u.v4i16.rtz,3
air.convert.f.v4f32.u.v4i32.rtn,3
air.convert.f.v4f32.u.v4i32.rtp,3
air.convert.f.v4f32.u.v4i32.rtz,3
air.convert.f.v4f32.u.v4i64.rtn,3
air.convert.f.v4f32.u.v4i64.rtp,3
air.convert.f.v4f32.u.v4i64.rtz,3
air.convert.f.v4f32.u.v4i8.rtn,3
air.convert.f.v4f32.u.v4i8.rtp,3
air.convert.f.v4f32.u.v4i8.rtz,3
air.convert.f.v4f64.f.v4f16.rtn,3
air.convert.f.v4f64.f.v4f16.rtp,3
air.convert.f.v4f64.f.v4f16.rtz,3
air.convert.f.v4f64.f.v4f32.rtn,3
air.convert.f.v4f64.f.v4f32.rtp,3
air.convert.f.v4f64.f.v4f32.rtz,3
air.convert.f.v4f64.s.v4i16.rtn,3
air.convert.f.v4f64.s.v4i16.rtp,3
air.convert.f.v4f64.s.v4i16.rtz,3
air.convert.f.v4f64.s.v4i32.rtn,3
air.convert.f.v4f64.s.v4i32.rtp,3
air.convert.f.v4f64.s.v4i32.rtz,3
air.convert.f.v4f64.s.v4i64.rtn,3
air.convert.f.v4f64.s.v4i64.rtp,3
air.convert.f.v4f64.s.v4i64.rtz,3
air.convert.f.v4f64.s.v4i8.rtn,3
air.convert.f.v4f64.s.v4i8.rtp,3
air.convert.f.v4f64.s.v4i8.rtz,3
air.convert.f.v4f64.u.v4i16.rtn,3
air.convert.f.v4f64.u.v4i16.rtp,3
air.convert.f.v4f64.u.v4i16.rtz,3
air.convert.f.v4f64.u.v4i32.rtn,3
air.convert.f.v4f64.u.v4i32.rtp,3
air.convert.f.v4f64.u.v4i32.rtz,3
air.convert.f.v4f64.u.v4i64.rtn,3
air.convert.f.v4f64.u.v4i64.rtp,3
air.convert.f.v4f64.u.v4i64.rtz,3
air.convert.f.v4f64.u.v4i8.rtn,3
air.convert.f.v4f64.u.v4i8.rtp,3
air.convert.f.v4f64.u.v4i8.rtz,3
air.convert.f.v8f16.f.v8f32.rtn,3
air.convert.f.v8f16.f.v8f32.rtp,3
air.convert.f.v8f16.f.v8f32.rtz,3
air.convert.f.v8f16.f.v8f64.rtn,3
air.convert.f.v8f16.f.v8f64.rtp,3
air.convert.f.v8f16.f.v8f64.rtz,3
air.convert.f.v8f16.s.v8i16.rtn,3
air.convert.f.v8f16.s.v8i16.rtp,3
air.convert.f.v8f16.s.v8i16.rtz,3
air.convert.f.v8f16.s.v8i32.rtn,3
air.convert.f.v8f16.s.v8i32.rtp,3
air.convert.f.v8f16.s.v8i32.rtz,3
air.convert.f.v8f16.s.v8i64.rtn,3
air.convert.f.v8f16.s.v8i64.rtp,3
air.convert.f.v8f16.s.v8i64.rtz,3
air.convert.f.v8f16.s.v8i8.rtn,3
air.convert.f.v8f16.s.v8i8.rtp,3
air.convert.f.v8f16.s.v8i8.rtz,3
air.convert.f.v8f16.u.v8i16.rtn,3
air.convert.f.v8f16.u.v8i16.rtp,3
air.convert.f.v8f16.u.v8i16.rtz,3
air.convert.f.v8f16.u.v8i32.rtn,3
air.convert.f.v8f16.u.v8i32.rtp,3
air.convert.f.v8f16.u.v8i32.rtz,3
air.convert.f.v8f16.u.v8i64.rtn,3
air.convert.f.v8f16.u.v8i64.rtp,3
air.convert.f.v8f16.u.v8i64.rtz,3
air.convert.f.v8f16.u.v8i8.rtn,3
air.convert.f.v8f16.u.v8i8.rtp,3
air.convert.f.v8f16.u.v8i8.rtz,3
air.convert.f.v8f32.f.v8f16.rtn,3
air.convert.f.v8f32.f.v8f16.rtp,3
air.convert.f.v8f32.f.v8f16.rtz,3
air.convert.f.v8f32.f.v8f64.rtn,3
air.convert.f.v8f32.f.v8f64.rtp,3
air.convert.f.v8f32.f.v8f64.rtz,3
air.convert.f.v8f32.s.v8i16.rtn,3
air.convert.f.v8f32.s.v8i16.rtp,3
air.convert.f.v8f32.s.v8i16.rtz,3
air.convert.f.v8f32.s.v8i32.rtn,3
air.convert.f.v8f32.s.v8i32.rtp,3
air.convert.f.v8f32.s.v8i32.rtz,3
air.convert.f.v8f32.s.v8i64.rtn,3
air.convert.f.v8f32.s.v8i64.rtp,3
air.convert.f.v8f32.s.v8i64.rtz,3
air.convert.f.v8f32.s.v8i8.rtn,3
air.convert.f.v8f32.s.v8i8.rtp,3
air.convert.f.v8f32.s.v8i8.rtz,3
air.convert.f.v8f32.u.v8i16.rtn,3
air.convert.f.v8f32.u.v8i16.rtp,3
air.convert.f.v8f32.u.v8i16.rtz,3
air.convert.f.v8f32.u.v8i32.rtn,3
air.convert.f.v8f32.u.v8i32.rtp,3
air.convert.f.v8f32.u.v8i32.rtz,3
air.convert.f.v8f32.u.v8i64.rtn,3
air.convert.f.v8f32.u.v8i64.rtp,3
air.convert.f.v8f32.u.v8i64.rtz,3
air.convert.f.v8f32.u.v8i8.rtn,3
air.convert.f.v8f32.u.v8i8.rtp,3
air.convert.f.v8f32.u.v8i8.rtz,3
air.convert.f.v8f64.f.v8f16.rtn,3
air.convert.f.v8f64.f.v8f16.rtp,3
air.convert.f.v8f64.f.v8f16.rtz,3
air.convert.f.v8f64.f.v8f32.rtn,3
air.convert.f.v8f64.f.v8f32.rtp,3
air.convert.f.v8f64.f.v8f32.rtz,3
air.convert.f.v8f64.s.v8i16.rtn,3
air.convert.f.v8f64.s.v8i16.rtp,3
air.convert.f.v8f64.s.v8i16.rtz,3
air.convert.f.v8f64.s.v8i32.rtn,3
air.convert.f.v8f64.s.v8i32.rtp,3
air.convert.f.v8f64.s.v8i32.rtz,3
air.convert.f.v8f64.s.v8i64.rtn,3
air.convert.f.v8f64.s.v8i64.rtp,3
air.convert.f.v8f64.s.v8i64.rtz,3
air.convert.f.v8f64.s.v8i8.rtn,3
air.convert.f.v8f64.s.v8i8.rtp,3
air.convert.f.v8f64.s.v8i8.rtz,3
air.convert.f.v8f64.u.v8i16.rtn,3
air.convert.f.v8f64.u.v8i16.rtp,3
air.convert.f.v8f64.u.v8i16.rtz,3
air.convert.f.v8f64.u.v8i32.rtn,3
air.convert.f.v8f64.u.v8i32.rtp,3
air.convert.f.v8f64.u.v8i32.rtz,3
air.convert.f.v8f64.u.v8i64.rtn,3
air.convert.f.v8f64.u.v8i64.rtp,3
air.convert.f.v8f64.u.v8i64.rtz,3
air.convert.f.v8f64.u.v8i8.rtn,3
air.convert.f.v8f64.u.v8i8.rtp,3
air.convert.f.v8f64.u.v8i8.rtz,3
air.convert.s.i16.f.f16.rte,3
air.convert.s.i16.f.f16.rte.sat,3
air.convert.s.i16.f.f16.rtn,3
air.convert.s.i16.f.f16.rtn.sat,3
air.convert.s.i16.f.f16.rtp,3
air.convert.s.i16.f.f16.rtp.sat,3
air.convert.s.i16.f.f32.rte,3
air.convert.s.i16.f.f32.rte.sat,3
air.convert.s.i16.f.f32.rtn,3
air.convert.s.i16.f.f32.rtn.sat,3
air.convert.s.i16.f.f32.rtp,3
air.convert.s.i16.f.f32.rtp.sat,3
air.convert.s.i16.f.f64.rte,3
air.convert.s.i16.f.f64.rte.sat,3
air.convert.s.i16.f.f64.rtn,3
air.convert.s.i16.f.f64.rtn.sat,3
air.convert.s.i16.f.f64.rtp,3
air.convert.s.i16.f.f64.rtp.sat,3
air.convert.s.i16.s.i32.rte,3
air.convert.s.i16.s.i32.rte.sat,3
air.convert.s.i16.s.i32.rtn,3
air.convert.s.i16.s.i32.rtn.sat,3
air.convert.s.i16.s.i32.rtp,3
air.convert.s.i16.s.i32.rtp.sat,3
air.convert.s.i16.s.i64.rte,3
air.convert.s.i16.s.i64.rte.sat,3
air.convert.s.i16.s.i64.rtn,3
air.convert.s.i16.s.i64.rtn.sat,3
air.convert.s.i16.s.i64.rtp,3
air.convert.s.i16.s.i64.rtp.sat,3
air.convert.s.i16.s.i8.rte,3
air.convert.s.i16.s.i8.rte.sat,3
air.convert.s.i16.s.i8.rtn,3
air.convert.s.i16.s.i8.rtn.sat,3
air.convert.s.i16.s.i8.rtp,3
air.convert.s.i16.s.i8.rtp.sat,3
air.convert.s.i16.u.i16.rte,3
air.convert.s.i16.u.i16.rte.sat,3
air.convert.s.i16.u.i16.rtn,3
air.convert.s.i16.u.i16.rtn.sat,3
air.convert.s.i16.u.i16.rtp,3
air.convert.s.i16.u.i16.rtp.sat,3
air.convert.s.i16.u.i32.rte,3
air.convert.s.i16.u.i32.rte.sat,3
air.convert.s.i16.u.i32.rtn,3
air.convert.s.i16.u.i32.rtn.sat,3
air.convert.s.i16.u.i32.rtp,3
air.convert.s.i16.u.i32.rtp.sat,3
air.convert.s.i16.u.i64.rte,3
air.convert.s.i16.u.i64.rte.sat,3
air.convert.s.i16.u.i64.rtn,3
air.convert.s.i16.u.i64.rtn.sat,3
air.convert.s.i16.u.i64.rtp,3
air.convert.s.i16.u.i64.rtp.sat,3
air.convert.s.i16.u.i8.rte,3
air.convert.s.i16.u.i8.rte.sat,3
air.convert.s.i16.u.i8.rtn,3
air.convert.s.i16.u.i8.rtn.sat,3
air.convert.s.i16.u.i8.rtp,3
air.convert.s.i16.u.i8.rtp.sat,3
air.convert.s.i32.f.f16.rte,3
air.convert.s.i32.f.f16.rte.sat,3
air.convert.s.i32.f.f16.rtn,3
air.convert.s.i32.f.f16.rtn.sat,3
air.convert.s.i32.f.f16.rtp,3
air.convert.s.i32.f.f16.rtp.sat,3
air.convert.s.i32.f.f32.rte,3
air.convert.s.i32.f.f32.rte.sat,3
air.convert.s.i32.f.f32.rtn,3
air.convert.s.i32.f.f32.rtn.sat,3
air.convert.s.i32.f.f32.rtp,3
air.convert.s.i32.f.f32.rtp.sat,3
air.convert.s.i32.f.f64.rte,3
air.convert.s.i32.f.f64.rte.sat,3
air.convert.s.i32.f.f64.rtn,3
air.convert.s.i32.f.f64.rtn.sat,3
air.convert.s.i32.f.f64.rtp,3
air.convert.s.i32.f.f64.rtp.sat,3
air.convert.s.i32.s.i16.rte,3
air.convert.s.i32.s.i16.rte.sat,3
air.convert.s.i32.s.i16.rtn,3
air.convert.s.i32.s.i16.rtn.sat,3
air.convert.s.i32.s.i16.rtp,3
air.convert.s.i32.s.i16.rtp.sat,3
air.convert.s.i32.s.i64.rte,3
air.convert.s.i32.s.i64.rte.sat,3
air.convert.s.i32.s.i64.rtn,3
air.convert.s.i32.s.i64.rtn.sat,3
air.convert.s.i32.s.i64.rtp,3
air.convert.s.i32.s.i64.rtp.sat,3
air.convert.s.i32.s.i8.rte,3
air.convert.s.i32.s.i8.rte.sat,3
air.convert.s.i32.s.i8.rtn,3
air.convert.s.i32.s.i8.rtn.sat,3
air.convert.s.i32.s.i8.rtp,3
air.convert.s.i32.s.i8.rtp.sat,3
air.convert.s.i32.u.i16.rte,3
air.convert.s.i32.u.i16.rte.sat,3
air.convert.s.i32.u.i16.rtn,3
air.convert.s.i32.u.i16.rtn.sat,3
air.convert.s.i32.u.i16.rtp,3
air.convert.s.i32.u.i16.rtp.sat,3
air.convert.s.i32.u.i32.rte,3
air.convert.s.i32.u.i32.rte.sat,3
air.convert.s.i32.u.i32.rtn,3
air.convert.s.i32.u.i32.rtn.sat,3
air.convert.s.i32.u.i32.rtp,3
air.convert.s.i32.u.i32.rtp.sat,3
air.convert.s.i32.u.i64.rte,3
air.convert.s.i32.u.i64.rte.sat,3
air.convert.s.i32.u.i64.rtn,3
air.convert.s.i32.u.i64.rtn.sat,3
air.convert.s.i32.u.i64.rtp,3
air.convert.s.i32.u.i64.rtp.sat,3
air.convert.s.i32.u.i8.rte,3
air.convert.s.i32.u.i8.rte.sat,3
air.convert.s.i32.u.i8.rtn,3
air.convert.s.i32.u.i8.rtn.sat,3
air.convert.s.i32.u.i8.rtp,3
air.convert.s.i32.u.i8.rtp.sat,3
air.convert.s.i64.f.f16.rte,3
air.convert.s.i64.f.f16.rte.sat,3
air.convert.s.i64.f.f16.rtn,3
air.convert.s.i64.f.f16.rtn.sat,3
air.convert.s.i64.f.f16.rtp,3
air.convert.s.i64.f.f16.rtp.sat,3
air.convert.s.i64.f.f32.rte,3
air.convert.s.i64.f.f32.rte.sat,3
air.convert.s.i64.f.f32.rtn,3
air.convert.s.i64.f.f32.rtn.sat,3
air.convert.s.i64.f.f32.rtp,3
air.convert.s.i64.f.f32.rtp.sat,3
air.convert.s.i64.f.f64.rte,3
air.convert.s.i64.f.f64.rte.sat,3
air.convert.s.i64.f.f64.rtn,3
air.convert.s.i64.f.f64.rtn.sat,3
air.convert.s.i64.f.f64.rtp,3
air.convert.s.i64.f.f64.rtp.sat,3
air.convert.s.i64.s.i16.rte,3
air.convert.s.i64.s.i16.rte.sat,3
air.convert.s.i64.s.i16.rtn,3
air.convert.s.i64.s.i16.rtn.sat,3
air.convert.s.i64.s.i16.rtp,3
air.convert.s.i64.s.i16.rtp.sat,3
air.convert.s.i64.s.i32.rte,3
air.convert.s.i64.s.i32.rte.sat,3
air.convert.s.i64.s.i32.rtn,3
air.convert.s.i64.s.i32.rtn.sat,3
air.convert.s.i64.s.i32.rtp,3
air.convert.s.i64.s.i32.rtp.sat,3
air.convert.s.i64.s.i8.rte,3
air.convert.s.i64.s.i8.rte.sat,3
air.convert.s.i64.s.i8.rtn,3
air.convert.s.i64.s.i8.rtn.sat,3
air.convert.s.i64.s.i8.rtp,3
air.convert.s.i64.s.i8.rtp.sat,3
air.convert.s.i64.u.i16.rte,3
air.convert.s.i64.u.i16.rte.sat,3
air.convert.s.i64.u.i16.rtn,3
air.convert.s.i64.u.i16.rtn.sat,3
air.convert.s.i64.u.i16.rtp,3
air.convert.s.i64.u.i16.rtp.sat,3
air.convert.s.i64.u.i32.rte,3
air.convert.s.i64.u.i32.rte.sat,3
air.convert.s.i64.u.i32.rtn,3
air.convert.s.i64.u.i32.rtn.sat,3
air.convert.s.i64.u.i32.rtp,3
air.convert.s.i64.u.i32.rtp.sat,3
air.convert.s.i64.u.i64.rte,3
air.convert.s.i64.u.i64.rte.sat,3
air.convert.s.i64.u.i64.rtn,3
air.convert.s.i64.u.i64.rtn.sat,3
air.convert.s.i64.u.i64.rtp,3
air.convert.s.i64.u.i64.rtp.sat,3
air.convert.s.i64.u.i8.rte,3
air.convert.s.i64.u.i8.rte.sat,3
air.convert.s.i64.u.i8.rtn,3
air.convert.s.i64.u.i8.rtn.sat,3
air.convert.s.i64.u.i8.rtp,3
air.convert.s.i64.u.i8.rtp.sat,3
air.convert.s.i8.f.f16.rte,3
air.convert.s.i8.f.f16.rte.sat,3
air.convert.s.i8.f.f16.rtn,3
air.convert.s.i8.f.f16.rtn.sat,3
air.convert.s.i8.f.f16.rtp,3
air.convert.s.i8.f.f16.rtp.sat,3
air.convert.s.i8.f.f32.rte,3
air.convert.s.i8.f.f32.rte.sat,3
air.convert.s.i8.f.f32.rtn,3
air.convert.s.i8.f.f32.rtn.sat,3
air.convert.s.i8.f.f32.rtp,3
air.convert.s.i8.f.f32.rtp.sat,3
air.convert.s.i8.f.f64.rte,3
air.convert.s.i8.f.f64.rte.sat,3
air.convert.s.i8.f.f64.rtn,3
air.convert.s.i8.f.f64.rtn.sat,3
air.convert.s.i8.f.f64.rtp,3
air.convert.s.i8.f.f64.rtp.sat,3
air.convert.s.i8.s.i16.rte,3
air.convert.s.i8.s.i16.rte.sat,3
air.convert.s.i8.s.i16.rtn,3
air.convert.s.i8.s.i16.rtn.sat,3
air.convert.s.i8.s.i16.rtp,3
air.convert.s.i8.s.i16.rtp.sat,3
air.convert.s.i8.s.i32.rte,3
air.convert.s.i8.s.i32.rte.sat,3
air.convert.s.i8.s.i32.rtn,3
air.convert.s.i8.s.i32.rtn.sat,3
air.convert.s.i8.s.i32.rtp,3
air.convert.s.i8.s.i32.rtp.sat,3
air.convert.s.i8.s.i64.rte,3
air.convert.s.i8.s.i64.rte.sat,3
air.convert.s.i8.s.i64.rtn,3
air.convert.s.i8.s.i64.rtn.sat,3
air.convert.s.i8.s.i64.rtp,3
air.convert.s.i8.s.i64.rtp.sat,3
air.convert.s.i8.u.i16.rte,3
air.convert.s.i8.u.i16.rte.sat,3
air.convert.s.i8.u.i16.rtn,3
air.convert.s.i8.u.i16.rtn.sat,3
air.convert.s.i8.u.i16.rtp,3
air.convert.s.i8.u.i16.rtp.sat,3
air.convert.s.i8.u.i32.rte,3
air.convert.s.i8.u.i32.rte.sat,3
air.convert.s.i8.u.i32.rtn,3
air.convert.s.i8.u.i32.rtn.sat,3
air.convert.s.i8.u.i32.rtp,3
air.convert.s.i8.u.i32.rtp.sat,3
air.convert.s.i8.u.i64.rte,3
air.convert.s.i8.u.i64.rte.sat,3
air.convert.s.i8.u.i64.rtn,3
air.convert.s.i8.u.i64.rtn.sat,3
air.convert.s.i8.u.i64.rtp,3
air.convert.s.i8.u.i64.rtp.sat,3
air.convert.s.i8.u.i8.rte,3
air.convert.s.i8.u.i8.rte.sat,3
air.convert.s.i8.u.i8.rtn,3
air.convert.s.i8.u.i8.rtn.sat,3
air.convert.s.i8.u.i8.rtp,3
air.convert.s.i8.u.i8.rtp.sat,3
air.convert.s.v16i16.f.v16f16.rtn,3
air.convert.s.v16i16.f.v16f16.rtn.sat,3
air.convert.s.v16i16.f.v16f16.rtp,3
air.convert.s.v16i16.f.v16f16.rtp.sat,3
air.convert.s.v16i16.f.v16f32.rte,3
air.convert.s.v16i16.f.v16f32.rte.sat,3
air.convert.s.v16i16.f.v16f32.rtn,3
air.convert.s.v16i16.f.v16f32.rtn.sat,3
air.convert.s.v16i16.f.v16f32.rtp,3
air.convert.s.v16i16.f.v16f32.rtp.sat,3
air.convert.s.v16i16.f.v16f64.rte,3
air.convert.s.v16i16.f.v16f64.rte.sat,3
air.convert.s.v16i16.f.v16f64.rtn,3
air.convert.s.v16i16.f.v16f64.rtn.sat,3
air.convert.s.v16i16.f.v16f64.rtp,3
air.convert.s.v16i16.f.v16f64.rtp.sat,3
air.convert.s.v16i16.s.v16i32.rtn,3
air.convert.s.v16i16.s.v16i32.rtn.sat,3
air.convert.s.v16i16.s.v16i32.rtp,3
air.convert.s.v16i16.s.v16i32.rtp.sat,3
air.convert.s.v16i16.s.v16i64.rte,3
air.convert.s.v16i16.s.v16i64.rte.sat,3
air.convert.s.v16i16.s.v16i64.rtn,3
air.convert.s.v16i16.s.v16i64.rtn.sat,3
air.convert.s.v16i16.s.v16i64.rtp,3
air.convert.s.v16i16.s.v16i64.rtp.sat,3
air.convert.s.v16i16.s.v16i8,3
air.convert.s.v16i16.s.v16i8.rte,3
air.convert.s.v16i16.s.v16i8.rte.sat,3
air.convert.s.v16i16.s.v16i8.rtn,3
air.convert.s.v16i16.s.v16i8.rtn.sat,3
air.convert.s.v16i16.s.v16i8.rtp,3
air.convert.s.v16i16.s.v16i8.rtp.sat,3
air.convert.s.v16i16.u.v16i16.rtn,3
air.convert.s.v16i16.u.v16i16.rtn.sat,3
air.convert.s.v16i16.u.v16i16.rtp,3
air.convert.s.v16i16.u.v16i16.rtp.sat,3
air.convert.s.v16i16.u.v16i32.rte,3
air.convert.s.v16i16.u.v16i32.rte.sat,3
air.convert.s.v16i16.u.v16i32.rtn,3
air.convert.s.v16i16.u.v16i32.rtn.sat,3
air.convert.s.v16i16.u.v16i32.rtp,3
air.convert.s.v16i16.u.v16i32.rtp.sat,3
air.convert.s.v16i16.u.v16i64.rte,3
air.convert.s.v16i16.u.v16i64.rte.sat,3
air.convert.s.v16i16.u.v16i64.rtn,3
air.convert.s.v16i16.u.v16i64.rtn.sat,3
air.convert.s.v16i16.u.v16i64.rtp,3
air.convert.s.v16i16.u.v16i64.rtp.sat,3
air.convert.s.v16i16.u.v16i8,3
air.convert.s.v16i16.u.v16i8.rte,3
air.convert.s.v16i16.u.v16i8.rte.sat,3
air.convert.s.v16i16.u.v16i8.rtn,3
air.convert.s.v16i16.u.v16i8.rtn.sat,3
air.convert.s.v16i16.u.v16i8.rtp,3
air.convert.s.v16i16.u.v16i8.rtp.sat,3
air.convert.s.v16i32.f.v16f16.rte,3
air.convert.s.v16i32.f.v16f16.rte.sat,3
air.convert.s.v16i32.f.v16f16.rtn,3
air.convert.s.v16i32.f.v16f16.rtn.sat,3
air.convert.s.v16i32.f.v16f16.rtp,3
air.convert.s.v16i32.f.v16f16.rtp.sat,3
air.convert.s.v16i32.f.v16f32.rte,3
air.convert.s.v16i32.f.v16f32.rte.sat,3
air.convert.s.v16i32.f.v16f32.rtn,3
air.convert.s.v16i32.f.v16f32.rtn.sat,3
air.convert.s.v16i32.f.v16f32.rtp,3
air.convert.s.v16i32.f.v16f32.rtp.sat,3
air.convert.s.v16i32.f.v16f64.rte,3
air.convert.s.v16i32.f.v16f64.rte.sat,3
air.convert.s.v16i32.f.v16f64.rtn,3
air.convert.s.v16i32.f.v16f64.rtn.sat,3
air.convert.s.v16i32.f.v16f64.rtp,3
air.convert.s.v16i32.f.v16f64.rtp.sat,3
air.convert.s.v16i32.s.v16i16,3
air.convert.s.v16i32.s.v16i16.rte,3
air.convert.s.v16i32.s.v16i16.rte.sat,3
air.convert.s.v16i32.s.v16i16.rtn,3
air.convert.s.v16i32.s.v16i16.rtn.sat,3
air.convert.s.v16i32.s.v16i16.rtp,3
air.convert.s.v16i32.s.v16i16.rtp.sat,3
air.convert.s.v16i32.s.v16i64.rte,3
air.convert.s.v16i32.s.v16i64.rte.sat,3
air.convert.s.v16i32.s.v16i64.rtn,3
air.convert.s.v16i32.s.v16i64.rtn.sat,3
air.convert.s.v16i32.s.v16i64.rtp,3
air.convert.s.v16i32.s.v16i64.rtp.sat,3
air.convert.s.v16i32.s.v16i8.rte,3
air.convert.s.v16i32.s.v16i8.rte.sat,3
air.convert.s.v16i32.s.v16i8.rtn,3
air.convert.s.v16i32.s.v16i8.rtn.sat,3
air.convert.s.v16i32.s.v16i8.rtp,3
air.convert.s.v16i32.s.v16i8.rtp.sat,3
air.convert.s.v16i32.u.v16i16,3
air.convert.s.v16i32.u.v16i16.rte,3
air.convert.s.v16i32.u.v16i16.rte.sat,3
air.convert.s.v16i32.u.v16i16.rtn,3
air.convert.s.v16i32.u.v16i16.rtn.sat,3
air.convert.s.v16i32.u.v16i16.rtp,3
air.convert.s.v16i32.u.v16i16.rtp.sat,3
air.convert.s.v16i32.u.v16i32.rte,3
air.convert.s.v16i32.u.v16i32.rte.sat,3
air.convert.s.v16i32.u.v16i32.rtn,3
air.convert.s.v16i32.u.v16i32.rtn.sat,3
air.convert.s.v16i32.u.v16i32.rtp,3
air.convert.s.v16i32.u.v16i32.rtp.sat,3
air.convert.s.v16i32.u.v16i64.rte,3
air.convert.s.v16i32.u.v16i64.rte.sat,3
air.convert.s.v16i32.u.v16i64.rtn,3
air.convert.s.v16i32.u.v16i64.rtn.sat,3
air.convert.s.v16i32.u.v16i64.rtp,3
air.convert.s.v16i32.u.v16i64.rtp.sat,3
air.convert.s.v16i32.u.v16i8.rte,3
air.convert.s.v16i32.u.v16i8.rte.sat,3
air.convert.s.v16i32.u.v16i8.rtn,3
air.convert.s.v16i32.u.v16i8.rtn.sat,3
air.convert.s.v16i32.u.v16i8.rtp,3
air.convert.s.v16i32.u.v16i8.rtp.sat,3
air.convert.s.v16i64.f.v16f16.rte,3
air.convert.s.v16i64.f.v16f16.rte.sat,3
air.convert.s.v16i64.f.v16f16.rtn,3
air.convert.s.v16i64.f.v16f16.rtn.sat,3
air.convert.s.v16i64.f.v16f16.rtp,3
air.convert.s.v16i64.f.v16f16.rtp.sat,3
air.convert.s.v16i64.f.v16f32.rte,3
air.convert.s.v16i64.f.v16f32.rte.sat,3
air.convert.s.v16i64.f.v16f32.rtn,3
air.convert.s.v16i64.f.v16f32.rtn.sat,3
air.convert.s.v16i64.f.v16f32.rtp,3
air.convert.s.v16i64.f.v16f32.rtp.sat,3
air.convert.s.v16i64.f.v16f64.rte,3
air.convert.s.v16i64.f.v16f64.rte.sat,3
air.convert.s.v16i64.f.v16f64.rtn,3
air.convert.s.v16i64.f.v16f64.rtn.sat,3
air.convert.s.v16i64.f.v16f64.rtp,3
air.convert.s.v16i64.f.v16f64.rtp.sat,3
air.convert.s.v16i64.s.v16i16.rte,3
air.convert.s.v16i64.s.v16i16.rte.sat,3
air.convert.s.v16i64.s.v16i16.rtn,3
air.convert.s.v16i64.s.v16i16.rtn.sat,3
air.convert.s.v16i64.s.v16i16.rtp,3
air.convert.s.v16i64.s.v16i16.rtp.sat,3
air.convert.s.v16i64.s.v16i32,3
air.convert.s.v16i64.s.v16i32.rte,3
air.convert.s.v16i64.s.v16i32.rte.sat,3
air.convert.s.v16i64.s.v16i32.rtn,3
air.convert.s.v16i64.s.v16i32.rtn.sat,3
air.convert.s.v16i64.s.v16i32.rtp,3
air.convert.s.v16i64.s.v16i32.rtp.sat,3
air.convert.s.v16i64.s.v16i8.rte,3
air.convert.s.v16i64.s.v16i8.rte.sat,3
air.convert.s.v16i64.s.v16i8.rtn,3
air.convert.s.v16i64.s.v16i8.rtn.sat,3
air.convert.s.v16i64.s.v16i8.rtp,3
air.convert.s.v16i64.s.v16i8.rtp.sat,3
air.convert.s.v16i64.u.v16i16.rte,3
air.convert.s.v16i64.u.v16i16.rte.sat,3
air.convert.s.v16i64.u.v16i16.rtn,3
air.convert.s.v16i64.u.v16i16.rtn.sat,3
air.convert.s.v16i64.u.v16i16.rtp,3
air.convert.s.v16i64.u.v16i16.rtp.sat,3
air.convert.s.v16i64.u.v16i32,3
air.convert.s.v16i64.u.v16i32.rte,3
air.convert.s.v16i64.u.v16i32.rte.sat,3
air.convert.s.v16i64.u.v16i32.rtn,3
air.convert.s.v16i64.u.v16i32.rtn.sat,3
air.convert.s.v16i64.u.v16i32.rtp,3
air.convert.s.v16i64.u.v16i32.rtp.sat,3
air.convert.s.v16i64.u.v16i64.rte,3
air.convert.s.v16i64.u.v16i64.rte.sat,3
air.convert.s.v16i64.u.v16i64.rtn,3
air.convert.s.v16i64.u.v16i64.rtn.sat,3
air.convert.s.v16i64.u.v16i64.rtp,3
air.convert.s.v16i64.u.v16i64.rtp.sat,3
air.convert.s.v16i64.u.v16i8.rte,3
air.convert.s.v16i64.u.v16i8.rte.sat,3
air.convert.s.v16i64.u.v16i8.rtn,3
air.convert.s.v16i64.u.v16i8.rtn.sat,3
air.convert.s.v16i64.u.v16i8.rtp,3
air.convert.s.v16i64.u.v16i8.rtp.sat,3
air.convert.s.v16i8.f.v16f16.rte,3
air.convert.s.v16i8.f.v16f16.rte.sat,3
air.convert.s.v16i8.f.v16f16.rtn,3
air.convert.s.v16i8.f.v16f16.rtn.sat,3
air.convert.s.v16i8.f.v16f16.rtp,3
air.convert.s.v16i8.f.v16f16.rtp.sat,3
air.convert.s.v16i8.f.v16f32.rte,3
air.convert.s.v16i8.f.v16f32.rte.sat,3
air.convert.s.v16i8.f.v16f32.rtn,3
air.convert.s.v16i8.f.v16f32.rtn.sat,3
air.convert.s.v16i8.f.v16f32.rtp,3
air.convert.s.v16i8.f.v16f32.rtp.sat,3
air.convert.s.v16i8.f.v16f64.rte,3
air.convert.s.v16i8.f.v16f64.rte.sat,3
air.convert.s.v16i8.f.v16f64.rtn,3
air.convert.s.v16i8.f.v16f64.rtn.sat,3
air.convert.s.v16i8.f.v16f64.rtp,3
air.convert.s.v16i8.f.v16f64.rtp.sat,3
air.convert.s.v16i8.s.v16i16.rte,3
air.convert.s.v16i8.s.v16i16.rte.sat,3
air.convert.s.v16i8.s.v16i16.rtn,3
air.convert.s.v16i8.s.v16i16.rtn.sat,3
air.convert.s.v16i8.s.v16i16.rtp,3
air.convert.s.v16i8.s.v16i16.rtp.sat,3
air.convert.s.v16i8.s.v16i32.rte,3
air.convert.s.v16i8.s.v16i32.rte.sat,3
air.convert.s.v16i8.s.v16i32.rtn,3
air.convert.s.v16i8.s.v16i32.rtn.sat,3
air.convert.s.v16i8.s.v16i32.rtp,3
air.convert.s.v16i8.s.v16i32.rtp.sat,3
air.convert.s.v16i8.s.v16i64.rte,3
air.convert.s.v16i8.s.v16i64.rte.sat,3
air.convert.s.v16i8.s.v16i64.rtn,3
air.convert.s.v16i8.s.v16i64.rtn.sat,3
air.convert.s.v16i8.s.v16i64.rtp,3
air.convert.s.v16i8.s.v16i64.rtp.sat,3
air.convert.s.v16i8.u.v16i16.rte,3
air.convert.s.v16i8.u.v16i16.rte.sat,3
air.convert.s.v16i8.u.v16i16.rtn,3
air.convert.s.v16i8.u.v16i16.rtn.sat,3
air.convert.s.v16i8.u.v16i16.rtp,3
air.convert.s.v16i8.u.v16i16.rtp.sat,3
air.convert.s.v16i8.u.v16i32.rte,3
air.convert.s.v16i8.u.v16i32.rte.sat,3
air.convert.s.v16i8.u.v16i32.rtn,3
air.convert.s.v16i8.u.v16i32.rtn.sat,3
air.convert.s.v16i8.u.v16i32.rtp,3
air.convert.s.v16i8.u.v16i32.rtp.sat,3
air.convert.s.v16i8.u.v16i64.rte,3
air.convert.s.v16i8.u.v16i64.rte.sat,3
air.convert.s.v16i8.u.v16i64.rtn,3
air.convert.s.v16i8.u.v16i64.rtn.sat,3
air.convert.s.v16i8.u.v16i64.rtp,3
air.convert.s.v16i8.u.v16i64.rtp.sat,3
air.convert.s.v16i8.u.v16i8.rte,3
air.convert.s.v16i8.u.v16i8.rte.sat,3
air.convert.s.v16i8.u.v16i8.rtn,3
air.convert.s.v16i8.u.v16i8.rtn.sat,3
air.convert.s.v16i8.u.v16i8.rtp,3
air.convert.s.v16i8.u.v16i8.rtp.sat,3
air.convert.s.v2i16.f.v2f16.rte,3
air.convert.s.v2i16.f.v2f16.rte.sat,3
air.convert.s.v2i16.f.v2f16.rtn,3
air.convert.s.v2i16.f.v2f16.rtn.sat,3
air.convert.s.v2i16.f.v2f16.rtp,3
air.convert.s.v2i16.f.v2f16.rtp.sat,3
air.convert.s.v2i16.f.v2f32.rte,3
air.convert.s.v2i16.f.v2f32.rte.sat,3
air.convert.s.v2i16.f.v2f32.rtn,3
air.convert.s.v2i16.f.v2f32.rtn.sat,3
air.convert.s.v2i16.f.v2f32.rtp,3
air.convert.s.v2i16.f.v2f32.rtp.sat,3
air.convert.s.v2i16.f.v2f64.rte,3
air.convert.s.v2i16.f.v2f64.rte.sat,3
air.convert.s.v2i16.f.v2f64.rtn,3
air.convert.s.v2i16.f.v2f64.rtn.sat,3
air.convert.s.v2i16.f.v2f64.rtp,3
air.convert.s.v2i16.f.v2f64.rtp.sat,3
air.convert.s.v2i16.s.v2i32.rte,3
air.convert.s.v2i16.s.v2i32.rte.sat,3
air.convert.s.v2i16.s.v2i32.rtn,3
air.convert.s.v2i16.s.v2i32.rtn.sat,3
air.convert.s.v2i16.s.v2i32.rtp,3
air.convert.s.v2i16.s.v2i32.rtp.sat,3
air.convert.s.v2i16.s.v2i64.rte,3
air.convert.s.v2i16.s.v2i64.rte.sat,3
air.convert.s.v2i16.s.v2i64.rtn,3
air.convert.s.v2i16.s.v2i64.rtn.sat,3
air.convert.s.v2i16.s.v2i64.rtp,3
air.convert.s.v2i16.s.v2i64.rtp.sat,3
air.convert.s.v2i16.s.v2i8,3
air.convert.s.v2i16.s.v2i8.rte,3
air.convert.s.v2i16.s.v2i8.rte.sat,3
air.convert.s.v2i16.s.v2i8.rtn,3
air.convert.s.v2i16.s.v2i8.rtn.sat,3
air.convert.s.v2i16.s.v2i8.rtp,3
air.convert.s.v2i16.s.v2i8.rtp.sat,3
air.convert.s.v2i16.u.v2i16.rte,3
air.convert.s.v2i16.u.v2i16.rte.sat,3
air.convert.s.v2i16.u.v2i16.rtn,3
air.convert.s.v2i16.u.v2i16.rtn.sat,3
air.convert.s.v2i16.u.v2i16.rtp,3
air.convert.s.v2i16.u.v2i16.rtp.sat,3
air.convert.s.v2i16.u.v2i32.rte,3
air.convert.s.v2i16.u.v2i32.rte.sat,3
air.convert.s.v2i16.u.v2i32.rtn,3
air.convert.s.v2i16.u.v2i32.rtn.sat,3
air.convert.s.v2i16.u.v2i32.rtp,3
air.convert.s.v2i16.u.v2i32.rtp.sat,3
air.convert.s.v2i16.u.v2i64.rte,3
air.convert.s.v2i16.u.v2i64.rte.sat,3
air.convert.s.v2i16.u.v2i64.rtn,3
air.convert.s.v2i16.u.v2i64.rtn.sat,3
air.convert.s.v2i16.u.v2i64.rtp,3
air.convert.s.v2i16.u.v2i64.rtp.sat,3
air.convert.s.v2i16.u.v2i8,3
air.convert.s.v2i16.u.v2i8.rte,3
air.convert.s.v2i16.u.v2i8.rte.sat,3
air.convert.s.v2i16.u.v2i8.rtn,3
air.convert.s.v2i16.u.v2i8.rtn.sat,3
air.convert.s.v2i16.u.v2i8.rtp,3
air.convert.s.v2i16.u.v2i8.rtp.sat,3
air.convert.s.v2i32.f.v2f16.rte,3
air.convert.s.v2i32.f.v2f16.rte.sat,3
air.convert.s.v2i32.f.v2f16.rtn,3
air.convert.s.v2i32.f.v2f16.rtn.sat,3
air.convert.s.v2i32.f.v2f16.rtp,3
air.convert.s.v2i32.f.v2f16.rtp.sat,3
air.convert.s.v2i32.f.v2f32.rte,3
air.convert.s.v2i32.f.v2f32.rte.sat,3
air.convert.s.v2i32.f.v2f32.rtn,3
air.convert.s.v2i32.f.v2f32.rtn.sat,3
air.convert.s.v2i32.f.v2f32.rtp,3
air.convert.s.v2i32.f.v2f32.rtp.sat,3
air.convert.s.v2i32.f.v2f64.rte,3
air.convert.s.v2i32.f.v2f64.rte.sat,3
air.convert.s.v2i32.f.v2f64.rtn,3
air.convert.s.v2i32.f.v2f64.rtn.sat,3
air.convert.s.v2i32.f.v2f64.rtp,3
air.convert.s.v2i32.f.v2f64.rtp.sat,3
air.convert.s.v2i32.s.v2i16,3
air.convert.s.v2i32.s.v2i16.rte,3
air.convert.s.v2i32.s.v2i16.rte.sat,3
air.convert.s.v2i32.s.v2i16.rtn,3
air.convert.s.v2i32.s.v2i16.rtn.sat,3
air.convert.s.v2i32.s.v2i16.rtp,3
air.convert.s.v2i32.s.v2i16.rtp.sat,3
air.convert.s.v2i32.s.v2i64.rte,3
air.convert.s.v2i32.s.v2i64.rte.sat,3
air.convert.s.v2i32.s.v2i64.rtn,3
air.convert.s.v2i32.s.v2i64.rtn.sat,3
air.convert.s.v2i32.s.v2i64.rtp,3
air.convert.s.v2i32.s.v2i64.rtp.sat,3
air.convert.s.v2i32.s.v2i8.rte,3
air.convert.s.v2i32.s.v2i8.rte.sat,3
air.convert.s.v2i32.s.v2i8.rtn,3
air.convert.s.v2i32.s.v2i8.rtn.sat,3
air.convert.s.v2i32.s.v2i8.rtp,3
air.convert.s.v2i32.s.v2i8.rtp.sat,3
air.convert.s.v2i32.u.v2i16,3
air.convert.s.v2i32.u.v2i16.rte,3
air.convert.s.v2i32.u.v2i16.rte.sat,3
air.convert.s.v2i32.u.v2i16.rtn,3
air.convert.s.v2i32.u.v2i16.rtn.sat,3
air.convert.s.v2i32.u.v2i16.rtp,3
air.convert.s.v2i32.u.v2i16.rtp.sat,3
air.convert.s.v2i32.u.v2i32.rte,3
air.convert.s.v2i32.u.v2i32.rte.sat,3
air.convert.s.v2i32.u.v2i32.rtn,3
air.convert.s.v2i32.u.v2i32.rtn.sat,3
air.convert.s.v2i32.u.v2i32.rtp,3
air.convert.s.v2i32.u.v2i32.rtp.sat,3
air.convert.s.v2i32.u.v2i64.rte,3
air.convert.s.v2i32.u.v2i64.rte.sat,3
air.convert.s.v2i32.u.v2i64.rtn,3
air.convert.s.v2i32.u.v2i64.rtn.sat,3
air.convert.s.v2i32.u.v2i64.rtp,3
air.convert.s.v2i32.u.v2i64.rtp.sat,3
air.convert.s.v2i32.u.v2i8.rte,3
air.convert.s.v2i32.u.v2i8.rte.sat,3
air.convert.s.v2i32.u.v2i8.rtn,3
air.convert.s.v2i32.u.v2i8.rtn.sat,3
air.convert.s.v2i32.u.v2i8.rtp,3
air.convert.s.v2i32.u.v2i8.rtp.sat,3
air.convert.s.v2i64.f.v2f16.rte,3
air.convert.s.v2i64.f.v2f16.rte.sat,3
air.convert.s.v2i64.f.v2f16.rtn,3
air.convert.s.v2i64.f.v2f16.rtn.sat,3
air.convert.s.v2i64.f.v2f16.rtp,3
air.convert.s.v2i64.f.v2f16.rtp.sat,3
air.convert.s.v2i64.f.v2f32.rte,3
air.convert.s.v2i64.f.v2f32.rte.sat,3
air.convert.s.v2i64.f.v2f32.rtn,3
air.convert.s.v2i64.f.v2f32.rtn.sat,3
air.convert.s.v2i64.f.v2f32.rtp,3
air.convert.s.v2i64.f.v2f32.rtp.sat,3
air.convert.s.v2i64.f.v2f64.rte,3
air.convert.s.v2i64.f.v2f64.rte.sat,3
air.convert.s.v2i64.f.v2f64.rtn,3
air.convert.s.v2i64.f.v2f64.rtn.sat,3
air.convert.s.v2i64.f.v2f64.rtp,3
air.convert.s.v2i64.f.v2f64.rtp.sat,3
air.convert.s.v2i64.s.v2i16.rte,3
air.convert.s.v2i64.s.v2i16.rte.sat,3
air.convert.s.v2i64.s.v2i16.rtn,3
air.convert.s.v2i64.s.v2i16.rtn.sat,3
air.convert.s.v2i64.s.v2i16.rtp,3
air.convert.s.v2i64.s.v2i16.rtp.sat,3
air.convert.s.v2i64.s.v2i32,3
air.convert.s.v2i64.s.v2i32.rte,3
air.convert.s.v2i64.s.v2i32.rte.sat,3
air.convert.s.v2i64.s.v2i32.rtn,3
air.convert.s.v2i64.s.v2i32.rtn.sat,3
air.convert.s.v2i64.s.v2i32.rtp,3
air.convert.s.v2i64.s.v2i32.rtp.sat,3
air.convert.s.v2i64.s.v2i8.rte,3
air.convert.s.v2i64.s.v2i8.rte.sat,3
air.convert.s.v2i64.s.v2i8.rtn,3
air.convert.s.v2i64.s.v2i8.rtn.sat,3
air.convert.s.v2i64.s.v2i8.rtp,3
air.convert.s.v2i64.s.v2i8.rtp.sat,3
air.convert.s.v2i64.u.v2i16.rte,3
air.convert.s.v2i64.u.v2i16.rte.sat,3
air.convert.s.v2i64.u.v2i16.rtn,3
air.convert.s.v2i64.u.v2i16.rtn.sat,3
air.convert.s.v2i64.u.v2i16.rtp,3
air.convert.s.v2i64.u.v2i16.rtp.sat,3
air.convert.s.v2i64.u.v2i32,3
air.convert.s.v2i64.u.v2i32.rte,3
air.convert.s.v2i64.u.v2i32.rte.sat,3
air.convert.s.v2i64.u.v2i32.rtn,3
air.convert.s.v2i64.u.v2i32.rtn.sat,3
air.convert.s.v2i64.u.v2i32.rtp,3
air.convert.s.v2i64.u.v2i32.rtp.sat,3
air.convert.s.v2i64.u.v2i64.rte,3
air.convert.s.v2i64.u.v2i64.rte.sat,3
air.convert.s.v2i64.u.v2i64.rtn,3
air.convert.s.v2i64.u.v2i64.rtn.sat,3
air.convert.s.v2i64.u.v2i64.rtp,3
air.convert.s.v2i64.u.v2i64.rtp.sat,3
air.convert.s.v2i64.u.v2i8.rte,3
air.convert.s.v2i64.u.v2i8.rte.sat,3
air.convert.s.v2i64.u.v2i8.rtn,3
air.convert.s.v2i64.u.v2i8.rtn.sat,3
air.convert.s.v2i64.u.v2i8.rtp,3
air.convert.s.v2i64.u.v2i8.rtp.sat,3
air.convert.s.v2i8.f.v2f16.rte,3
air.convert.s.v2i8.f.v2f16.rte.sat,3
air.convert.s.v2i8.f.v2f16.rtn,3
air.convert.s.v2i8.f.v2f16.rtn.sat,3
air.convert.s.v2i8.f.v2f16.rtp,3
air.convert.s.v2i8.f.v2f16.rtp.sat,3
air.convert.s.v2i8.f.v2f32.rte,3
air.convert.s.v2i8.f.v2f32.rte.sat,3
air.convert.s.v2i8.f.v2f32.rtn,3
air.convert.s.v2i8.f.v2f32.rtn.sat,3
air.convert.s.v2i8.f.v2f32.rtp,3
air.convert.s.v2i8.f.v2f32.rtp.sat,3
air.convert.s.v2i8.f.v2f64.rte,3
air.convert.s.v2i8.f.v2f64.rte.sat,3
air.convert.s.v2i8.f.v2f64.rtn,3
air.convert.s.v2i8.f.v2f64.rtn.sat,3
air.convert.s.v2i8.f.v2f64.rtp,3
air.convert.s.v2i8.f.v2f64.rtp.sat,3
air.convert.s.v2i8.s.v2i16.rte,3
air.convert.s.v2i8.s.v2i16.rte.sat,3
air.convert.s.v2i8.s.v2i16.rtn,3
air.convert.s.v2i8.s.v2i16.rtn.sat,3
air.convert.s.v2i8.s.v2i16.rtp,3
air.convert.s.v2i8.s.v2i16.rtp.sat,3
air.convert.s.v2i8.s.v2i32.rte,3
air.convert.s.v2i8.s.v2i32.rte.sat,3
air.convert.s.v2i8.s.v2i32.rtn,3
air.convert.s.v2i8.s.v2i32.rtn.sat,3
air.convert.s.v2i8.s.v2i32.rtp,3
air.convert.s.v2i8.s.v2i32.rtp.sat,3
air.convert.s.v2i8.s.v2i64.rte,3
air.convert.s.v2i8.s.v2i64.rte.sat,3
air.convert.s.v2i8.s.v2i64.rtn,3
air.convert.s.v2i8.s.v2i64.rtn.sat,3
air.convert.s.v2i8.s.v2i64.rtp,3
air.convert.s.v2i8.s.v2i64.rtp.sat,3
air.convert.s.v2i8.u.v2i16.rte,3
air.convert.s.v2i8.u.v2i16.rte.sat,3
air.convert.s.v2i8.u.v2i16.rtn,3
air.convert.s.v2i8.u.v2i16.rtn.sat,3
air.convert.s.v2i8.u.v2i16.rtp,3
air.convert.s.v2i8.u.v2i16.rtp.sat,3
air.convert.s.v2i8.u.v2i32.rte,3
air.convert.s.v2i8.u.v2i32.rte.sat,3
air.convert.s.v2i8.u.v2i32.rtn,3
air.convert.s.v2i8.u.v2i32.rtn.sat,3
air.convert.s.v2i8.u.v2i32.rtp,3
air.convert.s.v2i8.u.v2i32.rtp.sat,3
air.convert.s.v2i8.u.v2i64.rte,3
air.convert.s.v2i8.u.v2i64.rte.sat,3
air.convert.s.v2i8.u.v2i64.rtn,3
air.convert.s.v2i8.u.v2i64.rtn.sat,3
air.convert.s.v2i8.u.v2i64.rtp,3
air.convert.s.v2i8.u.v2i64.rtp.sat,3
air.convert.s.v2i8.u.v2i8.rte,3
air.convert.s.v2i8.u.v2i8.rte.sat,3
air.convert.s.v2i8.u.v2i8.rtn,3
air.convert.s.v2i8.u.v2i8.rtn.sat,3
air.convert.s.v2i8.u.v2i8.rtp,3
air.convert.s.v2i8.u.v2i8.rtp.sat,3
air.convert.s.v3i16.f.v3f16.rte,3
air.convert.s.v3i16.f.v3f16.rte.sat,3
air.convert.s.v3i16.f.v3f16.rtn,3
air.convert.s.v3i16.f.v3f16.rtn.sat,3
air.convert.s.v3i16.f.v3f16.rtp,3
air.convert.s.v3i16.f.v3f16.rtp.sat,3
air.convert.s.v3i16.f.v3f32.rte,3
air.convert.s.v3i16.f.v3f32.rte.sat,3
air.convert.s.v3i16.f.v3f32.rtn,3
air.convert.s.v3i16.f.v3f32.rtn.sat,3
air.convert.s.v3i16.f.v3f32.rtp,3
air.convert.s.v3i16.f.v3f32.rtp.sat,3
air.convert.s.v3i16.f.v3f64.rte,3
air.convert.s.v3i16.f.v3f64.rte.sat,3
air.convert.s.v3i16.f.v3f64.rtn,3
air.convert.s.v3i16.f.v3f64.rtn.sat,3
air.convert.s.v3i16.f.v3f64.rtp,3
air.convert.s.v3i16.f.v3f64.rtp.sat,3
air.convert.s.v3i16.s.v3i32.rte,3
air.convert.s.v3i16.s.v3i32.rte.sat,3
air.convert.s.v3i16.s.v3i32.rtn,3
air.convert.s.v3i16.s.v3i32.rtn.sat,3
air.convert.s.v3i16.s.v3i32.rtp,3
air.convert.s.v3i16.s.v3i32.rtp.sat,3
air.convert.s.v3i16.s.v3i64.rte,3
air.convert.s.v3i16.s.v3i64.rte.sat,3
air.convert.s.v3i16.s.v3i64.rtn,3
air.convert.s.v3i16.s.v3i64.rtn.sat,3
air.convert.s.v3i16.s.v3i64.rtp,3
air.convert.s.v3i16.s.v3i64.rtp.sat,3
air.convert.s.v3i16.s.v3i8,3
air.convert.s.v3i16.s.v3i8.rte,3
air.convert.s.v3i16.s.v3i8.rte.sat,3
air.convert.s.v3i16.s.v3i8.rtn,3
air.convert.s.v3i16.s.v3i8.rtn.sat,3
air.convert.s.v3i16.s.v3i8.rtp,3
air.convert.s.v3i16.s.v3i8.rtp.sat,3
air.convert.s.v3i16.u.v3i16.rte,3
air.convert.s.v3i16.u.v3i16.rte.sat,3
air.convert.s.v3i16.u.v3i16.rtn,3
air.convert.s.v3i16.u.v3i16.rtn.sat,3
air.convert.s.v3i16.u.v3i16.rtp,3
air.convert.s.v3i16.u.v3i16.rtp.sat,3
air.convert.s.v3i16.u.v3i32.rte,3
air.convert.s.v3i16.u.v3i32.rte.sat,3
air.convert.s.v3i16.u.v3i32.rtn,3
air.convert.s.v3i16.u.v3i32.rtn.sat,3
air.convert.s.v3i16.u.v3i32.rtp,3
air.convert.s.v3i16.u.v3i32.rtp.sat,3
air.convert.s.v3i16.u.v3i64.rte,3
air.convert.s.v3i16.u.v3i64.rte.sat,3
air.convert.s.v3i16.u.v3i64.rtn,3
air.convert.s.v3i16.u.v3i64.rtn.sat,3
air.convert.s.v3i16.u.v3i64.rtp,3
air.convert.s.v3i16.u.v3i64.rtp.sat,3
air.convert.s.v3i16.u.v3i8,3
air.convert.s.v3i16.u.v3i8.rte,3
air.convert.s.v3i16.u.v3i8.rte.sat,3
air.convert.s.v3i16.u.v3i8.rtn,3
air.convert.s.v3i16.u.v3i8.rtn.sat,3
air.convert.s.v3i16.u.v3i8.rtp,3
air.convert.s.v3i16.u.v3i8.rtp.sat,3
air.convert.s.v3i32.f.v3f16.rte,3
air.convert.s.v3i32.f.v3f16.rte.sat,3
air.convert.s.v3i32.f.v3f16.rtn,3
air.convert.s.v3i32.f.v3f16.rtn.sat,3
air.convert.s.v3i32.f.v3f16.rtp,3
air.convert.s.v3i32.f.v3f16.rtp.sat,3
air.convert.s.v3i32.f.v3f32.rte,3
air.convert.s.v3i32.f.v3f32.rte.sat,3
air.convert.s.v3i32.f.v3f32.rtn,3
air.convert.s.v3i32.f.v3f32.rtn.sat,3
air.convert.s.v3i32.f.v3f32.rtp,3
air.convert.s.v3i32.f.v3f32.rtp.sat,3
air.convert.s.v3i32.f.v3f64.rte,3
air.convert.s.v3i32.f.v3f64.rte.sat,3
air.convert.s.v3i32.f.v3f64.rtn,3
air.convert.s.v3i32.f.v3f64.rtn.sat,3
air.convert.s.v3i32.f.v3f64.rtp,3
air.convert.s.v3i32.f.v3f64.rtp.sat,3
air.convert.s.v3i32.s.v3i16,3
air.convert.s.v3i32.s.v3i16.rte,3
air.convert.s.v3i32.s.v3i16.rte.sat,3
air.convert.s.v3i32.s.v3i16.rtn,3
air.convert.s.v3i32.s.v3i16.rtn.sat,3
air.convert.s.v3i32.s.v3i16.rtp,3
air.convert.s.v3i32.s.v3i16.rtp.sat,3
air.convert.s.v3i32.s.v3i64.rte,3
air.convert.s.v3i32.s.v3i64.rte.sat,3
air.convert.s.v3i32.s.v3i64.rtn,3
air.convert.s.v3i32.s.v3i64.rtn.sat,3
air.convert.s.v3i32.s.v3i64.rtp,3
air.convert.s.v3i32.s.v3i64.rtp.sat,3
air.convert.s.v3i32.s.v3i8.rte,3
air.convert.s.v3i32.s.v3i8.rte.sat,3
air.convert.s.v3i32.s.v3i8.rtn,3
air.convert.s.v3i32.s.v3i8.rtn.sat,3
air.convert.s.v3i32.s.v3i8.rtp,3
air.convert.s.v3i32.s.v3i8.rtp.sat,3
air.convert.s.v3i32.u.v3i16,3
air.convert.s.v3i32.u.v3i16.rte,3
air.convert.s.v3i32.u.v3i16.rte.sat,3
air.convert.s.v3i32.u.v3i16.rtn,3
air.convert.s.v3i32.u.v3i16.rtn.sat,3
air.convert.s.v3i32.u.v3i16.rtp,3
air.convert.s.v3i32.u.v3i16.rtp.sat,3
air.convert.s.v3i32.u.v3i32.rte,3
air.convert.s.v3i32.u.v3i32.rte.sat,3
air.convert.s.v3i32.u.v3i32.rtn,3
air.convert.s.v3i32.u.v3i32.rtn.sat,3
air.convert.s.v3i32.u.v3i32.rtp,3
air.convert.s.v3i32.u.v3i32.rtp.sat,3
air.convert.s.v3i32.u.v3i64.rte,3
air.convert.s.v3i32.u.v3i64.rte.sat,3
air.convert.s.v3i32.u.v3i64.rtn,3
air.convert.s.v3i32.u.v3i64.rtn.sat,3
air.convert.s.v3i32.u.v3i64.rtp,3
air.convert.s.v3i32.u.v3i64.rtp.sat,3
air.convert.s.v3i32.u.v3i8.rte,3
air.convert.s.v3i32.u.v3i8.rte.sat,3
air.convert.s.v3i32.u.v3i8.rtn,3
air.convert.s.v3i32.u.v3i8.rtn.sat,3
air.convert.s.v3i32.u.v3i8.rtp,3
air.convert.s.v3i32.u.v3i8.rtp.sat,3
air.convert.s.v3i64.f.v3f16.rte,3
air.convert.s.v3i64.f.v3f16.rte.sat,3
air.convert.s.v3i64.f.v3f16.rtn,3
air.convert.s.v3i64.f.v3f16.rtn.sat,3
air.convert.s.v3i64.f.v3f16.rtp,3
air.convert.s.v3i64.f.v3f16.rtp.sat,3
air.convert.s.v3i64.f.v3f32.rte,3
air.convert.s.v3i64.f.v3f32.rte.sat,3
air.convert.s.v3i64.f.v3f32.rtn,3
air.convert.s.v3i64.f.v3f32.rtn.sat,3
air.convert.s.v3i64.f.v3f32.rtp,3
air.convert.s.v3i64.f.v3f32.rtp.sat,3
air.convert.s.v3i64.f.v3f64.rte,3
air.convert.s.v3i64.f.v3f64.rte.sat,3
air.convert.s.v3i64.f.v3f64.rtn,3
air.convert.s.v3i64.f.v3f64.rtn.sat,3
air.convert.s.v3i64.f.v3f64.rtp,3
air.convert.s.v3i64.f.v3f64.rtp.sat,3
air.convert.s.v3i64.s.v3i16.rte,3
air.convert.s.v3i64.s.v3i16.rte.sat,3
air.convert.s.v3i64.s.v3i16.rtn,3
air.convert.s.v3i64.s.v3i16.rtn.sat,3
air.convert.s.v3i64.s.v3i16.rtp,3
air.convert.s.v3i64.s.v3i16.rtp.sat,3
air.convert.s.v3i64.s.v3i32,3
air.convert.s.v3i64.s.v3i32.rte,3
air.convert.s.v3i64.s.v3i32.rte.sat,3
air.convert.s.v3i64.s.v3i32.rtn,3
air.convert.s.v3i64.s.v3i32.rtn.sat,3
air.convert.s.v3i64.s.v3i32.rtp,3
air.convert.s.v3i64.s.v3i32.rtp.sat,3
air.convert.s.v3i64.s.v3i8.rte,3
air.convert.s.v3i64.s.v3i8.rte.sat,3
air.convert.s.v3i64.s.v3i8.rtn,3
air.convert.s.v3i64.s.v3i8.rtn.sat,3
air.convert.s.v3i64.s.v3i8.rtp,3
air.convert.s.v3i64.s.v3i8.rtp.sat,3
air.convert.s.v3i64.u.v3i16.rte,3
air.convert.s.v3i64.u.v3i16.rte.sat,3
air.convert.s.v3i64.u.v3i16.rtn,3
air.convert.s.v3i64.u.v3i16.rtn.sat,3
air.convert.s.v3i64.u.v3i16.rtp,3
air.convert.s.v3i64.u.v3i16.rtp.sat,3
air.convert.s.v3i64.u.v3i32,3
air.convert.s.v3i64.u.v3i32.rte,3
air.convert.s.v3i64.u.v3i32.rte.sat,3
air.convert.s.v3i64.u.v3i32.rtn,3
air.convert.s.v3i64.u.v3i32.rtn.sat,3
air.convert.s.v3i64.u.v3i32.rtp,3
air.convert.s.v3i64.u.v3i32.rtp.sat,3
air.convert.s.v3i64.u.v3i64.rte,3
air.convert.s.v3i64.u.v3i64.rte.sat,3
air.convert.s.v3i64.u.v3i64.rtn,3
air.convert.s.v3i64.u.v3i64.rtn.sat,3
air.convert.s.v3i64.u.v3i64.rtp,3
air.convert.s.v3i64.u.v3i64.rtp.sat,3
air.convert.s.v3i64.u.v3i8.rte,3
air.convert.s.v3i64.u.v3i8.rte.sat,3
air.convert.s.v3i64.u.v3i8.rtn,3
air.convert.s.v3i64.u.v3i8.rtn.sat,3
air.convert.s.v3i64.u.v3i8.rtp,3
air.convert.s.v3i64.u.v3i8.rtp.sat,3
air.convert.s.v3i8.f.v3f16.rte,3
air.convert.s.v3i8.f.v3f16.rte.sat,3
air.convert.s.v3i8.f.v3f16.rtn,3
air.convert.s.v3i8.f.v3f16.rtn.sat,3
air.convert.s.v3i8.f.v3f16.rtp,3
air.convert.s.v3i8.f.v3f16.rtp.sat,3
air.convert.s.v3i8.f.v3f32.rte,3
air.convert.s.v3i8.f.v3f32.rte.sat,3
air.convert.s.v3i8.f.v3f32.rtn,3
air.convert.s.v3i8.f.v3f32.rtn.sat,3
air.convert.s.v3i8.f.v3f32.rtp,3
air.convert.s.v3i8.f.v3f32.rtp.sat,3
air.convert.s.v3i8.f.v3f64.rte,3
air.convert.s.v3i8.f.v3f64.rte.sat,3
air.convert.s.v3i8.f.v3f64.rtn,3
air.convert.s.v3i8.f.v3f64.rtn.sat,3
air.convert.s.v3i8.f.v3f64.rtp,3
air.convert.s.v3i8.f.v3f64.rtp.sat,3
air.convert.s.v3i8.s.v3i16.rte,3
air.convert.s.v3i8.s.v3i16.rte.sat,3
air.convert.s.v3i8.s.v3i16.rtn,3
air.convert.s.v3i8.s.v3i16.rtn.sat,3
air.convert.s.v3i8.s.v3i16.rtp,3
air.convert.s.v3i8.s.v3i16.rtp.sat,3
air.convert.s.v3i8.s.v3i32.rte,3
air.convert.s.v3i8.s.v3i32.rte.sat,3
air.convert.s.v3i8.s.v3i32.rtn,3
air.convert.s.v3i8.s.v3i32.rtn.sat,3
air.convert.s.v3i8.s.v3i32.rtp,3
air.convert.s.v3i8.s.v3i32.rtp.sat,3
air.convert.s.v3i8.s.v3i64.rte,3
air.convert.s.v3i8.s.v3i64.rte.sat,3
air.convert.s.v3i8.s.v3i64.rtn,3
air.convert.s.v3i8.s.v3i64.rtn.sat,3
air.convert.s.v3i8.s.v3i64.rtp,3
air.convert.s.v3i8.s.v3i64.rtp.sat,3
air.convert.s.v3i8.u.v3i16.rte,3
air.convert.s.v3i8.u.v3i16.rte.sat,3
air.convert.s.v3i8.u.v3i16.rtn,3
air.convert.s.v3i8.u.v3i16.rtn.sat,3
air.convert.s.v3i8.u.v3i16.rtp,3
air.convert.s.v3i8.u.v3i16.rtp.sat,3
air.convert.s.v3i8.u.v3i32.rte,3
air.convert.s.v3i8.u.v3i32.rte.sat,3
air.convert.s.v3i8.u.v3i32.rtn,3
air.convert.s.v3i8.u.v3i32.rtn.sat,3
air.convert.s.v3i8.u.v3i32.rtp,3
air.convert.s.v3i8.u.v3i32.rtp.sat,3
air.convert.s.v3i8.u.v3i64.rte,3
air.convert.s.v3i8.u.v3i64.rte.sat,3
air.convert.s.v3i8.u.v3i64.rtn,3
air.convert.s.v3i8.u.v3i64.rtn.sat,3
air.convert.s.v3i8.u.v3i64.rtp,3
air.convert.s.v3i8.u.v3i64.rtp.sat,3
air.convert.s.v3i8.u.v3i8.rte,3
air.convert.s.v3i8.u.v3i8.rte.sat,3
air.convert.s.v3i8.u.v3i8.rtn,3
air.convert.s.v3i8.u.v3i8.rtn.sat,3
air.convert.s.v3i8.u.v3i8.rtp,3
air.convert.s.v3i8.u.v3i8.rtp.sat,3
air.convert.s.v4i16.f.v4f16.rte,3
air.convert.s.v4i16.f.v4f16.rte.sat,3
air.convert.s.v4i16.f.v4f16.rtn,3
air.convert.s.v4i16.f.v4f16.rtn.sat,3
air.convert.s.v4i16.f.v4f16.rtp,3
air.convert.s.v4i16.f.v4f16.rtp.sat,3
air.convert.s.v4i16.f.v4f32.rte,3
air.convert.s.v4i16.f.v4f32.rte.sat,3
air.convert.s.v4i16.f.v4f32.rtn,3
air.convert.s.v4i16.f.v4f32.rtn.sat,3
air.convert.s.v4i16.f.v4f32.rtp,3
air.convert.s.v4i16.f.v4f32.rtp.sat,3
air.convert.s.v4i16.f.v4f64.rte,3
air.convert.s.v4i16.f.v4f64.rte.sat,3
air.convert.s.v4i16.f.v4f64.rtn,3
air.convert.s.v4i16.f.v4f64.rtn.sat,3
air.convert.s.v4i16.f.v4f64.rtp,3
air.convert.s.v4i16.f.v4f64.rtp.sat,3
air.convert.s.v4i16.s.v4i32.rte,3
air.convert.s.v4i16.s.v4i32.rte.sat,3
air.convert.s.v4i16.s.v4i32.rtn,3
air.convert.s.v4i16.s.v4i32.rtn.sat,3
air.convert.s.v4i16.s.v4i32.rtp,3
air.convert.s.v4i16.s.v4i32.rtp.sat,3
air.convert.s.v4i16.s.v4i64.rte,3
air.convert.s.v4i16.s.v4i64.rte.sat,3
air.convert.s.v4i16.s.v4i64.rtn,3
air.convert.s.v4i16.s.v4i64.rtn.sat,3
air.convert.s.v4i16.s.v4i64.rtp,3
air.convert.s.v4i16.s.v4i64.rtp.sat,3
air.convert.s.v4i16.s.v4i8,3
air.convert.s.v4i16.s.v4i8.rte,3
air.convert.s.v4i16.s.v4i8.rte.sat,3
air.convert.s.v4i16.s.v4i8.rtn,3
air.convert.s.v4i16.s.v4i8.rtn.sat,3
air.convert.s.v4i16.s.v4i8.rtp,3
air.convert.s.v4i16.s.v4i8.rtp.sat,3
air.convert.s.v4i16.u.v4i16.rte,3
air.convert.s.v4i16.u.v4i16.rte.sat,3
air.convert.s.v4i16.u.v4i16.rtn,3
air.convert.s.v4i16.u.v4i16.rtn.sat,3
air.convert.s.v4i16.u.v4i16.rtp,3
air.convert.s.v4i16.u.v4i16.rtp.sat,3
air.convert.s.v4i16.u.v4i32.rte,3
air.convert.s.v4i16.u.v4i32.rte.sat,3
air.convert.s.v4i16.u.v4i32.rtn,3
air.convert.s.v4i16.u.v4i32.rtn.sat,3
air.convert.s.v4i16.u.v4i32.rtp,3
air.convert.s.v4i16.u.v4i32.rtp.sat,3
air.convert.s.v4i16.u.v4i64.rte,3
air.convert.s.v4i16.u.v4i64.rte.sat,3
air.convert.s.v4i16.u.v4i64.rtn,3
air.convert.s.v4i16.u.v4i64.rtn.sat,3
air.convert.s.v4i16.u.v4i64.rtp,3
air.convert.s.v4i16.u.v4i64.rtp.sat,3
air.convert.s.v4i16.u.v4i8,3
air.convert.s.v4i16.u.v4i8.rte,3
air.convert.s.v4i16.u.v4i8.rte.sat,3
air.convert.s.v4i16.u.v4i8.rtn,3
air.convert.s.v4i16.u.v4i8.rtn.sat,3
air.convert.s.v4i16.u.v4i8.rtp,3
air.convert.s.v4i16.u.v4i8.rtp.sat,3
air.convert.s.v4i32.f.v4f16.rte,3
air.convert.s.v4i32.f.v4f16.rte.sat,3
air.convert.s.v4i32.f.v4f16.rtn,3
air.convert.s.v4i32.f.v4f16.rtn.sat,3
air.convert.s.v4i32.f.v4f16.rtp,3
air.convert.s.v4i32.f.v4f16.rtp.sat,3
air.convert.s.v4i32.f.v4f32.rte,3
air.convert.s.v4i32.f.v4f32.rte.sat,3
air.convert.s.v4i32.f.v4f32.rtn,3
air.convert.s.v4i32.f.v4f32.rtn.sat,3
air.convert.s.v4i32.f.v4f32.rtp,3
air.convert.s.v4i32.f.v4f32.rtp.sat,3
air.convert.s.v4i32.f.v4f64.rte,3
air.convert.s.v4i32.f.v4f64.rte.sat,3
air.convert.s.v4i32.f.v4f64.rtn,3
air.convert.s.v4i32.f.v4f64.rtn.sat,3
air.convert.s.v4i32.f.v4f64.rtp,3
air.convert.s.v4i32.f.v4f64.rtp.sat,3
air.convert.s.v4i32.s.v4i16,3
air.convert.s.v4i32.s.v4i16.rte,3
air.convert.s.v4i32.s.v4i16.rte.sat,3
air.convert.s.v4i32.s.v4i16.rtn,3
air.convert.s.v4i32.s.v4i16.rtn.sat,3
air.convert.s.v4i32.s.v4i16.rtp,3
air.convert.s.v4i32.s.v4i16.rtp.sat,3
air.convert.s.v4i32.s.v4i64.rte,3
air.convert.s.v4i32.s.v4i64.rte.sat,3
air.convert.s.v4i32.s.v4i64.rtn,3
air.convert.s.v4i32.s.v4i64.rtn.sat,3
air.convert.s.v4i32.s.v4i64.rtp,3
air.convert.s.v4i32.s.v4i64.rtp.sat,3
air.convert.s.v4i32.s.v4i8.rte,3
air.convert.s.v4i32.s.v4i8.rte.sat,3
air.convert.s.v4i32.s.v4i8.rtn,3
air.convert.s.v4i32.s.v4i8.rtn.sat,3
air.convert.s.v4i32.s.v4i8.rtp,3
air.convert.s.v4i32.s.v4i8.rtp.sat,3
air.convert.s.v4i32.u.v4i16,3
air.convert.s.v4i32.u.v4i16.rte,3
air.convert.s.v4i32.u.v4i16.rte.sat,3
air.convert.s.v4i32.u.v4i16.rtn,3
air.convert.s.v4i32.u.v4i16.rtn.sat,3
air.convert.s.v4i32.u.v4i16.rtp,3
air.convert.s.v4i32.u.v4i16.rtp.sat,3
air.convert.s.v4i32.u.v4i32.rte,3
air.convert.s.v4i32.u.v4i32.rte.sat,3
air.convert.s.v4i32.u.v4i32.rtn,3
air.convert.s.v4i32.u.v4i32.rtn.sat,3
air.convert.s.v4i32.u.v4i32.rtp,3
air.convert.s.v4i32.u.v4i32.rtp.sat,3
air.convert.s.v4i32.u.v4i64.rte,3
air.convert.s.v4i32.u.v4i64.rte.sat,3
air.convert.s.v4i32.u.v4i64.rtn,3
air.convert.s.v4i32.u.v4i64.rtn.sat,3
air.convert.s.v4i32.u.v4i64.rtp,3
air.convert.s.v4i32.u.v4i64.rtp.sat,3
air.convert.s.v4i32.u.v4i8.rte,3
air.convert.s.v4i32.u.v4i8.rte.sat,3
air.convert.s.v4i32.u.v4i8.rtn,3
air.convert.s.v4i32.u.v4i8.rtn.sat,3
air.convert.s.v4i32.u.v4i8.rtp,3
air.convert.s.v4i32.u.v4i8.rtp.sat,3
air.convert.s.v4i64.f.v4f16.rte,3
air.convert.s.v4i64.f.v4f16.rte.sat,3
air.convert.s.v4i64.f.v4f16.rtn,3
air.convert.s.v4i64.f.v4f16.rtn.sat,3
air.convert.s.v4i64.f.v4f16.rtp,3
air.convert.s.v4i64.f.v4f16.rtp.sat,3
air.convert.s.v4i64.f.v4f32.rte,3
air.convert.s.v4i64.f.v4f32.rte.sat,3
air.convert.s.v4i64.f.v4f32.rtn,3
air.convert.s.v4i64.f.v4f32.rtn.sat,3
air.convert.s.v4i64.f.v4f32.rtp,3
air.convert.s.v4i64.f.v4f32.rtp.sat,3
air.convert.s.v4i64.f.v4f64.rte,3
air.convert.s.v4i64.f.v4f64.rte.sat,3
air.convert.s.v4i64.f.v4f64.rtn,3
air.convert.s.v4i64.f.v4f64.rtn.sat,3
air.convert.s.v4i64.f.v4f64.rtp,3
air.convert.s.v4i64.f.v4f64.rtp.sat,3
air.convert.s.v4i64.s.v4i16.rte,3
air.convert.s.v4i64.s.v4i16.rte.sat,3
air.convert.s.v4i64.s.v4i16.rtn,3
air.convert.s.v4i64.s.v4i16.rtn.sat,3
air.convert.s.v4i64.s.v4i16.rtp,3
air.convert.s.v4i64.s.v4i16.rtp.sat,3
air.convert.s.v4i64.s.v4i32,3
air.convert.s.v4i64.s.v4i32.rte,3
air.convert.s.v4i64.s.v4i32.rte.sat,3
air.convert.s.v4i64.s.v4i32.rtn,3
air.convert.s.v4i64.s.v4i32.rtn.sat,3
air.convert.s.v4i64.s.v4i32.rtp,3
air.convert.s.v4i64.s.v4i32.rtp.sat,3
air.convert.s.v4i64.s.v4i8.rte,3
air.convert.s.v4i64.s.v4i8.rte.sat,3
air.convert.s.v4i64.s.v4i8.rtn,3
air.convert.s.v4i64.s.v4i8.rtn.sat,3
air.convert.s.v4i64.s.v4i8.rtp,3
air.convert.s.v4i64.s.v4i8.rtp.sat,3
air.convert.s.v4i64.u.v4i16.rte,3
air.convert.s.v4i64.u.v4i16.rte.sat,3
air.convert.s.v4i64.u.v4i16.rtn,3
air.convert.s.v4i64.u.v4i16.rtn.sat,3
air.convert.s.v4i64.u.v4i16.rtp,3
air.convert.s.v4i64.u.v4i16.rtp.sat,3
air.convert.s.v4i64.u.v4i32,3
air.convert.s.v4i64.u.v4i32.rte,3
air.convert.s.v4i64.u.v4i32.rte.sat,3
air.convert.s.v4i64.u.v4i32.rtn,3
air.convert.s.v4i64.u.v4i32.rtn.sat,3
air.convert.s.v4i64.u.v4i32.rtp,3
air.convert.s.v4i64.u.v4i32.rtp.sat,3
air.convert.s.v4i64.u.v4i64.rte,3
air.convert.s.v4i64.u.v4i64.rte.sat,3
air.convert.s.v4i64.u.v4i64.rtn,3
air.convert.s.v4i64.u.v4i64.rtn.sat,3
air.convert.s.v4i64.u.v4i64.rtp,3
air.convert.s.v4i64.u.v4i64.rtp.sat,3
air.convert.s.v4i64.u.v4i8.rte,3
air.convert.s.v4i64.u.v4i8.rte.sat,3
air.convert.s.v4i64.u.v4i8.rtn,3
air.convert.s.v4i64.u.v4i8.rtn.sat,3
air.convert.s.v4i64.u.v4i8.rtp,3
air.convert.s.v4i64.u.v4i8.rtp.sat,3
air.convert.s.v4i8.f.v4f16.rte,3
air.convert.s.v4i8.f.v4f16.rte.sat,3
air.convert.s.v4i8.f.v4f16.rtn,3
air.convert.s.v4i8.f.v4f16.rtn.sat,3
air.convert.s.v4i8.f.v4f16.rtp,3
air.convert.s.v4i8.f.v4f16.rtp.sat,3
air.convert.s.v4i8.f.v4f32.rte,3
air.convert.s.v4i8.f.v4f32.rte.sat,3
air.convert.s.v4i8.f.v4f32.rtn,3
air.convert.s.v4i8.f.v4f32.rtn.sat,3
air.convert.s.v4i8.f.v4f32.rtp,3
air.convert.s.v4i8.f.v4f32.rtp.sat,3
air.convert.s.v4i8.f.v4f64.rte,3
air.convert.s.v4i8.f.v4f64.rte.sat,3
air.convert.s.v4i8.f.v4f64.rtn,3
air.convert.s.v4i8.f.v4f64.rtn.sat,3
air.convert.s.v4i8.f.v4f64.rtp,3
air.convert.s.v4i8.f.v4f64.rtp.sat,3
air.convert.s.v4i8.s.v4i16.rte,3
air.convert.s.v4i8.s.v4i16.rte.sat,3
air.convert.s.v4i8.s.v4i16.rtn,3
air.convert.s.v4i8.s.v4i16.rtn.sat,3
air.convert.s.v4i8.s.v4i16.rtp,3
air.convert.s.v4i8.s.v4i16.rtp.sat,3
air.convert.s.v4i8.s.v4i32.rte,3
air.convert.s.v4i8.s.v4i32.rte.sat,3
air.convert.s.v4i8.s.v4i32.rtn,3
air.convert.s.v4i8.s.v4i32.rtn.sat,3
air.convert.s.v4i8.s.v4i32.rtp,3
air.convert.s.v4i8.s.v4i32.rtp.sat,3
air.convert.s.v4i8.s.v4i64.rte,3
air.convert.s.v4i8.s.v4i64.rte.sat,3
air.convert.s.v4i8.s.v4i64.rtn,3
air.convert.s.v4i8.s.v4i64.rtn.sat,3
air.convert.s.v4i8.s.v4i64.rtp,3
air.convert.s.v4i8.s.v4i64.rtp.sat,3
air.convert.s.v4i8.u.v4i16.rte,3
air.convert.s.v4i8.u.v4i16.rte.sat,3
air.convert.s.v4i8.u.v4i16.rtn,3
air.convert.s.v4i8.u.v4i16.rtn.sat,3
air.convert.s.v4i8.u.v4i16.rtp,3
air.convert.s.v4i8.u.v4i16.rtp.sat,3
air.convert.s.v4i8.u.v4i32.rte,3
air.convert.s.v4i8.u.v4i32.rte.sat,3
air.convert.s.v4i8.u.v4i32.rtn,3
air.convert.s.v4i8.u.v4i32.rtn.sat,3
air.convert.s.v4i8.u.v4i32.rtp,3
air.convert.s.v4i8.u.v4i32.rtp.sat,3
air.convert.s.v4i8.u.v4i64.rte,3
air.convert.s.v4i8.u.v4i64.rte.sat,3
air.convert.s.v4i8.u.v4i64.rtn,3
air.convert.s.v4i8.u.v4i64.rtn.sat,3
air.convert.s.v4i8.u.v4i64.rtp,3
air.convert.s.v4i8.u.v4i64.rtp.sat,3
air.convert.s.v4i8.u.v4i8.rte,3
air.convert.s.v4i8.u.v4i8.rte.sat,3
air.convert.s.v4i8.u.v4i8.rtn,3
air.convert.s.v4i8.u.v4i8.rtn.sat,3
air.convert.s.v4i8.u.v4i8.rtp,3
air.convert.s.v4i8.u.v4i8.rtp.sat,3
air.convert.s.v8i16.f.v8f16.rte,3
air.convert.s.v8i16.f.v8f16.rte.sat,3
air.convert.s.v8i16.f.v8f16.rtn,3
air.convert.s.v8i16.f.v8f16.rtn.sat,3
air.convert.s.v8i16.f.v8f16.rtp,3
air.convert.s.v8i16.f.v8f16.rtp.sat,3
air.convert.s.v8i16.f.v8f32.rte,3
air.convert.s.v8i16.f.v8f32.rte.sat,3
air.convert.s.v8i16.f.v8f32.rtn,3
air.convert.s.v8i16.f.v8f32.rtn.sat,3
air.convert.s.v8i16.f.v8f32.rtp,3
air.convert.s.v8i16.f.v8f32.rtp.sat,3
air.convert.s.v8i16.f.v8f64.rte,3
air.convert.s.v8i16.f.v8f64.rte.sat,3
air.convert.s.v8i16.f.v8f64.rtn,3
air.convert.s.v8i16.f.v8f64.rtn.sat,3
air.convert.s.v8i16.f.v8f64.rtp,3
air.convert.s.v8i16.f.v8f64.rtp.sat,3
air.convert.s.v8i16.s.v8i32.rte,3
air.convert.s.v8i16.s.v8i32.rte.sat,3
air.convert.s.v8i16.s.v8i32.rtn,3
air.convert.s.v8i16.s.v8i32.rtn.sat,3
air.convert.s.v8i16.s.v8i32.rtp,3
air.convert.s.v8i16.s.v8i32.rtp.sat,3
air.convert.s.v8i16.s.v8i64.rte,3
air.convert.s.v8i16.s.v8i64.rte.sat,3
air.convert.s.v8i16.s.v8i64.rtn,3
air.convert.s.v8i16.s.v8i64.rtn.sat,3
air.convert.s.v8i16.s.v8i64.rtp,3
air.convert.s.v8i16.s.v8i64.rtp.sat,3
air.convert.s.v8i16.s.v8i8,3
air.convert.s.v8i16.s.v8i8.rte,3
air.convert.s.v8i16.s.v8i8.rte.sat,3
air.convert.s.v8i16.s.v8i8.rtn,3
air.convert.s.v8i16.s.v8i8.rtn.sat,3
air.convert.s.v8i16.s.v8i8.rtp,3
air.convert.s.v8i16.s.v8i8.rtp.sat,3
air.convert.s.v8i16.u.v8i16.rte,3
air.convert.s.v8i16.u.v8i16.rte.sat,3
air.convert.s.v8i16.u.v8i16.rtn,3
air.convert.s.v8i16.u.v8i16.rtn.sat,3
air.convert.s.v8i16.u.v8i16.rtp,3
air.convert.s.v8i16.u.v8i16.rtp.sat,3
air.convert.s.v8i16.u.v8i32.rte,3
air.convert.s.v8i16.u.v8i32.rte.sat,3
air.convert.s.v8i16.u.v8i32.rtn,3
air.convert.s.v8i16.u.v8i32.rtn.sat,3
air.convert.s.v8i16.u.v8i32.rtp,3
air.convert.s.v8i16.u.v8i32.rtp.sat,3
air.convert.s.v8i16.u.v8i64.rte,3
air.convert.s.v8i16.u.v8i64.rte.sat,3
air.convert.s.v8i16.u.v8i64.rtn,3
air.convert.s.v8i16.u.v8i64.rtn.sat,3
air.convert.s.v8i16.u.v8i64.rtp,3
air.convert.s.v8i16.u.v8i64.rtp.sat,3
air.convert.s.v8i16.u.v8i8,3
air.convert.s.v8i16.u.v8i8.rte,3
air.convert.s.v8i16.u.v8i8.rte.sat,3
air.convert.s.v8i16.u.v8i8.rtn,3
air.convert.s.v8i16.u.v8i8.rtn.sat,3
air.convert.s.v8i16.u.v8i8.rtp,3
air.convert.s.v8i16.u.v8i8.rtp.sat,3
air.convert.s.v8i32.f.v8f16.rte,3
air.convert.s.v8i32.f.v8f16.rte.sat,3
air.convert.s.v8i32.f.v8f16.rtn,3
air.convert.s.v8i32.f.v8f16.rtn.sat,3
air.convert.s.v8i32.f.v8f16.rtp,3
air.convert.s.v8i32.f.v8f16.rtp.sat,3
air.convert.s.v8i32.f.v8f32.rte,3
air.convert.s.v8i32.f.v8f32.rte.sat,3
air.convert.s.v8i32.f.v8f32.rtn,3
air.convert.s.v8i32.f.v8f32.rtn.sat,3
air.convert.s.v8i32.f.v8f32.rtp,3
air.convert.s.v8i32.f.v8f32.rtp.sat,3
air.convert.s.v8i32.f.v8f64.rte,3
air.convert.s.v8i32.f.v8f64.rte.sat,3
air.convert.s.v8i32.f.v8f64.rtn,3
air.convert.s.v8i32.f.v8f64.rtn.sat,3
air.convert.s.v8i32.f.v8f64.rtp,3
air.convert.s.v8i32.f.v8f64.rtp.sat,3
air.convert.s.v8i32.s.v8i16,3
air.convert.s.v8i32.s.v8i16.rte,3
air.convert.s.v8i32.s.v8i16.rte.sat,3
air.convert.s.v8i32.s.v8i16.rtn,3
air.convert.s.v8i32.s.v8i16.rtn.sat,3
air.convert.s.v8i32.s.v8i16.rtp,3
air.convert.s.v8i32.s.v8i16.rtp.sat,3
air.convert.s.v8i32.s.v8i64.rte,3
air.convert.s.v8i32.s.v8i64.rte.sat,3
air.convert.s.v8i32.s.v8i64.rtn,3
air.convert.s.v8i32.s.v8i64.rtn.sat,3
air.convert.s.v8i32.s.v8i64.rtp,3
air.convert.s.v8i32.s.v8i64.rtp.sat,3
air.convert.s.v8i32.s.v8i8.rte,3
air.convert.s.v8i32.s.v8i8.rte.sat,3
air.convert.s.v8i32.s.v8i8.rtn,3
air.convert.s.v8i32.s.v8i8.rtn.sat,3
air.convert.s.v8i32.s.v8i8.rtp,3
air.convert.s.v8i32.s.v8i8.rtp.sat,3
air.convert.s.v8i32.u.v8i16,3
air.convert.s.v8i32.u.v8i16.rte,3
air.convert.s.v8i32.u.v8i16.rte.sat,3
air.convert.s.v8i32.u.v8i16.rtn,3
air.convert.s.v8i32.u.v8i16.rtn.sat,3
air.convert.s.v8i32.u.v8i16.rtp,3
air.convert.s.v8i32.u.v8i16.rtp.sat,3
air.convert.s.v8i32.u.v8i32.rte,3
air.convert.s.v8i32.u.v8i32.rte.sat,3
air.convert.s.v8i32.u.v8i32.rtn,3
air.convert.s.v8i32.u.v8i32.rtn.sat,3
air.convert.s.v8i32.u.v8i32.rtp,3
air.convert.s.v8i32.u.v8i32.rtp.sat,3
air.convert.s.v8i32.u.v8i64.rte,3
air.convert.s.v8i32.u.v8i64.rte.sat,3
air.convert.s.v8i32.u.v8i64.rtn,3
air.convert.s.v8i32.u.v8i64.rtn.sat,3
air.convert.s.v8i32.u.v8i64.rtp,3
air.convert.s.v8i32.u.v8i64.rtp.sat,3
air.convert.s.v8i32.u.v8i8.rte,3
air.convert.s.v8i32.u.v8i8.rte.sat,3
air.convert.s.v8i32.u.v8i8.rtn,3
air.convert.s.v8i32.u.v8i8.rtn.sat,3
air.convert.s.v8i32.u.v8i8.rtp,3
air.convert.s.v8i32.u.v8i8.rtp.sat,3
air.convert.s.v8i64.f.v8f16.rte,3
air.convert.s.v8i64.f.v8f16.rte.sat,3
air.convert.s.v8i64.f.v8f16.rtn,3
air.convert.s.v8i64.f.v8f16.rtn.sat,3
air.convert.s.v8i64.f.v8f16.rtp,3
air.convert.s.v8i64.f.v8f16.rtp.sat,3
air.convert.s.v8i64.f.v8f32.rte,3
air.convert.s.v8i64.f.v8f32.rte.sat,3
air.convert.s.v8i64.f.v8f32.rtn,3
air.convert.s.v8i64.f.v8f32.rtn.sat,3
air.convert.s.v8i64.f.v8f32.rtp,3
air.convert.s.v8i64.f.v8f32.rtp.sat,3
air.convert.s.v8i64.f.v8f64.rte,3
air.convert.s.v8i64.f.v8f64.rte.sat,3
air.convert.s.v8i64.f.v8f64.rtn,3
air.convert.s.v8i64.f.v8f64.rtn.sat,3
air.convert.s.v8i64.f.v8f64.rtp,3
air.convert.s.v8i64.f.v8f64.rtp.sat,3
air.convert.s.v8i64.s.v8i16.rte,3
air.convert.s.v8i64.s.v8i16.rte.sat,3
air.convert.s.v8i64.s.v8i16.rtn,3
air.convert.s.v8i64.s.v8i16.rtn.sat,3
air.convert.s.v8i64.s.v8i16.rtp,3
air.convert.s.v8i64.s.v8i16.rtp.sat,3
air.convert.s.v8i64.s.v8i32,3
air.convert.s.v8i64.s.v8i32.rte,3
air.convert.s.v8i64.s.v8i32.rte.sat,3
air.convert.s.v8i64.s.v8i32.rtn,3
air.convert.s.v8i64.s.v8i32.rtn.sat,3
air.convert.s.v8i64.s.v8i32.rtp,3
air.convert.s.v8i64.s.v8i32.rtp.sat,3
air.convert.s.v8i64.s.v8i8.rte,3
air.convert.s.v8i64.s.v8i8.rte.sat,3
air.convert.s.v8i64.s.v8i8.rtn,3
air.convert.s.v8i64.s.v8i8.rtn.sat,3
air.convert.s.v8i64.s.v8i8.rtp,3
air.convert.s.v8i64.s.v8i8.rtp.sat,3
air.convert.s.v8i64.u.v8i16.rte,3
air.convert.s.v8i64.u.v8i16.rte.sat,3
air.convert.s.v8i64.u.v8i16.rtn,3
air.convert.s.v8i64.u.v8i16.rtn.sat,3
air.convert.s.v8i64.u.v8i16.rtp,3
air.convert.s.v8i64.u.v8i16.rtp.sat,3
air.convert.s.v8i64.u.v8i32,3
air.convert.s.v8i64.u.v8i32.rte,3
air.convert.s.v8i64.u.v8i32.rte.sat,3
air.convert.s.v8i64.u.v8i32.rtn,3
air.convert.s.v8i64.u.v8i32.rtn.sat,3
air.convert.s.v8i64.u.v8i32.rtp,3
air.convert.s.v8i64.u.v8i32.rtp.sat,3
air.convert.s.v8i64.u.v8i64.rte,3
air.convert.s.v8i64.u.v8i64.rte.sat,3
air.convert.s.v8i64.u.v8i64.rtn,3
air.convert.s.v8i64.u.v8i64.rtn.sat,3
air.convert.s.v8i64.u.v8i64.rtp,3
air.convert.s.v8i64.u.v8i64.rtp.sat,3
air.convert.s.v8i64.u.v8i8.rte,3
air.convert.s.v8i64.u.v8i8.rte.sat,3
air.convert.s.v8i64.u.v8i8.rtn,3
air.convert.s.v8i64.u.v8i8.rtn.sat,3
air.convert.s.v8i64.u.v8i8.rtp,3
air.convert.s.v8i64.u.v8i8.rtp.sat,3
air.convert.s.v8i8.f.v8f16.rte,3
air.convert.s.v8i8.f.v8f16.rte.sat,3
air.convert.s.v8i8.f.v8f16.rtn,3
air.convert.s.v8i8.f.v8f16.rtn.sat,3
air.convert.s.v8i8.f.v8f16.rtp,3
air.convert.s.v8i8.f.v8f16.rtp.sat,3
air.convert.s.v8i8.f.v8f32.rte,3
air.convert.s.v8i8.f.v8f32.rte.sat,3
air.convert.s.v8i8.f.v8f32.rtn,3
air.convert.s.v8i8.f.v8f32.rtn.sat,3
air.convert.s.v8i8.f.v8f32.rtp,3
air.convert.s.v8i8.f.v8f32.rtp.sat,3
air.convert.s.v8i8.f.v8f64.rte,3
air.convert.s.v8i8.f.v8f64.rte.sat,3
air.convert.s.v8i8.f.v8f64.rtn,3
air.convert.s.v8i8.f.v8f64.rtn.sat,3
air.convert.s.v8i8.f.v8f64.rtp,3
air.convert.s.v8i8.f.v8f64.rtp.sat,3
air.convert.s.v8i8.s.v8i16.rte,3
air.convert.s.v8i8.s.v8i16.rte.sat,3
air.convert.s.v8i8.s.v8i16.rtn,3
air.convert.s.v8i8.s.v8i16.rtn.sat,3
air.convert.s.v8i8.s.v8i16.rtp,3
air.convert.s.v8i8.s.v8i16.rtp.sat,3
air.convert.s.v8i8.s.v8i32.rte,3
air.convert.s.v8i8.s.v8i32.rte.sat,3
air.convert.s.v8i8.s.v8i32.rtn,3
air.convert.s.v8i8.s.v8i32.rtn.sat,3
air.convert.s.v8i8.s.v8i32.rtp,3
air.convert.s.v8i8.s.v8i32.rtp.sat,3
air.convert.s.v8i8.s.v8i64.rte,3
air.convert.s.v8i8.s.v8i64.rte.sat,3
air.convert.s.v8i8.s.v8i64.rtn,3
air.convert.s.v8i8.s.v8i64.rtn.sat,3
air.convert.s.v8i8.s.v8i64.rtp,3
air.convert.s.v8i8.s.v8i64.rtp.sat,3
air.convert.s.v8i8.u.v8i16.rte,3
air.convert.s.v8i8.u.v8i16.rte.sat,3
air.convert.s.v8i8.u.v8i16.rtn,3
air.convert.s.v8i8.u.v8i16.rtn.sat,3
air.convert.s.v8i8.u.v8i16.rtp,3
air.convert.s.v8i8.u.v8i16.rtp.sat,3
air.convert.s.v8i8.u.v8i32.rte,3
air.convert.s.v8i8.u.v8i32.rte.sat,3
air.convert.s.v8i8.u.v8i32.rtn,3
air.convert.s.v8i8.u.v8i32.rtn.sat,3
air.convert.s.v8i8.u.v8i32.rtp,3
air.convert.s.v8i8.u.v8i32.rtp.sat,3
air.convert.s.v8i8.u.v8i64.rte,3
air.convert.s.v8i8.u.v8i64.rte.sat,3
air.convert.s.v8i8.u.v8i64.rtn,3
air.convert.s.v8i8.u.v8i64.rtn.sat,3
air.convert.s.v8i8.u.v8i64.rtp,3
air.convert.s.v8i8.u.v8i64.rtp.sat,3
air.convert.s.v8i8.u.v8i8.rte,3
air.convert.s.v8i8.u.v8i8.rte.sat,3
air.convert.s.v8i8.u.v8i8.rtn,3
air.convert.s.v8i8.u.v8i8.rtn.sat,3
air.convert.s.v8i8.u.v8i8.rtp,3
air.convert.s.v8i8.u.v8i8.rtp.sat,3
air.convert.u.i16.f.f16.rte,3
air.convert.u.i16.f.f16.rte.sat,3
air.convert.u.i16.f.f16.rtn,3
air.convert.u.i16.f.f16.rtn.sat,3
air.convert.u.i16.f.f16.rtp,3
air.convert.u.i16.f.f16.rtp.sat,3
air.convert.u.i16.f.f32.rte,3
air.convert.u.i16.f.f32.rte.sat,3
air.convert.u.i16.f.f32.rtn,3
air.convert.u.i16.f.f32.rtn.sat,3
air.convert.u.i16.f.f32.rtp,3
air.convert.u.i16.f.f32.rtp.sat,3
air.convert.u.i16.f.f64.rte,3
air.convert.u.i16.f.f64.rte.sat,3
air.convert.u.i16.f.f64.rtn,3
air.convert.u.i16.f.f64.rtn.sat,3
air.convert.u.i16.f.f64.rtp,3
air.convert.u.i16.f.f64.rtp.sat,3
air.convert.u.i16.s.i16.rte,3
air.convert.u.i16.s.i16.rte.sat,3
air.convert.u.i16.s.i16.rtn,3
air.convert.u.i16.s.i16.rtn.sat,3
air.convert.u.i16.s.i16.rtp,3
air.convert.u.i16.s.i16.rtp.sat,3
air.convert.u.i16.s.i32.rte,3
air.convert.u.i16.s.i32.rte.sat,3
air.convert.u.i16.s.i32.rtn,3
air.convert.u.i16.s.i32.rtn.sat,3
air.convert.u.i16.s.i32.rtp,3
air.convert.u.i16.s.i32.rtp.sat,3
air.convert.u.i16.s.i64.rte,3
air.convert.u.i16.s.i64.rte.sat,3
air.convert.u.i16.s.i64.rtn,3
air.convert.u.i16.s.i64.rtn.sat,3
air.convert.u.i16.s.i64.rtp,3
air.convert.u.i16.s.i64.rtp.sat,3
air.convert.u.i16.s.i8.rte,3
air.convert.u.i16.s.i8.rte.sat,3
air.convert.u.i16.s.i8.rtn,3
air.convert.u.i16.s.i8.rtn.sat,3
air.convert.u.i16.s.i8.rtp,3
air.convert.u.i16.s.i8.rtp.sat,3
air.convert.u.i16.u.i32.rte,3
air.convert.u.i16.u.i32.rte.sat,3
air.convert.u.i16.u.i32.rtn,3
air.convert.u.i16.u.i32.rtn.sat,3
air.convert.u.i16.u.i32.rtp,3
air.convert.u.i16.u.i32.rtp.sat,3
air.convert.u.i16.u.i64.rte,3
air.convert.u.i16.u.i64.rte.sat,3
air.convert.u.i16.u.i64.rtn,3
air.convert.u.i16.u.i64.rtn.sat,3
air.convert.u.i16.u.i64.rtp,3
air.convert.u.i16.u.i64.rtp.sat,3
air.convert.u.i16.u.i8.rte,3
air.convert.u.i16.u.i8.rte.sat,3
air.convert.u.i16.u.i8.rtn,3
air.convert.u.i16.u.i8.rtn.sat,3
air.convert.u.i16.u.i8.rtp,3
air.convert.u.i16.u.i8.rtp.sat,3
air.convert.u.i32.f.f16.rte,3
air.convert.u.i32.f.f16.rte.sat,3
air.convert.u.i32.f.f16.rtn,3
air.convert.u.i32.f.f16.rtn.sat,3
air.convert.u.i32.f.f16.rtp,3
air.convert.u.i32.f.f16.rtp.sat,3
air.convert.u.i32.f.f32.rte,3
air.convert.u.i32.f.f32.rte.sat,3
air.convert.u.i32.f.f32.rtn,3
air.convert.u.i32.f.f32.rtn.sat,3
air.convert.u.i32.f.f32.rtp,3
air.convert.u.i32.f.f32.rtp.sat,3
air.convert.u.i32.f.f64.rte,3
air.convert.u.i32.f.f64.rte.sat,3
air.convert.u.i32.f.f64.rtn,3
air.convert.u.i32.f.f64.rtn.sat,3
air.convert.u.i32.f.f64.rtp,3
air.convert.u.i32.f.f64.rtp.sat,3
air.convert.u.i32.s.i16.rte,3
air.convert.u.i32.s.i16.rte.sat,3
air.convert.u.i32.s.i16.rtn,3
air.convert.u.i32.s.i16.rtn.sat,3
air.convert.u.i32.s.i16.rtp,3
air.convert.u.i32.s.i16.rtp.sat,3
air.convert.u.i32.s.i32.rte,3
air.convert.u.i32.s.i32.rte.sat,3
air.convert.u.i32.s.i32.rtn,3
air.convert.u.i32.s.i32.rtn.sat,3
air.convert.u.i32.s.i32.rtp,3
air.convert.u.i32.s.i32.rtp.sat,3
air.convert.u.i32.s.i64.rte,3
air.convert.u.i32.s.i64.rte.sat,3
air.convert.u.i32.s.i64.rtn,3
air.convert.u.i32.s.i64.rtn.sat,3
air.convert.u.i32.s.i64.rtp,3
air.convert.u.i32.s.i64.rtp.sat,3
air.convert.u.i32.s.i8.rte,3
air.convert.u.i32.s.i8.rte.sat,3
air.convert.u.i32.s.i8.rtn,3
air.convert.u.i32.s.i8.rtn.sat,3
air.convert.u.i32.s.i8.rtp,3
air.convert.u.i32.s.i8.rtp.sat,3
air.convert.u.i32.u.i16.rte,3
air.convert.u.i32.u.i16.rte.sat,3
air.convert.u.i32.u.i16.rtn,3
air.convert.u.i32.u.i16.rtn.sat,3
air.convert.u.i32.u.i16.rtp,3
air.convert.u.i32.u.i16.rtp.sat,3
air.convert.u.i32.u.i64.rte,3
air.convert.u.i32.u.i64.rte.sat,3
air.convert.u.i32.u.i64.rtn,3
air.convert.u.i32.u.i64.rtn.sat,3
air.convert.u.i32.u.i64.rtp,3
air.convert.u.i32.u.i64.rtp.sat,3
air.convert.u.i32.u.i8.rte,3
air.convert.u.i32.u.i8.rte.sat,3
air.convert.u.i32.u.i8.rtn,3
air.convert.u.i32.u.i8.rtn.sat,3
air.convert.u.i32.u.i8.rtp,3
air.convert.u.i32.u.i8.rtp.sat,3
air.convert.u.i64.f.f16.rte,3
air.convert.u.i64.f.f16.rte.sat,3
air.convert.u.i64.f.f16.rtn,3
air.convert.u.i64.f.f16.rtn.sat,3
air.convert.u.i64.f.f16.rtp,3
air.convert.u.i64.f.f16.rtp.sat,3
air.convert.u.i64.f.f32.rte,3
air.convert.u.i64.f.f32.rte.sat,3
air.convert.u.i64.f.f32.rtn,3
air.convert.u.i64.f.f32.rtn.sat,3
air.convert.u.i64.f.f32.rtp,3
air.convert.u.i64.f.f32.rtp.sat,3
air.convert.u.i64.f.f64.rte,3
air.convert.u.i64.f.f64.rte.sat,3
air.convert.u.i64.f.f64.rtn,3
air.convert.u.i64.f.f64.rtn.sat,3
air.convert.u.i64.f.f64.rtp,3
air.convert.u.i64.f.f64.rtp.sat,3
air.convert.u.i64.s.i16.rte,3
air.convert.u.i64.s.i16.rte.sat,3
air.convert.u.i64.s.i16.rtn,3
air.convert.u.i64.s.i16.rtn.sat,3
air.convert.u.i64.s.i16.rtp,3
air.convert.u.i64.s.i16.rtp.sat,3
air.convert.u.i64.s.i32.rte,3
air.convert.u.i64.s.i32.rte.sat,3
air.convert.u.i64.s.i32.rtn,3
air.convert.u.i64.s.i32.rtn.sat,3
air.convert.u.i64.s.i32.rtp,3
air.convert.u.i64.s.i32.rtp.sat,3
air.convert.u.i64.s.i64.rte,3
air.convert.u.i64.s.i64.rte.sat,3
air.convert.u.i64.s.i64.rtn,3
air.convert.u.i64.s.i64.rtn.sat,3
air.convert.u.i64.s.i64.rtp,3
air.convert.u.i64.s.i64.rtp.sat,3
air.convert.u.i64.s.i8.rte,3
air.convert.u.i64.s.i8.rte.sat,3
air.convert.u.i64.s.i8.rtn,3
air.convert.u.i64.s.i8.rtn.sat,3
air.convert.u.i64.s.i8.rtp,3
air.convert.u.i64.s.i8.rtp.sat,3
air.convert.u.i64.u.i16.rte,3
air.convert.u.i64.u.i16.rte.sat,3
air.convert.u.i64.u.i16.rtn,3
air.convert.u.i64.u.i16.rtn.sat,3
air.convert.u.i64.u.i16.rtp,3
air.convert.u.i64.u.i16.rtp.sat,3
air.convert.u.i64.u.i32.rte,3
air.convert.u.i64.u.i32.rte.sat,3
air.convert.u.i64.u.i32.rtn,3
air.convert.u.i64.u.i32.rtn.sat,3
air.convert.u.i64.u.i32.rtp,3
air.convert.u.i64.u.i32.rtp.sat,3
air.convert.u.i64.u.i8.rte,3
air.convert.u.i64.u.i8.rte.sat,3
air.convert.u.i64.u.i8.rtn,3
air.convert.u.i64.u.i8.rtn.sat,3
air.convert.u.i64.u.i8.rtp,3
air.convert.u.i64.u.i8.rtp.sat,3
air.convert.u.i8.f.f16.rte,3
air.convert.u.i8.f.f16.rte.sat,3
air.convert.u.i8.f.f16.rtn,3
air.convert.u.i8.f.f16.rtn.sat,3
air.convert.u.i8.f.f16.rtp,3
air.convert.u.i8.f.f16.rtp.sat,3
air.convert.u.i8.f.f32.rte,3
air.convert.u.i8.f.f32.rte.sat,3
air.convert.u.i8.f.f32.rtn,3
air.convert.u.i8.f.f32.rtn.sat,3
air.convert.u.i8.f.f32.rtp,3
air.convert.u.i8.f.f32.rtp.sat,3
air.convert.u.i8.f.f64.rte,3
air.convert.u.i8.f.f64.rte.sat,3
air.convert.u.i8.f.f64.rtn,3
air.convert.u.i8.f.f64.rtn.sat,3
air.convert.u.i8.f.f64.rtp,3
air.convert.u.i8.f.f64.rtp.sat,3
air.convert.u.i8.s.i16.rte,3
air.convert.u.i8.s.i16.rte.sat,3
air.convert.u.i8.s.i16.rtn,3
air.convert.u.i8.s.i16.rtn.sat,3
air.convert.u.i8.s.i16.rtp,3
air.convert.u.i8.s.i16.rtp.sat,3
air.convert.u.i8.s.i32.rte,3
air.convert.u.i8.s.i32.rte.sat,3
air.convert.u.i8.s.i32.rtn,3
air.convert.u.i8.s.i32.rtn.sat,3
air.convert.u.i8.s.i32.rtp,3
air.convert.u.i8.s.i32.rtp.sat,3
air.convert.u.i8.s.i64.rte,3
air.convert.u.i8.s.i64.rte.sat,3
air.convert.u.i8.s.i64.rtn,3
air.convert.u.i8.s.i64.rtn.sat,3
air.convert.u.i8.s.i64.rtp,3
air.convert.u.i8.s.i64.rtp.sat,3
air.convert.u.i8.s.i8.rte,3
air.convert.u.i8.s.i8.rte.sat,3
air.convert.u.i8.s.i8.rtn,3
air.convert.u.i8.s.i8.rtn.sat,3
air.convert.u.i8.s.i8.rtp,3
air.convert.u.i8.s.i8.rtp.sat,3
air.convert.u.i8.u.i16.rte,3
air.convert.u.i8.u.i16.rte.sat,3
air.convert.u.i8.u.i16.rtn,3
air.convert.u.i8.u.i16.rtn.sat,3
air.convert.u.i8.u.i16.rtp,3
air.convert.u.i8.u.i16.rtp.sat,3
air.convert.u.i8.u.i32.rte,3
air.convert.u.i8.u.i32.rte.sat,3
air.convert.u.i8.u.i32.rtn,3
air.convert.u.i8.u.i32.rtn.sat,3
air.convert.u.i8.u.i32.rtp,3
air.convert.u.i8.u.i32.rtp.sat,3
air.convert.u.i8.u.i64.rte,3
air.convert.u.i8.u.i64.rte.sat,3
air.convert.u.i8.u.i64.rtn,3
air.convert.u.i8.u.i64.rtn.sat,3
air.convert.u.i8.u.i64.rtp,3
air.convert.u.i8.u.i64.rtp.sat,3
air.convert.u.v16i16.f.v16f16.rtn,3
air.convert.u.v16i16.f.v16f16.rtn.sat,3
air.convert.u.v16i16.f.v16f16.rtp,3
air.convert.u.v16i16.f.v16f16.rtp.sat,3
air.convert.u.v16i16.f.v16f32.rte,3
air.convert.u.v16i16.f.v16f32.rte.sat,3
air.convert.u.v16i16.f.v16f32.rtn,3
air.convert.u.v16i16.f.v16f32.rtn.sat,3
air.convert.u.v16i16.f.v16f32.rtp,3
air.convert.u.v16i16.f.v16f32.rtp.sat,3
air.convert.u.v16i16.f.v16f64.rte,3
air.convert.u.v16i16.f.v16f64.rte.sat,3
air.convert.u.v16i16.f.v16f64.rtn,3
air.convert.u.v16i16.f.v16f64.rtn.sat,3
air.convert.u.v16i16.f.v16f64.rtp,3
air.convert.u.v16i16.f.v16f64.rtp.sat,3
air.convert.u.v16i16.s.v16i16.rtn,3
air.convert.u.v16i16.s.v16i16.rtn.sat,3
air.convert.u.v16i16.s.v16i16.rtp,3
air.convert.u.v16i16.s.v16i16.rtp.sat,3
air.convert.u.v16i16.s.v16i32.rte,3
air.convert.u.v16i16.s.v16i32.rte.sat,3
air.convert.u.v16i16.s.v16i32.rtn,3
air.convert.u.v16i16.s.v16i32.rtn.sat,3
air.convert.u.v16i16.s.v16i32.rtp,3
air.convert.u.v16i16.s.v16i32.rtp.sat,3
air.convert.u.v16i16.s.v16i64.rte,3
air.convert.u.v16i16.s.v16i64.rte.sat,3
air.convert.u.v16i16.s.v16i64.rtn,3
air.convert.u.v16i16.s.v16i64.rtn.sat,3
air.convert.u.v16i16.s.v16i64.rtp,3
air.convert.u.v16i16.s.v16i64.rtp.sat,3
air.convert.u.v16i16.s.v16i8.rte,3
air.convert.u.v16i16.s.v16i8.rte.sat,3
air.convert.u.v16i16.s.v16i8.rtn,3
air.convert.u.v16i16.s.v16i8.rtn.sat,3
air.convert.u.v16i16.s.v16i8.rtp,3
air.convert.u.v16i16.s.v16i8.rtp.sat,3
air.convert.u.v16i16.u.v16i32.rtn,3
air.convert.u.v16i16.u.v16i32.rtn.sat,3
air.convert.u.v16i16.u.v16i32.rtp,3
air.convert.u.v16i16.u.v16i32.rtp.sat,3
air.convert.u.v16i16.u.v16i64.rte,3
air.convert.u.v16i16.u.v16i64.rte.sat,3
air.convert.u.v16i16.u.v16i64.rtn,3
air.convert.u.v16i16.u.v16i64.rtn.sat,3
air.convert.u.v16i16.u.v16i64.rtp,3
air.convert.u.v16i16.u.v16i64.rtp.sat,3
air.convert.u.v16i16.u.v16i8.rte,3
air.convert.u.v16i16.u.v16i8.rte.sat,3
air.convert.u.v16i16.u.v16i8.rtn,3
air.convert.u.v16i16.u.v16i8.rtn.sat,3
air.convert.u.v16i16.u.v16i8.rtp,3
air.convert.u.v16i16.u.v16i8.rtp.sat,3
air.convert.u.v16i32.f.v16f16.rte,3
air.convert.u.v16i32.f.v16f16.rte.sat,3
air.convert.u.v16i32.f.v16f16.rtn,3
air.convert.u.v16i32.f.v16f16.rtn.sat,3
air.convert.u.v16i32.f.v16f16.rtp,3
air.convert.u.v16i32.f.v16f16.rtp.sat,3
air.convert.u.v16i32.f.v16f32.rte,3
air.convert.u.v16i32.f.v16f32.rte.sat,3
air.convert.u.v16i32.f.v16f32.rtn,3
air.convert.u.v16i32.f.v16f32.rtn.sat,3
air.convert.u.v16i32.f.v16f32.rtp,3
air.convert.u.v16i32.f.v16f32.rtp.sat,3
air.convert.u.v16i32.f.v16f64.rte,3
air.convert.u.v16i32.f.v16f64.rte.sat,3
air.convert.u.v16i32.f.v16f64.rtn,3
air.convert.u.v16i32.f.v16f64.rtn.sat,3
air.convert.u.v16i32.f.v16f64.rtp,3
air.convert.u.v16i32.f.v16f64.rtp.sat,3
air.convert.u.v16i32.s.v16i16.rte,3
air.convert.u.v16i32.s.v16i16.rte.sat,3
air.convert.u.v16i32.s.v16i16.rtn,3
air.convert.u.v16i32.s.v16i16.rtn.sat,3
air.convert.u.v16i32.s.v16i16.rtp,3
air.convert.u.v16i32.s.v16i16.rtp.sat,3
air.convert.u.v16i32.s.v16i32.rte,3
air.convert.u.v16i32.s.v16i32.rte.sat,3
air.convert.u.v16i32.s.v16i32.rtn,3
air.convert.u.v16i32.s.v16i32.rtn.sat,3
air.convert.u.v16i32.s.v16i32.rtp,3
air.convert.u.v16i32.s.v16i32.rtp.sat,3
air.convert.u.v16i32.s.v16i64.rte,3
air.convert.u.v16i32.s.v16i64.rte.sat,3
air.convert.u.v16i32.s.v16i64.rtn,3
air.convert.u.v16i32.s.v16i64.rtn.sat,3
air.convert.u.v16i32.s.v16i64.rtp,3
air.convert.u.v16i32.s.v16i64.rtp.sat,3
air.convert.u.v16i32.s.v16i8.rte,3
air.convert.u.v16i32.s.v16i8.rte.sat,3
air.convert.u.v16i32.s.v16i8.rtn,3
air.convert.u.v16i32.s.v16i8.rtn.sat,3
air.convert.u.v16i32.s.v16i8.rtp,3
air.convert.u.v16i32.s.v16i8.rtp.sat,3
air.convert.u.v16i32.u.v16i16.rte,3
air.convert.u.v16i32.u.v16i16.rte.sat,3
air.convert.u.v16i32.u.v16i16.rtn,3
air.convert.u.v16i32.u.v16i16.rtn.sat,3
air.convert.u.v16i32.u.v16i16.rtp,3
air.convert.u.v16i32.u.v16i16.rtp.sat,3
air.convert.u.v16i32.u.v16i64.rte,3
air.convert.u.v16i32.u.v16i64.rte.sat,3
air.convert.u.v16i32.u.v16i64.rtn,3
air.convert.u.v16i32.u.v16i64.rtn.sat,3
air.convert.u.v16i32.u.v16i64.rtp,3
air.convert.u.v16i32.u.v16i64.rtp.sat,3
air.convert.u.v16i32.u.v16i8.rte,3
air.convert.u.v16i32.u.v16i8.rte.sat,3
air.convert.u.v16i32.u.v16i8.rtn,3
air.convert.u.v16i32.u.v16i8.rtn.sat,3
air.convert.u.v16i32.u.v16i8.rtp,3
air.convert.u.v16i32.u.v16i8.rtp.sat,3
air.convert.u.v16i64.f.v16f16.rte,3
air.convert.u.v16i64.f.v16f16.rte.sat,3
air.convert.u.v16i64.f.v16f16.rtn,3
air.convert.u.v16i64.f.v16f16.rtn.sat,3
air.convert.u.v16i64.f.v16f16.rtp,3
air.convert.u.v16i64.f.v16f16.rtp.sat,3
air.convert.u.v16i64.f.v16f32.rte,3
air.convert.u.v16i64.f.v16f32.rte.sat,3
air.convert.u.v16i64.f.v16f32.rtn,3
air.convert.u.v16i64.f.v16f32.rtn.sat,3
air.convert.u.v16i64.f.v16f32.rtp,3
air.convert.u.v16i64.f.v16f32.rtp.sat,3
air.convert.u.v16i64.f.v16f64.rte,3
air.convert.u.v16i64.f.v16f64.rte.sat,3
air.convert.u.v16i64.f.v16f64.rtn,3
air.convert.u.v16i64.f.v16f64.rtn.sat,3
air.convert.u.v16i64.f.v16f64.rtp,3
air.convert.u.v16i64.f.v16f64.rtp.sat,3
air.convert.u.v16i64.s.v16i16.rte,3
air.convert.u.v16i64.s.v16i16.rte.sat,3
air.convert.u.v16i64.s.v16i16.rtn,3
air.convert.u.v16i64.s.v16i16.rtn.sat,3
air.convert.u.v16i64.s.v16i16.rtp,3
air.convert.u.v16i64.s.v16i16.rtp.sat,3
air.convert.u.v16i64.s.v16i32.rte,3
air.convert.u.v16i64.s.v16i32.rte.sat,3
air.convert.u.v16i64.s.v16i32.rtn,3
air.convert.u.v16i64.s.v16i32.rtn.sat,3
air.convert.u.v16i64.s.v16i32.rtp,3
air.convert.u.v16i64.s.v16i32.rtp.sat,3
air.convert.u.v16i64.s.v16i64.rte,3
air.convert.u.v16i64.s.v16i64.rte.sat,3
air.convert.u.v16i64.s.v16i64.rtn,3
air.convert.u.v16i64.s.v16i64.rtn.sat,3
air.convert.u.v16i64.s.v16i64.rtp,3
air.convert.u.v16i64.s.v16i64.rtp.sat,3
air.convert.u.v16i64.s.v16i8.rte,3
air.convert.u.v16i64.s.v16i8.rte.sat,3
air.convert.u.v16i64.s.v16i8.rtn,3
air.convert.u.v16i64.s.v16i8.rtn.sat,3
air.convert.u.v16i64.s.v16i8.rtp,3
air.convert.u.v16i64.s.v16i8.rtp.sat,3
air.convert.u.v16i64.u.v16i16.rte,3
air.convert.u.v16i64.u.v16i16.rte.sat,3
air.convert.u.v16i64.u.v16i16.rtn,3
air.convert.u.v16i64.u.v16i16.rtn.sat,3
air.convert.u.v16i64.u.v16i16.rtp,3
air.convert.u.v16i64.u.v16i16.rtp.sat,3
air.convert.u.v16i64.u.v16i32.rte,3
air.convert.u.v16i64.u.v16i32.rte.sat,3
air.convert.u.v16i64.u.v16i32.rtn,3
air.convert.u.v16i64.u.v16i32.rtn.sat,3
air.convert.u.v16i64.u.v16i32.rtp,3
air.convert.u.v16i64.u.v16i32.rtp.sat,3
air.convert.u.v16i64.u.v16i8.rte,3
air.convert.u.v16i64.u.v16i8.rte.sat,3
air.convert.u.v16i64.u.v16i8.rtn,3
air.convert.u.v16i64.u.v16i8.rtn.sat,3
air.convert.u.v16i64.u.v16i8.rtp,3
air.convert.u.v16i64.u.v16i8.rtp.sat,3
air.convert.u.v16i8.f.v16f16.rte,3
air.convert.u.v16i8.f.v16f16.rte.sat,3
air.convert.u.v16i8.f.v16f16.rtn,3
air.convert.u.v16i8.f.v16f16.rtn.sat,3
air.convert.u.v16i8.f.v16f16.rtp,3
air.convert.u.v16i8.f.v16f16.rtp.sat,3
air.convert.u.v16i8.f.v16f32.rte,3
air.convert.u.v16i8.f.v16f32.rte.sat,3
air.convert.u.v16i8.f.v16f32.rtn,3
air.convert.u.v16i8.f.v16f32.rtn.sat,3
air.convert.u.v16i8.f.v16f32.rtp,3
air.convert.u.v16i8.f.v16f32.rtp.sat,3
air.convert.u.v16i8.f.v16f64.rte,3
air.convert.u.v16i8.f.v16f64.rte.sat,3
air.convert.u.v16i8.f.v16f64.rtn,3
air.convert.u.v16i8.f.v16f64.rtn.sat,3
air.convert.u.v16i8.f.v16f64.rtp,3
air.convert.u.v16i8.f.v16f64.rtp.sat,3
air.convert.u.v16i8.s.v16i16.rte,3
air.convert.u.v16i8.s.v16i16.rte.sat,3
air.convert.u.v16i8.s.v16i16.rtn,3
air.convert.u.v16i8.s.v16i16.rtn.sat,3
air.convert.u.v16i8.s.v16i16.rtp,3
air.convert.u.v16i8.s.v16i16.rtp.sat,3
air.convert.u.v16i8.s.v16i32.rte,3
air.convert.u.v16i8.s.v16i32.rte.sat,3
air.convert.u.v16i8.s.v16i32.rtn,3
air.convert.u.v16i8.s.v16i32.rtn.sat,3
air.convert.u.v16i8.s.v16i32.rtp,3
air.convert.u.v16i8.s.v16i32.rtp.sat,3
air.convert.u.v16i8.s.v16i64.rte,3
air.convert.u.v16i8.s.v16i64.rte.sat,3
air.convert.u.v16i8.s.v16i64.rtn,3
air.convert.u.v16i8.s.v16i64.rtn.sat,3
air.convert.u.v16i8.s.v16i64.rtp,3
air.convert.u.v16i8.s.v16i64.rtp.sat,3
air.convert.u.v16i8.s.v16i8.rte,3
air.convert.u.v16i8.s.v16i8.rte.sat,3
air.convert.u.v16i8.s.v16i8.rtn,3
air.convert.u.v16i8.s.v16i8.rtn.sat,3
air.convert.u.v16i8.s.v16i8.rtp,3
air.convert.u.v16i8.s.v16i8.rtp.sat,3
air.convert.u.v16i8.u.v16i16.rte,3
air.convert.u.v16i8.u.v16i16.rte.sat,3
air.convert.u.v16i8.u.v16i16.rtn,3
air.convert.u.v16i8.u.v16i16.rtn.sat,3
air.convert.u.v16i8.u.v16i16.rtp,3
air.convert.u.v16i8.u.v16i16.rtp.sat,3
air.convert.u.v16i8.u.v16i32.rte,3
air.convert.u.v16i8.u.v16i32.rte.sat,3
air.convert.u.v16i8.u.v16i32.rtn,3
air.convert.u.v16i8.u.v16i32.rtn.sat,3
air.convert.u.v16i8.u.v16i32.rtp,3
air.convert.u.v16i8.u.v16i32.rtp.sat,3
air.convert.u.v16i8.u.v16i64.rte,3
air.convert.u.v16i8.u.v16i64.rte.sat,3
air.convert.u.v16i8.u.v16i64.rtn,3
air.convert.u.v16i8.u.v16i64.rtn.sat,3
air.convert.u.v16i8.u.v16i64.rtp,3
air.convert.u.v16i8.u.v16i64.rtp.sat,3
air.convert.u.v2i1.s.v2i16,3
air.convert.u.v2i1.s.v2i32,3
air.convert.u.v2i1.s.v2i64,3
air.convert.u.v2i16.f.v2f16.rte,3
air.convert.u.v2i16.f.v2f16.rte.sat,3
air.convert.u.v2i16.f.v2f16.rtn,3
air.convert.u.v2i16.f.v2f16.rtn.sat,3
air.convert.u.v2i16.f.v2f16.rtp,3
air.convert.u.v2i16.f.v2f16.rtp.sat,3
air.convert.u.v2i16.f.v2f32.rte,3
air.convert.u.v2i16.f.v2f32.rte.sat,3
air.convert.u.v2i16.f.v2f32.rtn,3
air.convert.u.v2i16.f.v2f32.rtn.sat,3
air.convert.u.v2i16.f.v2f32.rtp,3
air.convert.u.v2i16.f.v2f32.rtp.sat,3
air.convert.u.v2i16.f.v2f64.rte,3
air.convert.u.v2i16.f.v2f64.rte.sat,3
air.convert.u.v2i16.f.v2f64.rtn,3
air.convert.u.v2i16.f.v2f64.rtn.sat,3
air.convert.u.v2i16.f.v2f64.rtp,3
air.convert.u.v2i16.f.v2f64.rtp.sat,3
air.convert.u.v2i16.s.v2i16.rte,3
air.convert.u.v2i16.s.v2i16.rte.sat,3
air.convert.u.v2i16.s.v2i16.rtn,3
air.convert.u.v2i16.s.v2i16.rtn.sat,3
air.convert.u.v2i16.s.v2i16.rtp,3
air.convert.u.v2i16.s.v2i16.rtp.sat,3
air.convert.u.v2i16.s.v2i32.rte,3
air.convert.u.v2i16.s.v2i32.rte.sat,3
air.convert.u.v2i16.s.v2i32.rtn,3
air.convert.u.v2i16.s.v2i32.rtn.sat,3
air.convert.u.v2i16.s.v2i32.rtp,3
air.convert.u.v2i16.s.v2i32.rtp.sat,3
air.convert.u.v2i16.s.v2i64.rte,3
air.convert.u.v2i16.s.v2i64.rte.sat,3
air.convert.u.v2i16.s.v2i64.rtn,3
air.convert.u.v2i16.s.v2i64.rtn.sat,3
air.convert.u.v2i16.s.v2i64.rtp,3
air.convert.u.v2i16.s.v2i64.rtp.sat,3
air.convert.u.v2i16.s.v2i8.rte,3
air.convert.u.v2i16.s.v2i8.rte.sat,3
air.convert.u.v2i16.s.v2i8.rtn,3
air.convert.u.v2i16.s.v2i8.rtn.sat,3
air.convert.u.v2i16.s.v2i8.rtp,3
air.convert.u.v2i16.s.v2i8.rtp.sat,3
air.convert.u.v2i16.u.v2i32.rte,3
air.convert.u.v2i16.u.v2i32.rte.sat,3
air.convert.u.v2i16.u.v2i32.rtn,3
air.convert.u.v2i16.u.v2i32.rtn.sat,3
air.convert.u.v2i16.u.v2i32.rtp,3
air.convert.u.v2i16.u.v2i32.rtp.sat,3
air.convert.u.v2i16.u.v2i64.rte,3
air.convert.u.v2i16.u.v2i64.rte.sat,3
air.convert.u.v2i16.u.v2i64.rtn,3
air.convert.u.v2i16.u.v2i64.rtn.sat,3
air.convert.u.v2i16.u.v2i64.rtp,3
air.convert.u.v2i16.u.v2i64.rtp.sat,3
air.convert.u.v2i16.u.v2i8.rte,3
air.convert.u.v2i16.u.v2i8.rte.sat,3
air.convert.u.v2i16.u.v2i8.rtn,3
air.convert.u.v2i16.u.v2i8.rtn.sat,3
air.convert.u.v2i16.u.v2i8.rtp,3
air.convert.u.v2i16.u.v2i8.rtp.sat,3
air.convert.u.v2i32.f.v2f16.rte,3
air.convert.u.v2i32.f.v2f16.rte.sat,3
air.convert.u.v2i32.f.v2f16.rtn,3
air.convert.u.v2i32.f.v2f16.rtn.sat,3
air.convert.u.v2i32.f.v2f16.rtp,3
air.convert.u.v2i32.f.v2f16.rtp.sat,3
air.convert.u.v2i32.f.v2f32.rte,3
air.convert.u.v2i32.f.v2f32.rte.sat,3
air.convert.u.v2i32.f.v2f32.rtn,3
air.convert.u.v2i32.f.v2f32.rtn.sat,3
air.convert.u.v2i32.f.v2f32.rtp,3
air.convert.u.v2i32.f.v2f32.rtp.sat,3
air.convert.u.v2i32.f.v2f64.rte,3
air.convert.u.v2i32.f.v2f64.rte.sat,3
air.convert.u.v2i32.f.v2f64.rtn,3
air.convert.u.v2i32.f.v2f64.rtn.sat,3
air.convert.u.v2i32.f.v2f64.rtp,3
air.convert.u.v2i32.f.v2f64.rtp.sat,3
air.convert.u.v2i32.s.v2i16.rte,3
air.convert.u.v2i32.s.v2i16.rte.sat,3
air.convert.u.v2i32.s.v2i16.rtn,3
air.convert.u.v2i32.s.v2i16.rtn.sat,3
air.convert.u.v2i32.s.v2i16.rtp,3
air.convert.u.v2i32.s.v2i16.rtp.sat,3
air.convert.u.v2i32.s.v2i32.rte,3
air.convert.u.v2i32.s.v2i32.rte.sat,3
air.convert.u.v2i32.s.v2i32.rtn,3
air.convert.u.v2i32.s.v2i32.rtn.sat,3
air.convert.u.v2i32.s.v2i32.rtp,3
air.convert.u.v2i32.s.v2i32.rtp.sat,3
air.convert.u.v2i32.s.v2i64.rte,3
air.convert.u.v2i32.s.v2i64.rte.sat,3
air.convert.u.v2i32.s.v2i64.rtn,3
air.convert.u.v2i32.s.v2i64.rtn.sat,3
air.convert.u.v2i32.s.v2i64.rtp,3
air.convert.u.v2i32.s.v2i64.rtp.sat,3
air.convert.u.v2i32.s.v2i8.rte,3
air.convert.u.v2i32.s.v2i8.rte.sat,3
air.convert.u.v2i32.s.v2i8.rtn,3
air.convert.u.v2i32.s.v2i8.rtn.sat,3
air.convert.u.v2i32.s.v2i8.rtp,3
air.convert.u.v2i32.s.v2i8.rtp.sat,3
air.convert.u.v2i32.u.v2i16.rte,3
air.convert.u.v2i32.u.v2i16.rte.sat,3
air.convert.u.v2i32.u.v2i16.rtn,3
air.convert.u.v2i32.u.v2i16.rtn.sat,3
air.convert.u.v2i32.u.v2i16.rtp,3
air.convert.u.v2i32.u.v2i16.rtp.sat,3
air.convert.u.v2i32.u.v2i64.rte,3
air.convert.u.v2i32.u.v2i64.rte.sat,3
air.convert.u.v2i32.u.v2i64.rtn,3
air.convert.u.v2i32.u.v2i64.rtn.sat,3
air.convert.u.v2i32.u.v2i64.rtp,3
air.convert.u.v2i32.u.v2i64.rtp.sat,3
air.convert.u.v2i32.u.v2i8.rte,3
air.convert.u.v2i32.u.v2i8.rte.sat,3
air.convert.u.v2i32.u.v2i8.rtn,3
air.convert.u.v2i32.u.v2i8.rtn.sat,3
air.convert.u.v2i32.u.v2i8.rtp,3
air.convert.u.v2i32.u.v2i8.rtp.sat,3
air.convert.u.v2i64.f.v2f16.rte,3
air.convert.u.v2i64.f.v2f16.rte.sat,3
air.convert.u.v2i64.f.v2f16.rtn,3
air.convert.u.v2i64.f.v2f16.rtn.sat,3
air.convert.u.v2i64.f.v2f16.rtp,3
air.convert.u.v2i64.f.v2f16.rtp.sat,3
air.convert.u.v2i64.f.v2f32.rte,3
air.convert.u.v2i64.f.v2f32.rte.sat,3
air.convert.u.v2i64.f.v2f32.rtn,3
air.convert.u.v2i64.f.v2f32.rtn.sat,3
air.convert.u.v2i64.f.v2f32.rtp,3
air.convert.u.v2i64.f.v2f32.rtp.sat,3
air.convert.u.v2i64.f.v2f64.rte,3
air.convert.u.v2i64.f.v2f64.rte.sat,3
air.convert.u.v2i64.f.v2f64.rtn,3
air.convert.u.v2i64.f.v2f64.rtn.sat,3
air.convert.u.v2i64.f.v2f64.rtp,3
air.convert.u.v2i64.f.v2f64.rtp.sat,3
air.convert.u.v2i64.s.v2i16.rte,3
air.convert.u.v2i64.s.v2i16.rte.sat,3
air.convert.u.v2i64.s.v2i16.rtn,3
air.convert.u.v2i64.s.v2i16.rtn.sat,3
air.convert.u.v2i64.s.v2i16.rtp,3
air.convert.u.v2i64.s.v2i16.rtp.sat,3
air.convert.u.v2i64.s.v2i32.rte,3
air.convert.u.v2i64.s.v2i32.rte.sat,3
air.convert.u.v2i64.s.v2i32.rtn,3
air.convert.u.v2i64.s.v2i32.rtn.sat,3
air.convert.u.v2i64.s.v2i32.rtp,3
air.convert.u.v2i64.s.v2i32.rtp.sat,3
air.convert.u.v2i64.s.v2i64.rte,3
air.convert.u.v2i64.s.v2i64.rte.sat,3
air.convert.u.v2i64.s.v2i64.rtn,3
air.convert.u.v2i64.s.v2i64.rtn.sat,3
air.convert.u.v2i64.s.v2i64.rtp,3
air.convert.u.v2i64.s.v2i64.rtp.sat,3
air.convert.u.v2i64.s.v2i8.rte,3
air.convert.u.v2i64.s.v2i8.rte.sat,3
air.convert.u.v2i64.s.v2i8.rtn,3
air.convert.u.v2i64.s.v2i8.rtn.sat,3
air.convert.u.v2i64.s.v2i8.rtp,3
air.convert.u.v2i64.s.v2i8.rtp.sat,3
air.convert.u.v2i64.u.v2i16.rte,3
air.convert.u.v2i64.u.v2i16.rte.sat,3
air.convert.u.v2i64.u.v2i16.rtn,3
air.convert.u.v2i64.u.v2i16.rtn.sat,3
air.convert.u.v2i64.u.v2i16.rtp,3
air.convert.u.v2i64.u.v2i16.rtp.sat,3
air.convert.u.v2i64.u.v2i32.rte,3
air.convert.u.v2i64.u.v2i32.rte.sat,3
air.convert.u.v2i64.u.v2i32.rtn,3
air.convert.u.v2i64.u.v2i32.rtn.sat,3
air.convert.u.v2i64.u.v2i32.rtp,3
air.convert.u.v2i64.u.v2i32.rtp.sat,3
air.convert.u.v2i64.u.v2i8.rte,3
air.convert.u.v2i64.u.v2i8.rte.sat,3
air.convert.u.v2i64.u.v2i8.rtn,3
air.convert.u.v2i64.u.v2i8.rtn.sat,3
air.convert.u.v2i64.u.v2i8.rtp,3
air.convert.u.v2i64.u.v2i8.rtp.sat,3
air.convert.u.v2i8.f.v2f16.rte,3
air.convert.u.v2i8.f.v2f16.rte.sat,3
air.convert.u.v2i8.f.v2f16.rtn,3
air.convert.u.v2i8.f.v2f16.rtn.sat,3
air.convert.u.v2i8.f.v2f16.rtp,3
air.convert.u.v2i8.f.v2f16.rtp.sat,3
air.convert.u.v2i8.f.v2f32.rte,3
air.convert.u.v2i8.f.v2f32.rte.sat,3
air.convert.u.v2i8.f.v2f32.rtn,3
air.convert.u.v2i8.f.v2f32.rtn.sat,3
air.convert.u.v2i8.f.v2f32.rtp,3
air.convert.u.v2i8.f.v2f32.rtp.sat,3
air.convert.u.v2i8.f.v2f64.rte,3
air.convert.u.v2i8.f.v2f64.rte.sat,3
air.convert.u.v2i8.f.v2f64.rtn,3
air.convert.u.v2i8.f.v2f64.rtn.sat,3
air.convert.u.v2i8.f.v2f64.rtp,3
air.convert.u.v2i8.f.v2f64.rtp.sat,3
air.convert.u.v2i8.s.v2i16.rte,3
air.convert.u.v2i8.s.v2i16.rte.sat,3
air.convert.u.v2i8.s.v2i16.rtn,3
air.convert.u.v2i8.s.v2i16.rtn.sat,3
air.convert.u.v2i8.s.v2i16.rtp,3
air.convert.u.v2i8.s.v2i16.rtp.sat,3
air.convert.u.v2i8.s.v2i32.rte,3
air.convert.u.v2i8.s.v2i32.rte.sat,3
air.convert.u.v2i8.s.v2i32.rtn,3
air.convert.u.v2i8.s.v2i32.rtn.sat,3
air.convert.u.v2i8.s.v2i32.rtp,3
air.convert.u.v2i8.s.v2i32.rtp.sat,3
air.convert.u.v2i8.s.v2i64.rte,3
air.convert.u.v2i8.s.v2i64.rte.sat,3
air.convert.u.v2i8.s.v2i64.rtn,3
air.convert.u.v2i8.s.v2i64.rtn.sat,3
air.convert.u.v2i8.s.v2i64.rtp,3
air.convert.u.v2i8.s.v2i64.rtp.sat,3
air.convert.u.v2i8.s.v2i8.rte,3
air.convert.u.v2i8.s.v2i8.rte.sat,3
air.convert.u.v2i8.s.v2i8.rtn,3
air.convert.u.v2i8.s.v2i8.rtn.sat,3
air.convert.u.v2i8.s.v2i8.rtp,3
air.convert.u.v2i8.s.v2i8.rtp.sat,3
air.convert.u.v2i8.u.v2i16.rte,3
air.convert.u.v2i8.u.v2i16.rte.sat,3
air.convert.u.v2i8.u.v2i16.rtn,3
air.convert.u.v2i8.u.v2i16.rtn.sat,3
air.convert.u.v2i8.u.v2i16.rtp,3
air.convert.u.v2i8.u.v2i16.rtp.sat,3
air.convert.u.v2i8.u.v2i32.rte,3
air.convert.u.v2i8.u.v2i32.rte.sat,3
air.convert.u.v2i8.u.v2i32.rtn,3
air.convert.u.v2i8.u.v2i32.rtn.sat,3
air.convert.u.v2i8.u.v2i32.rtp,3
air.convert.u.v2i8.u.v2i32.rtp.sat,3
air.convert.u.v2i8.u.v2i64.rte,3
air.convert.u.v2i8.u.v2i64.rte.sat,3
air.convert.u.v2i8.u.v2i64.rtn,3
air.convert.u.v2i8.u.v2i64.rtn.sat,3
air.convert.u.v2i8.u.v2i64.rtp,3
air.convert.u.v2i8.u.v2i64.rtp.sat,3
air.convert.u.v3i1.s.v3i16,3
air.convert.u.v3i1.s.v3i32,3
air.convert.u.v3i1.s.v3i64,3
air.convert.u.v3i16.f.v3f16.rte,3
air.convert.u.v3i16.f.v3f16.rte.sat,3
air.convert.u.v3i16.f.v3f16.rtn,3
air.convert.u.v3i16.f.v3f16.rtn.sat,3
air.convert.u.v3i16.f.v3f16.rtp,3
air.convert.u.v3i16.f.v3f16.rtp.sat,3
air.convert.u.v3i16.f.v3f32.rte,3
air.convert.u.v3i16.f.v3f32.rte.sat,3
air.convert.u.v3i16.f.v3f32.rtn,3
air.convert.u.v3i16.f.v3f32.rtn.sat,3
air.convert.u.v3i16.f.v3f32.rtp,3
air.convert.u.v3i16.f.v3f32.rtp.sat,3
air.convert.u.v3i16.f.v3f64.rte,3
air.convert.u.v3i16.f.v3f64.rte.sat,3
air.convert.u.v3i16.f.v3f64.rtn,3
air.convert.u.v3i16.f.v3f64.rtn.sat,3
air.convert.u.v3i16.f.v3f64.rtp,3
air.convert.u.v3i16.f.v3f64.rtp.sat,3
air.convert.u.v3i16.s.v3i16.rte,3
air.convert.u.v3i16.s.v3i16.rte.sat,3
air.convert.u.v3i16.s.v3i16.rtn,3
air.convert.u.v3i16.s.v3i16.rtn.sat,3
air.convert.u.v3i16.s.v3i16.rtp,3
air.convert.u.v3i16.s.v3i16.rtp.sat,3
air.convert.u.v3i16.s.v3i32.rte,3
air.convert.u.v3i16.s.v3i32.rte.sat,3
air.convert.u.v3i16.s.v3i32.rtn,3
air.convert.u.v3i16.s.v3i32.rtn.sat,3
air.convert.u.v3i16.s.v3i32.rtp,3
air.convert.u.v3i16.s.v3i32.rtp.sat,3
air.convert.u.v3i16.s.v3i64.rte,3
air.convert.u.v3i16.s.v3i64.rte.sat,3
air.convert.u.v3i16.s.v3i64.rtn,3
air.convert.u.v3i16.s.v3i64.rtn.sat,3
air.convert.u.v3i16.s.v3i64.rtp,3
air.convert.u.v3i16.s.v3i64.rtp.sat,3
air.convert.u.v3i16.s.v3i8.rte,3
air.convert.u.v3i16.s.v3i8.rte.sat,3
air.convert.u.v3i16.s.v3i8.rtn,3
air.convert.u.v3i16.s.v3i8.rtn.sat,3
air.convert.u.v3i16.s.v3i8.rtp,3
air.convert.u.v3i16.s.v3i8.rtp.sat,3
air.convert.u.v3i16.u.v3i32.rte,3
air.convert.u.v3i16.u.v3i32.rte.sat,3
air.convert.u.v3i16.u.v3i32.rtn,3
air.convert.u.v3i16.u.v3i32.rtn.sat,3
air.convert.u.v3i16.u.v3i32.rtp,3
air.convert.u.v3i16.u.v3i32.rtp.sat,3
air.convert.u.v3i16.u.v3i64.rte,3
air.convert.u.v3i16.u.v3i64.rte.sat,3
air.convert.u.v3i16.u.v3i64.rtn,3
air.convert.u.v3i16.u.v3i64.rtn.sat,3
air.convert.u.v3i16.u.v3i64.rtp,3
air.convert.u.v3i16.u.v3i64.rtp.sat,3
air.convert.u.v3i16.u.v3i8.rte,3
air.convert.u.v3i16.u.v3i8.rte.sat,3
air.convert.u.v3i16.u.v3i8.rtn,3
air.convert.u.v3i16.u.v3i8.rtn.sat,3
air.convert.u.v3i16.u.v3i8.rtp,3
air.convert.u.v3i16.u.v3i8.rtp.sat,3
air.convert.u.v3i32.f.v3f16.rte,3
air.convert.u.v3i32.f.v3f16.rte.sat,3
air.convert.u.v3i32.f.v3f16.rtn,3
air.convert.u.v3i32.f.v3f16.rtn.sat,3
air.convert.u.v3i32.f.v3f16.rtp,3
air.convert.u.v3i32.f.v3f16.rtp.sat,3
air.convert.u.v3i32.f.v3f32.rte,3
air.convert.u.v3i32.f.v3f32.rte.sat,3
air.convert.u.v3i32.f.v3f32.rtn,3
air.convert.u.v3i32.f.v3f32.rtn.sat,3
air.convert.u.v3i32.f.v3f32.rtp,3
air.convert.u.v3i32.f.v3f32.rtp.sat,3
air.convert.u.v3i32.f.v3f64.rte,3
air.convert.u.v3i32.f.v3f64.rte.sat,3
air.convert.u.v3i32.f.v3f64.rtn,3
air.convert.u.v3i32.f.v3f64.rtn.sat,3
air.convert.u.v3i32.f.v3f64.rtp,3
air.convert.u.v3i32.f.v3f64.rtp.sat,3
air.convert.u.v3i32.s.v3i16.rte,3
air.convert.u.v3i32.s.v3i16.rte.sat,3
air.convert.u.v3i32.s.v3i16.rtn,3
air.convert.u.v3i32.s.v3i16.rtn.sat,3
air.convert.u.v3i32.s.v3i16.rtp,3
air.convert.u.v3i32.s.v3i16.rtp.sat,3
air.convert.u.v3i32.s.v3i32.rte,3
air.convert.u.v3i32.s.v3i32.rte.sat,3
air.convert.u.v3i32.s.v3i32.rtn,3
air.convert.u.v3i32.s.v3i32.rtn.sat,3
air.convert.u.v3i32.s.v3i32.rtp,3
air.convert.u.v3i32.s.v3i32.rtp.sat,3
air.convert.u.v3i32.s.v3i64.rte,3
air.convert.u.v3i32.s.v3i64.rte.sat,3
air.convert.u.v3i32.s.v3i64.rtn,3
air.convert.u.v3i32.s.v3i64.rtn.sat,3
air.convert.u.v3i32.s.v3i64.rtp,3
air.convert.u.v3i32.s.v3i64.rtp.sat,3
air.convert.u.v3i32.s.v3i8.rte,3
air.convert.u.v3i32.s.v3i8.rte.sat,3
air.convert.u.v3i32.s.v3i8.rtn,3
air.convert.u.v3i32.s.v3i8.rtn.sat,3
air.convert.u.v3i32.s.v3i8.rtp,3
air.convert.u.v3i32.s.v3i8.rtp.sat,3
air.convert.u.v3i32.u.v3i16.rte,3
air.convert.u.v3i32.u.v3i16.rte.sat,3
air.convert.u.v3i32.u.v3i16.rtn,3
air.convert.u.v3i32.u.v3i16.rtn.sat,3
air.convert.u.v3i32.u.v3i16.rtp,3
air.convert.u.v3i32.u.v3i16.rtp.sat,3
air.convert.u.v3i32.u.v3i64.rte,3
air.convert.u.v3i32.u.v3i64.rte.sat,3
air.convert.u.v3i32.u.v3i64.rtn,3
air.convert.u.v3i32.u.v3i64.rtn.sat,3
air.convert.u.v3i32.u.v3i64.rtp,3
air.convert.u.v3i32.u.v3i64.rtp.sat,3
air.convert.u.v3i32.u.v3i8.rte,3
air.convert.u.v3i32.u.v3i8.rte.sat,3
air.convert.u.v3i32.u.v3i8.rtn,3
air.convert.u.v3i32.u.v3i8.rtn.sat,3
air.convert.u.v3i32.u.v3i8.rtp,3
air.convert.u.v3i32.u.v3i8.rtp.sat,3
air.convert.u.v3i64.f.v3f16.rte,3
air.convert.u.v3i64.f.v3f16.rte.sat,3
air.convert.u.v3i64.f.v3f16.rtn,3
air.convert.u.v3i64.f.v3f16.rtn.sat,3
air.convert.u.v3i64.f.v3f16.rtp,3
air.convert.u.v3i64.f.v3f16.rtp.sat,3
air.convert.u.v3i64.f.v3f32.rte,3
air.convert.u.v3i64.f.v3f32.rte.sat,3
air.convert.u.v3i64.f.v3f32.rtn,3
air.convert.u.v3i64.f.v3f32.rtn.sat,3
air.convert.u.v3i64.f.v3f32.rtp,3
air.convert.u.v3i64.f.v3f32.rtp.sat,3
air.convert.u.v3i64.f.v3f64.rte,3
air.convert.u.v3i64.f.v3f64.rte.sat,3
air.convert.u.v3i64.f.v3f64.rtn,3
air.convert.u.v3i64.f.v3f64.rtn.sat,3
air.convert.u.v3i64.f.v3f64.rtp,3
air.convert.u.v3i64.f.v3f64.rtp.sat,3
air.convert.u.v3i64.s.v3i16.rte,3
air.convert.u.v3i64.s.v3i16.rte.sat,3
air.convert.u.v3i64.s.v3i16.rtn,3
air.convert.u.v3i64.s.v3i16.rtn.sat,3
air.convert.u.v3i64.s.v3i16.rtp,3
air.convert.u.v3i64.s.v3i16.rtp.sat,3
air.convert.u.v3i64.s.v3i32.rte,3
air.convert.u.v3i64.s.v3i32.rte.sat,3
air.convert.u.v3i64.s.v3i32.rtn,3
air.convert.u.v3i64.s.v3i32.rtn.sat,3
air.convert.u.v3i64.s.v3i32.rtp,3
air.convert.u.v3i64.s.v3i32.rtp.sat,3
air.convert.u.v3i64.s.v3i64.rte,3
air.convert.u.v3i64.s.v3i64.rte.sat,3
air.convert.u.v3i64.s.v3i64.rtn,3
air.convert.u.v3i64.s.v3i64.rtn.sat,3
air.convert.u.v3i64.s.v3i64.rtp,3
air.convert.u.v3i64.s.v3i64.rtp.sat,3
air.convert.u.v3i64.s.v3i8.rte,3
air.convert.u.v3i64.s.v3i8.rte.sat,3
air.convert.u.v3i64.s.v3i8.rtn,3
air.convert.u.v3i64.s.v3i8.rtn.sat,3
air.convert.u.v3i64.s.v3i8.rtp,3
air.convert.u.v3i64.s.v3i8.rtp.sat,3
air.convert.u.v3i64.u.v3i16.rte,3
air.convert.u.v3i64.u.v3i16.rte.sat,3
air.convert.u.v3i64.u.v3i16.rtn,3
air.convert.u.v3i64.u.v3i16.rtn.sat,3
air.convert.u.v3i64.u.v3i16.rtp,3
air.convert.u.v3i64.u.v3i16.rtp.sat,3
air.convert.u.v3i64.u.v3i32.rte,3
air.convert.u.v3i64.u.v3i32.rte.sat,3
air.convert.u.v3i64.u.v3i32.rtn,3
air.convert.u.v3i64.u.v3i32.rtn.sat,3
air.convert.u.v3i64.u.v3i32.rtp,3
air.convert.u.v3i64.u.v3i32.rtp.sat,3
air.convert.u.v3i64.u.v3i8.rte,3
air.convert.u.v3i64.u.v3i8.rte.sat,3
air.convert.u.v3i64.u.v3i8.rtn,3
air.convert.u.v3i64.u.v3i8.rtn.sat,3
air.convert.u.v3i64.u.v3i8.rtp,3
air.convert.u.v3i64.u.v3i8.rtp.sat,3
air.convert.u.v3i8.f.v3f16.rte,3
air.convert.u.v3i8.f.v3f16.rte.sat,3
air.convert.u.v3i8.f.v3f16.rtn,3
air.convert.u.v3i8.f.v3f16.rtn.sat,3
air.convert.u.v3i8.f.v3f16.rtp,3
air.convert.u.v3i8.f.v3f16.rtp.sat,3
air.convert.u.v3i8.f.v3f32.rte,3
air.convert.u.v3i8.f.v3f32.rte.sat,3
air.convert.u.v3i8.f.v3f32.rtn,3
air.convert.u.v3i8.f.v3f32.rtn.sat,3
air.convert.u.v3i8.f.v3f32.rtp,3
air.convert.u.v3i8.f.v3f32.rtp.sat,3
air.convert.u.v3i8.f.v3f64.rte,3
air.convert.u.v3i8.f.v3f64.rte.sat,3
air.convert.u.v3i8.f.v3f64.rtn,3
air.convert.u.v3i8.f.v3f64.rtn.sat,3
air.convert.u.v3i8.f.v3f64.rtp,3
air.convert.u.v3i8.f.v3f64.rtp.sat,3
air.convert.u.v3i8.s.v3i16.rte,3
air.convert.u.v3i8.s.v3i16.rte.sat,3
air.convert.u.v3i8.s.v3i16.rtn,3
air.convert.u.v3i8.s.v3i16.rtn.sat,3
air.convert.u.v3i8.s.v3i16.rtp,3
air.convert.u.v3i8.s.v3i16.rtp.sat,3
air.convert.u.v3i8.s.v3i32.rte,3
air.convert.u.v3i8.s.v3i32.rte.sat,3
air.convert.u.v3i8.s.v3i32.rtn,3
air.convert.u.v3i8.s.v3i32.rtn.sat,3
air.convert.u.v3i8.s.v3i32.rtp,3
air.convert.u.v3i8.s.v3i32.rtp.sat,3
air.convert.u.v3i8.s.v3i64.rte,3
air.convert.u.v3i8.s.v3i64.rte.sat,3
air.convert.u.v3i8.s.v3i64.rtn,3
air.convert.u.v3i8.s.v3i64.rtn.sat,3
air.convert.u.v3i8.s.v3i64.rtp,3
air.convert.u.v3i8.s.v3i64.rtp.sat,3
air.convert.u.v3i8.s.v3i8.rte,3
air.convert.u.v3i8.s.v3i8.rte.sat,3
air.convert.u.v3i8.s.v3i8.rtn,3
air.convert.u.v3i8.s.v3i8.rtn.sat,3
air.convert.u.v3i8.s.v3i8.rtp,3
air.convert.u.v3i8.s.v3i8.rtp.sat,3
air.convert.u.v3i8.u.v3i16.rte,3
air.convert.u.v3i8.u.v3i16.rte.sat,3
air.convert.u.v3i8.u.v3i16.rtn,3
air.convert.u.v3i8.u.v3i16.rtn.sat,3
air.convert.u.v3i8.u.v3i16.rtp,3
air.convert.u.v3i8.u.v3i16.rtp.sat,3
air.convert.u.v3i8.u.v3i32.rte,3
air.convert.u.v3i8.u.v3i32.rte.sat,3
air.convert.u.v3i8.u.v3i32.rtn,3
air.convert.u.v3i8.u.v3i32.rtn.sat,3
air.convert.u.v3i8.u.v3i32.rtp,3
air.convert.u.v3i8.u.v3i32.rtp.sat,3
air.convert.u.v3i8.u.v3i64.rte,3
air.convert.u.v3i8.u.v3i64.rte.sat,3
air.convert.u.v3i8.u.v3i64.rtn,3
air.convert.u.v3i8.u.v3i64.rtn.sat,3
air.convert.u.v3i8.u.v3i64.rtp,3
air.convert.u.v3i8.u.v3i64.rtp.sat,3
air.convert.u.v4i1.s.v4i16,3
air.convert.u.v4i1.s.v4i32,3
air.convert.u.v4i1.s.v4i64,3
air.convert.u.v4i16.f.v4f16.rte,3
air.convert.u.v4i16.f.v4f16.rte.sat,3
air.convert.u.v4i16.f.v4f16.rtn,3
air.convert.u.v4i16.f.v4f16.rtn.sat,3
air.convert.u.v4i16.f.v4f16.rtp,3
air.convert.u.v4i16.f.v4f16.rtp.sat,3
air.convert.u.v4i16.f.v4f32.rte,3
air.convert.u.v4i16.f.v4f32.rte.sat,3
air.convert.u.v4i16.f.v4f32.rtn,3
air.convert.u.v4i16.f.v4f32.rtn.sat,3
air.convert.u.v4i16.f.v4f32.rtp,3
air.convert.u.v4i16.f.v4f32.rtp.sat,3
air.convert.u.v4i16.f.v4f64.rte,3
air.convert.u.v4i16.f.v4f64.rte.sat,3
air.convert.u.v4i16.f.v4f64.rtn,3
air.convert.u.v4i16.f.v4f64.rtn.sat,3
air.convert.u.v4i16.f.v4f64.rtp,3
air.convert.u.v4i16.f.v4f64.rtp.sat,3
air.convert.u.v4i16.s.v4i16.rte,3
air.convert.u.v4i16.s.v4i16.rte.sat,3
air.convert.u.v4i16.s.v4i16.rtn,3
air.convert.u.v4i16.s.v4i16.rtn.sat,3
air.convert.u.v4i16.s.v4i16.rtp,3
air.convert.u.v4i16.s.v4i16.rtp.sat,3
air.convert.u.v4i16.s.v4i32.rte,3
air.convert.u.v4i16.s.v4i32.rte.sat,3
air.convert.u.v4i16.s.v4i32.rtn,3
air.convert.u.v4i16.s.v4i32.rtn.sat,3
air.convert.u.v4i16.s.v4i32.rtp,3
air.convert.u.v4i16.s.v4i32.rtp.sat,3
air.convert.u.v4i16.s.v4i64.rte,3
air.convert.u.v4i16.s.v4i64.rte.sat,3
air.convert.u.v4i16.s.v4i64.rtn,3
air.convert.u.v4i16.s.v4i64.rtn.sat,3
air.convert.u.v4i16.s.v4i64.rtp,3
air.convert.u.v4i16.s.v4i64.rtp.sat,3
air.convert.u.v4i16.s.v4i8.rte,3
air.convert.u.v4i16.s.v4i8.rte.sat,3
air.convert.u.v4i16.s.v4i8.rtn,3
air.convert.u.v4i16.s.v4i8.rtn.sat,3
air.convert.u.v4i16.s.v4i8.rtp,3
air.convert.u.v4i16.s.v4i8.rtp.sat,3
air.convert.u.v4i16.u.v4i32.rte,3
air.convert.u.v4i16.u.v4i32.rte.sat,3
air.convert.u.v4i16.u.v4i32.rtn,3
air.convert.u.v4i16.u.v4i32.rtn.sat,3
air.convert.u.v4i16.u.v4i32.rtp,3
air.convert.u.v4i16.u.v4i32.rtp.sat,3
air.convert.u.v4i16.u.v4i64.rte,3
air.convert.u.v4i16.u.v4i64.rte.sat,3
air.convert.u.v4i16.u.v4i64.rtn,3
air.convert.u.v4i16.u.v4i64.rtn.sat,3
air.convert.u.v4i16.u.v4i64.rtp,3
air.convert.u.v4i16.u.v4i64.rtp.sat,3
air.convert.u.v4i16.u.v4i8.rte,3
air.convert.u.v4i16.u.v4i8.rte.sat,3
air.convert.u.v4i16.u.v4i8.rtn,3
air.convert.u.v4i16.u.v4i8.rtn.sat,3
air.convert.u.v4i16.u.v4i8.rtp,3
air.convert.u.v4i16.u.v4i8.rtp.sat,3
air.convert.u.v4i32.f.v4f16.rte,3
air.convert.u.v4i32.f.v4f16.rte.sat,3
air.convert.u.v4i32.f.v4f16.rtn,3
air.convert.u.v4i32.f.v4f16.rtn.sat,3
air.convert.u.v4i32.f.v4f16.rtp,3
air.convert.u.v4i32.f.v4f16.rtp.sat,3
air.convert.u.v4i32.f.v4f32.rte,3
air.convert.u.v4i32.f.v4f32.rte.sat,3
air.convert.u.v4i32.f.v4f32.rtn,3
air.convert.u.v4i32.f.v4f32.rtn.sat,3
air.convert.u.v4i32.f.v4f32.rtp,3
air.convert.u.v4i32.f.v4f32.rtp.sat,3
air.convert.u.v4i32.f.v4f64.rte,3
air.convert.u.v4i32.f.v4f64.rte.sat,3
air.convert.u.v4i32.f.v4f64.rtn,3
air.convert.u.v4i32.f.v4f64.rtn.sat,3
air.convert.u.v4i32.f.v4f64.rtp,3
air.convert.u.v4i32.f.v4f64.rtp.sat,3
air.convert.u.v4i32.s.v4i16.rte,3
air.convert.u.v4i32.s.v4i16.rte.sat,3
air.convert.u.v4i32.s.v4i16.rtn,3
air.convert.u.v4i32.s.v4i16.rtn.sat,3
air.convert.u.v4i32.s.v4i16.rtp,3
air.convert.u.v4i32.s.v4i16.rtp.sat,3
air.convert.u.v4i32.s.v4i32.rte,3
air.convert.u.v4i32.s.v4i32.rte.sat,3
air.convert.u.v4i32.s.v4i32.rtn,3
air.convert.u.v4i32.s.v4i32.rtn.sat,3
air.convert.u.v4i32.s.v4i32.rtp,3
air.convert.u.v4i32.s.v4i32.rtp.sat,3
air.convert.u.v4i32.s.v4i64.rte,3
air.convert.u.v4i32.s.v4i64.rte.sat,3
air.convert.u.v4i32.s.v4i64.rtn,3
air.convert.u.v4i32.s.v4i64.rtn.sat,3
air.convert.u.v4i32.s.v4i64.rtp,3
air.convert.u.v4i32.s.v4i64.rtp.sat,3
air.convert.u.v4i32.s.v4i8.rte,3
air.convert.u.v4i32.s.v4i8.rte.sat,3
air.convert.u.v4i32.s.v4i8.rtn,3
air.convert.u.v4i32.s.v4i8.rtn.sat,3
air.convert.u.v4i32.s.v4i8.rtp,3
air.convert.u.v4i32.s.v4i8.rtp.sat,3
air.convert.u.v4i32.u.v4i16.rte,3
air.convert.u.v4i32.u.v4i16.rte.sat,3
air.convert.u.v4i32.u.v4i16.rtn,3
air.convert.u.v4i32.u.v4i16.rtn.sat,3
air.convert.u.v4i32.u.v4i16.rtp,3
air.convert.u.v4i32.u.v4i16.rtp.sat,3
air.convert.u.v4i32.u.v4i64.rte,3
air.convert.u.v4i32.u.v4i64.rte.sat,3
air.convert.u.v4i32.u.v4i64.rtn,3
air.convert.u.v4i32.u.v4i64.rtn.sat,3
air.convert.u.v4i32.u.v4i64.rtp,3
air.convert.u.v4i32.u.v4i64.rtp.sat,3
air.convert.u.v4i32.u.v4i8.rte,3
air.convert.u.v4i32.u.v4i8.rte.sat,3
air.convert.u.v4i32.u.v4i8.rtn,3
air.convert.u.v4i32.u.v4i8.rtn.sat,3
air.convert.u.v4i32.u.v4i8.rtp,3
air.convert.u.v4i32.u.v4i8.rtp.sat,3
air.convert.u.v4i64.f.v4f16.rte,3
air.convert.u.v4i64.f.v4f16.rte.sat,3
air.convert.u.v4i64.f.v4f16.rtn,3
air.convert.u.v4i64.f.v4f16.rtn.sat,3
air.convert.u.v4i64.f.v4f16.rtp,3
air.convert.u.v4i64.f.v4f16.rtp.sat,3
air.convert.u.v4i64.f.v4f32.rte,3
air.convert.u.v4i64.f.v4f32.rte.sat,3
air.convert.u.v4i64.f.v4f32.rtn,3
air.convert.u.v4i64.f.v4f32.rtn.sat,3
air.convert.u.v4i64.f.v4f32.rtp,3
air.convert.u.v4i64.f.v4f32.rtp.sat,3
air.convert.u.v4i64.f.v4f64.rte,3
air.convert.u.v4i64.f.v4f64.rte.sat,3
air.convert.u.v4i64.f.v4f64.rtn,3
air.convert.u.v4i64.f.v4f64.rtn.sat,3
air.convert.u.v4i64.f.v4f64.rtp,3
air.convert.u.v4i64.f.v4f64.rtp.sat,3
air.convert.u.v4i64.s.v4i16.rte,3
air.convert.u.v4i64.s.v4i16.rte.sat,3
air.convert.u.v4i64.s.v4i16.rtn,3
air.convert.u.v4i64.s.v4i16.rtn.sat,3
air.convert.u.v4i64.s.v4i16.rtp,3
air.convert.u.v4i64.s.v4i16.rtp.sat,3
air.convert.u.v4i64.s.v4i32.rte,3
air.convert.u.v4i64.s.v4i32.rte.sat,3
air.convert.u.v4i64.s.v4i32.rtn,3
air.convert.u.v4i64.s.v4i32.rtn.sat,3
air.convert.u.v4i64.s.v4i32.rtp,3
air.convert.u.v4i64.s.v4i32.rtp.sat,3
air.convert.u.v4i64.s.v4i64.rte,3
air.convert.u.v4i64.s.v4i64.rte.sat,3
air.convert.u.v4i64.s.v4i64.rtn,3
air.convert.u.v4i64.s.v4i64.rtn.sat,3
air.convert.u.v4i64.s.v4i64.rtp,3
air.convert.u.v4i64.s.v4i64.rtp.sat,3
air.convert.u.v4i64.s.v4i8.rte,3
air.convert.u.v4i64.s.v4i8.rte.sat,3
air.convert.u.v4i64.s.v4i8.rtn,3
air.convert.u.v4i64.s.v4i8.rtn.sat,3
air.convert.u.v4i64.s.v4i8.rtp,3
air.convert.u.v4i64.s.v4i8.rtp.sat,3
air.convert.u.v4i64.u.v4i16.rte,3
air.convert.u.v4i64.u.v4i16.rte.sat,3
air.convert.u.v4i64.u.v4i16.rtn,3
air.convert.u.v4i64.u.v4i16.rtn.sat,3
air.convert.u.v4i64.u.v4i16.rtp,3
air.convert.u.v4i64.u.v4i16.rtp.sat,3
air.convert.u.v4i64.u.v4i32.rte,3
air.convert.u.v4i64.u.v4i32.rte.sat,3
air.convert.u.v4i64.u.v4i32.rtn,3
air.convert.u.v4i64.u.v4i32.rtn.sat,3
air.convert.u.v4i64.u.v4i32.rtp,3
air.convert.u.v4i64.u.v4i32.rtp.sat,3
air.convert.u.v4i64.u.v4i8.rte,3
air.convert.u.v4i64.u.v4i8.rte.sat,3
air.convert.u.v4i64.u.v4i8.rtn,3
air.convert.u.v4i64.u.v4i8.rtn.sat,3
air.convert.u.v4i64.u.v4i8.rtp,3
air.convert.u.v4i64.u.v4i8.rtp.sat,3
air.convert.u.v4i8.f.v4f16.rte,3
air.convert.u.v4i8.f.v4f16.rte.sat,3
air.convert.u.v4i8.f.v4f16.rtn,3
air.convert.u.v4i8.f.v4f16.rtn.sat,3
air.convert.u.v4i8.f.v4f16.rtp,3
air.convert.u.v4i8.f.v4f16.rtp.sat,3
air.convert.u.v4i8.f.v4f32.rte,3
air.convert.u.v4i8.f.v4f32.rte.sat,3
air.convert.u.v4i8.f.v4f32.rtn,3
air.convert.u.v4i8.f.v4f32.rtn.sat,3
air.convert.u.v4i8.f.v4f32.rtp,3
air.convert.u.v4i8.f.v4f32.rtp.sat,3
air.convert.u.v4i8.f.v4f64.rte,3
air.convert.u.v4i8.f.v4f64.rte.sat,3
air.convert.u.v4i8.f.v4f64.rtn,3
air.convert.u.v4i8.f.v4f64.rtn.sat,3
air.convert.u.v4i8.f.v4f64.rtp,3
air.convert.u.v4i8.f.v4f64.rtp.sat,3
air.convert.u.v4i8.s.v4i16.rte,3
air.convert.u.v4i8.s.v4i16.rte.sat,3
air.convert.u.v4i8.s.v4i16.rtn,3
air.convert.u.v4i8.s.v4i16.rtn.sat,3
air.convert.u.v4i8.s.v4i16.rtp,3
air.convert.u.v4i8.s.v4i16.rtp.sat,3
air.convert.u.v4i8.s.v4i32.rte,3
air.convert.u.v4i8.s.v4i32.rte.sat,3
air.convert.u.v4i8.s.v4i32.rtn,3
air.convert.u.v4i8.s.v4i32.rtn.sat,3
air.convert.u.v4i8.s.v4i32.rtp,3
air.convert.u.v4i8.s.v4i32.rtp.sat,3
air.convert.u.v4i8.s.v4i64.rte,3
air.convert.u.v4i8.s.v4i64.rte.sat,3
air.convert.u.v4i8.s.v4i64.rtn,3
air.convert.u.v4i8.s.v4i64.rtn.sat,3
air.convert.u.v4i8.s.v4i64.rtp,3
air.convert.u.v4i8.s.v4i64.rtp.sat,3
air.convert.u.v4i8.s.v4i8.rte,3
air.convert.u.v4i8.s.v4i8.rte.sat,3
air.convert.u.v4i8.s.v4i8.rtn,3
air.convert.u.v4i8.s.v4i8.rtn.sat,3
air.convert.u.v4i8.s.v4i8.rtp,3
air.convert.u.v4i8.s.v4i8.rtp.sat,3
air.convert.u.v4i8.u.v4i16.rte,3
air.convert.u.v4i8.u.v4i16.rte.sat,3
air.convert.u.v4i8.u.v4i16.rtn,3
air.convert.u.v4i8.u.v4i16.rtn.sat,3
air.convert.u.v4i8.u.v4i16.rtp,3
air.convert.u.v4i8.u.v4i16.rtp.sat,3
air.convert.u.v4i8.u.v4i32.rte,3
air.convert.u.v4i8.u.v4i32.rte.sat,3
air.convert.u.v4i8.u.v4i32.rtn,3
air.convert.u.v4i8.u.v4i32.rtn.sat,3
air.convert.u.v4i8.u.v4i32.rtp,3
air.convert.u.v4i8.u.v4i32.rtp.sat,3
air.convert.u.v4i8.u.v4i64.rte,3
air.convert.u.v4i8.u.v4i64.rte.sat,3
air.convert.u.v4i8.u.v4i64.rtn,3
air.convert.u.v4i8.u.v4i64.rtn.sat,3
air.convert.u.v4i8.u.v4i64.rtp,3
air.convert.u.v4i8.u.v4i64.rtp.sat,3
air.convert.u.v8i16.f.v8f16.rte,3
air.convert.u.v8i16.f.v8f16.rte.sat,3
air.convert.u.v8i16.f.v8f16.rtn,3
air.convert.u.v8i16.f.v8f16.rtn.sat,3
air.convert.u.v8i16.f.v8f16.rtp,3
air.convert.u.v8i16.f.v8f16.rtp.sat,3
air.convert.u.v8i16.f.v8f32.rte,3
air.convert.u.v8i16.f.v8f32.rte.sat,3
air.convert.u.v8i16.f.v8f32.rtn,3
air.convert.u.v8i16.f.v8f32.rtn.sat,3
air.convert.u.v8i16.f.v8f32.rtp,3
air.convert.u.v8i16.f.v8f32.rtp.sat,3
air.convert.u.v8i16.f.v8f64.rte,3
air.convert.u.v8i16.f.v8f64.rte.sat,3
air.convert.u.v8i16.f.v8f64.rtn,3
air.convert.u.v8i16.f.v8f64.rtn.sat,3
air.convert.u.v8i16.f.v8f64.rtp,3
air.convert.u.v8i16.f.v8f64.rtp.sat,3
air.convert.u.v8i16.s.v8i16.rte,3
air.convert.u.v8i16.s.v8i16.rte.sat,3
air.convert.u.v8i16.s.v8i16.rtn,3
air.convert.u.v8i16.s.v8i16.rtn.sat,3
air.convert.u.v8i16.s.v8i16.rtp,3
air.convert.u.v8i16.s.v8i16.rtp.sat,3
air.convert.u.v8i16.s.v8i32.rte,3
air.convert.u.v8i16.s.v8i32.rte.sat,3
air.convert.u.v8i16.s.v8i32.rtn,3
air.convert.u.v8i16.s.v8i32.rtn.sat,3
air.convert.u.v8i16.s.v8i32.rtp,3
air.convert.u.v8i16.s.v8i32.rtp.sat,3
air.convert.u.v8i16.s.v8i64.rte,3
air.convert.u.v8i16.s.v8i64.rte.sat,3
air.convert.u.v8i16.s.v8i64.rtn,3
air.convert.u.v8i16.s.v8i64.rtn.sat,3
air.convert.u.v8i16.s.v8i64.rtp,3
air.convert.u.v8i16.s.v8i64.rtp.sat,3
air.convert.u.v8i16.s.v8i8.rte,3
air.convert.u.v8i16.s.v8i8.rte.sat,3
air.convert.u.v8i16.s.v8i8.rtn,3
air.convert.u.v8i16.s.v8i8.rtn.sat,3
air.convert.u.v8i16.s.v8i8.rtp,3
air.convert.u.v8i16.s.v8i8.rtp.sat,3
air.convert.u.v8i16.u.v8i32.rte,3
air.convert.u.v8i16.u.v8i32.rte.sat,3
air.convert.u.v8i16.u.v8i32.rtn,3
air.convert.u.v8i16.u.v8i32.rtn.sat,3
air.convert.u.v8i16.u.v8i32.rtp,3
air.convert.u.v8i16.u.v8i32.rtp.sat,3
air.convert.u.v8i16.u.v8i64.rte,3
air.convert.u.v8i16.u.v8i64.rte.sat,3
air.convert.u.v8i16.u.v8i64.rtn,3
air.convert.u.v8i16.u.v8i64.rtn.sat,3
air.convert.u.v8i16.u.v8i64.rtp,3
air.convert.u.v8i16.u.v8i64.rtp.sat,3
air.convert.u.v8i16.u.v8i8.rte,3
air.convert.u.v8i16.u.v8i8.rte.sat,3
air.convert.u.v8i16.u.v8i8.rtn,3
air.convert.u.v8i16.u.v8i8.rtn.sat,3
air.convert.u.v8i16.u.v8i8.rtp,3
air.convert.u.v8i16.u.v8i8.rtp.sat,3
air.convert.u.v8i32.f.v8f16.rte,3
air.convert.u.v8i32.f.v8f16.rte.sat,3
air.convert.u.v8i32.f.v8f16.rtn,3
air.convert.u.v8i32.f.v8f16.rtn.sat,3
air.convert.u.v8i32.f.v8f16.rtp,3
air.convert.u.v8i32.f.v8f16.rtp.sat,3
air.convert.u.v8i32.f.v8f32.rte,3
air.convert.u.v8i32.f.v8f32.rte.sat,3
air.convert.u.v8i32.f.v8f32.rtn,3
air.convert.u.v8i32.f.v8f32.rtn.sat,3
air.convert.u.v8i32.f.v8f32.rtp,3
air.convert.u.v8i32.f.v8f32.rtp.sat,3
air.convert.u.v8i32.f.v8f64.rte,3
air.convert.u.v8i32.f.v8f64.rte.sat,3
air.convert.u.v8i32.f.v8f64.rtn,3
air.convert.u.v8i32.f.v8f64.rtn.sat,3
air.convert.u.v8i32.f.v8f64.rtp,3
air.convert.u.v8i32.f.v8f64.rtp.sat,3
air.convert.u.v8i32.s.v8i16.rte,3
air.convert.u.v8i32.s.v8i16.rte.sat,3
air.convert.u.v8i32.s.v8i16.rtn,3
air.convert.u.v8i32.s.v8i16.rtn.sat,3
air.convert.u.v8i32.s.v8i16.rtp,3
air.convert.u.v8i32.s.v8i16.rtp.sat,3
air.convert.u.v8i32.s.v8i32.rte,3
air.convert.u.v8i32.s.v8i32.rte.sat,3
air.convert.u.v8i32.s.v8i32.rtn,3
air.convert.u.v8i32.s.v8i32.rtn.sat,3
air.convert.u.v8i32.s.v8i32.rtp,3
air.convert.u.v8i32.s.v8i32.rtp.sat,3
air.convert.u.v8i32.s.v8i64.rte,3
air.convert.u.v8i32.s.v8i64.rte.sat,3
air.convert.u.v8i32.s.v8i64.rtn,3
air.convert.u.v8i32.s.v8i64.rtn.sat,3
air.convert.u.v8i32.s.v8i64.rtp,3
air.convert.u.v8i32.s.v8i64.rtp.sat,3
air.convert.u.v8i32.s.v8i8.rte,3
air.convert.u.v8i32.s.v8i8.rte.sat,3
air.convert.u.v8i32.s.v8i8.rtn,3
air.convert.u.v8i32.s.v8i8.rtn.sat,3
air.convert.u.v8i32.s.v8i8.rtp,3
air.convert.u.v8i32.s.v8i8.rtp.sat,3
air.convert.u.v8i32.u.v8i16.rte,3
air.convert.u.v8i32.u.v8i16.rte.sat,3
air.convert.u.v8i32.u.v8i16.rtn,3
air.convert.u.v8i32.u.v8i16.rtn.sat,3
air.convert.u.v8i32.u.v8i16.rtp,3
air.convert.u.v8i32.u.v8i16.rtp.sat,3
air.convert.u.v8i32.u.v8i64.rte,3
air.convert.u.v8i32.u.v8i64.rte.sat,3
air.convert.u.v8i32.u.v8i64.rtn,3
air.convert.u.v8i32.u.v8i64.rtn.sat,3
air.convert.u.v8i32.u.v8i64.rtp,3
air.convert.u.v8i32.u.v8i64.rtp.sat,3
air.convert.u.v8i32.u.v8i8.rte,3
air.convert.u.v8i32.u.v8i8.rte.sat,3
air.convert.u.v8i32.u.v8i8.rtn,3
air.convert.u.v8i32.u.v8i8.rtn.sat,3
air.convert.u.v8i32.u.v8i8.rtp,3
air.convert.u.v8i32.u.v8i8.rtp.sat,3
air.convert.u.v8i64.f.v8f16.rte,3
air.convert.u.v8i64.f.v8f16.rte.sat,3
air.convert.u.v8i64.f.v8f16.rtn,3
air.convert.u.v8i64.f.v8f16.rtn.sat,3
air.convert.u.v8i64.f.v8f16.rtp,3
air.convert.u.v8i64.f.v8f16.rtp.sat,3
air.convert.u.v8i64.f.v8f32.rte,3
air.convert.u.v8i64.f.v8f32.rte.sat,3
air.convert.u.v8i64.f.v8f32.rtn,3
air.convert.u.v8i64.f.v8f32.rtn.sat,3
air.convert.u.v8i64.f.v8f32.rtp,3
air.convert.u.v8i64.f.v8f32.rtp.sat,3
air.convert.u.v8i64.f.v8f64.rte,3
air.convert.u.v8i64.f.v8f64.rte.sat,3
air.convert.u.v8i64.f.v8f64.rtn,3
air.convert.u.v8i64.f.v8f64.rtn.sat,3
air.convert.u.v8i64.f.v8f64.rtp,3
air.convert.u.v8i64.f.v8f64.rtp.sat,3
air.convert.u.v8i64.s.v8i16.rte,3
air.convert.u.v8i64.s.v8i16.rte.sat,3
air.convert.u.v8i64.s.v8i16.rtn,3
air.convert.u.v8i64.s.v8i16.rtn.sat,3
air.convert.u.v8i64.s.v8i16.rtp,3
air.convert.u.v8i64.s.v8i16.rtp.sat,3
air.convert.u.v8i64.s.v8i32.rte,3
air.convert.u.v8i64.s.v8i32.rte.sat,3
air.convert.u.v8i64.s.v8i32.rtn,3
air.convert.u.v8i64.s.v8i32.rtn.sat,3
air.convert.u.v8i64.s.v8i32.rtp,3
air.convert.u.v8i64.s.v8i32.rtp.sat,3
air.convert.u.v8i64.s.v8i64.rte,3
air.convert.u.v8i64.s.v8i64.rte.sat,3
air.convert.u.v8i64.s.v8i64.rtn,3
air.convert.u.v8i64.s.v8i64.rtn.sat,3
air.convert.u.v8i64.s.v8i64.rtp,3
air.convert.u.v8i64.s.v8i64.rtp.sat,3
air.convert.u.v8i64.s.v8i8.rte,3
air.convert.u.v8i64.s.v8i8.rte.sat,3
air.convert.u.v8i64.s.v8i8.rtn,3
air.convert.u.v8i64.s.v8i8.rtn.sat,3
air.convert.u.v8i64.s.v8i8.rtp,3
air.convert.u.v8i64.s.v8i8.rtp.sat,3
air.convert.u.v8i64.u.v8i16.rte,3
air.convert.u.v8i64.u.v8i16.rte.sat,3
air.convert.u.v8i64.u.v8i16.rtn,3
air.convert.u.v8i64.u.v8i16.rtn.sat,3
air.convert.u.v8i64.u.v8i16.rtp,3
air.convert.u.v8i64.u.v8i16.rtp.sat,3
air.convert.u.v8i64.u.v8i32.rte,3
air.convert.u.v8i64.u.v8i32.rte.sat,3
air.convert.u.v8i64.u.v8i32.rtn,3
air.convert.u.v8i64.u.v8i32.rtn.sat,3
air.convert.u.v8i64.u.v8i32.rtp,3
air.convert.u.v8i64.u.v8i32.rtp.sat,3
air.convert.u.v8i64.u.v8i8.rte,3
air.convert.u.v8i64.u.v8i8.rte.sat,3
air.convert.u.v8i64.u.v8i8.rtn,3
air.convert.u.v8i64.u.v8i8.rtn.sat,3
air.convert.u.v8i64.u.v8i8.rtp,3
air.convert.u.v8i64.u.v8i8.rtp.sat,3
air.convert.u.v8i8.f.v8f16.rte,3
air.convert.u.v8i8.f.v8f16.rte.sat,3
air.convert.u.v8i8.f.v8f16.rtn,3
air.convert.u.v8i8.f.v8f16.rtn.sat,3
air.convert.u.v8i8.f.v8f16.rtp,3
air.convert.u.v8i8.f.v8f16.rtp.sat,3
air.convert.u.v8i8.f.v8f32.rte,3
air.convert.u.v8i8.f.v8f32.rte.sat,3
air.convert.u.v8i8.f.v8f32.rtn,3
air.convert.u.v8i8.f.v8f32.rtn.sat,3
air.convert.u.v8i8.f.v8f32.rtp,3
air.convert.u.v8i8.f.v8f32.rtp.sat,3
air.convert.u.v8i8.f.v8f64.rte,3
air.convert.u.v8i8.f.v8f64.rte.sat,3
air.convert.u.v8i8.f.v8f64.rtn,3
air.convert.u.v8i8.f.v8f64.rtn.sat,3
air.convert.u.v8i8.f.v8f64.rtp,3
air.convert.u.v8i8.f.v8f64.rtp.sat,3
air.convert.u.v8i8.s.v8i16.rte,3
air.convert.u.v8i8.s.v8i16.rte.sat,3
air.convert.u.v8i8.s.v8i16.rtn,3
air.convert.u.v8i8.s.v8i16.rtn.sat,3
air.convert.u.v8i8.s.v8i16.rtp,3
air.convert.u.v8i8.s.v8i16.rtp.sat,3
air.convert.u.v8i8.s.v8i32.rte,3
air.convert.u.v8i8.s.v8i32.rte.sat,3
air.convert.u.v8i8.s.v8i32.rtn,3
air.convert.u.v8i8.s.v8i32.rtn.sat,3
air.convert.u.v8i8.s.v8i32.rtp,3
air.convert.u.v8i8.s.v8i32.rtp.sat,3
air.convert.u.v8i8.s.v8i64.rte,3
air.convert.u.v8i8.s.v8i64.rte.sat,3
air.convert.u.v8i8.s.v8i64.rtn,3
air.convert.u.v8i8.s.v8i64.rtn.sat,3
air.convert.u.v8i8.s.v8i64.rtp,3
air.convert.u.v8i8.s.v8i64.rtp.sat,3
air.convert.u.v8i8.s.v8i8.rte,3
air.convert.u.v8i8.s.v8i8.rte.sat,3
air.convert.u.v8i8.s.v8i8.rtn,3
air.convert.u.v8i8.s.v8i8.rtn.sat,3
air.convert.u.v8i8.s.v8i8.rtp,3
air.convert.u.v8i8.s.v8i8.rtp.sat,3
air.convert.u.v8i8.u.v8i16.rte,3
air.convert.u.v8i8.u.v8i16.rte.sat,3
air.convert.u.v8i8.u.v8i16.rtn,3
air.convert.u.v8i8.u.v8i16.rtn.sat,3
air.convert.u.v8i8.u.v8i16.rtp,3
air.convert.u.v8i8.u.v8i16.rtp.sat,3
air.convert.u.v8i8.u.v8i32.rte,3
air.convert.u.v8i8.u.v8i32.rte.sat,3
air.convert.u.v8i8.u.v8i32.rtn,3
air.convert.u.v8i8.u.v8i32.rtn.sat,3
air.convert.u.v8i8.u.v8i32.rtp,3
air.convert.u.v8i8.u.v8i32.rtp.sat,3
air.convert.u.v8i8.u.v8i64.rte,3
air.convert.u.v8i8.u.v8i64.rte.sat,3
air.convert.u.v8i8.u.v8i64.rtn,3
air.convert.u.v8i8.u.v8i64.rtn.sat,3
air.convert.u.v8i8.u.v8i64.rtp,3
air.convert.u.v8i8.u.v8i64.rtp.sat,3
air.cos.f32,3
air.cos.v16f32,3
air.cos.v2f32,3
air.cos.v3f32,3
air.cos.v4f32,3
air.cos.v8f32,3
air.cosh.f32,3
air.cosh.v16f32,3
air.cosh.v2f32,3
air.cosh.v3f32,3
air.cosh.v4f32,3
air.cosh.v8f32,3
air.cospi.f32,3
air.cospi.v16f32,3
air.cospi.v2f32,3
air.cospi.v3f32,3
air.cospi.v4f32,3
air.cospi.v8f32,3
air.dyld_flat_table,3
air.exp.v16f32,3
air.exp.v2f32,3
air.exp.v3f32,3
air.exp.v4f32,3
air.exp.v8f32,3
air.exp10.f32,3
air.exp10.v16f32,3
air.exp10.v2f32,3
air.exp10.v3f32,3
air.exp10.v4f32,3
air.exp10.v8f32,3
air.exp2.f32,3
air.exp2.v16f32,3
air.exp2.v2f32,3
air.exp2.v3f32,3
air.exp2.v4f32,3
air.exp2.v8f32,3
air.fast_acos.f32,3
air.fast_acos.v2f32,3
air.fast_acos.v3f32,3
air.fast_acos.v4f32,3
air.fast_acos.v8f32,3
air.fast_acosh.f32,3
air.fast_acosh.v2f32,3
air.fast_acosh.v3f32,3
air.fast_acosh.v4f32,3
air.fast_acosh.v8f32,3
air.fast_asin.f32,3
air.fast_asin.v2f32,3
air.fast_asin.v3f32,3
air.fast_asin.v4f32,3
air.fast_asin.v8f32,3
air.fast_asinh.f32,3
air.fast_asinh.v2f32,3
air.fast_asinh.v3f32,3
air.fast_asinh.v4f32,3
air.fast_asinh.v8f32,3
air.fast_atan.f32,3
air.fast_atan.v2f32,3
air.fast_atan.v3f32,3
air.fast_atan.v4f32,3
air.fast_atan.v8f32,3
air.fast_atan2.f32,3
air.fast_atan2.v2f32,3
air.fast_atan2.v3f32,3
air.fast_atan2.v4f32,3
air.fast_atan2.v8f32,3
air.fast_atanh.f32,3
air.fast_atanh.v2f32,3
air.fast_atanh.v3f32,3
air.fast_atanh.v4f32,3
air.fast_atanh.v8f32,3
air.fast_ceil.f32,3
air.fast_ceil.v2f32,3
air.fast_ceil.v3f32,3
air.fast_ceil.v4f32,3
air.fast_ceil.v8f32,3
air.fast_cos.f32,3
air.fast_cos.v2f32,3
air.fast_cos.v3f32,3
air.fast_cos.v4f32,3
air.fast_cos.v8f32,3
air.fast_cosh.f32,3
air.fast_cosh.v2f32,3
air.fast_cosh.v3f32,3
air.fast_cosh.v4f32,3
air.fast_cosh.v8f32,3
air.fast_cospi.f32,3
air.fast_cospi.v2f32,3
air.fast_cospi.v3f32,3
air.fast_cospi.v4f32,3
air.fast_cospi.v8f32,3
air.fast_exp.f32,3
air.fast_exp.v2f32,3
air.fast_exp.v3f32,3
air.fast_exp.v4f32,3
air.fast_exp.v8f32,3
air.fast_exp10.f32,3
air.fast_exp10.v2f32,3
air.fast_exp10.v3f32,3
air.fast_exp10.v4f32,3
air.fast_exp10.v8f32,3
air.fast_exp2.f32,3
air.fast_exp2.v2f32,3
air.fast_exp2.v3f32,3
air.fast_exp2.v4f32,3
air.fast_exp2.v8f32,3
air.fast_fmod.f32,3
air.fast_fmod.v2f32,3
air.fast_fmod.v3f32,3
air.fast_fmod.v4f32,3
air.fast_fmod.v8f32,3
air.fast_ldexp.f32,3
air.fast_log.f32,3
air.fast_log.v2f32,3
air.fast_log.v3f32,3
air.fast_log.v4f32,3
air.fast_log.v8f32,3
air.fast_log10.f32,3
air.fast_log10.v2f32,3
air.fast_log10.v3f32,3
air.fast_log10.v4f32,3
air.fast_log10.v8f32,3
air.fast_log2.f32,3
air.fast_log2.v2f32,3
air.fast_log2.v3f32,3
air.fast_log2.v4f32,3
air.fast_log2.v8f32,3
air.fast_pow.f32,3
air.fast_pow.v2f32,3
air.fast_pow.v3f32,3
air.fast_pow.v4f32,3
air.fast_pow.v8f32,3
air.fast_powr.f32,3
air.fast_powr.v2f32,3
air.fast_powr.v3f32,3
air.fast_powr.v4f32,3
air.fast_powr.v8f32,3
air.fast_rint.f32,3
air.fast_rint.v2f32,3
air.fast_rint.v3f32,3
air.fast_rint.v4f32,3
air.fast_rint.v8f32,3
air.fast_round.f32,3
air.fast_round.v2f32,3
air.fast_round.v3f32,3
air.fast_round.v4f32,3
air.fast_round.v8f32,3
air.fast_rsqrt.v2f32,3
air.fast_rsqrt.v3f32,3
air.fast_rsqrt.v4f32,3
air.fast_rsqrt.v8f32,3
air.fast_sin.f32,3
air.fast_sin.v2f32,3
air.fast_sin.v3f32,3
air.fast_sin.v4f32,3
air.fast_sin.v8f32,3
air.fast_sinh.f32,3
air.fast_sinh.v2f32,3
air.fast_sinh.v3f32,3
air.fast_sinh.v4f32,3
air.fast_sinh.v8f32,3
air.fast_sinpi.f32,3
air.fast_sinpi.v2f32,3
air.fast_sinpi.v3f32,3
air.fast_sinpi.v4f32,3
air.fast_sinpi.v8f32,3
air.fast_sqrt.v2f32,3
air.fast_sqrt.v3f32,3
air.fast_sqrt.v4f32,3
air.fast_sqrt.v8f32,3
air.fast_tan.f32,3
air.fast_tan.v2f32,3
air.fast_tan.v3f32,3
air.fast_tan.v4f32,3
air.fast_tan.v8f32,3
air.fast_tanh.f32,3
air.fast_tanh.v2f32,3
air.fast_tanh.v3f32,3
air.fast_tanh.v4f32,3
air.fast_tanh.v8f32,3
air.fast_tanpi.f32,3
air.fast_tanpi.v2f32,3
air.fast_tanpi.v3f32,3
air.fast_tanpi.v4f32,3
air.fast_tanpi.v8f32,3
air.fmod.f32,3
air.fmod.v16f32,3
air.fmod.v2f32,3
air.fmod.v3f32,3
air.fmod.v4f32,3
air.fmod.v8f32,3
air.hadd.s.i16,3
air.hadd.s.i32,3
air.hadd.s.i64,3
air.hadd.s.v16i32,3
air.hadd.s.v16i64,3
air.hadd.s.v16i8,3
air.hadd.s.v2i16,3
air.hadd.s.v2i32,3
air.hadd.s.v2i64,3
air.hadd.s.v2i8,3
air.hadd.s.v3i16,3
air.hadd.s.v3i32,3
air.hadd.s.v3i64,3
air.hadd.s.v3i8,3
air.hadd.s.v4i16,3
air.hadd.s.v4i32,3
air.hadd.s.v4i64,3
air.hadd.s.v4i8,3
air.hadd.s.v8i16,3
air.hadd.s.v8i32,3
air.hadd.s.v8i64,3
air.hadd.s.v8i8,3
air.hadd.u.i16,3
air.hadd.u.i32,3
air.hadd.u.i64,3
air.hadd.u.i8,3
air.hadd.u.v16i32,3
air.hadd.u.v16i64,3
air.hadd.u.v16i8,3
air.hadd.u.v2i16,3
air.hadd.u.v2i32,3
air.hadd.u.v2i64,3
air.hadd.u.v2i8,3
air.hadd.u.v3i16,3
air.hadd.u.v3i32,3
air.hadd.u.v3i64,3
air.hadd.u.v3i8,3
air.hadd.u.v4i16,3
air.hadd.u.v4i32,3
air.hadd.u.v4i64,3
air.hadd.u.v4i8,3
air.hadd.u.v8i16,3
air.hadd.u.v8i32,3
air.hadd.u.v8i64,3
air.hadd.u.v8i8,3
air.ldexp.f32,3
air.log.v16f32,3
air.log.v2f32,3
air.log.v3f32,3
air.log.v4f32,3
air.log.v8f32,3
air.log10.f32,3
air.log10.v16f32,3
air.log10.v2f32,3
air.log10.v3f32,3
air.log10.v4f32,3
air.log10.v8f32,3
air.log2.f32,3
air.log2.v16f32,3
air.log2.v2f32,3
air.log2.v3f32,3
air.log2.v4f32,3
air.log2.v8f32,3
air.mad24.s.v2i32,3
air.mad24.s.v3i32,3
air.mad24.s.v4i32,3
air.mad24.s.v8i32,3
air.mad24.u.i32,3
air.mad24.u.v2i32,3
air.mad24.u.v3i32,3
air.mad24.u.v4i32,3
air.mad24.u.v8i32,3
air.mad_hi.s.i16,3
air.mad_hi.s.i32,3
air.mad_hi.s.i64,3
air.mad_hi.s.v16i32,3
air.mad_hi.s.v16i64,3
air.mad_hi.s.v16i8,3
air.mad_hi.s.v2i16,3
air.mad_hi.s.v2i32,3
air.mad_hi.s.v2i64,3
air.mad_hi.s.v2i8,3
air.mad_hi.s.v3i16,3
air.mad_hi.s.v3i32,3
air.mad_hi.s.v3i64,3
air.mad_hi.s.v3i8,3
air.mad_hi.s.v4i16,3
air.mad_hi.s.v4i32,3
air.mad_hi.s.v4i64,3
air.mad_hi.s.v4i8,3
air.mad_hi.s.v8i16,3
air.mad_hi.s.v8i32,3
air.mad_hi.s.v8i64,3
air.mad_hi.s.v8i8,3
air.mad_hi.u.i16,3
air.mad_hi.u.i32,3
air.mad_hi.u.i64,3
air.mad_hi.u.i8,3
air.mad_hi.u.v16i32,3
air.mad_hi.u.v16i64,3
air.mad_hi.u.v16i8,3
air.mad_hi.u.v2i16,3
air.mad_hi.u.v2i32,3
air.mad_hi.u.v2i64,3
air.mad_hi.u.v2i8,3
air.mad_hi.u.v3i16,3
air.mad_hi.u.v3i32,3
air.mad_hi.u.v3i64,3
air.mad_hi.u.v3i8,3
air.mad_hi.u.v4i16,3
air.mad_hi.u.v4i32,3
air.mad_hi.u.v4i64,3
air.mad_hi.u.v4i8,3
air.mad_hi.u.v8i16,3
air.mad_hi.u.v8i32,3
air.mad_hi.u.v8i64,3
air.mad_hi.u.v8i8,3
air.mad_sat.s.i16,3
air.mad_sat.s.i32,3
air.mad_sat.s.i64,3
air.mad_sat.s.v16i32,3
air.mad_sat.s.v16i64,3
air.mad_sat.s.v16i8,3
air.mad_sat.s.v2i16,3
air.mad_sat.s.v2i32,3
air.mad_sat.s.v2i64,3
air.mad_sat.s.v2i8,3
air.mad_sat.s.v3i16,3
air.mad_sat.s.v3i32,3
air.mad_sat.s.v3i64,3
air.mad_sat.s.v3i8,3
air.mad_sat.s.v4i16,3
air.mad_sat.s.v4i32,3
air.mad_sat.s.v4i64,3
air.mad_sat.s.v4i8,3
air.mad_sat.s.v8i16,3
air.mad_sat.s.v8i32,3
air.mad_sat.s.v8i64,3
air.mad_sat.s.v8i8,3
air.mad_sat.u.i16,3
air.mad_sat.u.i32,3
air.mad_sat.u.i64,3
air.mad_sat.u.i8,3
air.mad_sat.u.v16i32,3
air.mad_sat.u.v16i64,3
air.mad_sat.u.v16i8,3
air.mad_sat.u.v2i16,3
air.mad_sat.u.v2i32,3
air.mad_sat.u.v2i64,3
air.mad_sat.u.v2i8,3
air.mad_sat.u.v3i16,3
air.mad_sat.u.v3i32,3
air.mad_sat.u.v3i64,3
air.mad_sat.u.v3i8,3
air.mad_sat.u.v4i16,3
air.mad_sat.u.v4i32,3
air.mad_sat.u.v4i64,3
air.mad_sat.u.v4i8,3
air.mad_sat.u.v8i16,3
air.mad_sat.u.v8i32,3
air.mad_sat.u.v8i64,3
air.mad_sat.u.v8i8,3
air.max.s.i16,3
air.max.s.i64,3
air.max.u.i16,3
air.max.u.i32,3
air.max.u.i64,3
air.max.u.i8,3
air.min.s.i16,3
air.min.s.i32,3
air.min.s.i64,3
air.min.u.i16,3
air.min.u.i32,3
air.min.u.i64,3
air.min.u.i8,3
air.mix.f64,3
air.mul24.s.v2i32,3
air.mul24.s.v3i32,3
air.mul24.s.v4i32,3
air.mul24.s.v8i32,3
air.mul24.u.i32,3
air.mul24.u.v2i32,3
air.mul24.u.v3i32,3
air.mul24.u.v4i32,3
air.mul24.u.v8i32,3
air.mul_hi.s.i16,3
air.mul_hi.s.i32,3
air.mul_hi.s.i64,3
air.mul_hi.s.v16i32,3
air.mul_hi.s.v16i64,3
air.mul_hi.s.v16i8,3
air.mul_hi.s.v2i16,3
air.mul_hi.s.v2i32,3
air.mul_hi.s.v2i64,3
air.mul_hi.s.v2i8,3
air.mul_hi.s.v3i16,3
air.mul_hi.s.v3i32,3
air.mul_hi.s.v3i64,3
air.mul_hi.s.v3i8,3
air.mul_hi.s.v4i16,3
air.mul_hi.s.v4i32,3
air.mul_hi.s.v4i64,3
air.mul_hi.s.v4i8,3
air.mul_hi.s.v8i16,3
air.mul_hi.s.v8i32,3
air.mul_hi.s.v8i64,3
air.mul_hi.s.v8i8,3
air.mul_hi.u.i16,3
air.mul_hi.u.i32,3
air.mul_hi.u.i64,3
air.mul_hi.u.i8,3
air.mul_hi.u.v16i32,3
air.mul_hi.u.v16i64,3
air.mul_hi.u.v16i8,3
air.mul_hi.u.v2i16,3
air.mul_hi.u.v2i32,3
air.mul_hi.u.v2i64,3
air.mul_hi.u.v2i8,3
air.mul_hi.u.v3i16,3
air.mul_hi.u.v3i32,3
air.mul_hi.u.v3i64,3
air.mul_hi.u.v3i8,3
air.mul_hi.u.v4i16,3
air.mul_hi.u.v4i32,3
air.mul_hi.u.v4i64,3
air.mul_hi.u.v4i8,3
air.mul_hi.u.v8i16,3
air.mul_hi.u.v8i32,3
air.mul_hi.u.v8i64,3
air.mul_hi.u.v8i8,3
air.pow.v16f32,3
air.pow.v2f32,3
air.pow.v3f32,3
air.pow.v4f32,3
air.pow.v8f32,3
air.powr.f32,3
air.powr.v16f32,3
air.powr.v2f32,3
air.powr.v3f32,3
air.powr.v4f32,3
air.powr.v8f32,3
air.rhadd.s.i16,3
air.rhadd.s.i32,3
air.rhadd.s.i64,3
air.rhadd.s.v16i32,3
air.rhadd.s.v16i64,3
air.rhadd.s.v16i8,3
air.rhadd.s.v2i16,3
air.rhadd.s.v2i32,3
air.rhadd.s.v2i64,3
air.rhadd.s.v2i8,3
air.rhadd.s.v3i16,3
air.rhadd.s.v3i32,3
air.rhadd.s.v3i64,3
air.rhadd.s.v3i8,3
air.rhadd.s.v4i16,3
air.rhadd.s.v4i32,3
air.rhadd.s.v4i64,3
air.rhadd.s.v4i8,3
air.rhadd.s.v8i16,3
air.rhadd.s.v8i32,3
air.rhadd.s.v8i64,3
air.rhadd.s.v8i8,3
air.rhadd.u.i16,3
air.rhadd.u.i32,3
air.rhadd.u.i64,3
air.rhadd.u.i8,3
air.rhadd.u.v16i32,3
air.rhadd.u.v16i64,3
air.rhadd.u.v16i8,3
air.rhadd.u.v2i16,3
air.rhadd.u.v2i32,3
air.rhadd.u.v2i64,3
air.rhadd.u.v2i8,3
air.rhadd.u.v3i16,3
air.rhadd.u.v3i32,3
air.rhadd.u.v3i64,3
air.rhadd.u.v3i8,3
air.rhadd.u.v4i16,3
air.rhadd.u.v4i32,3
air.rhadd.u.v4i64,3
air.rhadd.u.v4i8,3
air.rhadd.u.v8i16,3
air.rhadd.u.v8i32,3
air.rhadd.u.v8i64,3
air.rhadd.u.v8i8,3
air.rint.v16f32,3
air.rint.v2f32,3
air.rint.v3f32,3
air.rint.v4f32,3
air.rint.v8f32,3
air.round.f32,3
air.round.v16f32,3
air.round.v2f32,3
air.round.v3f32,3
air.round.v4f32,3
air.round.v8f32,3
air.rsqrt.v16f32,3
air.rsqrt.v2f32,3
air.rsqrt.v3f32,3
air.rsqrt.v4f32,3
air.rsqrt.v8f32,3
air.shuffle.s.v16i16.v2i16.v16i16,3
air.shuffle.s.v16i16.v4i16.v16i16,3
air.shuffle.s.v16i16.v8i16.v16i16,3
air.shuffle.s.v16i32.v16i32.v16i32,3
air.shuffle.s.v16i32.v2i32.v16i32,3
air.shuffle.s.v16i32.v4i32.v16i32,3
air.shuffle.s.v16i32.v8i32.v16i32,3
air.shuffle.s.v16i64.v16i64.v16i64,3
air.shuffle.s.v16i64.v2i64.v16i64,3
air.shuffle.s.v16i64.v4i64.v16i64,3
air.shuffle.s.v16i64.v8i64.v16i64,3
air.shuffle.s.v16i8.v16i8.v16i8,3
air.shuffle.s.v16i8.v2i8.v16i8,3
air.shuffle.s.v16i8.v4i8.v16i8,3
air.shuffle.s.v16i8.v8i8.v16i8,3
air.shuffle.s.v2i16.v16i16.v2i16,3
air.shuffle.s.v2i16.v2i16.v2i16,3
air.shuffle.s.v2i16.v4i16.v2i16,3
air.shuffle.s.v2i16.v8i16.v2i16,3
air.shuffle.s.v2i32.v16i32.v2i32,3
air.shuffle.s.v2i32.v2i32.v2i32,3
air.shuffle.s.v2i32.v4i32.v2i32,3
air.shuffle.s.v2i32.v8i32.v2i32,3
air.shuffle.s.v2i64.v16i64.v2i64,3
air.shuffle.s.v2i64.v2i64.v2i64,3
air.shuffle.s.v2i64.v4i64.v2i64,3
air.shuffle.s.v2i64.v8i64.v2i64,3
air.shuffle.s.v2i8.v16i8.v2i8,3
air.shuffle.s.v2i8.v2i8.v2i8,3
air.shuffle.s.v2i8.v4i8.v2i8,3
air.shuffle.s.v2i8.v8i8.v2i8,3
air.shuffle.s.v4i16.v16i16.v4i16,3
air.shuffle.s.v4i16.v2i16.v4i16,3
air.shuffle.s.v4i16.v4i16.v4i16,3
air.shuffle.s.v4i16.v8i16.v4i16,3
air.shuffle.s.v4i32.v16i32.v4i32,3
air.shuffle.s.v4i32.v2i32.v4i32,3
air.shuffle.s.v4i32.v4i32.v4i32,3
air.shuffle.s.v4i32.v8i32.v4i32,3
air.shuffle.s.v4i64.v16i64.v4i64,3
air.shuffle.s.v4i64.v2i64.v4i64,3
air.shuffle.s.v4i64.v4i64.v4i64,3
air.shuffle.s.v4i64.v8i64.v4i64,3
air.shuffle.s.v4i8.v16i8.v4i8,3
air.shuffle.s.v4i8.v2i8.v4i8,3
air.shuffle.s.v4i8.v4i8.v4i8,3
air.shuffle.s.v4i8.v8i8.v4i8,3
air.shuffle.s.v8i16.v16i16.v8i16,3
air.shuffle.s.v8i16.v2i16.v8i16,3
air.shuffle.s.v8i16.v4i16.v8i16,3
air.shuffle.s.v8i16.v8i16.v8i16,3
air.shuffle.s.v8i32.v16i32.v8i32,3
air.shuffle.s.v8i32.v2i32.v8i32,3
air.shuffle.s.v8i32.v4i32.v8i32,3
air.shuffle.s.v8i32.v8i32.v8i32,3
air.shuffle.s.v8i64.v16i64.v8i64,3
air.shuffle.s.v8i64.v2i64.v8i64,3
air.shuffle.s.v8i64.v4i64.v8i64,3
air.shuffle.s.v8i64.v8i64.v8i64,3
air.shuffle.s.v8i8.v16i8.v8i8,3
air.shuffle.s.v8i8.v2i8.v8i8,3
air.shuffle.s.v8i8.v4i8.v8i8,3
air.shuffle.s.v8i8.v8i8.v8i8,3
air.shuffle.u.v16i16.v2i16.v16i16,3
air.shuffle.u.v16i16.v4i16.v16i16,3
air.shuffle.u.v16i16.v8i16.v16i16,3
air.shuffle.u.v16i32.v16i32.v16i32,3
air.shuffle.u.v16i32.v2i32.v16i32,3
air.shuffle.u.v16i32.v4i32.v16i32,3
air.shuffle.u.v16i32.v8i32.v16i32,3
air.shuffle.u.v16i64.v16i64.v16i64,3
air.shuffle.u.v16i64.v2i64.v16i64,3
air.shuffle.u.v16i64.v4i64.v16i64,3
air.shuffle.u.v16i64.v8i64.v16i64,3
air.shuffle.u.v16i8.v16i8.v16i8,3
air.shuffle.u.v16i8.v2i8.v16i8,3
air.shuffle.u.v16i8.v4i8.v16i8,3
air.shuffle.u.v16i8.v8i8.v16i8,3
air.shuffle.u.v2i16.v16i16.v2i16,3
air.shuffle.u.v2i16.v2i16.v2i16,3
air.shuffle.u.v2i16.v4i16.v2i16,3
air.shuffle.u.v2i16.v8i16.v2i16,3
air.shuffle.u.v2i32.v16i32.v2i32,3
air.shuffle.u.v2i32.v2i32.v2i32,3
air.shuffle.u.v2i32.v4i32.v2i32,3
air.shuffle.u.v2i32.v8i32.v2i32,3
air.shuffle.u.v2i64.v16i64.v2i64,3
air.shuffle.u.v2i64.v2i64.v2i64,3
air.shuffle.u.v2i64.v4i64.v2i64,3
air.shuffle.u.v2i64.v8i64.v2i64,3
air.shuffle.u.v2i8.v16i8.v2i8,3
air.shuffle.u.v2i8.v2i8.v2i8,3
air.shuffle.u.v2i8.v4i8.v2i8,3
air.shuffle.u.v2i8.v8i8.v2i8,3
air.shuffle.u.v4i16.v16i16.v4i16,3
air.shuffle.u.v4i16.v2i16.v4i16,3
air.shuffle.u.v4i16.v4i16.v4i16,3
air.shuffle.u.v4i16.v8i16.v4i16,3
air.shuffle.u.v4i32.v16i32.v4i32,3
air.shuffle.u.v4i32.v2i32.v4i32,3
air.shuffle.u.v4i32.v4i32.v4i32,3
air.shuffle.u.v4i32.v8i32.v4i32,3
air.shuffle.u.v4i64.v16i64.v4i64,3
air.shuffle.u.v4i64.v2i64.v4i64,3
air.shuffle.u.v4i64.v4i64.v4i64,3
air.shuffle.u.v4i64.v8i64.v4i64,3
air.shuffle.u.v4i8.v16i8.v4i8,3
air.shuffle.u.v4i8.v2i8.v4i8,3
air.shuffle.u.v4i8.v4i8.v4i8,3
air.shuffle.u.v4i8.v8i8.v4i8,3
air.shuffle.u.v8i16.v16i16.v8i16,3
air.shuffle.u.v8i16.v2i16.v8i16,3
air.shuffle.u.v8i16.v4i16.v8i16,3
air.shuffle.u.v8i16.v8i16.v8i16,3
air.shuffle.u.v8i32.v16i32.v8i32,3
air.shuffle.u.v8i32.v2i32.v8i32,3
air.shuffle.u.v8i32.v4i32.v8i32,3
air.shuffle.u.v8i32.v8i32.v8i32,3
air.shuffle.u.v8i64.v16i64.v8i64,3
air.shuffle.u.v8i64.v2i64.v8i64,3
air.shuffle.u.v8i64.v4i64.v8i64,3
air.shuffle.u.v8i64.v8i64.v8i64,3
air.shuffle.u.v8i8.v16i8.v8i8,3
air.shuffle.u.v8i8.v2i8.v8i8,3
air.shuffle.u.v8i8.v4i8.v8i8,3
air.shuffle.u.v8i8.v8i8.v8i8,3
air.shuffle.v16f16.v16f16.v16i16,3
air.shuffle.v16f16.v2f16.v16i16,3
air.shuffle.v16f16.v4f16.v16i16,3
air.shuffle.v16f16.v8f16.v16i16,3
air.shuffle.v16f32.v16f32.v16i32,3
air.shuffle.v16f32.v2f32.v16i32,3
air.shuffle.v16f32.v4f32.v16i32,3
air.shuffle.v16f32.v8f32.v16i32,3
air.shuffle.v16f64.v2f64.v16i64,3
air.shuffle.v16f64.v4f64.v16i64,3
air.shuffle.v16f64.v8f64.v16i64,3
air.shuffle.v2f16.v16f16.v2i16,3
air.shuffle.v2f16.v2f16.v2i16,3
air.shuffle.v2f16.v4f16.v2i16,3
air.shuffle.v2f16.v8f16.v2i16,3
air.shuffle.v2f32.v16f32.v2i32,3
air.shuffle.v2f32.v2f32.v2i32,3
air.shuffle.v2f32.v4f32.v2i32,3
air.shuffle.v2f32.v8f32.v2i32,3
air.shuffle.v2f64.v16f64.v2i64,3
air.shuffle.v2f64.v2f64.v2i64,3
air.shuffle.v2f64.v4f64.v2i64,3
air.shuffle.v2f64.v8f64.v2i64,3
air.shuffle.v4f16.v16f16.v4i16,3
air.shuffle.v4f16.v2f16.v4i16,3
air.shuffle.v4f16.v4f16.v4i16,3
air.shuffle.v4f16.v8f16.v4i16,3
air.shuffle.v4f32.v16f32.v4i32,3
air.shuffle.v4f32.v2f32.v4i32,3
air.shuffle.v4f32.v4f32.v4i32,3
air.shuffle.v4f32.v8f32.v4i32,3
air.shuffle.v4f64.v16f64.v4i64,3
air.shuffle.v4f64.v2f64.v4i64,3
air.shuffle.v4f64.v4f64.v4i64,3
air.shuffle.v4f64.v8f64.v4i64,3
air.shuffle.v8f16.v16f16.v8i16,3
air.shuffle.v8f16.v2f16.v8i16,3
air.shuffle.v8f16.v4f16.v8i16,3
air.shuffle.v8f16.v8f16.v8i16,3
air.shuffle.v8f32.v16f32.v8i32,3
air.shuffle.v8f32.v2f32.v8i32,3
air.shuffle.v8f32.v4f32.v8i32,3
air.shuffle.v8f32.v8f32.v8i32,3
air.shuffle.v8f64.v16f64.v8i64,3
air.shuffle.v8f64.v2f64.v8i64,3
air.shuffle.v8f64.v4f64.v8i64,3
air.shuffle.v8f64.v8f64.v8i64,3
air.shuffle2.s.v16i16.v2i16.v16i16,3
air.shuffle2.s.v16i16.v4i16.v16i16,3
air.shuffle2.s.v16i16.v8i16.v16i16,3
air.shuffle2.s.v16i32.v16i32.v16i32,3
air.shuffle2.s.v16i32.v2i32.v16i32,3
air.shuffle2.s.v16i32.v4i32.v16i32,3
air.shuffle2.s.v16i32.v8i32.v16i32,3
air.shuffle2.s.v16i64.v16i64.v16i64,3
air.shuffle2.s.v16i64.v2i64.v16i64,3
air.shuffle2.s.v16i64.v4i64.v16i64,3
air.shuffle2.s.v16i64.v8i64.v16i64,3
air.shuffle2.s.v16i8.v16i8.v16i8,3
air.shuffle2.s.v16i8.v2i8.v16i8,3
air.shuffle2.s.v16i8.v4i8.v16i8,3
air.shuffle2.s.v16i8.v8i8.v16i8,3
air.shuffle2.s.v2i16.v16i16.v2i16,3
air.shuffle2.s.v2i16.v2i16.v2i16,3
air.shuffle2.s.v2i16.v4i16.v2i16,3
air.shuffle2.s.v2i16.v8i16.v2i16,3
air.shuffle2.s.v2i32.v16i32.v2i32,3
air.shuffle2.s.v2i32.v2i32.v2i32,3
air.shuffle2.s.v2i32.v4i32.v2i32,3
air.shuffle2.s.v2i32.v8i32.v2i32,3
air.shuffle2.s.v2i64.v16i64.v2i64,3
air.shuffle2.s.v2i64.v2i64.v2i64,3
air.shuffle2.s.v2i64.v4i64.v2i64,3
air.shuffle2.s.v2i64.v8i64.v2i64,3
air.shuffle2.s.v2i8.v16i8.v2i8,3
air.shuffle2.s.v2i8.v2i8.v2i8,3
air.shuffle2.s.v2i8.v4i8.v2i8,3
air.shuffle2.s.v2i8.v8i8.v2i8,3
air.shuffle2.s.v4i16.v16i16.v4i16,3
air.shuffle2.s.v4i16.v2i16.v4i16,3
air.shuffle2.s.v4i16.v4i16.v4i16,3
air.shuffle2.s.v4i16.v8i16.v4i16,3
air.shuffle2.s.v4i32.v16i32.v4i32,3
air.shuffle2.s.v4i32.v2i32.v4i32,3
air.shuffle2.s.v4i32.v4i32.v4i32,3
air.shuffle2.s.v4i32.v8i32.v4i32,3
air.shuffle2.s.v4i64.v16i64.v4i64,3
air.shuffle2.s.v4i64.v2i64.v4i64,3
air.shuffle2.s.v4i64.v4i64.v4i64,3
air.shuffle2.s.v4i64.v8i64.v4i64,3
air.shuffle2.s.v4i8.v16i8.v4i8,3
air.shuffle2.s.v4i8.v2i8.v4i8,3
air.shuffle2.s.v4i8.v4i8.v4i8,3
air.shuffle2.s.v4i8.v8i8.v4i8,3
air.shuffle2.s.v8i16.v16i16.v8i16,3
air.shuffle2.s.v8i16.v2i16.v8i16,3
air.shuffle2.s.v8i16.v4i16.v8i16,3
air.shuffle2.s.v8i16.v8i16.v8i16,3
air.shuffle2.s.v8i32.v16i32.v8i32,3
air.shuffle2.s.v8i32.v2i32.v8i32,3
air.shuffle2.s.v8i32.v4i32.v8i32,3
air.shuffle2.s.v8i32.v8i32.v8i32,3
air.shuffle2.s.v8i64.v16i64.v8i64,3
air.shuffle2.s.v8i64.v2i64.v8i64,3
air.shuffle2.s.v8i64.v4i64.v8i64,3
air.shuffle2.s.v8i64.v8i64.v8i64,3
air.shuffle2.s.v8i8.v16i8.v8i8,3
air.shuffle2.s.v8i8.v2i8.v8i8,3
air.shuffle2.s.v8i8.v4i8.v8i8,3
air.shuffle2.s.v8i8.v8i8.v8i8,3
air.shuffle2.u.v16i16.v2i16.v16i16,3
air.shuffle2.u.v16i16.v4i16.v16i16,3
air.shuffle2.u.v16i16.v8i16.v16i16,3
air.shuffle2.u.v16i32.v16i32.v16i32,3
air.shuffle2.u.v16i32.v2i32.v16i32,3
air.shuffle2.u.v16i32.v4i32.v16i32,3
air.shuffle2.u.v16i32.v8i32.v16i32,3
air.shuffle2.u.v16i64.v16i64.v16i64,3
air.shuffle2.u.v16i64.v2i64.v16i64,3
air.shuffle2.u.v16i64.v4i64.v16i64,3
air.shuffle2.u.v16i64.v8i64.v16i64,3
air.shuffle2.u.v16i8.v16i8.v16i8,3
air.shuffle2.u.v16i8.v2i8.v16i8,3
air.shuffle2.u.v16i8.v4i8.v16i8,3
air.shuffle2.u.v16i8.v8i8.v16i8,3
air.shuffle2.u.v2i16.v16i16.v2i16,3
air.shuffle2.u.v2i16.v2i16.v2i16,3
air.shuffle2.u.v2i16.v4i16.v2i16,3
air.shuffle2.u.v2i16.v8i16.v2i16,3
air.shuffle2.u.v2i32.v16i32.v2i32,3
air.shuffle2.u.v2i32.v2i32.v2i32,3
air.shuffle2.u.v2i32.v4i32.v2i32,3
air.shuffle2.u.v2i32.v8i32.v2i32,3
air.shuffle2.u.v2i64.v16i64.v2i64,3
air.shuffle2.u.v2i64.v2i64.v2i64,3
air.shuffle2.u.v2i64.v4i64.v2i64,3
air.shuffle2.u.v2i64.v8i64.v2i64,3
air.shuffle2.u.v2i8.v16i8.v2i8,3
air.shuffle2.u.v2i8.v2i8.v2i8,3
air.shuffle2.u.v2i8.v4i8.v2i8,3
air.shuffle2.u.v2i8.v8i8.v2i8,3
air.shuffle2.u.v4i16.v16i16.v4i16,3
air.shuffle2.u.v4i16.v2i16.v4i16,3
air.shuffle2.u.v4i16.v4i16.v4i16,3
air.shuffle2.u.v4i16.v8i16.v4i16,3
air.shuffle2.u.v4i32.v16i32.v4i32,3
air.shuffle2.u.v4i32.v2i32.v4i32,3
air.shuffle2.u.v4i32.v4i32.v4i32,3
air.shuffle2.u.v4i32.v8i32.v4i32,3
air.shuffle2.u.v4i64.v16i64.v4i64,3
air.shuffle2.u.v4i64.v2i64.v4i64,3
air.shuffle2.u.v4i64.v4i64.v4i64,3
air.shuffle2.u.v4i64.v8i64.v4i64,3
air.shuffle2.u.v4i8.v16i8.v4i8,3
air.shuffle2.u.v4i8.v2i8.v4i8,3
air.shuffle2.u.v4i8.v4i8.v4i8,3
air.shuffle2.u.v4i8.v8i8.v4i8,3
air.shuffle2.u.v8i16.v16i16.v8i16,3
air.shuffle2.u.v8i16.v2i16.v8i16,3
air.shuffle2.u.v8i16.v4i16.v8i16,3
air.shuffle2.u.v8i16.v8i16.v8i16,3
air.shuffle2.u.v8i32.v16i32.v8i32,3
air.shuffle2.u.v8i32.v2i32.v8i32,3
air.shuffle2.u.v8i32.v4i32.v8i32,3
air.shuffle2.u.v8i32.v8i32.v8i32,3
air.shuffle2.u.v8i64.v16i64.v8i64,3
air.shuffle2.u.v8i64.v2i64.v8i64,3
air.shuffle2.u.v8i64.v4i64.v8i64,3
air.shuffle2.u.v8i64.v8i64.v8i64,3
air.shuffle2.u.v8i8.v16i8.v8i8,3
air.shuffle2.u.v8i8.v2i8.v8i8,3
air.shuffle2.u.v8i8.v4i8.v8i8,3
air.shuffle2.u.v8i8.v8i8.v8i8,3
air.shuffle2.v16f16.v16f16.v16i16,3
air.shuffle2.v16f16.v2f16.v16i16,3
air.shuffle2.v16f16.v4f16.v16i16,3
air.shuffle2.v16f16.v8f16.v16i16,3
air.shuffle2.v16f32.v16f32.v16i32,3
air.shuffle2.v16f32.v2f32.v16i32,3
air.shuffle2.v16f32.v4f32.v16i32,3
air.shuffle2.v16f32.v8f32.v16i32,3
air.shuffle2.v16f64.v2f64.v16i64,3
air.shuffle2.v16f64.v4f64.v16i64,3
air.shuffle2.v16f64.v8f64.v16i64,3
air.shuffle2.v2f16.v16f16.v2i16,3
air.shuffle2.v2f16.v2f16.v2i16,3
air.shuffle2.v2f16.v4f16.v2i16,3
air.shuffle2.v2f16.v8f16.v2i16,3
air.shuffle2.v2f32.v16f32.v2i32,3
air.shuffle2.v2f32.v2f32.v2i32,3
air.shuffle2.v2f32.v4f32.v2i32,3
air.shuffle2.v2f32.v8f32.v2i32,3
air.shuffle2.v2f64.v16f64.v2i64,3
air.shuffle2.v2f64.v2f64.v2i64,3
air.shuffle2.v2f64.v4f64.v2i64,3
air.shuffle2.v2f64.v8f64.v2i64,3
air.shuffle2.v4f16.v16f16.v4i16,3
air.shuffle2.v4f16.v2f16.v4i16,3
air.shuffle2.v4f16.v4f16.v4i16,3
air.shuffle2.v4f16.v8f16.v4i16,3
air.shuffle2.v4f32.v16f32.v4i32,3
air.shuffle2.v4f32.v2f32.v4i32,3
air.shuffle2.v4f32.v4f32.v4i32,3
air.shuffle2.v4f32.v8f32.v4i32,3
air.shuffle2.v4f64.v16f64.v4i64,3
air.shuffle2.v4f64.v2f64.v4i64,3
air.shuffle2.v4f64.v4f64.v4i64,3
air.shuffle2.v4f64.v8f64.v4i64,3
air.shuffle2.v8f16.v16f16.v8i16,3
air.shuffle2.v8f16.v2f16.v8i16,3
air.shuffle2.v8f16.v4f16.v8i16,3
air.shuffle2.v8f16.v8f16.v8i16,3
air.shuffle2.v8f32.v16f32.v8i32,3
air.shuffle2.v8f32.v2f32.v8i32,3
air.shuffle2.v8f32.v4f32.v8i32,3
air.shuffle2.v8f32.v8f32.v8i32,3
air.shuffle2.v8f64.v16f64.v8i64,3
air.shuffle2.v8f64.v2f64.v8i64,3
air.shuffle2.v8f64.v4f64.v8i64,3
air.shuffle2.v8f64.v8f64.v8i64,3
air.sign.f32,3
air.sign.f64,3
air.sign.v16f16,3
air.sign.v16f32,3
air.sign.v2f16,3
air.sign.v2f32,3
air.sign.v2f64,3
air.sign.v3f16,3
air.sign.v3f32,3
air.sign.v3f64,3
air.sign.v4f16,3
air.sign.v4f32,3
air.sign.v4f64,3
air.sign.v8f16,3
air.sign.v8f32,3
air.sign.v8f64,3
air.sin.v16f32,3
air.sin.v2f32,3
air.sin.v3f32,3
air.sin.v4f32,3
air.sin.v8f32,3
air.sinh.f32,3
air.sinh.v16f32,3
air.sinh.v2f32,3
air.sinh.v3f32,3
air.sinh.v4f32,3
air.sinh.v8f32,3
air.sinpi.f32,3
air.sinpi.v16f32,3
air.sinpi.v2f32,3
air.sinpi.v3f32,3
air.sinpi.v4f32,3
air.sinpi.v8f32,3
air.sqrt.v16f32,3
air.sqrt.v2f32,3
air.sqrt.v3f32,3
air.sqrt.v4f32,3
air.sqrt.v8f32,3
air.sub_sat.s.i16,3
air.sub_sat.s.i32,3
air.sub_sat.s.i64,3
air.sub_sat.s.v16i32,3
air.sub_sat.s.v16i64,3
air.sub_sat.s.v16i8,3
air.sub_sat.s.v2i16,3
air.sub_sat.s.v2i32,3
air.sub_sat.s.v2i64,3
air.sub_sat.s.v2i8,3
air.sub_sat.s.v3i16,3
air.sub_sat.s.v3i32,3
air.sub_sat.s.v3i64,3
air.sub_sat.s.v3i8,3
air.sub_sat.s.v4i16,3
air.sub_sat.s.v4i32,3
air.sub_sat.s.v4i64,3
air.sub_sat.s.v4i8,3
air.sub_sat.s.v8i16,3
air.sub_sat.s.v8i32,3
air.sub_sat.s.v8i64,3
air.sub_sat.s.v8i8,3
air.sub_sat.u.i16,3
air.sub_sat.u.i32,3
air.sub_sat.u.i64,3
air.sub_sat.u.i8,3
air.sub_sat.u.v16i32,3
air.sub_sat.u.v16i64,3
air.sub_sat.u.v16i8,3
air.sub_sat.u.v2i16,3
air.sub_sat.u.v2i32,3
air.sub_sat.u.v2i64,3
air.sub_sat.u.v2i8,3
air.sub_sat.u.v3i16,3
air.sub_sat.u.v3i32,3
air.sub_sat.u.v3i64,3
air.sub_sat.u.v3i8,3
air.sub_sat.u.v4i16,3
air.sub_sat.u.v4i32,3
air.sub_sat.u.v4i64,3
air.sub_sat.u.v4i8,3
air.sub_sat.u.v8i16,3
air.sub_sat.u.v8i32,3
air.sub_sat.u.v8i64,3
air.sub_sat.u.v8i8,3
air.tan.f32,3
air.tan.v16f32,3
air.tan.v2f32,3
air.tan.v3f32,3
air.tan.v4f32,3
air.tan.v8f32,3
air.tanh.f32,3
air.tanh.v16f32,3
air.tanh.v2f32,3
air.tanh.v3f32,3
air.tanh.v4f32,3
air.tanh.v8f32,3
air.tanpi.f32,3
air.tanpi.v16f32,3
air.tanpi.v2f32,3
air.tanpi.v3f32,3
air.tanpi.v4f32,3
air.tanpi.v8f32,3
air.vload.constant.v16f16,3
air.vload.constant.v16f32,3
air.vload.constant.v2f16,3
air.vload.constant.v2f32,3
air.vload.constant.v2f64,3
air.vload.constant.v3f16,3
air.vload.constant.v3f32,3
air.vload.constant.v3f64,3
air.vload.constant.v4f16,3
air.vload.constant.v4f32,3
air.vload.constant.v4f64,3
air.vload.constant.v8f16,3
air.vload.constant.v8f32,3
air.vload.constant.v8f64,3
air.vload.global.v16f16,3
air.vload.global.v16f32,3
air.vload.global.v2f16,3
air.vload.global.v2f32,3
air.vload.global.v2f64,3
air.vload.global.v3f16,3
air.vload.global.v3f32,3
air.vload.global.v3f64,3
air.vload.global.v4f16,3
air.vload.global.v4f32,3
air.vload.global.v4f64,3
air.vload.global.v8f16,3
air.vload.global.v8f32,3
air.vload.global.v8f64,3
air.vload.local.v16f16,3
air.vload.local.v16f32,3
air.vload.local.v2f16,3
air.vload.local.v2f32,3
air.vload.local.v2f64,3
air.vload.local.v3f16,3
air.vload.local.v3f32,3
air.vload.local.v3f64,3
air.vload.local.v4f16,3
air.vload.local.v4f32,3
air.vload.local.v4f64,3
air.vload.local.v8f16,3
air.vload.local.v8f32,3
air.vload.local.v8f64,3
air.vload.private.v16f16,3
air.vload.private.v16f32,3
air.vload.private.v2f16,3
air.vload.private.v2f32,3
air.vload.private.v2f64,3
air.vload.private.v3f16,3
air.vload.private.v3f32,3
air.vload.private.v3f64,3
air.vload.private.v4f16,3
air.vload.private.v4f32,3
air.vload.private.v4f64,3
air.vload.private.v8f16,3
air.vload.private.v8f32,3
air.vload.private.v8f64,3
air.vload_half.constant.f32,3
air.vload_half.constant.v2f32,3
air.vload_half.constant.v3f32,3
air.vload_half.constant.v4f32,3
air.vload_half.constant.v8f32,3
air.vload_half.global.f32,3
air.vload_half.global.v2f32,3
air.vload_half.global.v3f32,3
air.vload_half.global.v4f32,3
air.vload_half.global.v8f32,3
air.vload_half.local.f32,3
air.vload_half.local.v2f32,3
air.vload_half.local.v3f32,3
air.vload_half.local.v4f32,3
air.vload_half.local.v8f32,3
air.vload_half.private.f32,3
air.vload_half.private.v2f32,3
air.vload_half.private.v3f32,3
air.vload_half.private.v4f32,3
air.vload_half.private.v8f32,3
air.vloada_half.constant.f32,3
air.vloada_half.constant.v2f32,3
air.vloada_half.constant.v3f32,3
air.vloada_half.constant.v4f32,3
air.vloada_half.constant.v8f32,3
air.vloada_half.global.f32,3
air.vloada_half.global.v2f32,3
air.vloada_half.global.v3f32,3
air.vloada_half.global.v4f32,3
air.vloada_half.global.v8f32,3
air.vloada_half.local.f32,3
air.vloada_half.local.v2f32,3
air.vloada_half.local.v3f32,3
air.vloada_half.local.v4f32,3
air.vloada_half.local.v8f32,3
air.vloada_half.private.f32,3
air.vloada_half.private.v2f32,3
air.vloada_half.private.v3f32,3
air.vloada_half.private.v4f32,3
air.vloada_half.private.v8f32,3
air.vstore.global.v16f32,3
air.vstore.global.v16f64,3
air.vstore.global.v2f16,3
air.vstore.global.v2f32,3
air.vstore.global.v2f64,3
air.vstore.global.v3f16,3
air.vstore.global.v3f32,3
air.vstore.global.v3f64,3
air.vstore.global.v4f16,3
air.vstore.global.v4f32,3
air.vstore.global.v4f64,3
air.vstore.global.v8f16,3
air.vstore.global.v8f32,3
air.vstore.global.v8f64,3
air.vstore.local.v16f32,3
air.vstore.local.v16f64,3
air.vstore.local.v2f16,3
air.vstore.local.v2f32,3
air.vstore.local.v2f64,3
air.vstore.local.v3f16,3
air.vstore.local.v3f32,3
air.vstore.local.v3f64,3
air.vstore.local.v4f16,3
air.vstore.local.v4f32,3
air.vstore.local.v4f64,3
air.vstore.local.v8f16,3
air.vstore.local.v8f32,3
air.vstore.local.v8f64,3
air.vstore.private.v16f32,3
air.vstore.private.v16f64,3
air.vstore.private.v2f16,3
air.vstore.private.v2f32,3
air.vstore.private.v2f64,3
air.vstore.private.v3f16,3
air.vstore.private.v3f32,3
air.vstore.private.v3f64,3
air.vstore.private.v4f16,3
air.vstore.private.v4f32,3
air.vstore.private.v4f64,3
air.vstore.private.v8f16,3
air.vstore.private.v8f32,3
air.vstore.private.v8f64,3
air.vstore_half.global.rtn.f32,3
air.vstore_half.global.rtn.f64,3
air.vstore_half.global.rtn.v16f32,3
air.vstore_half.global.rtn.v16f64,3
air.vstore_half.global.rtn.v2f32,3
air.vstore_half.global.rtn.v2f64,3
air.vstore_half.global.rtn.v3f32,3
air.vstore_half.global.rtn.v3f64,3
air.vstore_half.global.rtn.v4f32,3
air.vstore_half.global.rtn.v4f64,3
air.vstore_half.global.rtn.v8f32,3
air.vstore_half.global.rtn.v8f64,3
air.vstore_half.global.rtp.f32,3
air.vstore_half.global.rtp.f64,3
air.vstore_half.global.rtp.v16f32,3
air.vstore_half.global.rtp.v16f64,3
air.vstore_half.global.rtp.v2f32,3
air.vstore_half.global.rtp.v2f64,3
air.vstore_half.global.rtp.v3f32,3
air.vstore_half.global.rtp.v3f64,3
air.vstore_half.global.rtp.v4f32,3
air.vstore_half.global.rtp.v4f64,3
air.vstore_half.global.rtp.v8f32,3
air.vstore_half.global.rtp.v8f64,3
air.vstore_half.global.rtz.f32,3
air.vstore_half.global.rtz.f64,3
air.vstore_half.global.rtz.v16f32,3
air.vstore_half.global.rtz.v16f64,3
air.vstore_half.global.rtz.v2f32,3
air.vstore_half.global.rtz.v2f64,3
air.vstore_half.global.rtz.v3f32,3
air.vstore_half.global.rtz.v3f64,3
air.vstore_half.global.rtz.v4f32,3
air.vstore_half.global.rtz.v4f64,3
air.vstore_half.global.rtz.v8f32,3
air.vstore_half.global.rtz.v8f64,3
air.vstore_half.local.rtn.f32,3
air.vstore_half.local.rtn.f64,3
air.vstore_half.local.rtn.v16f32,3
air.vstore_half.local.rtn.v16f64,3
air.vstore_half.local.rtn.v2f32,3
air.vstore_half.local.rtn.v2f64,3
air.vstore_half.local.rtn.v3f32,3
air.vstore_half.local.rtn.v3f64,3
air.vstore_half.local.rtn.v4f32,3
air.vstore_half.local.rtn.v4f64,3
air.vstore_half.local.rtn.v8f32,3
air.vstore_half.local.rtn.v8f64,3
air.vstore_half.local.rtp.f32,3
air.vstore_half.local.rtp.f64,3
air.vstore_half.local.rtp.v16f32,3
air.vstore_half.local.rtp.v16f64,3
air.vstore_half.local.rtp.v2f32,3
air.vstore_half.local.rtp.v2f64,3
air.vstore_half.local.rtp.v3f32,3
air.vstore_half.local.rtp.v3f64,3
air.vstore_half.local.rtp.v4f32,3
air.vstore_half.local.rtp.v4f64,3
air.vstore_half.local.rtp.v8f32,3
air.vstore_half.local.rtp.v8f64,3
air.vstore_half.local.rtz.f32,3
air.vstore_half.local.rtz.f64,3
air.vstore_half.local.rtz.v16f32,3
air.vstore_half.local.rtz.v16f64,3
air.vstore_half.local.rtz.v2f32,3
air.vstore_half.local.rtz.v2f64,3
air.vstore_half.local.rtz.v3f32,3
air.vstore_half.local.rtz.v3f64,3
air.vstore_half.local.rtz.v4f32,3
air.vstore_half.local.rtz.v4f64,3
air.vstore_half.local.rtz.v8f32,3
air.vstore_half.local.rtz.v8f64,3
air.vstore_half.private.rtn.f32,3
air.vstore_half.private.rtn.f64,3
air.vstore_half.private.rtn.v16f32,3
air.vstore_half.private.rtn.v16f64,3
air.vstore_half.private.rtn.v2f32,3
air.vstore_half.private.rtn.v2f64,3
air.vstore_half.private.rtn.v3f32,3
air.vstore_half.private.rtn.v3f64,3
air.vstore_half.private.rtn.v4f32,3
air.vstore_half.private.rtn.v4f64,3
air.vstore_half.private.rtn.v8f32,3
air.vstore_half.private.rtn.v8f64,3
air.vstore_half.private.rtp.f32,3
air.vstore_half.private.rtp.f64,3
air.vstore_half.private.rtp.v16f32,3
air.vstore_half.private.rtp.v16f64,3
air.vstore_half.private.rtp.v2f32,3
air.vstore_half.private.rtp.v2f64,3
air.vstore_half.private.rtp.v3f32,3
air.vstore_half.private.rtp.v3f64,3
air.vstore_half.private.rtp.v4f32,3
air.vstore_half.private.rtp.v4f64,3
air.vstore_half.private.rtp.v8f32,3
air.vstore_half.private.rtp.v8f64,3
air.vstore_half.private.rtz.f32,3
air.vstore_half.private.rtz.f64,3
air.vstore_half.private.rtz.v16f32,3
air.vstore_half.private.rtz.v16f64,3
air.vstore_half.private.rtz.v2f32,3
air.vstore_half.private.rtz.v2f64,3
air.vstore_half.private.rtz.v3f32,3
air.vstore_half.private.rtz.v3f64,3
air.vstore_half.private.rtz.v4f32,3
air.vstore_half.private.rtz.v4f64,3
air.vstore_half.private.rtz.v8f32,3
air.vstore_half.private.rtz.v8f64,3
air.vstorea_half.global.rtn.f32,3
air.vstorea_half.global.rtn.f64,3
air.vstorea_half.global.rtn.v16f32,3
air.vstorea_half.global.rtn.v16f64,3
air.vstorea_half.global.rtn.v2f32,3
air.vstorea_half.global.rtn.v2f64,3
air.vstorea_half.global.rtn.v3f32,3
air.vstorea_half.global.rtn.v3f64,3
air.vstorea_half.global.rtn.v4f32,3
air.vstorea_half.global.rtn.v4f64,3
air.vstorea_half.global.rtn.v8f32,3
air.vstorea_half.global.rtn.v8f64,3
air.vstorea_half.global.rtp.f32,3
air.vstorea_half.global.rtp.f64,3
air.vstorea_half.global.rtp.v16f32,3
air.vstorea_half.global.rtp.v16f64,3
air.vstorea_half.global.rtp.v2f32,3
air.vstorea_half.global.rtp.v2f64,3
air.vstorea_half.global.rtp.v3f32,3
air.vstorea_half.global.rtp.v3f64,3
air.vstorea_half.global.rtp.v4f32,3
air.vstorea_half.global.rtp.v4f64,3
air.vstorea_half.global.rtp.v8f32,3
air.vstorea_half.global.rtp.v8f64,3
air.vstorea_half.global.rtz.f32,3
air.vstorea_half.global.rtz.f64,3
air.vstorea_half.global.rtz.v16f32,3
air.vstorea_half.global.rtz.v16f64,3
air.vstorea_half.global.rtz.v2f32,3
air.vstorea_half.global.rtz.v2f64,3
air.vstorea_half.global.rtz.v3f32,3
air.vstorea_half.global.rtz.v3f64,3
air.vstorea_half.global.rtz.v4f32,3
air.vstorea_half.global.rtz.v4f64,3
air.vstorea_half.global.rtz.v8f32,3
air.vstorea_half.global.rtz.v8f64,3
air.vstorea_half.local.rtn.f32,3
air.vstorea_half.local.rtn.f64,3
air.vstorea_half.local.rtn.v16f32,3
air.vstorea_half.local.rtn.v16f64,3
air.vstorea_half.local.rtn.v2f32,3
air.vstorea_half.local.rtn.v2f64,3
air.vstorea_half.local.rtn.v3f32,3
air.vstorea_half.local.rtn.v3f64,3
air.vstorea_half.local.rtn.v4f32,3
air.vstorea_half.local.rtn.v4f64,3
air.vstorea_half.local.rtn.v8f32,3
air.vstorea_half.local.rtn.v8f64,3
air.vstorea_half.local.rtp.f32,3
air.vstorea_half.local.rtp.f64,3
air.vstorea_half.local.rtp.v16f32,3
air.vstorea_half.local.rtp.v16f64,3
air.vstorea_half.local.rtp.v2f32,3
air.vstorea_half.local.rtp.v2f64,3
air.vstorea_half.local.rtp.v3f32,3
air.vstorea_half.local.rtp.v3f64,3
air.vstorea_half.local.rtp.v4f32,3
air.vstorea_half.local.rtp.v4f64,3
air.vstorea_half.local.rtp.v8f32,3
air.vstorea_half.local.rtp.v8f64,3
air.vstorea_half.local.rtz.f32,3
air.vstorea_half.local.rtz.f64,3
air.vstorea_half.local.rtz.v16f32,3
air.vstorea_half.local.rtz.v16f64,3
air.vstorea_half.local.rtz.v2f32,3
air.vstorea_half.local.rtz.v2f64,3
air.vstorea_half.local.rtz.v3f32,3
air.vstorea_half.local.rtz.v3f64,3
air.vstorea_half.local.rtz.v4f32,3
air.vstorea_half.local.rtz.v4f64,3
air.vstorea_half.local.rtz.v8f32,3
air.vstorea_half.local.rtz.v8f64,3
air.vstorea_half.private.rtn.f32,3
air.vstorea_half.private.rtn.f64,3
air.vstorea_half.private.rtn.v16f32,3
air.vstorea_half.private.rtn.v16f64,3
air.vstorea_half.private.rtn.v2f32,3
air.vstorea_half.private.rtn.v2f64,3
air.vstorea_half.private.rtn.v3f32,3
air.vstorea_half.private.rtn.v3f64,3
air.vstorea_half.private.rtn.v4f32,3
air.vstorea_half.private.rtn.v4f64,3
air.vstorea_half.private.rtn.v8f32,3
air.vstorea_half.private.rtn.v8f64,3
air.vstorea_half.private.rtp.f32,3
air.vstorea_half.private.rtp.f64,3
air.vstorea_half.private.rtp.v16f32,3
air.vstorea_half.private.rtp.v16f64,3
air.vstorea_half.private.rtp.v2f32,3
air.vstorea_half.private.rtp.v2f64,3
air.vstorea_half.private.rtp.v3f32,3
air.vstorea_half.private.rtp.v3f64,3
air.vstorea_half.private.rtp.v4f32,3
air.vstorea_half.private.rtp.v4f64,3
air.vstorea_half.private.rtp.v8f32,3
air.vstorea_half.private.rtp.v8f64,3
air.vstorea_half.private.rtz.f32,3
air.vstorea_half.private.rtz.f64,3
air.vstorea_half.private.rtz.v16f32,3
air.vstorea_half.private.rtz.v16f64,3
air.vstorea_half.private.rtz.v2f32,3
air.vstorea_half.private.rtz.v2f64,3
air.vstorea_half.private.rtz.v3f32,3
air.vstorea_half.private.rtz.v3f64,3
air.vstorea_half.private.rtz.v4f32,3
air.vstorea_half.private.rtz.v4f64,3
air.vstorea_half.private.rtz.v8f32,3
air.vstorea_half.private.rtz.v8f64,3
air.write_texture_1d.v4f32,3
air.write_texture_1d_array.v4f32,3
air.write_texture_2d.v4f32,3
air.write_texture_2d_array.v4f32,3
air.write_texture_3d.v4f32,3
air.write_texture_buffer_1d.v4f32,3
air.atomic_,3
air.render_target_array_index,3
air.viewport_array_index,3
air.abort.intersection.query,3
air.absdiff,3
air.addsat,3
air.atomic.compare.exchange.weak,3
air.atomic_compare_exchange_weak_explicit_texture_1d_array,3
air.atomic_compare_exchange_weak_explicit_texture_1d,3
air.atomic_compare_exchange_weak_explicit_texture_2d_array,3
air.atomic_compare_exchange_weak_explicit_texture_2d,3
air.atomic_compare_exchange_weak_explicit_texture_3d,3
air.atomic_compare_exchange_weak_explicit_texture_buffer_1d,3
air.atomic_compare_exchange_weak_explicit_texture_cube_array,3
air.atomic_compare_exchange_weak_explicit_texture_cube,3
air.atomic.exchange,3
air.atomic_exchange_explicit_texture_1d_array,3
air.atomic_exchange_explicit_texture_1d,3
air.atomic_exchange_explicit_texture_2d_array,3
air.atomic_exchange_explicit_texture_2d,3
air.atomic_exchange_explicit_texture_3d,3
air.atomic_exchange_explicit_texture_buffer_1d,3
air.atomic_exchange_explicit_texture_cube_array,3
air.atomic_exchange_explicit_texture_cube,3
air.atomic.fetch.add,3
air.atomic_fetch_add_explicit_texture_1d_array,3
air.atomic_fetch_add_explicit_texture_1d,3
air.atomic_fetch_add_explicit_texture_2d_array,3
air.atomic_fetch_add_explicit_texture_2d,3
air.atomic_fetch_add_explicit_texture_3d,3
air.atomic_fetch_add_explicit_texture_buffer_1d,3
air.atomic_fetch_add_explicit_texture_cube_array,3
air.atomic_fetch_add_explicit_texture_cube,3
air.atomic.fetch.and,3
air.atomic_fetch_and_explicit_texture_1d_array,3
air.atomic_fetch_and_explicit_texture_1d,3
air.atomic_fetch_and_explicit_texture_2d_array,3
air.atomic_fetch_and_explicit_texture_2d,3
air.atomic_fetch_and_explicit_texture_3d,3
air.atomic_fetch_and_explicit_texture_buffer_1d,3
air.atomic_fetch_and_explicit_texture_cube_array,3
air.atomic_fetch_and_explicit_texture_cube,3
air.atomic.fetch.max,3
air.atomic_fetch_max_explicit_texture_1d_array,3
air.atomic_fetch_max_explicit_texture_1d,3
air.atomic_fetch_max_explicit_texture_2d_array,3
air.atomic_fetch_max_explicit_texture_2d,3
air.atomic_fetch_max_explicit_texture_3d,3
air.atomic_fetch_max_explicit_texture_buffer_1d,3
air.atomic_fetch_max_explicit_texture_cube_array,3
air.atomic_fetch_max_explicit_texture_cube,3
air.atomic.fetch.min,3
air.atomic_fetch_min_explicit_texture_1d_array,3
air.atomic_fetch_min_explicit_texture_1d,3
air.atomic_fetch_min_explicit_texture_2d_array,3
air.atomic_fetch_min_explicit_texture_2d,3
air.atomic_fetch_min_explicit_texture_3d,3
air.atomic_fetch_min_explicit_texture_buffer_1d,3
air.atomic_fetch_min_explicit_texture_cube_array,3
air.atomic_fetch_min_explicit_texture_cube,3
air.atomic.fetch.or,3
air.atomic_fetch_or_explicit_texture_1d_array,3
air.atomic_fetch_or_explicit_texture_1d,3
air.atomic_fetch_or_explicit_texture_2d_array,3
air.atomic_fetch_or_explicit_texture_2d,3
air.atomic_fetch_or_explicit_texture_3d,3
air.atomic_fetch_or_explicit_texture_buffer_1d,3
air.atomic_fetch_or_explicit_texture_cube_array,3
air.atomic_fetch_or_explicit_texture_cube,3
air.atomic.fetch.sub,3
air.atomic_fetch_sub_explicit_texture_1d_array,3
air.atomic_fetch_sub_explicit_texture_1d,3
air.atomic_fetch_sub_explicit_texture_2d_array,3
air.atomic_fetch_sub_explicit_texture_2d,3
air.atomic_fetch_sub_explicit_texture_3d,3
air.atomic_fetch_sub_explicit_texture_buffer_1d,3
air.atomic_fetch_sub_explicit_texture_cube_array,3
air.atomic_fetch_sub_explicit_texture_cube,3
air.atomic.fetch.xor,3
air.atomic_fetch_xor_explicit_texture_1d_array,3
air.atomic_fetch_xor_explicit_texture_1d,3
air.atomic_fetch_xor_explicit_texture_2d_array,3
air.atomic_fetch_xor_explicit_texture_2d,3
air.atomic_fetch_xor_explicit_texture_3d,3
air.atomic_fetch_xor_explicit_texture_buffer_1d,3
air.atomic_fetch_xor_explicit_texture_cube_array,3
air.atomic_fetch_xor_explicit_texture_cube,3
air.atomic.load,3
air.atomic_load_explicit_texture_1d_array,3
air.atomic_load_explicit_texture_1d,3
air.atomic_load_explicit_texture_2d_array,3
air.atomic_load_explicit_texture_2d,3
air.atomic_load_explicit_texture_3d,3
air.atomic_load_explicit_texture_buffer_1d,3
air.atomic_load_explicit_texture_cube_array,3
air.atomic_load_explicit_texture_cube,3
air.atomic.max,3
air.atomic_max_explicit_texture_1d_array,3
air.atomic_max_explicit_texture_1d,3
air.atomic_max_explicit_texture_2d_array,3
air.atomic_max_explicit_texture_2d,3
air.atomic_max_explicit_texture_3d,3
air.atomic_max_explicit_texture_buffer_1d,3
air.atomic_max_explicit_texture_cube_array,3
air.atomic_max_explicit_texture_cube,3
air.atomic.min,3
air.atomic_min_explicit_texture_1d_array,3
air.atomic_min_explicit_texture_1d,3
air.atomic_min_explicit_texture_2d_array,3
air.atomic_min_explicit_texture_2d,3
air.atomic_min_explicit_texture_3d,3
air.atomic_min_explicit_texture_buffer_1d,3
air.atomic_min_explicit_texture_cube_array,3
air.atomic_min_explicit_texture_cube,3
air.atomic.store,3
air.atomic_store_explicit_texture_1d_array,3
air.atomic_store_explicit_texture_1d,3
air.atomic_store_explicit_texture_2d_array,3
air.atomic_store_explicit_texture_2d,3
air.atomic_store_explicit_texture_3d,3
air.atomic_store_explicit_texture_buffer_1d,3
air.atomic_store_explicit_texture_cube_array,3
air.atomic_store_explicit_texture_cube,3
air.calculate.clamped.lod.depth.2d.array.t,3
air.calculate.clamped.lod.depth.2d.t,3
air.calculate.clamped.lod.depth.cube.array.t,3
air.calculate.clamped.lod.depth.cube.t,3
air.calculate.unclamped.lod.depth.2d.array.t,3
air.calculate.unclamped.lod.depth.2d.t,3
air.calculate.unclamped.lod.depth.cube.array.t,3
air.calculate.unclamped.lod.depth.cube.t,3
air.clear.barrier.compute.command,3
air.clear.barrier.render.command,3
air.command.buffer.t,3
air.commit.bounding.box.intersection.intersection.query,3
air.commit.curve.intersection.intersection.query,3
air.commit.triangle.intersection.intersection.query,3
air.compute.pipeline.state.t,3
air.concurrent.dispatch.threadgroups.compute.command,3
air.concurrent.dispatch.threads.compute.command,3
air.copy.compute.command,3
air.copy.render.command,3
air.depth.2d.array.t,3
air.depth.2d.ms.array.t,3
air.depth.2d.ms.t,3
air.depth.2d.t,3
air.depth.cube.array.t,3
air.depth.cube.t,3
air.depth.stencil.state.t,3
air.descriptor.size.tensor,3
air.dfdx,3
air.dfdy,3
air.discard.fragment,3
air.divide,3
air.draw.indexed.patches.render.command,3
air.draw.indexed.primitives.render.command,3
air.draw.mesh.threadgroups.render.command,3
air.draw.mesh.threads.render.command,3
air.draw.patches.render.command,3
air.draw.primitives.render.command,3
air.extract.bits,3
air.fmax3,3
air.fmedian3,3
air.fmin3,3
air.frexp,3
air.function.handle.t,3
air.fwidth,3
air.gather.compare.depth.2d.array.t,3
air.gather.compare.depth.2d.t,3
air.gather.compare.depth.cube.array.t,3
air.gather.compare.depth.cube.t,3
air.gather.depth.2d.array.t,3
air.gather.depth.2d.t,3
air.gather.depth.cube.array.t,3
air.gather.depth.cube.t,3
air.get.array.size.depth.2d.array.t,3
air.get.array.size.depth.2d.ms.array.t,3
air.get.array.size.depth.cube.array.t,3
air.get.buffer.intersection.function.table,3
air.get.candidate.curve.distance.intersection.query,3
air.get.candidate.curve.parameter.intersection.query,3
air.get.candidate.geometry.id.intersection.query,3
air.get.candidate.instance.count.intersection.query,3
air.get.candidate.instance.id.intersection.query,3
air.get.candidate.intersection.type.intersection.query,3
air.get.candidate.object.to.world.transform.intersection.query,3
air.get.candidate.primitive.data.intersection.query,3
air.get.candidate.primitive.id.intersection.query,3
air.get.candidate.ray.direction.intersection.query,3
air.get.candidate.ray.origin.intersection.query,3
air.get.candidate.triangle.barycentric.coord.intersection.query,3
air.get.candidate.triangle.distance.intersection.query,3
air.get.candidate.user.instance.id.intersection.query,3
air.get.candidate.world.to.object.transform.intersection.query,3
air.get.committed.curve.parameter.intersection.query,3
air.get.committed.distance.intersection.query,3
air.get.committed.geometry.id.intersection.query,3
air.get.committed.instance.count.intersection.query,3
air.get.committed.instance.id.intersection.query,3
air.get.committed.intersection.type.intersection.query,3
air.get.committed.object.to.world.transform.intersection.query,3
air.get.committed.primitive.data.intersection.query,3
air.get.committed.primitive.id.intersection.query,3
air.get.committed.ray.direction.intersection.query,3
air.get.committed.ray.origin.intersection.query,3
air.get.committed.triangle.barycentric.coord.intersection.query,3
air.get.committed.user.instance.id.intersection.query,3
air.get.committed.world.to.object.transform.intersection.query,3
air.get.control.point,3
air.get.curve.parameter.intersection.result,3
air.get.data.pointer.tensor,3
air.get.distance.intersection.result,3
air.get.extent.tensor,3
air.get.function.pointer.visible.function.table,3
air.get.geometry.id.intersection.result,3
air.get.height.depth.2d.array.t,3
air.get.height.depth.2d.ms.array.t,3
air.get.height.depth.2d.ms.t,3
air.get.height.depth.2d.t,3
air.get.height.depth.cube.array.t,3
air.get.height.depth.cube.t,3
air.get.imageblock.color.coverage.mask,3
air.get.imageblock.height,3
air.get.imageblock.num.colors,3
air.get.imageblock.samples,3
air.get.imageblock.width,3
air.get.instance.acceleration.structure.instance.acceleration.structure,3
air.get.instance.count.instance.acceleration.structure,3
air.get.instance.count.intersection.result,3
air.get.instance.id.intersection.result,3
air.get.intersection.params.intersection.query,3
air.get.null.depth.2d.array.t,3
air.get.null.depth.2d.ms.array.t,3
air.get.null.depth.2d.ms.t,3
air.get.null.depth.2d.t,3
air.get.null.depth.cube.array.t,3
air.get.null.depth.cube.t,3
air.get.null.function.handle,3
air.get.null.instance.acceleration.structure,3
air.get.null.intersection.function.table,3
air.get.null.primitive.acceleration.structure,3
air.get.null.tensor,3
air.get.null.visible.function.table,3
air.get.num.mip.levels.depth.2d.array.t,3
air.get.num.mip.levels.depth.2d.t,3
air.get.num.mip.levels.depth.cube.array.t,3
air.get.num.mip.levels.depth.cube.t,3
air.get.num.patch.control.points,3
air.get.num.samples,3
air.get.num.samples.depth.2d.ms.array.t,3
air.get.num.samples.depth.2d.ms.t,3
air.get.object.to.world.transform.intersection.result,3
air.get.primitive.acceleration.structure.instance.acceleration.structure,3
air.get.primitive.data.intersection.result,3
air.get.primitive.id.intersection.result,3
air.get.ray.direction.intersection.result,3
air.get.ray.min.distance.intersection.query,3
air.get.ray.min.distance.intersection.result,3
air.get.ray.origin.intersection.result,3
air.get.read.sampler,3
air.get.resource.id.instance.acceleration.structure,3
air.get.resource.id.primitive.acceleration.structure,3
air.get.sample.position,3
air.get.sampler,3
air.get.simdgroup.size,3
air.get.size.command.buffer,3
air.get.size.intersection.function.table,3
air.get.size.visible.function.table,3
air.get.stride.tensor,3
air.get.tensor.handle,3
air.get.triangle.barycentric.coord.intersection.result,3
air.get.type.intersection.result,3
air.get.user.instance.id.intersection.result,3
air.get.vertex.value,3
air.get.visible.function.table.intersection.function.table,3
air.get.width.depth.2d.array.t,3
air.get.width.depth.2d.ms.array.t,3
air.get.width.depth.2d.ms.t,3
air.get.width.depth.2d.t,3
air.get.width.depth.cube.array.t,3
air.get.width.depth.cube.t,3
air.get.world.space.ray.direction.intersection.query,3
air.get.world.space.ray.origin.intersection.query,3
air.get.world.to.object.transform.intersection.result,3
air.ilogb,3
air.imageblock.data,3
air.imageblock.mask.write,3
air.imageblock.implicit.data,3
air.imageblock.implicit.mask.write,3
air.imageblock.implicit.read,3
air.imageblock.implicit.write,3
air.imageblock.t,3
air.init.strided.tensor,3
air.insert.bits,3
air.instance.acceleration.structure.t,3
air.interpolant.t,3
air.interpolate.center.no.perspective,3
air.interpolate.center.perspective,3
air.interpolate.centroid.no.perspective,3
air.interpolate.centroid.perspective,3
air.interpolate.offset.no.perspective,3
air.interpolate.offset.perspective,3
air.interpolate.sample.no.perspective,3
air.interpolate.sample.perspective,3
air.intersect,3
air.intersect.direct.access,3
air.intersection.function.table.t,3
air.intersection.query.t,3
air.intersection.result.t,3
air.is.candidate.non.opaque.bounding.box.intersection.query,3
air.is.candidate.triangle.front.facing.intersection.query,3
air.is.committed.triangle.front.facing.intersection.query,3
air.is.equal.function.handle,3
air.is.function.constant.defined,3
air.is.null.depth.2d.array.t,3
air.is.null.depth.2d.ms.array.t,3
air.is.null.depth.2d.ms.t,3
air.is.null.depth.2d.t,3
air.is.null.depth.cube.array.t,3
air.is.null.depth.cube.t,3
air.is.null.function.handle,3
air.is.null.instance.acceleration.structure,3
air.is.null.intersection.function.table,3
air.is.null.primitive.acceleration.structure,3
air.is.null.tensor,3
air.is.triangle.front.facing.intersection.result,3
air.is.uniform,3
air.load.tensor,3
air.madhi,3
air.madsat,3
air.map.physical.to.screen.coordinates,3
air.map.screen.to.physical.coordinates,3
air.max3,3
air.median3,3
air.mesh.grid.properties.t,3
air.mesh.t,3
air.min3,3
air.mulhi,3
air.next.intersection.query,3
air.pack.snorm1x16,3
air.pack.snorm1x8,3
air.pack.snorm2x16,3
air.pack.snorm2x8,3
air.pack.snorm4x16,3
air.pack.snorm4x8,3
air.pack.snorm.rgb10a2,3
air.pack.unorm1x16,3
air.pack.unorm1x8,3
air.pack.unorm2x16,3
air.pack.unorm2x8,3
air.pack.unorm4x16,3
air.pack.unorm4x8,3
air.pack.unorm4x8.srgb,3
air.pack.unorm.rg11b10f,3
air.pack.unorm.rgb10a2,3
air.pack.unorm.rgb565,3
air.pack.unorm.rgb9e5,3
air.patch.control.point.t,3
air.primitive.acceleration.structure.t,3
air.quad.active.threads.mask,3
air.quad.all,3
air.quad.and,3
air.quad.any,3
air.quad.ballot,3
air.quad.broadcast,3
air.quad.broadcast.first,3
air.quad.is.first,3
air.quad.is.helper.thread,3
air.quad.max,3
air.quad.min,3
air.quad.or,3
air.quad.prefix.exclusive.product,3
air.quad.prefix.exclusive.sum,3
air.quad.prefix.inclusive.product,3
air.quad.prefix.inclusive.sum,3
air.quad.product,3
air.quad.shuffle,3
air.quad.shuffle.and.fill.down,3
air.quad.shuffle.and.fill.up,3
air.quad.shuffle.down,3
air.quad.shuffle.rotate.down,3
air.quad.shuffle.rotate.up,3
air.quad.shuffle.up,3
air.quad.shuffle.xor,3
air.quad.sum,3
air.quad.vote.all,3
air.quad.vote.any,3
air.quad.xor,3
air.read.depth.2d.array.t,3
air.read.depth.2d.ms.array.t,3
air.read.depth.2d.ms.t,3
air.read.depth.2d.t,3
air.read.depth.cube.array.t,3
air.read.depth.cube.t,3
air.release.intersect.payload,3
air.release.intersection.result,3
air.render.pipeline.state.t,3
air.reset.compute.command,3
air.reset.intersection.query,3
air.reset.render.command,3
air.reverse.bits,3
air.sample.compare.depth.2d.array.t,3
air.sample.compare.depth.2d.array.t.grad,3
air.sample.compare.depth.2d.t,3
air.sample.compare.depth.2d.t.grad,3
air.sample.compare.depth.cube.array.t,3
air.sample.compare.depth.cube.array.t.grad,3
air.sample.compare.depth.cube.t,3
air.sample.compare.depth.cube.t.grad,3
air.sample.depth.2d.array.t,3
air.sample.depth.2d.array.t.grad,3
air.sample.depth.2d.t,3
air.sample.depth.2d.t.grad,3
air.sample.depth.cube.array.t,3
air.sample.depth.cube.array.t.grad,3
air.sample.depth.cube.t,3
air.sample.depth.cube.t.grad,3
air.sample.texture.2d.array.t.grad,3
air.sample.texture.2d.t.grad,3
air.sample.texture.3d.t.grad,3
air.sample.texture.cube.array.t.grad,3
air.sample.texture.cube.t.grad,3
air.sampler.t,3
air.saturate,3
air.select,3
air.set.barrier.compute.command,3
air.set.barrier.render.command,3
air.set.buffer.intersection.function.table,3
air.set.cull.mode.render.command,3
air.set.depth.bias.render.command,3
air.set.depth.clip.mode.render.command,3
air.set.depth.stencil.state.render.command,3
air.set.fragment.buffer.render.command,3
air.set.front.facing.winding.render.command,3
air.set.imageblock.size.compute.command,3
air.set.index.mesh,3
air.set.indices.mesh,3
air.set.kernel.buffer.compute.command,3
air.set.mesh.buffer.render.command,3
air.set.object.buffer.render.command,3
air.set.object.threadgroup.memory.length.render.command,3
air.set.pipeline.state.compute.command,3
air.set.pipeline.state.render.command,3
air.set.primitive.count.mesh,3
air.set.primitive.mesh,3
air.set.stage.in.region.compute.command,3
air.set.threadgroup.memory.length.compute.command,3
air.set.threadgroups.per.grid.mesh.grid.properties,3
air.set.triangle.fill.mode.render.command,3
air.set.vertex.buffer.render.command,3
air.set.vertex.mesh,3
air.set.visible.function.table.intersection.function.table,3
air.simd.active.threads.mask,3
air.simd.all,3
air.simd.and,3
air.simd.any,3
air.simd.ballot,3
air.simd.broadcast,3
air.simd.broadcast.first,3
air.simd.is.first,3
air.simd.is.helper.thread,3
air.simd.max,3
air.simd.min,3
air.simd.or,3
air.simd.prefix.exclusive.product,3
air.simd.prefix.exclusive.sum,3
air.simd.prefix.inclusive.product,3
air.simd.prefix.inclusive.sum,3
air.simd.product,3
air.simd.shuffle,3
air.simd.shuffle.and.fill.down,3
air.simd.shuffle.and.fill.up,3
air.simd.shuffle.down,3
air.simd.shuffle.rotate.down,3
air.simd.shuffle.rotate.up,3
air.simd.shuffle.up,3
air.simd.shuffle.xor,3
air.simd.sum,3
air.simd.vote.all,3
air.simd.vote.any,3
air.simd.xor,3
air.simdgroup.matrix.8x8.init.diag,3
air.simdgroup.matrix.8x8.init.filled,3
air.simdgroup.matrix.8x8.load,3
air.simdgroup.matrix.8x8.multiply.accumulate,3
air.simdgroup.matrix.8x8.store,3
air.slice.tensor,3
air.store.tensor,3
air.struct.has.render.target,3
air.subsat,3
air.tensor.t,3
air.tensor.thread.t,3
air.texture.1d.array.t,3
air.texture.1d.t,3
air.texture.2d.array.t,3
air.texture.2d.ms.array.t,3
air.texture.2d.ms.t,3
air.texture.2d.t,3
air.texture.3d.t,3
air.texture.buffer.1d.t,3
air.texture.cube.array.t,3
air.texture.cube.t,3
air.unpack.snorm1x16,3
air.unpack.snorm1x8,3
air.unpack.snorm2x16,3
air.unpack.snorm2x8,3
air.unpack.snorm4x16,3
air.unpack.snorm4x8,3
air.unpack.snorm.rgb10a2,3
air.unpack.unorm1x16,3
air.unpack.unorm1x8,3
air.unpack.unorm2x16,3
air.unpack.unorm2x8,3
air.unpack.unorm4x16,3
air.unpack.unorm4x8,3
air.unpack.unorm4x8.srgb,3
air.unpack.unorm.rg11b10f,3
air.unpack.unorm.rgb10a2,3
air.unpack.unorm.rgb565,3
air.unpack.unorm.rgb9e5,3
air.vertex.value.t,3
air.visible.function.table.t,3
air.write_imageblock_slice_to_texture_1d_array,3
air.write_imageblock_slice_to_texture_1d,3
air.write_imageblock_slice_to_texture_2d_array,3
air.write_imageblock_slice_to_texture_2d,3
air.write_imageblock_slice_to_texture_3d,3
air.write_imageblock_slice_to_texture_cube_array,3
air.write_imageblock_slice_to_texture_cube,3
air..atomic_fence,3
air..atomic_max_explicit,3
air..atomic_min_explicit,3
air.compute.pipeline.state.compute_pipeline_state_t,3
air.compute.pipeline.state.set_pipeline_state_compute_command,3
air.compute.pipeline.state.concurrent_dispatch_threadgroups_compute_command,3
air.compute.pipeline.state.concurrent_dispatch_threads_compute_command,3
air.compute.pipeline.state.set_barrier_compute_command,3
air.compute.pipeline.state.clear_barrier_compute_command,3
air.compute.pipeline.state.set_stage_in_region_compute_command,3
air.compute.pipeline.state.set_threadgroup_memory_length_compute_command,3
air.compute.pipeline.state.set_imageblock_size_compute_command,3
air.compute.pipeline.state.reset_compute_command,3
air.compute.pipeline.state.copy_compute_command,3
air.render.pipeline.state.render_pipeline_state_t,3
air.depth.stencil.state.depth_stencil_state_t,3
air..get_num_samples,3
air..get_sample_position,3
air..discard_fragment,3
air..imageblock.base.get_imageblock_width,3
air..imageblock.base.get_imageblock_height,3
air..imageblock.base.get_imageblock_samples,3
air..imageblock.base.get_imageblock_num_colors,3
air..imageblock.base.get_imageblock_color_coverage_mask,3
air.imageblock.imageblock_explicit_mask_write,3
air.imageblock.imageblock_implicit_mask_write,3
air.interpolant.interpolate_center_perspective,3
air.interpolant.interpolate_centroid_perspective,3
air.interpolant.interpolate_sample_perspective,3
air.interpolant.interpolate_offset_perspective,3
air.interpolant.interpolate_center_no_perspective,3
air.interpolant.interpolate_centroid_no_perspective,3
air.interpolant.interpolate_sample_no_perspective,3
air.interpolant.interpolate_offset_no_perspective,3
air..mesh.vertex.ext.set_vertex_mesh,3
air..mesh.primitive.ext.set_primitive_mesh,3
air.mesh.set_index_mesh,3
air.mesh.set_primitive_count_mesh,3
air.mesh.grid.properties.set_threadgroups_per_grid_mesh_grid_properties,3
air..quad_active_threads_mask,3
air..quad_all,3
air..quad_and,3
air..quad_any,3
air..quad_ballot,3
air..quad_broadcast,3
air..quad_broadcast_first,3
air..quad_is_first,3
air..quad_is_helper_thread,3
air..quad_max,3
air..quad_min,3
air..quad_or,3
air..quad_prefix_exclusive_product,3
air..quad_prefix_exclusive_sum,3
air..quad_prefix_inclusive_product,3
air..quad_prefix_inclusive_sum,3
air..quad_product,3
air..quad_shuffle,3
air..quad_shuffle_down,3
air..quad_shuffle_up,3
air..quad_shuffle_rotate_down,3
air..quad_shuffle_rotate_up,3
air..quad_shuffle_xor,3
air..quad_sum,3
air..quad_xor,3
air..is_null_intersection_function_table,3
air.I.reset_intersection_query,3
air..simd_active_threads_mask,3
air..simd_all,3
air..simd_any,3
air..simd_ballot,3
air..simd_and,3
air..simd_broadcast,3
air..simd_broadcast_first,3
air..simd_is_first,3
air..simd_is_helper_thread,3
air..simd_max,3
air..simd_min,3
air..simd_or,3
air..simd_prefix_exclusive_product,3
air..simd_prefix_exclusive_sum,3
air..simd_prefix_inclusive_product,3
air..simd_prefix_inclusive_sum,3
air..simd_product,3
air..simd_shuffle,3
air..simd_shuffle_and_fill_down,3
air..simd_shuffle_and_fill_up,3
air..simd_shuffle_down,3
air..simd_shuffle_rotate_down,3
air..simd_shuffle_rotate_up,3
air..simd_shuffle_up,3
air..simd_shuffle_xor,3
air..simd_sum,3
air..simd_xor,3
air.tensor.get_null_tensor,3
air...TENSOR.INLINE.ATTRS.get_tensor_handle,3
air.patch.control.point.get_num_patch_control_points,3
air.patch.control.point.get_control_point,3
air.vertex.value.get_vertex_value,3
air..is_equal_function_handle,3
air..is_null_function_handle,3
air..get_function_pointer_visible_function_table,3
air..is_null_visible_function_table,3
air..is_null_depth_2d_t,3
air..is_null_depth_2d_array_t,3
air..is_null_depth_2d_ms_t,3
air..is_null_depth_2d_ms_array_t,3
air..is_null_depth_cube_t,3
air..is_null_depth_cube_array_t,3
air..is_null_texture_1d_t,3
air..is_null_texture_1d_array_t,3
air..is_null_texture_2d_t,3
air..is_null_texture_2d_array_t,3
air..is_null_texture_2d_ms_t,3
air..is_null_texture_2d_ms_array_t,3
air..is_null_texture_3d_t,3
air..is_null_texture_buffer_1d_t,3
air..is_null_texture_cube_t,3
air..is_null_texture_cube_array_t,3
air.intersect_direct_access.triangle_data,2
air.atomic_compare_exchange_weak_explicit_,2
air.calculate_clamped_lod_,2
air.centroid,2
air.clip_distance,2
air.clip_distance_array_size,2
air.gather_compare_,2
air.interpolation_function,2
air.invariant,2
air.load.device_coherent,2
air.raster_order_group,2
air.read_,2
air.sample_compare_,2
air.set_point_size_mesh,2
air.set_primitive_data_mesh,2
air.set_vertex_data_mesh,2
air.store.device_coherent,2
air.write_,2
air.get_local_linear_id,2
air.simdgroup_matrix_8x8.,2
air.simd_reduce.,2
air.arg_,2
air.render.command.set_pipeline_state_render_command,2
air.render.command.set_cull_mode_render_command,2
air.render.command.set_front_facing_winding_render_command,2
air.render.command.set_triangle_fill_mode_render_command,2
air.render.command.set_depth_bias_render_command,2
air.render.command.set_depth_clip_mode_render_command,2
air.render.command.set_depth_stencil_state_render_command,2
air.render.command.set_object_threadgroup_memory_length_render_command,2
air.render.command.draw_primitives_render_command,2
air.render.command.draw_mesh_threadgroups_render_command,2
air.render.command.draw_mesh_threads_render_command,2
air.render.command.set_barrier_render_command,2
air.render.command.clear_barrier_render_command,2
air.render.command.reset_render_command,2
air.render.command.copy_render_command,2
air.ray.get_null_primitive_acceleration_structure,2
air.ray.is_null_primitive_acceleration_structure,2
air.ray.get_resource_id_primitive_acceleration_structure,2
air..acceleration.structure.base.get_null_instance_acceleration_structure,2
air..acceleration.structure.base.is_null_instance_acceleration_structure,2
air..acceleration.structure.base.get_resource_id_instance_acceleration_structure,2
air..intersection.result.ref.instancing.ext.get_instance_count_intersection_result,2
air..intersection.result.ref.triangle.data.ext.is_triangle_front_facing_intersection_result,2
air..intersection.result.ref.triangle.data.ext.get_triangle_barycentric_coord_intersection_result,2
air..intersection.result.ref.curve.data.ext.get_curve_parameter_intersection_result,2
air..intersection.result.ref.world.space.data.ext.get_world_to_object_transform_intersection_result,2
air..intersection.result.ref.world.space.data.ext.get_object_to_world_transform_intersection_result,2
air.intersection.result.ref.get_type_intersection_result,2
air.intersection.result.ref.get_distance_intersection_result,2
air.intersection.result.ref.get_geometry_id_intersection_result,2
air.intersection.result.ref.get_primitive_id_intersection_result,2
air.intersection.result.ref.get_primitive_data_intersection_result,2
air.intersection.result.ref.get_ray_origin_intersection_result,2
air.intersection.result.ref.get_ray_direction_intersection_result,2
air.intersection.result.ref.get_ray_min_distance_intersection_result,2
air.intersection.result.ref.intersection_result_t,2
air..intersector.base.ift.intersect,2
air..intersector.base.ifb.intersect,2
air..intersection.query.instancing.ext.get_candidate_instance_count_intersection_query,2
air..intersection.query.instancing.ext.get_committed_instance_count_intersection_query,2
air..intersection.query.triangle.data.ext.get_candidate_triangle_barycentric_coord_intersection_query,2
air..intersection.query.triangle.data.ext.is_candidate_triangle_front_facing_intersection_query,2
air..intersection.query.triangle.data.ext.get_committed_triangle_barycentric_coord_intersection_query,2
air..intersection.query.triangle.data.ext.is_committed_triangle_front_facing_intersection_query,2
air..intersection.query.curve.data.ext.get_candidate_curve_parameter_intersection_query,2
air..intersection.query.curve.data.ext.get_committed_curve_parameter_intersection_query,2
air.intersection.query.next_intersection_query,2
air.intersection.query.abort_intersection_query,2
air.intersection.query.commit_triangle_intersection_intersection_query,2
air.intersection.query.commit_curve_intersection_intersection_query,2
air.intersection.query.commit_bounding_box_intersection_intersection_query,2
air.intersection.query.get_intersection_params_intersection_query,2
air.intersection.query.get_world_space_ray_origin_intersection_query,2
air.intersection.query.get_world_space_ray_direction_intersection_query,2
air.intersection.query.get_ray_min_distance_intersection_query,2
air.intersection.query.get_candidate_intersection_type_intersection_query,2
air.intersection.query.get_candidate_triangle_distance_intersection_query,2
air.intersection.query.get_candidate_curve_distance_intersection_query,2
air.intersection.query.is_candidate_non_opaque_bounding_box_intersection_query,2
air.intersection.query.get_candidate_geometry_id_intersection_query,2
air.intersection.query.get_candidate_primitive_id_intersection_query,2
air.intersection.query.get_candidate_primitive_data_intersection_query,2
air.intersection.query.get_candidate_ray_origin_intersection_query,2
air.intersection.query.get_candidate_ray_direction_intersection_query,2
air.intersection.query.get_committed_intersection_type_intersection_query,2
air.intersection.query.get_committed_distance_intersection_query,2
air.intersection.query.get_committed_geometry_id_intersection_query,2
air.intersection.query.get_committed_primitive_id_intersection_query,2
air.intersection.query.get_committed_primitive_data_intersection_query,2
air.intersection.query.get_committed_ray_origin_intersection_query,2
air.intersection.query.get_committed_ray_direction_intersection_query,2
air.simd.vote.simd_vote_all,2
air.simd.vote.simd_vote_any,2
air..simdgroup.init.diag.impl.simdgroup_matrix_8x8_init_diag,2
air..make.filled.simdgroup.matrix.impl.simdgroup_matrix_8x8_init_filled,2
air..simdgroup.multiply.accumulate.impl.simdgroup_matrix_8x8_multiply_accumulate,2
air.sampler.get_sampler,2
air.execution.threads.get_simdgroup_size,2
air.convert.f.v16f32.u,2
air.convert.f.v16f64.u,2
air.convert.f.v2f16.u,2
air.convert.f.v2f32.u,2
air.convert.f.v2f64.u,2
air.convert.f.v3f16.u,2
air.convert.f.v3f32.u,2
air.convert.f.f16.f,2
air.convert.f.f16.s,2
air.convert.f.f32.f,2
air.convert.f.f64.f,2
air.convert.f.f64.s,2
air.convert.f.v16f16.f,2
air.convert.f.v16f16.s,2
air.convert.u.v2i1.s,2
air.convert.u.v3i1.s,2
air.convert.u.v4i1.s,2
air.convert.f.v2f32.s,2
air.convert.f.v3f32.s,2
air.convert.u.i32.f,2
air.convert.s.v16i16.s,2
air.convert.s.v16i16.u,2
air.convert.s.v16i32.s,2
air.convert.f.f32.u.i16,1
air.convert.f.v4f16.f.v4f32,1
air.convert.f.v4f32.f.v4f16,1
air.deallocate_intersection_query.instancing.triangle_data,1
air.deallocate_intersection_query.instancing.triangle_data.curve_data,1
air.deallocate_intersection_query.multi_level_instancing.triangle_data,1
air.get_type_intersection_result.instancing.triangle_data,1
air.intersect.instancing.triangle_data,1
air.intersect_direct_access.instancing.triangle_data.curve_data,1
air.intersect_direct_access.instancing.triangle_data.world_space_data,1
air.intersect_direct_access.multi_level_instancing.triangle_data,1
air.map_physical_to_screen_coordinates.v2i32.p2i8.i32,1
air.release_intersection_result.instancing.triangle_data.curve_data,1
air.release_intersection_result.instancing.triangle_data.world_space_data,1
air.release_intersection_result.multi_level_instancing.triangle_data,1
air.release_intersection_result.triangle_data,1
air.store.imageblock.mask.f32,1
air.store.imageblock.mask.i32,1
air.store.implicit_imageblock.v4i32,1
air.atomic.global.xchg,1
air.atomic.global.xor.s,1
air.atomic.global.xor.u,1
air.atomic.local.add.s,1
air.atomic.local.add.u,1
air.atomic.local.and.s,1
air.atomic.local.and.u,1
air.atomic.local.cmpxchg.weak,1
air.atomic.local.max.s,1
air.atomic.local.max.u,1
air.atomic.local.min.s,1
air.atomic.local.min.u,1
air.atomic.local.or.s,1
air.atomic.local.or.u,1
air.atomic.local.sub.s,1
air.atomic.local.sub.u,1
air.atomic.local.xchg,1
air.atomic.local.xor.s,1
air.atomic.local.xor.u,1
air.ceil,1
air.convert.f.f,1
air.convert.f.s,1
air.convert.f.u,1
air.convert.s.f,1
air.convert.s.f.sat,1
air.convert.s.s,1
air.convert.s.s.sat,1
air.convert.s.u,1
air.convert.s.u.sat,1
air.convert.u.f,1
air.convert.u.f.sat,1
air.convert.u.s,1
air.convert.u.s.sat,1
air.convert.u.u,1
air.convert.u.u.sat,1
air.cos,1
air.cosh,1
air.cospi,1
air.erf,1
air.erfc,1
air.exp,1
air.exp10,1
air.exp2,1
air.expm1,1
air.fabs,1
air.fast_acos,1
air.fast_acosh,1
air.fast_asin,1
air.fast_asinh,1
air.fast_atan,1
air.fast_atan2,1
air.fast_atanh,1
air.fast_ceil,1
air.fast_cos,1
air.fast_cosh,1
air.fast_cospi,1
air.fast_exp,1
air.fast_exp10,1
air.fast_exp2,1
air.fast_fmod,1
air.fast_ldexp,1
air.fast_log,1
air.fast_log10,1
air.fast_log2,1
air.fast_pow,1
air.fast_powr,1
air.fast_rint,1
air.fast_round,1
air.fast_sin,1
air.fast_sincos,1
air.fast_sinh,1
air.fast_sinpi,1
air.fast_tan,1
air.fast_tanh,1
air.fast_tanpi,1
air.fast_trunc,1
air.fmod,1
air.hadd.s,1
air.hadd.u,1
air.half_cos,1
air.half_exp,1
air.half_exp10,1
air.half_exp2,1
air.half_log,1
air.half_log10,1
air.half_log2,1
air.half_powr,1
air.half_rsqrt,1
air.half_sin,1
air.half_sqrt,1
air.half_tan,1
air.hypot,1
air.ldexp,1
air.lgamma,1
air.lgamma_r,1
air.log,1
air.log10,1
air.log1p,1
air.log2,1
air.logb,1
air.mad,1
air.mad24.s,1
air.mad24.u,1
air.mad_hi.s,1
air.mad_hi.u,1
air.mad_sat.s,1
air.mad_sat.u,1
air.max.s,1
air.max.u,1
air.min.s,1
air.min.u,1
air.mul24.s,1
air.mul24.u,1
air.mul_hi.s,1
air.mul_hi.u,1
air.native_cos,1
air.native_exp,1
air.native_exp10,1
air.native_exp2,1
air.native_log,1
air.native_log10,1
air.native_log2,1
air.native_powr,1
air.native_rsqrt,1
air.native_sin,1
air.native_sqrt,1
air.native_tan,1
air.nextafter,1
air.popcount,1
air.pow,1
air.pown,1
air.powr,1
air.read_depth_2d,1
air.read_depth_2d_array,1
air.read_depth_2d_ms,1
air.read_depth_2d_ms_array,1
air.read_texture_1d,1
air.read_texture_1d.s,1
air.read_texture_1d.u,1
air.read_texture_1d_array,1
air.read_texture_1d_array.s,1
air.read_texture_1d_array.u,1
air.read_texture_2d,1
air.read_texture_2d.s,1
air.read_texture_2d.u,1
air.read_texture_2d_array,1
air.read_texture_2d_array.s,1
air.read_texture_2d_array.u,1
air.read_texture_2d_ms,1
air.read_texture_2d_ms.s,1
air.read_texture_2d_ms.u,1
air.read_texture_2d_ms_array,1
air.read_texture_2d_ms_array.s,1
air.read_texture_2d_ms_array.u,1
air.read_texture_3d,1
air.read_texture_3d.s,1
air.read_texture_3d.u,1
air.read_texture_buffer_1d,1
air.read_texture_buffer_1d.s,1
air.read_texture_buffer_1d.u,1
air.remainder,1
air.remquo,1
air.rhadd.s,1
air.rhadd.u,1
air.rint,1
air.rootn,1
air.rotate,1
air.round,1
air.sample_depth_2d,1
air.sample_depth_2d_array,1
air.sample_texture_1d,1
air.sample_texture_1d.s,1
air.sample_texture_1d.u,1
air.sample_texture_1d_array,1
air.sample_texture_1d_array.s,1
air.sample_texture_1d_array.u,1
air.sample_texture_2d,1
air.sample_texture_2d.s,1
air.sample_texture_2d.u,1
air.sample_texture_2d_array,1
air.sample_texture_2d_array.s,1
air.sample_texture_2d_array.u,1
air.sample_texture_3d,1
air.sample_texture_3d.s,1
air.sample_texture_3d.u,1
air.sign,1
air.sin,1
air.sincos,1
air.sinh,1
air.sinpi,1
air.sub_sat.s,1
air.sub_sat.u,1
air.tan,1
air.tanh,1
air.tanpi,1
air.tgamma,1
air.trunc,1
air.vstore.global,1
air.vstore.local,1
air.vstore.private,1
air.vstore_half.global,1
air.vstore_half.local,1
air.vstore_half.private,1
air.vstorea_half.global,1
air.vstorea_half.local,1
air.vstorea_half.private,1
air.write_depth_2d,1
air.write_depth_2d_array,1
air.write_texture_1d,1
air.write_texture_1d.s,1
air.write_texture_1d.u,1
air.write_texture_1d_array,1
air.write_texture_1d_array.s,1
air.write_texture_1d_array.u,1
air.write_texture_2d,1
air.write_texture_2d.s,1
air.write_texture_2d.u,1
air.write_texture_2d_array,1
air.write_texture_2d_array.s,1
air.write_texture_2d_array.u,1
air.write_texture_3d,1
air.write_texture_3d.s,1
air.write_texture_3d.u,1
air.write_texture_buffer_1d,1
air.write_texture_buffer_1d.s,1
air.write_texture_buffer_1d.u,1
air.atomic.global.load.i32__loweringlib.internal.4,1
air.compile.fast_math_disable,1
air.compile.framebuffer_fetch_disable,1
air.convert.s.i32.f.f32__loweringlib.internal.0,1
air.externally_defined,1
air.fast_fabs.f32__loweringlib.internal.6,1
air.fast_sqrt.f32__loweringlib.internal.11,1
air.fast_sqrt.f32__loweringlib.internal.12,1
air.fma.f32__loweringlib.internal.6,1
air.max_samplerswchar_size,1
air.atomic.,1
air.base_instance,1
air.base_vertex,1
air.calculate_unclamped_lod_,1
air.depth,1
air.depth_qualifier,1
air.flat,1
air.front_facing,1
air.greater,1
air.indirect_argument,1
air.indirect_buffer,1
air.indirect_constant,1
air.interpolate_center_no_perspective.v4f32,1
air.interpolate_center_perspective.v4f32,1
air.interpolate_centroid_no_perspective.v4f32,1
air.interpolate_centroid_perspective.v4f32,1
air.interpolate_offset_no_perspective.v4f32,1
air.interpolate_offset_perspective.v4f32,1
air.interpolate_sample_no_perspective.v4f32,1
air.interpolate_sample_perspective.v4f32,1
air.less,1
air.line,1
air.max_mesh_work_groups,1
air.max_work_group_size,1
air.mesh_grid_properties,1
air.mesh_primitive_data,1
air.mesh_type_info,1
air.mesh_vertex_data,1
air.patch,1
air.payload,1
air.point,1
air.point_size,1
air.primitive_id,1
air.sample_id,1
air.sample_mask,1
air.sample_mask_in,1
air.set_clip_distance_mesh,1
air.set_render_target_array_index_mesh.i32,1
air.set_viewport_array_index_mesh.i32,1
air.stencil,1
air.thread_index_in_threadgroup,1
air.thread_position_in_threadgroup,1
air.threadgroup_position_in_grid,1
air.threadgroups_per_grid,1
air.triangle,1
air.sampler_states,1
air.store.imageblock.mask.,1
air.store.implicit_imageblock.,1
air.atomic_exchange...,1
air.get_grid_origin,1
air.get_simdgroup_index,1
air.get_simd_lane_id,1
air.get_vertex_id,1
air.get_instance_id,1
air.sparse_sample.,1
air.interpolate.,1
air.set_primitive_count,1
air.quad_shuffle.,1
air.quad_vote.,1
air.simd_prefix.,1
air.get_function_handle,1
air.render_command.,1
air.compute_command.,1
air.read_imageblock.,1
air.write_imageblock.,1
air.sample_texture_2d.,1
air.atomic.global.,1
air.atomic.local.,1
air.atomic.global,1
air.atomic.local,1
air.get_grid_size,1
air.ray_,1
