value,count
air-alias-scope-arg(0),305755
air.arg_type_name,272801
air.arg_name,270285
air.location_index,234699
air.arg_type_align_size,172136
air.arg_type_size,172133
air.buffer,171765
air.read_write,165893
air.address_space,136449
wchar_size,129322
air.compile.denorms_disable,129322
air.compile.fast_math_enable,129322
Apple metal version 32023.883 (metalfe-32023.883),129322
Metal,129322
SDK Version,129319
frame-pointer,129319
omnipotent char,122963
Simple C++ TBAA,122963
air.compile.framebuffer_fetch_enable,117293
air.max_device_buffers,113575
air.max_constant_buffers,113575
air.max_threadgroup_buffers,113575
air.max_textures,113575
air.max_read_write_textures,113575
air.max_samplers,113575
float,95350
out,82500
int,67725
uint,59942
air-alias-scope-arg(1),51338
air-alias-scopes(k),45699
air.texture,44163
o,41124
inp,30816
air-alias-scope-textures,29629
tex,28794
air.sample,23535
air.read,23028
float4,22775
air.arg_unused,19419
bool,16819
sampler,15999
air.sampler,15843
air-alias-scope-arg(2),15630
s,15255
short,14980
air-alias-scope-samplers,14495
half,12976
air.compile.framebuffer_fetch_disable,12029
air.thread_position_in_grid,10810
id,10004
air.fragment_input,6411
air.write,5652
air.vertex_output,5225
ushort,5138
char,5136
uchar,5136
air.struct_type_info,4853
"texture2d<float, sample>",4765
air.render_target,4182
float2,3546
air.no_perspective,3346
float3,3306
fc_bool,3120
fc_int,3120
air.thread_index_in_threadgroup,3092
t,2873
position,2775
half4,2687
air.perspective,2660
air.center,2462
half3,2354
"texture2d<float, read>",2302
air.position,2234
air.vertex_input,2186
d,2184
half2,2140
int3,2140
uint3,2140
tid,2062
"texture3d<float, read>",1970
int4,1927
int2,1926
uint2,1926
uint4,1926
b,1889
"texturecube<float, sample>",1874
AddressBox,1872
any pointer,1812
air.centroid,1772
"texture2d<half, sample>",1712
Dwarf Version,1694
Debug Info Version,1694
"texture2d<float, write>",1662
uout,1642
air.depth,1638
air.depth_qualifier,1638
air.thread_index_in_simdgroup,1600
lane,1600
"texture2d_array<float, read>",1542
"texture2d<int, sample>",1498
"texture2d<uint, sample>",1498
air.buffer_size,1482
generated(4v_cpDv4_f),1432
v_cp,1432
generated(5v_cnpDv4_f),1432
v_cnp,1432
generated(5v_ctpDv4_f),1432
v_ctp,1432
generated(6v_ctnpDv4_f),1432
v_ctnp,1432
generated(4v_spDv4_f),1432
v_sp,1432
generated(5v_snpDv4_f),1432
v_snp,1432
"texture3d<float, sample>",1328
"texture1d<float, read>",1328
metal::_atomic,1248
__s,1248
data,1244
"depth2d<float, sample>",1232
value,1170
generated(6v_flatDv4_f),1092
v_flat,1092
user(uid),1092
v_user,1092
air.flat,1092
dev,1092
con,1092
tg,1092
a,1031
lid,1030
"texture2d_ms<float, read>",1018
c,955
air.indirect_argument,936
"texture3d<float, write>",901
"texturecube<float, read>",806
air.point_size,760
packed_float3,756
smp,744
width,722
height,722
"texture1d<float, write>",687
"texture1d<float, sample>",686
p,644
"texture2d<int, read>",642
"texture2d<uint, read>",642
"texture3d<half, sample>",642
"texture3d<int, sample>",642
"texture3d<uint, sample>",642
"texturecube<half, sample>",642
"texturecube<int, sample>",642
"texturecube<uint, sample>",642
counter,624
icounter,624
uv,550
air.sampler_state,548
early_fragment_tests,547
v_ps,546
normal,546
color,546
Uniforms,546
u,546
float4x4,546
mvp,546
c0,546
c1,546
c2,546
c3,546
air.any,546
air.greater,546
air.less,546
_ZTS10AddressBox,546
ms,546
__metal_texture_2d_t,544
air.visible_output,520
air.visible_input,520
v,520
"texture2d_array<float, write>",473
t0,472
"texture1d_array<float, sample>",472
t1,472
t2,472
"texture2d_array<float, sample>",472
t3,472
t4,472
t5,472
"texturecube_array<float, sample>",472
t6,472
t7,472
"texture_buffer<float, read>",472
t8,472
t9,472
"depth2d_array<float, sample>",472
t10,472
"depthcube<float, sample>",472
t11,472
"depthcube_array<float, sample>",472
t12,472
t13,472
t14,472
t15,472
t16,472
t17,472
t18,472
t19,472
t20,472
"texture1d<float, read_write>",472
t21,472
"texture2d<float, read_write>",472
t22,472
"texture2d_array<float, read_write>",472
t23,472
"texture3d<float, read_write>",472
t24,472
air-alias-scopes(atomics_all),468
air-alias-scopes(address_spaces_extended_all),468
air-alias-scope-arg(3),468
_ZTSN5metal7samplerE,466
__metal_sampler_t,466
air-alias-scopes(probe_min),440
air-alias-scopes(headers_only),440
air-alias-scopes(linkage_dump_a),434
air-alias-scopes(linkage_dump_b),434
"texture2d<half, read>",428
"texture1d<half, read>",428
"texture1d<int, read>",428
"texture1d<uint, read>",428
"texture3d<half, read>",428
"texture3d<int, read>",428
"texture3d<uint, read>",428
NestedLayout,406
flags,406
values,406
scratch,406
llvm.loop.mustprogress,392
air-alias-scope-arg(4),392
air-alias-scopes(io_dump_vertex),390
air-alias-scopes(operators_swizzles_all),390
air-alias-scopes(texture_depth_cube_ms),390
air-alias-scopes(texture_read),390
air-alias-scopes(texture_sample),390
air-alias-scopes(texture_write),390
count,368
air-alias-scopes(builtins_all),360
fout,352
air.visible_function_reference,352
ld_visible_fn,352
packed_float2,350
packed_float4,350
packed_half2,350
packed_half3,350
packed_half4,350
packed_int2,350
packed_int3,350
packed_uint4,350
_ZTS12NestedLayout,348
air-alias-scopes(textures_all),320
air-alias-scope-arg(26),320
air.indirect_buffer,312
args,312
params,312
air-alias-scopes(address_spaces_all),312
air-alias-scopes(types_all),312
_ZTSN5metal9texture2dIfLNS_6accessE0EvEE,292
air-alias-scopes(codegen_struct_array_pointer_all),290
air-alias-scopes(codegen_threadgroup_barrier_all),290
air.render_target_array_index,280
rta,280
air.viewport_array_index,280
vpa,280
air-alias-scopes(linkage_dump_fp),264
air-alias-scopes(raytracing_all),240
air.vertex_id,215
vid,215
air-alias-scopes(builtin_tex_03_texture2d_sample_float),214
air-alias-scopes(builtin_tex_04_texture2d_read_float),214
air-alias-scopes(builtin_tex_05_texture2d_write_float),214
air-alias-scopes(builtin_tex_06_texture2d_sample_half),214
air-alias-scopes(builtin_tex_07_texture2d_read_int),214
air-alias-scopes(builtin_tex_08_texture2d_read_uint),214
air-alias-scopes(builtin_tex_13_texture3d_sample_float),214
air-alias-scopes(builtin_tex_14_texture3d_read_float),214
air-alias-scopes(builtin_tex_15_texture3d_write_float),214
air-alias-scopes(builtin_tex_16_texturecube_sample_float),214
packed_int4,214
packed_uint2,214
packed_uint3,214
packed_short2,214
packed_short3,214
packed_short4,214
packed_ushort2,214
packed_ushort3,214
packed_ushort4,214
packed_char2,214
packed_char3,214
packed_char4,214
packed_uchar2,214
packed_uchar3,214
packed_uchar4,214
b0,214
b1,214
b2,214
b3,214
b4,214
b5,214
b6,214
b7,214
b8,214
b9,214
b10,214
b11,214
b12,214
b13,214
b14,214
b15,214
b16,214
b17,214
b18,214
b19,214
b20,214
b21,214
b22,214
b23,214
b24,214
b25,214
b26,214
b27,214
b28,214
b29,214
b30,214
air.clip_distance,214
cd,214
ps,214
user(locn0),214
l0,214
user(locn1),214
l1,214
user(locn2),214
l2,214
user(locn3),214
l3,214
in,214
air-alias-scopes(k_sample),214
air-alias-scopes(k_read),214
air-alias-scopes(k_write),214
air-alias-scopes(texm_000_texture2d_sample_basic_float),214
air-alias-scopes(texm_001_texture2d_sample_level_float),214
air-alias-scopes(texm_002_texture2d_sample_bias_float),214
air-alias-scopes(texm_003_texture2d_sample_gradient_float),214
air-alias-scopes(texm_004_texture2d_sample_offset_float),214
air-alias-scopes(texm_005_texture2d_gather_basic_float),214
air-alias-scopes(texm_006_texture2d_gather_offset_float),214
air-alias-scopes(texm_007_texture2d_read_basic_float),214
air-alias-scopes(texm_008_texture2d_read_lod_float),214
air-alias-scopes(texm_009_texture2d_write_float),214
air-alias-scopes(texm_010_texture2d_sample_basic_half),214
air-alias-scopes(texm_011_texture2d_sample_level_half),214
air-alias-scopes(texm_012_texture2d_sample_bias_half),214
air-alias-scopes(texm_013_texture2d_sample_gradient_half),214
air-alias-scopes(texm_014_texture2d_sample_offset_half),214
air-alias-scopes(texm_015_texture2d_gather_basic_half),214
air-alias-scopes(texm_016_texture2d_gather_offset_half),214
air-alias-scopes(texm_017_texture2d_read_basic_half),214
air-alias-scopes(texm_018_texture2d_read_lod_half),214
"texture2d<half, write>",214
air-alias-scopes(texm_019_texture2d_write_half),214
air-alias-scopes(texm_020_texture2d_sample_basic_int),214
air-alias-scopes(texm_021_texture2d_sample_level_int),214
air-alias-scopes(texm_022_texture2d_sample_bias_int),214
air-alias-scopes(texm_023_texture2d_sample_gradient_int),214
air-alias-scopes(texm_024_texture2d_sample_offset_int),214
air-alias-scopes(texm_025_texture2d_gather_basic_int),214
air-alias-scopes(texm_026_texture2d_gather_offset_int),214
air-alias-scopes(texm_027_texture2d_read_basic_int),214
air-alias-scopes(texm_028_texture2d_read_lod_int),214
"texture2d<int, write>",214
air-alias-scopes(texm_029_texture2d_write_int),214
air-alias-scopes(texm_030_texture2d_sample_basic_uint),214
air-alias-scopes(texm_031_texture2d_sample_level_uint),214
air-alias-scopes(texm_032_texture2d_sample_bias_uint),214
air-alias-scopes(texm_033_texture2d_sample_gradient_uint),214
air-alias-scopes(texm_034_texture2d_sample_offset_uint),214
air-alias-scopes(texm_035_texture2d_gather_basic_uint),214
air-alias-scopes(texm_036_texture2d_gather_offset_uint),214
air-alias-scopes(texm_037_texture2d_read_basic_uint),214
air-alias-scopes(texm_038_texture2d_read_lod_uint),214
"texture2d<uint, write>",214
air-alias-scopes(texm_039_texture2d_write_uint),214
air-alias-scopes(texm_048_texture2d_array_read_lod_float),214
"texture2d_array<half, read>",214
air-alias-scopes(texm_058_texture2d_array_read_lod_half),214
"texture2d_array<int, read>",214
air-alias-scopes(texm_068_texture2d_array_read_lod_int),214
"texture2d_array<uint, read>",214
air-alias-scopes(texm_078_texture2d_array_read_lod_uint),214
air-alias-scopes(texm_080_texture1d_sample_basic_float),214
air-alias-scopes(texm_085_texture1d_read_basic_float),214
air-alias-scopes(texm_086_texture1d_read_lod_float),214
air-alias-scopes(texm_087_texture1d_write_float),214
"texture1d<half, sample>",214
air-alias-scopes(texm_088_texture1d_sample_basic_half),214
air-alias-scopes(texm_093_texture1d_read_basic_half),214
air-alias-scopes(texm_094_texture1d_read_lod_half),214
"texture1d<half, write>",214
air-alias-scopes(texm_095_texture1d_write_half),214
"texture1d<int, sample>",214
air-alias-scopes(texm_096_texture1d_sample_basic_int),214
air-alias-scopes(texm_101_texture1d_read_basic_int),214
air-alias-scopes(texm_102_texture1d_read_lod_int),214
"texture1d<int, write>",214
air-alias-scopes(texm_103_texture1d_write_int),214
"texture1d<uint, sample>",214
air-alias-scopes(texm_104_texture1d_sample_basic_uint),214
air-alias-scopes(texm_109_texture1d_read_basic_uint),214
air-alias-scopes(texm_110_texture1d_read_lod_uint),214
"texture1d<uint, write>",214
air-alias-scopes(texm_111_texture1d_write_uint),214
air-alias-scopes(texm_112_texture3d_sample_basic_float),214
air-alias-scopes(texm_113_texture3d_sample_level_float),214
air-alias-scopes(texm_114_texture3d_sample_bias_float),214
air-alias-scopes(texm_117_texture3d_read_basic_float),214
air-alias-scopes(texm_118_texture3d_read_lod_float),214
air-alias-scopes(texm_119_texture3d_write_float),214
air-alias-scopes(texm_120_texture3d_sample_basic_half),214
air-alias-scopes(texm_121_texture3d_sample_level_half),214
air-alias-scopes(texm_122_texture3d_sample_bias_half),214
air-alias-scopes(texm_125_texture3d_read_basic_half),214
air-alias-scopes(texm_126_texture3d_read_lod_half),214
"texture3d<half, write>",214
air-alias-scopes(texm_127_texture3d_write_half),214
air-alias-scopes(texm_128_texture3d_sample_basic_int),214
air-alias-scopes(texm_129_texture3d_sample_level_int),214
air-alias-scopes(texm_130_texture3d_sample_bias_int),214
air-alias-scopes(texm_133_texture3d_read_basic_int),214
air-alias-scopes(texm_134_texture3d_read_lod_int),214
"texture3d<int, write>",214
air-alias-scopes(texm_135_texture3d_write_int),214
air-alias-scopes(texm_136_texture3d_sample_basic_uint),214
air-alias-scopes(texm_137_texture3d_sample_level_uint),214
air-alias-scopes(texm_138_texture3d_sample_bias_uint),214
air-alias-scopes(texm_141_texture3d_read_basic_uint),214
air-alias-scopes(texm_142_texture3d_read_lod_uint),214
"texture3d<uint, write>",214
air-alias-scopes(texm_143_texture3d_write_uint),214
air-alias-scopes(texm_144_texturecube_sample_basic_float),214
air-alias-scopes(texm_145_texturecube_sample_level_float),214
air-alias-scopes(texm_146_texturecube_sample_bias_float),214
air-alias-scopes(texm_151_texturecube_sample_basic_half),214
air-alias-scopes(texm_152_texturecube_sample_level_half),214
air-alias-scopes(texm_153_texturecube_sample_bias_half),214
air-alias-scopes(texm_158_texturecube_sample_basic_int),214
air-alias-scopes(texm_159_texturecube_sample_level_int),214
air-alias-scopes(texm_160_texturecube_sample_bias_int),214
air-alias-scopes(texm_165_texturecube_sample_basic_uint),214
air-alias-scopes(texm_166_texturecube_sample_level_uint),214
air-alias-scopes(texm_167_texturecube_sample_bias_uint),214
air-alias-scopes(texq_172_texture2d_get_width),214
air-alias-scopes(texq_173_texture2d_get_height),214
air-alias-scopes(texq_174_texture2d_get_num_mip_levels),214
air-alias-scopes(texq_175_texture2d_array_get_width),214
air-alias-scopes(texq_176_texture2d_array_get_height),214
air-alias-scopes(texq_177_texture2d_array_get_array_size),214
air-alias-scopes(texq_178_texture2d_array_get_num_mip_levels),214
air-alias-scopes(texq_179_texture1d_get_width),214
air-alias-scopes(texq_181_texture1d_get_num_mip_levels),214
air-alias-scopes(texq_182_texture3d_get_width),214
air-alias-scopes(texq_183_texture3d_get_height),214
air-alias-scopes(texq_184_texture3d_get_depth),214
air-alias-scopes(texq_185_texture3d_get_num_mip_levels),214
air-alias-scopes(texq_186_texturecube_get_width),214
air-alias-scopes(texq_187_texturecube_get_height),214
air-alias-scopes(texq_188_texturecube_get_num_mip_levels),214
n,214
_ZTSN5metal9mem_flagsE,214
air-alias-scopes(builtin_raytracing_all),212
air-alias-scopes(conv_000_bool_to_char),212
air-alias-scopes(conv_001_bool_to_uchar),212
air-alias-scopes(conv_002_bool_to_short),212
air-alias-scopes(conv_003_bool_to_ushort),212
air-alias-scopes(conv_004_bool_to_int),212
air-alias-scopes(conv_005_bool_to_uint),212
air-alias-scopes(conv_006_bool_to_half),212
air-alias-scopes(conv_007_bool_to_float),212
air-alias-scopes(conv_008_char_to_bool),212
air-alias-scopes(conv_009_char_to_uchar),212
air-alias-scopes(conv_010_char_to_short),212
air-alias-scopes(conv_011_char_to_ushort),212
air-alias-scopes(conv_012_char_to_int),212
air-alias-scopes(conv_013_char_to_uint),212
air-alias-scopes(conv_014_char_to_half),212
air-alias-scopes(conv_015_char_to_float),212
air-alias-scopes(conv_016_uchar_to_bool),212
air-alias-scopes(conv_017_uchar_to_char),212
air-alias-scopes(conv_018_uchar_to_short),212
air-alias-scopes(conv_019_uchar_to_ushort),212
air-alias-scopes(conv_020_uchar_to_int),212
air-alias-scopes(conv_021_uchar_to_uint),212
air-alias-scopes(conv_022_uchar_to_half),212
air-alias-scopes(conv_023_uchar_to_float),212
air-alias-scopes(conv_024_short_to_bool),212
air-alias-scopes(conv_025_short_to_char),212
air-alias-scopes(conv_026_short_to_uchar),212
air-alias-scopes(conv_027_short_to_ushort),212
air-alias-scopes(conv_028_short_to_int),212
air-alias-scopes(conv_029_short_to_uint),212
air-alias-scopes(conv_030_short_to_half),212
air-alias-scopes(conv_031_short_to_float),212
air-alias-scopes(conv_032_ushort_to_bool),212
air-alias-scopes(conv_033_ushort_to_char),212
air-alias-scopes(conv_034_ushort_to_uchar),212
air-alias-scopes(conv_035_ushort_to_short),212
air-alias-scopes(conv_036_ushort_to_int),212
air-alias-scopes(conv_037_ushort_to_uint),212
air-alias-scopes(conv_038_ushort_to_half),212
air-alias-scopes(conv_039_ushort_to_float),212
air-alias-scopes(conv_040_int_to_bool),212
air-alias-scopes(conv_041_int_to_char),212
air-alias-scopes(conv_042_int_to_uchar),212
air-alias-scopes(conv_043_int_to_short),212
air-alias-scopes(conv_044_int_to_ushort),212
air-alias-scopes(conv_045_int_to_uint),212
air-alias-scopes(conv_046_int_to_half),212
air-alias-scopes(conv_047_int_to_float),212
air-alias-scopes(conv_048_uint_to_bool),212
air-alias-scopes(conv_049_uint_to_char),212
air-alias-scopes(conv_050_uint_to_uchar),212
air-alias-scopes(conv_051_uint_to_short),212
air-alias-scopes(conv_052_uint_to_ushort),212
air-alias-scopes(conv_053_uint_to_int),212
air-alias-scopes(conv_054_uint_to_half),212
air-alias-scopes(conv_055_uint_to_float),212
air-alias-scopes(conv_056_half_to_bool),212
air-alias-scopes(conv_057_half_to_char),212
air-alias-scopes(conv_058_half_to_uchar),212
air-alias-scopes(conv_059_half_to_short),212
air-alias-scopes(conv_060_half_to_ushort),212
air-alias-scopes(conv_061_half_to_int),212
air-alias-scopes(conv_062_half_to_uint),212
air-alias-scopes(conv_063_half_to_float),212
air-alias-scopes(conv_064_float_to_bool),212
air-alias-scopes(conv_065_float_to_char),212
air-alias-scopes(conv_066_float_to_uchar),212
air-alias-scopes(conv_067_float_to_short),212
air-alias-scopes(conv_068_float_to_ushort),212
air-alias-scopes(conv_069_float_to_int),212
air-alias-scopes(conv_070_float_to_uint),212
air-alias-scopes(conv_071_float_to_half),212
air-alias-scopes(conv_072_float_to_float2),212
air-alias-scopes(conv_073_float2_to_float),212
air-alias-scopes(conv_074_float_to_float3),212
air-alias-scopes(conv_075_float3_to_float),212
air-alias-scopes(conv_076_float_to_float4),212
air-alias-scopes(conv_077_float4_to_float),212
air-alias-scopes(conv_078_half_to_half2),212
air-alias-scopes(conv_079_half2_to_half),212
air-alias-scopes(conv_080_half_to_half3),212
air-alias-scopes(conv_081_half3_to_half),212
air-alias-scopes(conv_082_half_to_half4),212
air-alias-scopes(conv_083_half4_to_half),212
air-alias-scopes(conv_084_int_to_int2),212
air-alias-scopes(conv_085_int2_to_int),212
air-alias-scopes(conv_086_int_to_int3),212
air-alias-scopes(conv_087_int3_to_int),212
air-alias-scopes(conv_088_int_to_int4),212
air-alias-scopes(conv_089_int4_to_int),212
air-alias-scopes(conv_090_uint_to_uint2),212
air-alias-scopes(conv_091_uint2_to_uint),212
air-alias-scopes(conv_092_uint_to_uint3),212
air-alias-scopes(conv_093_uint3_to_uint),212
air-alias-scopes(conv_094_uint_to_uint4),212
air-alias-scopes(conv_095_uint4_to_uint),212
air-alias-scopes(conv_096_float2_to_half2),212
air-alias-scopes(conv_097_float3_to_half3),212
air-alias-scopes(conv_098_float4_to_half4),212
air-alias-scopes(conv_099_float2_to_int2),212
air-alias-scopes(conv_100_float3_to_int3),212
air-alias-scopes(conv_101_float4_to_int4),212
air-alias-scopes(conv_102_float2_to_uint2),212
air-alias-scopes(conv_103_float3_to_uint3),212
air-alias-scopes(conv_104_float4_to_uint4),212
air-alias-scopes(conv_105_half2_to_float2),212
air-alias-scopes(conv_106_half3_to_float3),212
air-alias-scopes(conv_107_half4_to_float4),212
air-alias-scopes(conv_108_half2_to_int2),212
air-alias-scopes(conv_109_half3_to_int3),212
air-alias-scopes(conv_110_half4_to_int4),212
air-alias-scopes(conv_111_half2_to_uint2),212
air-alias-scopes(conv_112_half3_to_uint3),212
air-alias-scopes(conv_113_half4_to_uint4),212
air-alias-scopes(conv_114_int2_to_float2),212
air-alias-scopes(conv_115_int3_to_float3),212
air-alias-scopes(conv_116_int4_to_float4),212
air-alias-scopes(conv_117_int2_to_half2),212
air-alias-scopes(conv_118_int3_to_half3),212
air-alias-scopes(conv_119_int4_to_half4),212
air-alias-scopes(conv_120_int2_to_uint2),212
air-alias-scopes(conv_121_int3_to_uint3),212
air-alias-scopes(conv_122_int4_to_uint4),212
air-alias-scopes(conv_123_uint2_to_float2),212
air-alias-scopes(conv_124_uint3_to_float3),212
air-alias-scopes(conv_125_uint4_to_float4),212
air-alias-scopes(conv_126_uint2_to_half2),212
air-alias-scopes(conv_127_uint3_to_half3),212
air-alias-scopes(conv_128_uint4_to_half4),212
air-alias-scopes(conv_129_uint2_to_int2),212
air-alias-scopes(conv_130_uint3_to_int3),212
air-alias-scopes(conv_131_uint4_to_int4),212
air-alias-scopes(conv_132_packed_float2_to_float2),212
air-alias-scopes(conv_133_packed_float3_to_float3),212
air-alias-scopes(conv_134_packed_float4_to_float4),212
air-alias-scopes(conv_135_packed_half2_to_half2),212
air-alias-scopes(conv_136_packed_half3_to_half3),212
air-alias-scopes(conv_137_packed_half4_to_half4),212
air-alias-scopes(conv_138_packed_int2_to_int2),212
air-alias-scopes(conv_139_packed_int3_to_int3),212
air-alias-scopes(conv_140_packed_int4_to_int4),212
air-alias-scopes(conv_141_packed_uint2_to_uint2),212
air-alias-scopes(conv_142_packed_uint3_to_uint3),212
air-alias-scopes(conv_143_packed_uint4_to_uint4),212
air-alias-scopes(conv_144_packed_short2_to_short2),212
air-alias-scopes(conv_145_packed_short3_to_short3),212
air-alias-scopes(conv_146_packed_short4_to_short4),212
air-alias-scopes(conv_147_packed_ushort2_to_ushort2),212
air-alias-scopes(conv_148_packed_ushort3_to_ushort3),212
air-alias-scopes(conv_149_packed_ushort4_to_ushort4),212
air-alias-scopes(conv_150_packed_char2_to_char2),212
air-alias-scopes(conv_151_packed_char3_to_char3),212
air-alias-scopes(conv_152_packed_char4_to_char4),212
air-alias-scopes(conv_153_packed_uchar2_to_uchar2),212
air-alias-scopes(conv_154_packed_uchar3_to_uchar3),212
air-alias-scopes(conv_155_packed_uchar4_to_uchar4),212
air-alias-scopes(conv_156_mat_float2x2),212
air-alias-scopes(conv_157_mat_float2x3),212
air-alias-scopes(conv_158_mat_float2x4),212
air-alias-scopes(conv_159_mat_float3x2),212
air-alias-scopes(conv_160_mat_float3x3),212
air-alias-scopes(conv_161_mat_float3x4),212
air-alias-scopes(conv_162_mat_float4x2),212
air-alias-scopes(conv_163_mat_float4x3),212
air-alias-scopes(conv_164_mat_float4x4),212
air-alias-scopes(conv_165_mat_half2x2),212
air-alias-scopes(conv_166_mat_half2x3),212
air-alias-scopes(conv_167_mat_half2x4),212
air-alias-scopes(conv_168_mat_half3x2),212
air-alias-scopes(conv_169_mat_half3x3),212
air-alias-scopes(conv_170_mat_half3x4),212
air-alias-scopes(conv_171_mat_half4x2),212
air-alias-scopes(conv_172_mat_half4x3),212
air-alias-scopes(conv_173_mat_half4x4),212
air-alias-scopes(conv_174_astype_float_to_uint),212
air-alias-scopes(conv_175_astype_uint_to_float),212
air-alias-scopes(conv_176_astype_half_to_short),212
air-alias-scopes(conv_177_astype_short_to_half),212
air-alias-scopes(conv_178_astype_float2_to_uint2),212
air-alias-scopes(conv_179_astype_uint2_to_float2),212
air-alias-scopes(conv_182_astype_int_to_uint),212
air-alias-scopes(conv_183_astype_uint_to_int),212
air-alias-scopes(k0),212
air-alias-scopes(k1),212
air-alias-scopes(k2),212
air-alias-scopes(k3),212
air-alias-scopes(k4),212
air-alias-scopes(k5),212
air-alias-scopes(k6),212
air-alias-scopes(k7),212
air-alias-scopes(k8),212
air-alias-scopes(k9),212
air-alias-scopes(k10),212
air-alias-scopes(k11),212
air-alias-scopes(k12),212
air-alias-scopes(k13),212
air-alias-scopes(k14),212
air-alias-scopes(k15),212
air-alias-scopes(k16),212
air-alias-scopes(k17),212
air-alias-scopes(k18),212
air-alias-scopes(k19),212
air-alias-scopes(k20),212
air-alias-scopes(k21),212
air-alias-scopes(k22),212
air-alias-scopes(k23),212
air-alias-scopes(k24),212
air-alias-scopes(k25),212
air-alias-scopes(k26),212
air-alias-scopes(k27),212
air-alias-scopes(k28),212
air-alias-scopes(k29),212
air-alias-scopes(k30),212
air-alias-scopes(k31),212
air-alias-scopes(k32),212
air-alias-scopes(k33),212
air-alias-scopes(k34),212
air-alias-scopes(k35),212
air-alias-scopes(k36),212
air-alias-scopes(k37),212
air-alias-scopes(k38),212
air-alias-scopes(k39),212
air-alias-scopes(k40),212
air-alias-scopes(k41),212
air-alias-scopes(k42),212
air-alias-scopes(k43),212
air-alias-scopes(k44),212
air-alias-scopes(k45),212
air-alias-scopes(k46),212
air-alias-scopes(k47),212
air-alias-scopes(k48),212
air-alias-scopes(k49),212
air-alias-scopes(k50),212
air-alias-scopes(k51),212
air-alias-scopes(k52),212
air-alias-scopes(k53),212
air-alias-scopes(k54),212
air-alias-scopes(k55),212
air-alias-scopes(k56),212
air-alias-scopes(k57),212
air-alias-scopes(k58),212
air-alias-scopes(k59),212
air-alias-scopes(k60),212
air-alias-scopes(k61),212
air-alias-scopes(k62),212
air-alias-scopes(k63),212
air-alias-scopes(k64),212
air-alias-scopes(k65),212
air-alias-scopes(k66),212
air-alias-scopes(k67),212
air-alias-scopes(k68),212
air-alias-scopes(k69),212
air-alias-scopes(k70),212
air-alias-scopes(k71),212
air-alias-scopes(k72),212
air-alias-scopes(k73),212
air-alias-scopes(k74),212
air-alias-scopes(k75),212
air-alias-scopes(k76),212
air-alias-scopes(k77),212
air-alias-scopes(k78),212
air-alias-scopes(k79),212
air-alias-scopes(k80),212
air-alias-scopes(k81),212
air-alias-scopes(k82),212
air-alias-scopes(k83),212
air-alias-scopes(k84),212
air-alias-scopes(k85),212
air-alias-scopes(k86),212
air-alias-scopes(k87),212
air-alias-scopes(k88),212
air-alias-scopes(k89),212
air-alias-scopes(k90),212
air-alias-scopes(k91),212
air-alias-scopes(k92),212
air-alias-scopes(k93),212
air-alias-scopes(k94),212
air-alias-scopes(k95),212
air-alias-scopes(k96),212
air-alias-scopes(k97),212
air-alias-scopes(k98),212
air-alias-scopes(k99),212
air-alias-scopes(k100),212
air-alias-scopes(k101),212
air-alias-scopes(k102),212
air-alias-scopes(k103),212
air-alias-scopes(k104),212
air-alias-scopes(k105),212
air-alias-scopes(k106),212
air-alias-scopes(k107),212
air-alias-scopes(k108),212
air-alias-scopes(k109),212
air-alias-scopes(k110),212
air-alias-scopes(k111),212
air-alias-scopes(k112),212
air-alias-scopes(k113),212
air-alias-scopes(k114),212
air-alias-scopes(k115),212
air-alias-scopes(k116),212
air-alias-scopes(k117),212
air-alias-scopes(k118),212
air-alias-scopes(k119),212
air-alias-scopes(k120),212
air-alias-scopes(k121),212
air-alias-scopes(k122),212
air-alias-scopes(k123),212
air-alias-scopes(k124),212
air-alias-scopes(k125),212
air-alias-scopes(k126),212
air-alias-scopes(k127),212
air-alias-scopes(k128),212
air-alias-scopes(k129),212
air-alias-scopes(k130),212
air-alias-scopes(k131),212
air-alias-scopes(k132),212
air-alias-scopes(k133),212
air-alias-scopes(k134),212
air-alias-scopes(k135),212
air-alias-scopes(k136),212
air-alias-scopes(k137),212
air-alias-scopes(k138),212
air-alias-scopes(k139),212
air-alias-scopes(k140),212
air-alias-scopes(k141),212
air-alias-scopes(k142),212
air-alias-scopes(k143),212
air-alias-scopes(k144),212
air-alias-scopes(k145),212
air-alias-scopes(k146),212
air-alias-scopes(k147),212
air-alias-scopes(k148),212
air-alias-scopes(k149),212
air-alias-scopes(k150),212
air-alias-scopes(k151),212
air-alias-scopes(k152),212
air-alias-scopes(k153),212
air-alias-scopes(k154),212
air-alias-scopes(k155),212
air-alias-scopes(k156),212
air-alias-scopes(k157),212
air-alias-scopes(k158),212
air-alias-scopes(k159),212
air-alias-scopes(k160),212
air-alias-scopes(k161),212
air-alias-scopes(k162),212
air-alias-scopes(k163),212
air-alias-scopes(k164),212
air-alias-scopes(k165),212
air-alias-scopes(k166),212
air-alias-scopes(k167),212
air-alias-scopes(k168),212
air-alias-scopes(k169),212
air-alias-scopes(k170),212
air-alias-scopes(k171),212
air-alias-scopes(k172),212
air-alias-scopes(k173),212
air-alias-scopes(k174),212
air-alias-scopes(k175),212
air-alias-scopes(k176),212
air-alias-scopes(k177),212
air-alias-scopes(k178),212
air-alias-scopes(k179),212
air-alias-scopes(k180),212
air-alias-scopes(k181),212
air-alias-scopes(k182),212
air-alias-scopes(k183),212
air-alias-scopes(k184),212
air-alias-scopes(k185),212
air-alias-scopes(k186),212
air-alias-scopes(k187),212
air-alias-scopes(k188),212
air-alias-scopes(k189),212
air-alias-scopes(k190),212
air-alias-scopes(k191),212
air-alias-scopes(k192),212
air-alias-scopes(k193),212
air-alias-scopes(k194),212
air-alias-scopes(k195),212
air-alias-scopes(k196),212
air-alias-scopes(k197),212
air-alias-scopes(k198),212
air-alias-scopes(k199),212
air-alias-scopes(k200),212
air-alias-scopes(k201),212
air-alias-scopes(k202),212
air-alias-scopes(k203),212
air-alias-scopes(k204),212
air-alias-scopes(k205),212
air-alias-scopes(k206),212
air-alias-scopes(k207),212
air-alias-scopes(k208),212
air-alias-scopes(k209),212
air-alias-scopes(k210),212
air-alias-scopes(k211),212
air-alias-scopes(k212),212
air-alias-scopes(k213),212
air-alias-scopes(k214),212
air-alias-scopes(k215),212
air-alias-scopes(k216),212
air-alias-scopes(k217),212
air-alias-scopes(k218),212
air-alias-scopes(k219),212
air-alias-scopes(k220),212
air-alias-scopes(k221),212
air-alias-scopes(k222),212
air-alias-scopes(k223),212
air-alias-scopes(k224),212
air-alias-scopes(k225),212
air-alias-scopes(k226),212
air-alias-scopes(k227),212
air-alias-scopes(k228),212
air-alias-scopes(k229),212
air-alias-scopes(k230),212
air-alias-scopes(k231),212
air-alias-scopes(k232),212
air-alias-scopes(k233),212
air-alias-scopes(k234),212
air-alias-scopes(k235),212
air-alias-scopes(k236),212
air-alias-scopes(k237),212
air-alias-scopes(k238),212
air-alias-scopes(k239),212
air-alias-scopes(k240),212
air-alias-scopes(k241),212
air-alias-scopes(k242),212
air-alias-scopes(k243),212
air-alias-scopes(k244),212
air-alias-scopes(k245),212
air-alias-scopes(k246),212
air-alias-scopes(k247),212
air-alias-scopes(k248),212
air-alias-scopes(k249),212
air-alias-scopes(k250),212
air-alias-scopes(k251),212
air-alias-scopes(k252),212
air-alias-scopes(k253),212
air-alias-scopes(k254),212
air-alias-scopes(k255),212
air-alias-scopes(k256),212
air-alias-scopes(k257),212
air-alias-scopes(k258),212
air-alias-scopes(k259),212
air-alias-scopes(k260),212
air-alias-scopes(k261),212
air-alias-scopes(k262),212
air-alias-scopes(k263),212
air-alias-scopes(k264),212
air-alias-scopes(k265),212
air-alias-scopes(k266),212
air-alias-scopes(k267),212
air-alias-scopes(k268),212
air-alias-scopes(k269),212
air-alias-scopes(k270),212
air-alias-scopes(k271),212
air-alias-scopes(k272),212
air-alias-scopes(k273),212
air-alias-scopes(k274),212
air-alias-scopes(k275),212
air-alias-scopes(k276),212
air-alias-scopes(k277),212
air-alias-scopes(k278),212
air-alias-scopes(k279),212
air-alias-scopes(k280),212
air-alias-scopes(k281),212
air-alias-scopes(k282),212
air-alias-scopes(k283),212
air-alias-scopes(k284),212
air-alias-scopes(k285),212
air-alias-scopes(k286),212
air-alias-scopes(k287),212
air-alias-scopes(k288),212
air-alias-scopes(k289),212
air-alias-scopes(k290),212
air-alias-scopes(k291),212
air-alias-scopes(k292),212
air-alias-scopes(k293),212
air-alias-scopes(k294),212
air-alias-scopes(k295),212
air-alias-scopes(k296),212
air-alias-scopes(k297),212
air-alias-scopes(k298),212
air-alias-scopes(k299),212
air-alias-scopes(k300),212
air-alias-scopes(k301),212
air-alias-scopes(k302),212
air-alias-scopes(k303),212
air-alias-scopes(k304),212
air-alias-scopes(k305),212
air-alias-scopes(k306),212
air-alias-scopes(k307),212
air-alias-scopes(k308),212
air-alias-scopes(k309),212
air-alias-scopes(k310),212
air-alias-scopes(k311),212
air-alias-scopes(k312),212
air-alias-scopes(k313),212
air-alias-scopes(k314),212
air-alias-scopes(k315),212
air-alias-scopes(k316),212
air-alias-scopes(k317),212
air-alias-scopes(k318),212
air-alias-scopes(k319),212
air-alias-scopes(k320),212
air-alias-scopes(k321),212
air-alias-scopes(k322),212
air-alias-scopes(k323),212
air-alias-scopes(k324),212
air-alias-scopes(k325),212
air-alias-scopes(k326),212
air-alias-scopes(k327),212
air-alias-scopes(k328),212
air-alias-scopes(k329),212
air-alias-scopes(k330),212
air-alias-scopes(k331),212
air-alias-scopes(k332),212
air-alias-scopes(k333),212
air-alias-scopes(k334),212
air-alias-scopes(k335),212
air-alias-scopes(k336),212
air-alias-scopes(k337),212
air-alias-scopes(k338),212
air-alias-scopes(k339),212
air-alias-scopes(k340),212
air-alias-scopes(k341),212
air-alias-scopes(k342),212
air-alias-scopes(k343),212
air-alias-scopes(k344),212
air-alias-scopes(k345),212
air-alias-scopes(k346),212
air-alias-scopes(k347),212
air-alias-scopes(k348),212
air-alias-scopes(k349),212
air-alias-scopes(k350),212
air-alias-scopes(k351),212
air-alias-scopes(k352),212
air-alias-scopes(k353),212
air-alias-scopes(k354),212
air-alias-scopes(k355),212
air-alias-scopes(k356),212
air-alias-scopes(k357),212
air-alias-scopes(k358),212
air-alias-scopes(k359),212
air-alias-scopes(k360),212
air-alias-scopes(k361),212
air-alias-scopes(k362),212
air-alias-scopes(k363),212
air-alias-scopes(k364),212
air-alias-scopes(k365),212
air-alias-scopes(k366),212
air-alias-scopes(k367),212
air-alias-scopes(k368),212
air-alias-scopes(k369),212
air-alias-scopes(k370),212
air-alias-scopes(k371),212
air-alias-scopes(k372),212
air-alias-scopes(k373),212
air-alias-scopes(k374),212
air-alias-scopes(k375),212
air-alias-scopes(k376),212
air-alias-scopes(k377),212
air-alias-scopes(k378),212
air-alias-scopes(k379),212
air-alias-scopes(k380),212
air-alias-scopes(k381),212
air-alias-scopes(k382),212
air-alias-scopes(k383),212
air-alias-scopes(k384),212
air-alias-scopes(k385),212
air-alias-scopes(k386),212
air-alias-scopes(k387),212
air-alias-scopes(k388),212
air-alias-scopes(k389),212
air-alias-scopes(k390),212
air-alias-scopes(k391),212
air-alias-scopes(k392),212
air-alias-scopes(k393),212
air-alias-scopes(k394),212
air-alias-scopes(k395),212
air-alias-scopes(k396),212
air-alias-scopes(k397),212
air-alias-scopes(k398),212
air-alias-scopes(k399),212
air-alias-scopes(k400),212
air-alias-scopes(k401),212
air-alias-scopes(k402),212
air-alias-scopes(k403),212
air-alias-scopes(k404),212
air-alias-scopes(k405),212
air-alias-scopes(k406),212
air-alias-scopes(k407),212
air-alias-scopes(k408),212
air-alias-scopes(k409),212
air-alias-scopes(k410),212
air-alias-scopes(k411),212
air-alias-scopes(k412),212
air-alias-scopes(k413),212
air-alias-scopes(k414),212
air-alias-scopes(k415),212
air-alias-scopes(k416),212
air-alias-scopes(k417),212
air-alias-scopes(k418),212
air-alias-scopes(k419),212
air-alias-scopes(k420),212
air-alias-scopes(k421),212
air-alias-scopes(k422),212
air-alias-scopes(k423),212
air-alias-scopes(k424),212
air-alias-scopes(k425),212
air-alias-scopes(k426),212
air-alias-scopes(k427),212
air-alias-scopes(k428),212
air-alias-scopes(k429),212
air-alias-scopes(k430),212
air-alias-scopes(k431),212
air-alias-scopes(k432),212
air-alias-scopes(k433),212
air-alias-scopes(k434),212
air-alias-scopes(k435),212
air-alias-scopes(k436),212
air-alias-scopes(k437),212
air-alias-scopes(k438),212
air-alias-scopes(k439),212
air-alias-scopes(k440),212
air-alias-scopes(k441),212
air-alias-scopes(k442),212
air-alias-scopes(k443),212
air-alias-scopes(k444),212
air-alias-scopes(k445),212
air-alias-scopes(k446),212
air-alias-scopes(k447),212
air-alias-scopes(k448),212
air-alias-scopes(k449),212
air-alias-scopes(k450),212
air-alias-scopes(k451),212
air-alias-scopes(k452),212
air-alias-scopes(k453),212
air-alias-scopes(k454),212
air-alias-scopes(k455),212
air-alias-scopes(k456),212
air-alias-scopes(k457),212
air-alias-scopes(k458),212
air-alias-scopes(k459),212
air-alias-scopes(k460),212
air-alias-scopes(k461),212
air-alias-scopes(k462),212
air-alias-scopes(k463),212
air-alias-scopes(k464),212
air-alias-scopes(k465),212
air-alias-scopes(k466),212
air-alias-scopes(k467),212
air-alias-scopes(k468),212
air-alias-scopes(k469),212
air-alias-scopes(k470),212
air-alias-scopes(k471),212
air-alias-scopes(k472),212
air-alias-scopes(k473),212
air-alias-scopes(k474),212
air-alias-scopes(k475),212
air-alias-scopes(k476),212
air-alias-scopes(k477),212
air-alias-scopes(k478),212
air-alias-scopes(k479),212
air-alias-scopes(k480),212
air-alias-scopes(k481),212
air-alias-scopes(k482),212
air-alias-scopes(k483),212
air-alias-scopes(k484),212
air-alias-scopes(k485),212
air-alias-scopes(k486),212
air-alias-scopes(k487),212
air-alias-scopes(k488),212
air-alias-scopes(k489),212
air-alias-scopes(k490),212
air-alias-scopes(k491),212
air-alias-scopes(k492),212
air-alias-scopes(k493),212
air-alias-scopes(k494),212
air-alias-scopes(k495),212
air-alias-scopes(k496),212
air-alias-scopes(k497),212
air-alias-scopes(k498),212
air-alias-scopes(k499),212
air-alias-scopes(k500),212
air-alias-scopes(k501),212
air-alias-scopes(k502),212
air-alias-scopes(k503),212
air-alias-scopes(k504),212
air-alias-scopes(k505),212
air-alias-scopes(k506),212
air-alias-scopes(k507),212
air-alias-scopes(k508),212
air-alias-scopes(k509),212
air-alias-scopes(k510),212
air-alias-scopes(k511),212
air-alias-scopes(k512),212
air-alias-scopes(k513),212
air-alias-scopes(k514),212
air-alias-scopes(k515),212
air-alias-scopes(k516),212
air-alias-scopes(k517),212
air-alias-scopes(k518),212
air-alias-scopes(k519),212
air-alias-scopes(k520),212
air-alias-scopes(k521),212
air-alias-scopes(k522),212
air-alias-scopes(k523),212
air-alias-scopes(k524),212
air-alias-scopes(k525),212
air-alias-scopes(k526),212
air-alias-scopes(k527),212
air-alias-scopes(k528),212
air-alias-scopes(k529),212
air-alias-scopes(k530),212
air-alias-scopes(k531),212
air-alias-scopes(k532),212
air-alias-scopes(k533),212
air-alias-scopes(k534),212
air-alias-scopes(k535),212
air-alias-scopes(k536),212
air-alias-scopes(k537),212
air-alias-scopes(k538),212
air-alias-scopes(k539),212
air-alias-scopes(k540),212
air-alias-scopes(k541),212
air-alias-scopes(k542),212
air-alias-scopes(k543),212
air-alias-scopes(k544),212
air-alias-scopes(k545),212
air-alias-scopes(k546),212
air-alias-scopes(k547),212
air-alias-scopes(k548),212
air-alias-scopes(k549),212
air-alias-scopes(k550),212
air-alias-scopes(k551),212
air-alias-scopes(k552),212
air-alias-scopes(k553),212
air-alias-scopes(k554),212
air-alias-scopes(k555),212
air-alias-scopes(k556),212
air-alias-scopes(k557),212
air-alias-scopes(k558),212
air-alias-scopes(k559),212
air-alias-scopes(k560),212
air-alias-scopes(k561),212
air-alias-scopes(k562),212
air-alias-scopes(k563),212
air-alias-scopes(k564),212
air-alias-scopes(k565),212
air-alias-scopes(k566),212
air-alias-scopes(k567),212
air-alias-scopes(k568),212
air-alias-scopes(k569),212
air-alias-scopes(k570),212
air-alias-scopes(k571),212
air-alias-scopes(k572),212
air-alias-scopes(k573),212
air-alias-scopes(k574),212
air-alias-scopes(k575),212
air-alias-scopes(k576),212
air-alias-scopes(k577),212
air-alias-scopes(k578),212
air-alias-scopes(k579),212
air-alias-scopes(k580),212
air-alias-scopes(k581),212
air-alias-scopes(k582),212
air-alias-scopes(k583),212
air-alias-scopes(k584),212
air-alias-scopes(k585),212
air-alias-scopes(k586),212
air-alias-scopes(k587),212
air-alias-scopes(k588),212
air-alias-scopes(k589),212
air-alias-scopes(k590),212
air-alias-scopes(k591),212
air-alias-scopes(k592),212
air-alias-scopes(k593),212
air-alias-scopes(k594),212
air-alias-scopes(k595),212
air-alias-scopes(k596),212
air-alias-scopes(k597),212
air-alias-scopes(k598),212
air-alias-scopes(k599),212
air-alias-scopes(k600),212
air-alias-scopes(k601),212
air-alias-scopes(k602),212
air-alias-scopes(k603),212
air-alias-scopes(k604),212
air-alias-scopes(k605),212
air-alias-scopes(k606),212
air-alias-scopes(k607),212
air-alias-scopes(k608),212
air-alias-scopes(k609),212
air-alias-scopes(k610),212
air-alias-scopes(k611),212
air-alias-scopes(k612),212
air-alias-scopes(k613),212
air-alias-scopes(k614),212
air-alias-scopes(k615),212
air-alias-scopes(k616),212
air-alias-scopes(k617),212
air-alias-scopes(k618),212
air-alias-scopes(k619),212
air-alias-scopes(k620),212
air-alias-scopes(k621),212
air-alias-scopes(k622),212
air-alias-scopes(k623),212
air-alias-scopes(k624),212
air-alias-scopes(k625),212
air-alias-scopes(k626),212
air-alias-scopes(k627),212
air-alias-scopes(k628),212
air-alias-scopes(k629),212
air-alias-scopes(k630),212
air-alias-scopes(k631),212
air-alias-scopes(k632),212
air-alias-scopes(k633),212
air-alias-scopes(k634),212
air-alias-scopes(k635),212
air-alias-scopes(k636),212
air-alias-scopes(k637),212
air-alias-scopes(k638),212
air-alias-scopes(k639),212
air-alias-scopes(k640),212
air-alias-scopes(k641),212
air-alias-scopes(k642),212
air-alias-scopes(k643),212
air-alias-scopes(k644),212
air-alias-scopes(k645),212
air-alias-scopes(k646),212
air-alias-scopes(k647),212
air-alias-scopes(k648),212
air-alias-scopes(k649),212
air-alias-scopes(k650),212
air-alias-scopes(k651),212
air-alias-scopes(k652),212
air-alias-scopes(k653),212
air-alias-scopes(k654),212
air-alias-scopes(k655),212
air-alias-scopes(k656),212
air-alias-scopes(k657),212
air-alias-scopes(k658),212
air-alias-scopes(k659),212
air-alias-scopes(k660),212
air-alias-scopes(k661),212
air-alias-scopes(k662),212
air-alias-scopes(k663),212
air-alias-scopes(k664),212
air-alias-scopes(k665),212
air-alias-scopes(k666),212
air-alias-scopes(k667),212
air-alias-scopes(k668),212
air-alias-scopes(k669),212
air-alias-scopes(k670),212
air-alias-scopes(k671),212
air-alias-scopes(k672),212
air-alias-scopes(k673),212
air-alias-scopes(k674),212
air-alias-scopes(k675),212
air-alias-scopes(k676),212
air-alias-scopes(k677),212
air-alias-scopes(k678),212
air-alias-scopes(k679),212
air-alias-scopes(k680),212
air-alias-scopes(k681),212
air-alias-scopes(k682),212
air-alias-scopes(k683),212
air-alias-scopes(k684),212
air-alias-scopes(k685),212
air-alias-scopes(k686),212
air-alias-scopes(k687),212
air-alias-scopes(k688),212
air-alias-scopes(k689),212
air-alias-scopes(k690),212
air-alias-scopes(k691),212
air-alias-scopes(k692),212
air-alias-scopes(k693),212
air-alias-scopes(k694),212
air-alias-scopes(k695),212
air-alias-scopes(k696),212
air-alias-scopes(k697),212
air-alias-scopes(k698),212
air-alias-scopes(k699),212
air-alias-scopes(k700),212
air-alias-scopes(k701),212
air-alias-scopes(k702),212
air-alias-scopes(k703),212
air-alias-scopes(k704),212
air-alias-scopes(k705),212
air-alias-scopes(k706),212
air-alias-scopes(k707),212
air-alias-scopes(k708),212
air-alias-scopes(k709),212
air-alias-scopes(k710),212
air-alias-scopes(k711),212
air-alias-scopes(k712),212
air-alias-scopes(k713),212
air-alias-scopes(k714),212
air-alias-scopes(k715),212
air-alias-scopes(k716),212
air-alias-scopes(k717),212
air-alias-scopes(k718),212
air-alias-scopes(k719),212
air-alias-scopes(k720),212
air-alias-scopes(k721),212
air-alias-scopes(k722),212
air-alias-scopes(k723),212
air-alias-scopes(k724),212
air-alias-scopes(k725),212
air-alias-scopes(k726),212
air-alias-scopes(k727),212
air-alias-scopes(k728),212
air-alias-scopes(k729),212
air-alias-scopes(k730),212
air-alias-scopes(k731),212
air-alias-scopes(k732),212
air-alias-scopes(k733),212
air-alias-scopes(k734),212
air-alias-scopes(k735),212
air-alias-scopes(k736),212
air-alias-scopes(k737),212
air-alias-scopes(k738),212
air-alias-scopes(k739),212
air-alias-scopes(k740),212
air-alias-scopes(k741),212
air-alias-scopes(k742),212
air-alias-scopes(k743),212
air-alias-scopes(k744),212
air-alias-scopes(k745),212
air-alias-scopes(k746),212
air-alias-scopes(k747),212
air-alias-scopes(k748),212
air-alias-scopes(k749),212
air-alias-scopes(k750),212
air-alias-scopes(k751),212
air-alias-scopes(k752),212
air-alias-scopes(k753),212
air-alias-scopes(k754),212
air-alias-scopes(k755),212
air-alias-scopes(k756),212
air-alias-scopes(k757),212
air-alias-scopes(k758),212
air-alias-scopes(k759),212
air-alias-scopes(k760),212
air-alias-scopes(k761),212
air-alias-scopes(k762),212
air-alias-scopes(k763),212
air-alias-scopes(k764),212
air-alias-scopes(k765),212
air-alias-scopes(k766),212
air-alias-scopes(k767),212
air-alias-scopes(k768),212
air-alias-scopes(k769),212
air-alias-scopes(k770),212
air-alias-scopes(k771),212
air-alias-scopes(k772),212
air-alias-scopes(k773),212
air-alias-scopes(k774),212
air-alias-scopes(k775),212
air-alias-scopes(k776),212
air-alias-scopes(k777),212
air-alias-scopes(k778),212
air-alias-scopes(k779),212
air-alias-scopes(k780),212
air-alias-scopes(k781),212
air-alias-scopes(k782),212
air-alias-scopes(k783),212
air-alias-scopes(k784),212
air-alias-scopes(k785),212
air-alias-scopes(k786),212
air-alias-scopes(k787),212
air-alias-scopes(k788),212
air-alias-scopes(k789),212
air-alias-scopes(k790),212
air-alias-scopes(k791),212
air-alias-scopes(k792),212
air-alias-scopes(k793),212
air-alias-scopes(k794),212
air-alias-scopes(k795),212
air-alias-scopes(k796),212
air-alias-scopes(k797),212
air-alias-scopes(k798),212
air-alias-scopes(k799),212
air-alias-scopes(k800),212
air-alias-scopes(k801),212
air-alias-scopes(k802),212
air-alias-scopes(k803),212
air-alias-scopes(k804),212
air-alias-scopes(k805),212
air-alias-scopes(k806),212
air-alias-scopes(k807),212
air-alias-scopes(k808),212
air-alias-scopes(k809),212
air-alias-scopes(k810),212
air-alias-scopes(k811),212
air-alias-scopes(k812),212
air-alias-scopes(k813),212
air-alias-scopes(k814),212
air-alias-scopes(k815),212
air-alias-scopes(k816),212
air-alias-scopes(k817),212
air-alias-scopes(k818),212
air-alias-scopes(k819),212
air-alias-scopes(k820),212
air-alias-scopes(k821),212
air-alias-scopes(k822),212
air-alias-scopes(k823),212
air-alias-scopes(k824),212
air-alias-scopes(k825),212
air-alias-scopes(k826),212
air-alias-scopes(k827),212
air-alias-scopes(k828),212
air-alias-scopes(k829),212
air-alias-scopes(k830),212
air-alias-scopes(k831),212
air-alias-scopes(k832),212
air-alias-scopes(k833),212
air-alias-scopes(k834),212
air-alias-scopes(k835),212
air-alias-scopes(k836),212
air-alias-scopes(k837),212
air-alias-scopes(k838),212
air-alias-scopes(k839),212
air-alias-scopes(k840),212
air-alias-scopes(k841),212
air-alias-scopes(k842),212
air-alias-scopes(k843),212
air-alias-scopes(k844),212
air-alias-scopes(k845),212
air-alias-scopes(k846),212
air-alias-scopes(k847),212
air-alias-scopes(k848),212
air-alias-scopes(k849),212
air-alias-scopes(k850),212
air-alias-scopes(k851),212
air-alias-scopes(k852),212
air-alias-scopes(k853),212
air-alias-scopes(k854),212
air-alias-scopes(k855),212
air-alias-scopes(k856),212
air-alias-scopes(k857),212
air-alias-scopes(k858),212
air-alias-scopes(k859),212
air-alias-scopes(k860),212
air-alias-scopes(k861),212
air-alias-scopes(k862),212
air-alias-scopes(k863),212
air-alias-scopes(k864),212
air-alias-scopes(k865),212
air-alias-scopes(k866),212
air-alias-scopes(k867),212
air-alias-scopes(k868),212
air-alias-scopes(k869),212
air-alias-scopes(k870),212
air-alias-scopes(k871),212
air-alias-scopes(k872),212
air-alias-scopes(k873),212
air-alias-scopes(k874),212
air-alias-scopes(k875),212
air-alias-scopes(k876),212
air-alias-scopes(k877),212
air-alias-scopes(k878),212
air-alias-scopes(k879),212
air-alias-scopes(k880),212
air-alias-scopes(k881),212
air-alias-scopes(k882),212
air-alias-scopes(k883),212
air-alias-scopes(k884),212
air-alias-scopes(k885),212
air-alias-scopes(k886),212
air-alias-scopes(k887),212
air-alias-scopes(k888),212
air-alias-scopes(k889),212
air-alias-scopes(k890),212
air-alias-scopes(k891),212
air-alias-scopes(k892),212
air-alias-scopes(k893),212
air-alias-scopes(k894),212
air-alias-scopes(k895),212
air-alias-scopes(k896),212
air-alias-scopes(k897),212
air-alias-scopes(k898),212
air-alias-scopes(k899),212
air-alias-scopes(k900),212
air-alias-scopes(k901),212
air-alias-scopes(k902),212
air-alias-scopes(k903),212
air-alias-scopes(k904),212
air-alias-scopes(k905),212
air-alias-scopes(k906),212
air-alias-scopes(k907),212
air-alias-scopes(k908),212
air-alias-scopes(k909),212
air-alias-scopes(k910),212
air-alias-scopes(k911),212
air-alias-scopes(k912),212
air-alias-scopes(k913),212
air-alias-scopes(k914),212
air-alias-scopes(k915),212
air-alias-scopes(k916),212
air-alias-scopes(k917),212
air-alias-scopes(k918),212
air-alias-scopes(k919),212
air-alias-scopes(k920),212
air-alias-scopes(k921),212
air-alias-scopes(k922),212
air-alias-scopes(k923),212
air-alias-scopes(k924),212
air-alias-scopes(k925),212
air-alias-scopes(k926),212
air-alias-scopes(k927),212
air-alias-scopes(k928),212
air-alias-scopes(k929),212
air-alias-scopes(k930),212
air-alias-scopes(k931),212
air-alias-scopes(k932),212
air-alias-scopes(k933),212
air-alias-scopes(k934),212
air-alias-scopes(k935),212
air-alias-scopes(k936),212
air-alias-scopes(k937),212
air-alias-scopes(k938),212
air-alias-scopes(k939),212
air-alias-scopes(k940),212
air-alias-scopes(k941),212
air-alias-scopes(k942),212
air-alias-scopes(k943),212
air-alias-scopes(k944),212
air-alias-scopes(k945),212
air-alias-scopes(k946),212
air-alias-scopes(k947),212
air-alias-scopes(k948),212
air-alias-scopes(k949),212
air-alias-scopes(k950),212
air-alias-scopes(k951),212
air-alias-scopes(k952),212
air-alias-scopes(k953),212
air-alias-scopes(k954),212
air-alias-scopes(k955),212
air-alias-scopes(k956),212
air-alias-scopes(k957),212
air-alias-scopes(k958),212
air-alias-scopes(k959),212
air-alias-scopes(k960),212
air-alias-scopes(k961),212
air-alias-scopes(k962),212
air-alias-scopes(k963),212
air-alias-scopes(k964),212
air-alias-scopes(k965),212
air-alias-scopes(k966),212
air-alias-scopes(k967),212
air-alias-scopes(k968),212
air-alias-scopes(k969),212
air-alias-scopes(k970),212
air-alias-scopes(k971),212
air-alias-scopes(k972),212
air-alias-scopes(k973),212
air-alias-scopes(k974),212
air-alias-scopes(k975),212
air-alias-scopes(k976),212
air-alias-scopes(k977),212
air-alias-scopes(k978),212
air-alias-scopes(k979),212
air-alias-scopes(k980),212
air-alias-scopes(k981),212
air-alias-scopes(k982),212
air-alias-scopes(k983),212
air-alias-scopes(k984),212
air-alias-scopes(k985),212
air-alias-scopes(k986),212
air-alias-scopes(k987),212
air-alias-scopes(k988),212
air-alias-scopes(k989),212
air-alias-scopes(k990),212
air-alias-scopes(k991),212
air-alias-scopes(k992),212
air-alias-scopes(k993),212
air-alias-scopes(k994),212
air-alias-scopes(k995),212
air-alias-scopes(k996),212
air-alias-scopes(k997),212
air-alias-scopes(k998),212
air-alias-scopes(k999),212
air-alias-scopes(has_feature_probe),212
air-alias-scopes(kernel_a),212
air-alias-scopes(kernel_b),212
air-alias-scopes(k_add),212
air-alias-scopes(k_mul),212
air-alias-scopes(k_max),212
air-alias-scopes(k_min),212
air-alias-scopes(k_using_add),212
air-alias-scopes(k_using_mul),212
air.clip_distance_array_size,178
scale,178
air.stage_in,176
use_path_a,176
use_half_precision,176
threshold,176
enable_feature,176
iteration_count,176
alpha,176
max_threads,176
buffer_size,176
tile_size,176
fc0,176
fc15,176
fc31,176
air-alias-scopes(metal3_template_constexpr_all),176
air-alias-scopes(texm_149_texturecube_read_lod_float),164
"texturecube<half, read>",164
air-alias-scopes(texm_156_texturecube_read_lod_half),164
"texturecube<int, read>",164
air-alias-scopes(texm_163_texturecube_read_lod_int),164
"texturecube<uint, read>",164
air-alias-scopes(texm_170_texturecube_read_lod_uint),164
air-alias-scopes(k_fallback),156
air-alias-scopes(vk),156
air-alias-scopes(k_fb),156
Args,156
air.indirect_constant,156
_ZTS4Args,156
SharedArgs,156
_ZTS10SharedArgs,156
air-alias-scopes(k_process_a),156
air-alias-scopes(k_process_b),156
Ph,136
Pi,136
Ps,136
air-alias-scopes(builtin_color_all),124
air-alias-scopes(builtin_simd_matrix_all),124
air-alias-scopes(intrinsics_half_ops_all),124
air-alias-scopes(intrinsics_math_binary_all),124
air-alias-scopes(intrinsics_math_ternary_all),124
air-alias-scopes(intrinsics_math_unary_all),124
air-alias-scopes(intrinsics_texture_ops_all),124
air-alias-scopes(intrinsics_vector_ops_all),124
air-alias-scopes(codegen_lambda_all),120
air-alias-scopes(my_kernel),116
_ZTSN5metal9texture2dIfLNS_6accessE1EvEE,106
air-alias-scopes(builtin_simd_prefix_all),104
air.instance_acceleration_structure,96
acceleration_structure<instancing>,96
accel,96
_ZTSN5metal9texture2dIfLNS_6accessE0ELNS_16memory_coherenceE0EvEE,96
_ZTSN5metal12memory_orderE,78
_ZTS11IoVertexOut,78
_ZTS10IoFragOutA,78
_ZTS10IoFragOutG,78
_ZTS10IoFragOutL,78
__metal_texture_cube_t,78
__metal_depth_2d_t,78
__metal_texture_2d_ms_t,78
__metal_texture_3d_t,76
/private/tmp/metal-ast-ios-air64/src/probe_min.metal,72
/private/tmp/metal-ast-ios-air64/src/stdlib_headers_all.metal,72
generated(__air_placeholder__),72
air-alias-scopes(metal_object_types_all),72
_ZTSN5metal12thread_scopeE,72
/private/tmp/metal-ast-ios-sim-air64/src/probe_min.metal,72
/private/tmp/metal-ast-ios-sim-air64/src/stdlib_headers_all.metal,72
/private/tmp/metal-ast-macos-air32/src/atomics_all.metal,72
/private/tmp/metal-ast-macos-air32/src/address_spaces_extended_all.metal,72
/private/tmp/metal-ast-macos-air64/src/atomics_all.metal,72
/private/tmp/metal-ast-macos-air64/src/address_spaces_extended_all.metal,72
/private/tmp/metal-ast-macos-air32/src/linkage_dump.metal,67
/private/tmp/metal-ast-macos-air64/src/linkage_dump.metal,67
/private/tmp/metal-ast-macos-air32/src/probe_min.metal,66
/private/tmp/metal-ast-macos-air32/src/stdlib_headers_all.metal,66
/private/tmp/metal-ast-macos-air64/src/probe_min.metal,66
/private/tmp/metal-ast-macos-air64/src/stdlib_headers_all.metal,66
/private/tmp/metal-ast-tvos-air32/src/probe_min.metal,66
/private/tmp/metal-ast-tvos-air32/src/stdlib_headers_all.metal,66
/private/tmp/metal-ast-tvos-air64/src/probe_min.metal,66
/private/tmp/metal-ast-tvos-air64/src/stdlib_headers_all.metal,66
/private/tmp/metal-ast-tvos-sim-air32/src/probe_min.metal,66
/private/tmp/metal-ast-tvos-sim-air32/src/stdlib_headers_all.metal,66
/private/tmp/metal-ast-tvos-sim-air64/src/probe_min.metal,66
/private/tmp/metal-ast-tvos-sim-air64/src/stdlib_headers_all.metal,66
/private/tmp/metal-ast-ios-air64/src/atomics_all.metal,64
/private/tmp/metal-ast-ios-air64/src/address_spaces_extended_all.metal,64
/private/tmp/metal-ast-ios-sim-air64/src/atomics_all.metal,64
/private/tmp/metal-ast-ios-sim-air64/src/address_spaces_extended_all.metal,64
/private/tmp/metal-ast-tvos-air32/src/atomics_all.metal,64
/private/tmp/metal-ast-tvos-air32/src/address_spaces_extended_all.metal,64
/private/tmp/metal-ast-tvos-air64/src/atomics_all.metal,64
/private/tmp/metal-ast-tvos-air64/src/address_spaces_extended_all.metal,64
/private/tmp/metal-ast-tvos-sim-air32/src/atomics_all.metal,64
/private/tmp/metal-ast-tvos-sim-air32/src/address_spaces_extended_all.metal,64
/private/tmp/metal-ast-tvos-sim-air64/src/atomics_all.metal,64
/private/tmp/metal-ast-tvos-sim-air64/src/address_spaces_extended_all.metal,64
/private/tmp/metal-ast-macos-air32/src/io_dump.metal,63
/private/tmp/metal-ast-macos-air32/src/builtins_metal1_all.metal,63
/private/tmp/metal-ast-macos-air32/src/operators_swizzles_all.metal,63
/private/tmp/metal-ast-macos-air32/src/sampler_states_all.metal,63
/private/tmp/metal-ast-macos-air32/src/texture_depth_cube_ms.metal,63
/private/tmp/metal-ast-macos-air32/src/texture_read.metal,63
/private/tmp/metal-ast-macos-air32/src/texture_sample.metal,63
/private/tmp/metal-ast-macos-air32/src/texture_write.metal,63
/private/tmp/metal-ast-macos-air64/src/io_dump.metal,63
/private/tmp/metal-ast-macos-air64/src/builtins_metal1_all.metal,63
/private/tmp/metal-ast-macos-air64/src/operators_swizzles_all.metal,63
/private/tmp/metal-ast-macos-air64/src/sampler_states_all.metal,63
/private/tmp/metal-ast-macos-air64/src/texture_depth_cube_ms.metal,63
/private/tmp/metal-ast-macos-air64/src/texture_read.metal,63
/private/tmp/metal-ast-macos-air64/src/texture_sample.metal,63
/private/tmp/metal-ast-macos-air64/src/texture_write.metal,63
/private/tmp/metal-ast-ios-air64/src/linkage_dump.metal,60
metal::raytracing::_acceleration_structure,60
_ZTS8RayQuery,60
_ZTSN5metal10raytracing3rayE,60
_ZTSN5metal10raytracing11intersectorIJNS0_10instancingENS0_13triangle_dataEEEE,60
_ZTSN5metal10raytracing20_intersection_paramsE,60
_ZTSN5metal7windingE,60
_ZTSN5metal10raytracing18triangle_cull_modeE,60
_ZTSN5metal10raytracing18geometry_cull_modeE,60
_ZTSN5metal10raytracing17opacity_cull_modeE,60
_ZTSN5metal10raytracing14forced_opacityE,60
_ZTSN5metal10raytracing13geometry_typeE,60
air-alias-scopes(metal4_all),60
/private/tmp/metal-ast-ios-sim-air64/src/linkage_dump.metal,60
/private/tmp/metal-ast-tvos-air32/src/linkage_dump.metal,60
/private/tmp/metal-ast-tvos-air64/src/linkage_dump.metal,60
/private/tmp/metal-ast-tvos-sim-air32/src/linkage_dump.metal,60
/private/tmp/metal-ast-tvos-sim-air64/src/linkage_dump.metal,60
/private/tmp/metal-ast-ios-air64/src/io_dump.metal,56
/private/tmp/metal-ast-ios-air64/src/operators_swizzles_all.metal,56
/private/tmp/metal-ast-ios-air64/src/sampler_states_all.metal,56
/private/tmp/metal-ast-ios-air64/src/texture_depth_cube_ms.metal,56
/private/tmp/metal-ast-ios-air64/src/texture_read.metal,56
/private/tmp/metal-ast-ios-air64/src/texture_sample.metal,56
/private/tmp/metal-ast-ios-air64/src/texture_write.metal,56
air.payload,56
Pay2,56
tint,56
air.threadgroup_position_in_grid,56
tig,56
/private/tmp/metal-ast-ios-sim-air64/src/io_dump.metal,56
/private/tmp/metal-ast-ios-sim-air64/src/operators_swizzles_all.metal,56
/private/tmp/metal-ast-ios-sim-air64/src/sampler_states_all.metal,56
/private/tmp/metal-ast-ios-sim-air64/src/texture_depth_cube_ms.metal,56
/private/tmp/metal-ast-ios-sim-air64/src/texture_read.metal,56
/private/tmp/metal-ast-ios-sim-air64/src/texture_sample.metal,56
/private/tmp/metal-ast-ios-sim-air64/src/texture_write.metal,56
/private/tmp/metal-ast-tvos-air32/src/io_dump.metal,56
/private/tmp/metal-ast-tvos-air32/src/operators_swizzles_all.metal,56
/private/tmp/metal-ast-tvos-air32/src/sampler_states_all.metal,56
/private/tmp/metal-ast-tvos-air32/src/texture_depth_cube_ms.metal,56
/private/tmp/metal-ast-tvos-air32/src/texture_read.metal,56
/private/tmp/metal-ast-tvos-air32/src/texture_sample.metal,56
/private/tmp/metal-ast-tvos-air32/src/texture_write.metal,56
/private/tmp/metal-ast-tvos-air64/src/io_dump.metal,56
/private/tmp/metal-ast-tvos-air64/src/operators_swizzles_all.metal,56
/private/tmp/metal-ast-tvos-air64/src/sampler_states_all.metal,56
/private/tmp/metal-ast-tvos-air64/src/texture_depth_cube_ms.metal,56
/private/tmp/metal-ast-tvos-air64/src/texture_read.metal,56
/private/tmp/metal-ast-tvos-air64/src/texture_sample.metal,56
/private/tmp/metal-ast-tvos-air64/src/texture_write.metal,56
/private/tmp/metal-ast-tvos-sim-air32/src/io_dump.metal,56
/private/tmp/metal-ast-tvos-sim-air32/src/operators_swizzles_all.metal,56
/private/tmp/metal-ast-tvos-sim-air32/src/sampler_states_all.metal,56
/private/tmp/metal-ast-tvos-sim-air32/src/texture_depth_cube_ms.metal,56
/private/tmp/metal-ast-tvos-sim-air32/src/texture_read.metal,56
/private/tmp/metal-ast-tvos-sim-air32/src/texture_sample.metal,56
/private/tmp/metal-ast-tvos-sim-air32/src/texture_write.metal,56
/private/tmp/metal-ast-tvos-sim-air64/src/io_dump.metal,56
/private/tmp/metal-ast-tvos-sim-air64/src/operators_swizzles_all.metal,56
/private/tmp/metal-ast-tvos-sim-air64/src/sampler_states_all.metal,56
/private/tmp/metal-ast-tvos-sim-air64/src/texture_depth_cube_ms.metal,56
/private/tmp/metal-ast-tvos-sim-air64/src/texture_read.metal,56
/private/tmp/metal-ast-tvos-sim-air64/src/texture_sample.metal,56
/private/tmp/metal-ast-tvos-sim-air64/src/texture_write.metal,56
_ZTSN5metal11texturecubeIfLNS_6accessE0EvEE,54
_ZTSN5metal7depth2dIfLNS_6accessE0EvEE,54
_ZTSN5metal12texture2d_msIfLNS_6accessE1EvEE,54
_ZTSN5metal9texture2dIfLNS_6accessE2EvEE,54
/private/tmp/metal-ast-macos-air32/src/address_spaces_all.metal,54
/private/tmp/metal-ast-macos-air32/src/types_all.metal,54
/private/tmp/metal-ast-macos-air64/src/address_spaces_all.metal,54
/private/tmp/metal-ast-macos-air64/src/types_all.metal,54
_ZTSN5metal9texture3dIfLNS_6accessE0EvEE,52
/private/tmp/metal-ast-ios-air64/src/textures_all.metal,50
/private/tmp/metal-ast-ios-sim-air64/src/textures_all.metal,50
/private/tmp/metal-ast-macos-air32/src/textures_all.metal,50
/private/tmp/metal-ast-macos-air64/src/textures_all.metal,50
/private/tmp/metal-ast-tvos-air32/src/textures_all.metal,50
/private/tmp/metal-ast-tvos-air64/src/textures_all.metal,50
/private/tmp/metal-ast-tvos-sim-air32/src/textures_all.metal,50
/private/tmp/metal-ast-tvos-sim-air64/src/textures_all.metal,50
/private/tmp/metal-ast-ios-air64/src/builtins_metal1_all.metal,49
/private/tmp/metal-ast-ios-sim-air64/src/builtins_metal1_all.metal,49
/private/tmp/metal-ast-macos-air32/src/codegen_all.metal,49
/private/tmp/metal-ast-macos-air64/src/codegen_all.metal,49
/private/tmp/metal-ast-tvos-air32/src/builtins_metal1_all.metal,49
/private/tmp/metal-ast-tvos-air64/src/builtins_metal1_all.metal,49
/private/tmp/metal-ast-tvos-sim-air32/src/builtins_metal1_all.metal,49
/private/tmp/metal-ast-tvos-sim-air64/src/builtins_metal1_all.metal,49
/private/tmp/metal-ast-ios-air64/src/address_spaces_all.metal,48
/private/tmp/metal-ast-ios-air64/src/types_all.metal,48
_ZTSN5metal9texture2dIfLNS_6accessE1ELNS_16memory_coherenceE0EvEE,48
/private/tmp/metal-ast-ios-sim-air64/src/address_spaces_all.metal,48
/private/tmp/metal-ast-ios-sim-air64/src/types_all.metal,48
/private/tmp/metal-ast-macos-air32/src/raytracing_all.metal,48
/private/tmp/metal-ast-macos-air64/src/raytracing_all.metal,48
/private/tmp/metal-ast-tvos-air32/src/address_spaces_all.metal,48
/private/tmp/metal-ast-tvos-air32/src/types_all.metal,48
/private/tmp/metal-ast-tvos-air64/src/address_spaces_all.metal,48
/private/tmp/metal-ast-tvos-air64/src/types_all.metal,48
/private/tmp/metal-ast-tvos-sim-air32/src/address_spaces_all.metal,48
/private/tmp/metal-ast-tvos-sim-air32/src/types_all.metal,48
/private/tmp/metal-ast-tvos-sim-air64/src/address_spaces_all.metal,48
/private/tmp/metal-ast-tvos-sim-air64/src/types_all.metal,48
/private/tmp/metal-ast-ios-air64/src/raytracing_all.metal,44
/private/tmp/metal-ast-ios-sim-air64/src/raytracing_all.metal,44
/private/tmp/metal-ast-macos-air32/src/metal3_all.metal,44
/private/tmp/metal-ast-macos-air64/src/metal3_all.metal,44
/private/tmp/metal-ast-tvos-air32/src/raytracing_all.metal,44
/private/tmp/metal-ast-tvos-air64/src/raytracing_all.metal,44
/private/tmp/metal-ast-tvos-sim-air32/src/raytracing_all.metal,44
/private/tmp/metal-ast-tvos-sim-air64/src/raytracing_all.metal,44
/private/tmp/metal-ast-ios-air64/src/codegen_all.metal,42
/private/tmp/metal-ast-ios-sim-air64/src/codegen_all.metal,42
/private/tmp/metal-ast-tvos-air32/src/codegen_all.metal,42
/private/tmp/metal-ast-tvos-air64/src/codegen_all.metal,42
/private/tmp/metal-ast-tvos-sim-air32/src/codegen_all.metal,42
/private/tmp/metal-ast-tvos-sim-air64/src/codegen_all.metal,42
/private/tmp/metal-ast-ios-air64/src/metal3_all.metal,40
/private/tmp/metal-ast-ios-sim-air64/src/metal3_all.metal,40
/private/tmp/metal-ast-tvos-air32/src/metal3_all.metal,40
/private/tmp/metal-ast-tvos-air64/src/metal3_all.metal,40
/private/tmp/metal-ast-tvos-sim-air32/src/metal3_all.metal,40
/private/tmp/metal-ast-tvos-sim-air64/src/metal3_all.metal,40
/private/tmp/metal-ast-macos-air32/src/metal4_all.metal,39
/private/tmp/metal-ast-macos-air64/src/metal4_all.metal,39
_ZTSN5metal10raytracing11curve_basisE,36
_ZTSN5metal10raytracing10curve_typeE,36
/private/tmp/metal-ast-ios-air64/src/metal4_all.metal,35
/private/tmp/metal-ast-ios-sim-air64/src/metal4_all.metal,35
/private/tmp/metal-ast-tvos-air32/src/metal4_all.metal,35
/private/tmp/metal-ast-tvos-air64/src/metal4_all.metal,35
/private/tmp/metal-ast-tvos-sim-air32/src/metal4_all.metal,35
/private/tmp/metal-ast-tvos-sim-air64/src/metal4_all.metal,35
/private/tmp/metal-ast-macos-air32/src/tensor4_all.metal,32
/private/tmp/metal-ast-macos-air64/src/tensor4_all.metal,32
/private/tmp/metal-ast-watchos-air32/src/probe_min.metal,30
/private/tmp/metal-ast-watchos-air32/src/stdlib_headers_all.metal,30
/private/tmp/metal-ast-watchos-air64/src/probe_min.metal,30
/private/tmp/metal-ast-watchos-air64/src/stdlib_headers_all.metal,30
/private/tmp/metal-ast-watchos-sim-air32/src/probe_min.metal,30
/private/tmp/metal-ast-watchos-sim-air32/src/stdlib_headers_all.metal,30
/private/tmp/metal-ast-watchos-sim-air64/src/probe_min.metal,30
/private/tmp/metal-ast-watchos-sim-air64/src/stdlib_headers_all.metal,30
/private/tmp/metal-ast-ios-air64/src/tensor4_all.metal,28
/private/tmp/metal-ast-ios-sim-air64/src/tensor4_all.metal,28
/private/tmp/metal-ast-tvos-air32/src/tensor4_all.metal,28
/private/tmp/metal-ast-tvos-air64/src/tensor4_all.metal,28
/private/tmp/metal-ast-tvos-sim-air32/src/tensor4_all.metal,28
/private/tmp/metal-ast-tvos-sim-air64/src/tensor4_all.metal,28
_ZTSN5metal11texturecubeIfLNS_6accessE0ELNS_16memory_coherenceE0EvEE,24
_ZTSN5metal7depth2dIfLNS_6accessE0ELNS_16memory_coherenceE0EvEE,24
_ZTSN5metal12texture2d_msIfLNS_6accessE1ELNS_16memory_coherenceE0EvEE,24
_ZTSN5metal9texture2dIfLNS_6accessE2ELNS_16memory_coherenceE0EvEE,24
_ZTSN5metal9texture3dIfLNS_6accessE0ELNS_16memory_coherenceE0EvEE,24
/private/tmp/metal-ast-watchos-air32/src/atomics_all.metal,24
/private/tmp/metal-ast-watchos-air32/src/address_spaces_extended_all.metal,24
/private/tmp/metal-ast-watchos-air32/src/linkage_dump.metal,24
/private/tmp/metal-ast-watchos-air64/src/atomics_all.metal,24
/private/tmp/metal-ast-watchos-air64/src/address_spaces_extended_all.metal,24
/private/tmp/metal-ast-watchos-air64/src/linkage_dump.metal,24
/private/tmp/metal-ast-watchos-sim-air32/src/atomics_all.metal,24
/private/tmp/metal-ast-watchos-sim-air32/src/address_spaces_extended_all.metal,24
/private/tmp/metal-ast-watchos-sim-air32/src/linkage_dump.metal,24
/private/tmp/metal-ast-watchos-sim-air64/src/atomics_all.metal,24
/private/tmp/metal-ast-watchos-sim-air64/src/address_spaces_extended_all.metal,24
/private/tmp/metal-ast-watchos-sim-air64/src/linkage_dump.metal,24
/private/tmp/metal-ast-ios-air64/src/cx/builtin_raytracing.metal,21
/private/tmp/metal-ast-ios-air64/src/cx/builtin_tex_03.metal,21
/private/tmp/metal-ast-ios-air64/src/cx/builtin_tex_04.metal,21
/private/tmp/metal-ast-ios-air64/src/cx/builtin_tex_05.metal,21
/private/tmp/metal-ast-ios-air64/src/cx/builtin_tex_06.metal,21
/private/tmp/metal-ast-ios-air64/src/cx/builtin_tex_07.metal,21
/private/tmp/metal-ast-ios-air64/src/cx/builtin_tex_08.metal,21
/private/tmp/metal-ast-ios-air64/src/cx/builtin_tex_13.metal,21
/private/tmp/metal-ast-ios-air64/src/cx/builtin_tex_14.metal,21
/private/tmp/metal-ast-ios-air64/src/cx/builtin_tex_15.metal,21
/private/tmp/metal-ast-ios-air64/src/cx/builtin_tex_16.metal,21
/private/tmp/metal-ast-ios-air64/src/cx/conv_000.metal,21
/private/tmp/metal-ast-ios-air64/src/cx/conv_001.metal,21
/private/tmp/metal-ast-ios-air64/src/cx/conv_002.metal,21
/private/tmp/metal-ast-ios-air64/src/cx/conv_003.metal,21
/private/tmp/metal-ast-ios-air64/src/cx/conv_004.metal,21
/private/tmp/metal-ast-ios-air64/src/cx/conv_005.metal,21
/private/tmp/metal-ast-ios-air64/src/cx/conv_006.metal,21
/private/tmp/metal-ast-ios-air64/src/cx/conv_007.metal,21
/private/tmp/metal-ast-ios-air64/src/cx/conv_008.metal,21
/private/tmp/metal-ast-ios-air64/src/cx/conv_009.metal,21
/private/tmp/metal-ast-ios-air64/src/cx/conv_010.metal,21
/private/tmp/metal-ast-ios-air64/src/cx/conv_011.metal,21
/private/tmp/metal-ast-ios-air64/src/cx/conv_012.metal,21
/private/tmp/metal-ast-ios-air64/src/cx/conv_013.metal,21
/private/tmp/metal-ast-ios-air64/src/cx/conv_014.metal,21
/private/tmp/metal-ast-ios-air64/src/cx/conv_015.metal,21
/private/tmp/metal-ast-ios-air64/src/cx/conv_016.metal,21
/private/tmp/metal-ast-ios-air64/src/cx/conv_017.metal,21
/private/tmp/metal-ast-ios-air64/src/cx/conv_018.metal,21
/private/tmp/metal-ast-ios-air64/src/cx/conv_019.metal,21
/private/tmp/metal-ast-ios-air64/src/cx/conv_020.metal,21
/private/tmp/metal-ast-ios-air64/src/cx/conv_021.metal,21
/private/tmp/metal-ast-ios-air64/src/cx/conv_022.metal,21
/private/tmp/metal-ast-ios-air64/src/cx/conv_023.metal,21
/private/tmp/metal-ast-ios-air64/src/cx/conv_024.metal,21
/private/tmp/metal-ast-ios-air64/src/cx/conv_025.metal,21
/private/tmp/metal-ast-ios-air64/src/cx/conv_026.metal,21
/private/tmp/metal-ast-ios-air64/src/cx/conv_027.metal,21
/private/tmp/metal-ast-ios-air64/src/cx/conv_028.metal,21
/private/tmp/metal-ast-ios-air64/src/cx/conv_029.metal,21
/private/tmp/metal-ast-ios-air64/src/cx/conv_030.metal,21
/private/tmp/metal-ast-ios-air64/src/cx/conv_031.metal,21
/private/tmp/metal-ast-ios-air64/src/cx/conv_032.metal,21
/private/tmp/metal-ast-ios-air64/src/cx/conv_033.metal,21
/private/tmp/metal-ast-ios-air64/src/cx/conv_034.metal,21
/private/tmp/metal-ast-ios-air64/src/cx/conv_035.metal,21
/private/tmp/metal-ast-ios-air64/src/cx/conv_036.metal,21
/private/tmp/metal-ast-ios-air64/src/cx/conv_037.metal,21
/private/tmp/metal-ast-ios-air64/src/cx/conv_038.metal,21
/private/tmp/metal-ast-ios-air64/src/cx/conv_039.metal,21
/private/tmp/metal-ast-ios-air64/src/cx/conv_040.metal,21
/private/tmp/metal-ast-ios-air64/src/cx/conv_041.metal,21
/private/tmp/metal-ast-ios-air64/src/cx/conv_042.metal,21
/private/tmp/metal-ast-ios-air64/src/cx/conv_043.metal,21
/private/tmp/metal-ast-ios-air64/src/cx/conv_044.metal,21
/private/tmp/metal-ast-ios-air64/src/cx/conv_045.metal,21
/private/tmp/metal-ast-ios-air64/src/cx/conv_046.metal,21
/private/tmp/metal-ast-ios-air64/src/cx/conv_047.metal,21
/private/tmp/metal-ast-ios-air64/src/cx/conv_048.metal,21
/private/tmp/metal-ast-ios-air64/src/cx/conv_049.metal,21
/private/tmp/metal-ast-ios-air64/src/cx/conv_050.metal,21
/private/tmp/metal-ast-ios-air64/src/cx/conv_051.metal,21
/private/tmp/metal-ast-ios-air64/src/cx/conv_052.metal,21
/private/tmp/metal-ast-ios-air64/src/cx/conv_053.metal,21
/private/tmp/metal-ast-ios-air64/src/cx/conv_054.metal,21
/private/tmp/metal-ast-ios-air64/src/cx/conv_055.metal,21
/private/tmp/metal-ast-ios-air64/src/cx/conv_056.metal,21
/private/tmp/metal-ast-ios-air64/src/cx/conv_057.metal,21
/private/tmp/metal-ast-ios-air64/src/cx/conv_058.metal,21
/private/tmp/metal-ast-ios-air64/src/cx/conv_059.metal,21
/private/tmp/metal-ast-ios-air64/src/cx/conv_060.metal,21
/private/tmp/metal-ast-ios-air64/src/cx/conv_061.metal,21
/private/tmp/metal-ast-ios-air64/src/cx/conv_062.metal,21
/private/tmp/metal-ast-ios-air64/src/cx/conv_063.metal,21
/private/tmp/metal-ast-ios-air64/src/cx/conv_064.metal,21
/private/tmp/metal-ast-ios-air64/src/cx/conv_065.metal,21
/private/tmp/metal-ast-ios-air64/src/cx/conv_066.metal,21
/private/tmp/metal-ast-ios-air64/src/cx/conv_067.metal,21
/private/tmp/metal-ast-ios-air64/src/cx/conv_068.metal,21
/private/tmp/metal-ast-ios-air64/src/cx/conv_069.metal,21
/private/tmp/metal-ast-ios-air64/src/cx/conv_070.metal,21
/private/tmp/metal-ast-ios-air64/src/cx/conv_071.metal,21
/private/tmp/metal-ast-ios-air64/src/cx/conv_072.metal,21
/private/tmp/metal-ast-ios-air64/src/cx/conv_073.metal,21
/private/tmp/metal-ast-ios-air64/src/cx/conv_074.metal,21
/private/tmp/metal-ast-ios-air64/src/cx/conv_075.metal,21
/private/tmp/metal-ast-ios-air64/src/cx/conv_076.metal,21
/private/tmp/metal-ast-ios-air64/src/cx/conv_077.metal,21
/private/tmp/metal-ast-ios-air64/src/cx/conv_078.metal,21
/private/tmp/metal-ast-ios-air64/src/cx/conv_079.metal,21
/private/tmp/metal-ast-ios-air64/src/cx/conv_080.metal,21
/private/tmp/metal-ast-ios-air64/src/cx/conv_081.metal,21
/private/tmp/metal-ast-ios-air64/src/cx/conv_082.metal,21
/private/tmp/metal-ast-ios-air64/src/cx/conv_083.metal,21
/private/tmp/metal-ast-ios-air64/src/cx/conv_084.metal,21
/private/tmp/metal-ast-ios-air64/src/cx/conv_085.metal,21
/private/tmp/metal-ast-ios-air64/src/cx/conv_086.metal,21
/private/tmp/metal-ast-ios-air64/src/cx/conv_087.metal,21
/private/tmp/metal-ast-ios-air64/src/cx/conv_088.metal,21
/private/tmp/metal-ast-ios-air64/src/cx/conv_089.metal,21
/private/tmp/metal-ast-ios-air64/src/cx/conv_090.metal,21
/private/tmp/metal-ast-ios-air64/src/cx/conv_091.metal,21
/private/tmp/metal-ast-ios-air64/src/cx/conv_092.metal,21
/private/tmp/metal-ast-ios-air64/src/cx/conv_093.metal,21
/private/tmp/metal-ast-ios-air64/src/cx/conv_094.metal,21
/private/tmp/metal-ast-ios-air64/src/cx/conv_095.metal,21
/private/tmp/metal-ast-ios-air64/src/cx/conv_096.metal,21
/private/tmp/metal-ast-ios-air64/src/cx/conv_097.metal,21
/private/tmp/metal-ast-ios-air64/src/cx/conv_098.metal,21
/private/tmp/metal-ast-ios-air64/src/cx/conv_099.metal,21
/private/tmp/metal-ast-ios-air64/src/cx/conv_100.metal,21
/private/tmp/metal-ast-ios-air64/src/cx/conv_101.metal,21
/private/tmp/metal-ast-ios-air64/src/cx/conv_102.metal,21
/private/tmp/metal-ast-ios-air64/src/cx/conv_103.metal,21
/private/tmp/metal-ast-ios-air64/src/cx/conv_104.metal,21
/private/tmp/metal-ast-ios-air64/src/cx/conv_105.metal,21
/private/tmp/metal-ast-ios-air64/src/cx/conv_106.metal,21
/private/tmp/metal-ast-ios-air64/src/cx/conv_107.metal,21
/private/tmp/metal-ast-ios-air64/src/cx/conv_108.metal,21
/private/tmp/metal-ast-ios-air64/src/cx/conv_109.metal,21
/private/tmp/metal-ast-ios-air64/src/cx/conv_110.metal,21
/private/tmp/metal-ast-ios-air64/src/cx/conv_111.metal,21
/private/tmp/metal-ast-ios-air64/src/cx/conv_112.metal,21
/private/tmp/metal-ast-ios-air64/src/cx/conv_113.metal,21
/private/tmp/metal-ast-ios-air64/src/cx/conv_114.metal,21
/private/tmp/metal-ast-ios-air64/src/cx/conv_115.metal,21
/private/tmp/metal-ast-ios-air64/src/cx/conv_116.metal,21
/private/tmp/metal-ast-ios-air64/src/cx/conv_117.metal,21
/private/tmp/metal-ast-ios-air64/src/cx/conv_118.metal,21
/private/tmp/metal-ast-ios-air64/src/cx/conv_119.metal,21
/private/tmp/metal-ast-ios-air64/src/cx/conv_120.metal,21
/private/tmp/metal-ast-ios-air64/src/cx/conv_121.metal,21
/private/tmp/metal-ast-ios-air64/src/cx/conv_122.metal,21
/private/tmp/metal-ast-ios-air64/src/cx/conv_123.metal,21
/private/tmp/metal-ast-ios-air64/src/cx/conv_124.metal,21
/private/tmp/metal-ast-ios-air64/src/cx/conv_125.metal,21
/private/tmp/metal-ast-ios-air64/src/cx/conv_126.metal,21
/private/tmp/metal-ast-ios-air64/src/cx/conv_127.metal,21
/private/tmp/metal-ast-ios-air64/src/cx/conv_128.metal,21
/private/tmp/metal-ast-ios-air64/src/cx/conv_129.metal,21
/private/tmp/metal-ast-ios-air64/src/cx/conv_130.metal,21
/private/tmp/metal-ast-ios-air64/src/cx/conv_131.metal,21
/private/tmp/metal-ast-ios-air64/src/cx/conv_132.metal,21
/private/tmp/metal-ast-ios-air64/src/cx/conv_133.metal,21
/private/tmp/metal-ast-ios-air64/src/cx/conv_134.metal,21
/private/tmp/metal-ast-ios-air64/src/cx/conv_135.metal,21
/private/tmp/metal-ast-ios-air64/src/cx/conv_136.metal,21
/private/tmp/metal-ast-ios-air64/src/cx/conv_137.metal,21
/private/tmp/metal-ast-ios-air64/src/cx/conv_138.metal,21
/private/tmp/metal-ast-ios-air64/src/cx/conv_139.metal,21
/private/tmp/metal-ast-ios-air64/src/cx/conv_140.metal,21
/private/tmp/metal-ast-ios-air64/src/cx/conv_141.metal,21
/private/tmp/metal-ast-ios-air64/src/cx/conv_142.metal,21
/private/tmp/metal-ast-ios-air64/src/cx/conv_143.metal,21
/private/tmp/metal-ast-ios-air64/src/cx/conv_144.metal,21
/private/tmp/metal-ast-ios-air64/src/cx/conv_145.metal,21
/private/tmp/metal-ast-ios-air64/src/cx/conv_146.metal,21
/private/tmp/metal-ast-ios-air64/src/cx/conv_147.metal,21
/private/tmp/metal-ast-ios-air64/src/cx/conv_148.metal,21
/private/tmp/metal-ast-ios-air64/src/cx/conv_149.metal,21
/private/tmp/metal-ast-ios-air64/src/cx/conv_150.metal,21
/private/tmp/metal-ast-ios-air64/src/cx/conv_151.metal,21
/private/tmp/metal-ast-ios-air64/src/cx/conv_152.metal,21
/private/tmp/metal-ast-ios-air64/src/cx/conv_153.metal,21
/private/tmp/metal-ast-ios-air64/src/cx/conv_154.metal,21
/private/tmp/metal-ast-ios-air64/src/cx/conv_155.metal,21
/private/tmp/metal-ast-ios-air64/src/cx/conv_156.metal,21
/private/tmp/metal-ast-ios-air64/src/cx/conv_157.metal,21
/private/tmp/metal-ast-ios-air64/src/cx/conv_158.metal,21
/private/tmp/metal-ast-ios-air64/src/cx/conv_159.metal,21
/private/tmp/metal-ast-ios-air64/src/cx/conv_160.metal,21
/private/tmp/metal-ast-ios-air64/src/cx/conv_161.metal,21
/private/tmp/metal-ast-ios-air64/src/cx/conv_162.metal,21
/private/tmp/metal-ast-ios-air64/src/cx/conv_163.metal,21
/private/tmp/metal-ast-ios-air64/src/cx/conv_164.metal,21
/private/tmp/metal-ast-ios-air64/src/cx/conv_165.metal,21
/private/tmp/metal-ast-ios-air64/src/cx/conv_166.metal,21
/private/tmp/metal-ast-ios-air64/src/cx/conv_167.metal,21
/private/tmp/metal-ast-ios-air64/src/cx/conv_168.metal,21
/private/tmp/metal-ast-ios-air64/src/cx/conv_169.metal,21
/private/tmp/metal-ast-ios-air64/src/cx/conv_170.metal,21
/private/tmp/metal-ast-ios-air64/src/cx/conv_171.metal,21
/private/tmp/metal-ast-ios-air64/src/cx/conv_172.metal,21
/private/tmp/metal-ast-ios-air64/src/cx/conv_173.metal,21
/private/tmp/metal-ast-ios-air64/src/cx/conv_174.metal,21
/private/tmp/metal-ast-ios-air64/src/cx/conv_175.metal,21
/private/tmp/metal-ast-ios-air64/src/cx/conv_176.metal,21
/private/tmp/metal-ast-ios-air64/src/cx/conv_177.metal,21
/private/tmp/metal-ast-ios-air64/src/cx/conv_178.metal,21
/private/tmp/metal-ast-ios-air64/src/cx/conv_179.metal,21
/private/tmp/metal-ast-ios-air64/src/cx/conv_182.metal,21
/private/tmp/metal-ast-ios-air64/src/cx/conv_183.metal,21
/private/tmp/metal-ast-ios-air64/src/cx/cxx_003_exception_throw.metal,21
/private/tmp/metal-ast-ios-air64/src/cx/cxx_011_variadic_template.metal,21
/private/tmp/metal-ast-ios-air64/src/cx/cxx_012_fold_expression.metal,21
/private/tmp/metal-ast-ios-air64/src/cx/cxx_013_structured_binding.metal,21
/private/tmp/metal-ast-ios-air64/src/cx/cxx_014_if_constexpr.metal,21
/private/tmp/metal-ast-ios-air64/src/cx/cxx_015_namespace_alias.metal,21
/private/tmp/metal-ast-ios-air64/src/cx/cxx_016_using_declaration.metal,21
/private/tmp/metal-ast-ios-air64/src/cx/cxx_017_enum_class.metal,21
/private/tmp/metal-ast-ios-air64/src/cx/cxx_018_bitfield_struct.metal,21
/private/tmp/metal-ast-ios-air64/src/cx/cxx_020_pointer_arithmetic.metal,21
/private/tmp/metal-ast-ios-air64/src/cx/cxx_022_member_pointer.metal,21
/private/tmp/metal-ast-ios-air64/src/cx/cxx_024_sfinae_enable_if.metal,21
/private/tmp/metal-ast-ios-air64/src/cx/cxx_025_constexpr_function.metal,21
/private/tmp/metal-ast-ios-air64/src/cx/cxx_026_static_assert_test.metal,21
/private/tmp/metal-ast-ios-air64/src/cx/cxx_027_operator_overload.metal,21
/private/tmp/metal-ast-ios-air64/src/cx/cxx_as_type_reinterpret.metal,21
/private/tmp/metal-ast-ios-air64/src/cx/cxx_auto_decltype.metal,21
/private/tmp/metal-ast-ios-air64/src/cx/cxx_constexpr_fn.metal,21
/private/tmp/metal-ast-ios-air64/src/cx/cxx_default_arg.metal,21
/private/tmp/metal-ast-ios-air64/src/cx/cxx_namespace_using.metal,21
/private/tmp/metal-ast-ios-air64/src/cx/cxx_operator_overload.metal,21
/private/tmp/metal-ast-ios-air64/src/cx/cxx_overload_addrspace.metal,21
/private/tmp/metal-ast-ios-air64/src/cx/cxx_overload_types.metal,21
/private/tmp/metal-ast-ios-air64/src/cx/cxx_sfinae_enable_if.metal,21
/private/tmp/metal-ast-ios-air64/src/cx/cxx_template_class_spec.metal,21
/private/tmp/metal-ast-ios-air64/src/cx/cxx_template_fn_explicit.metal,21
/private/tmp/metal-ast-ios-air64/src/cx/determ_basic.metal,21
/private/tmp/metal-ast-ios-air64/src/cx/determ_control_flow.metal,21
/private/tmp/metal-ast-ios-air64/src/cx/determ_multi_func.metal,21
/private/tmp/metal-ast-ios-air64/src/cx/determ_template.metal,21
/private/tmp/metal-ast-ios-air64/src/cx/edge_1000_kernels.metal,21
/private/tmp/metal-ast-ios-air64/src/cx/edge_deep_call.metal,21
/private/tmp/metal-ast-ios-air64/src/cx/edge_deep_template.metal,21
/private/tmp/metal-ast-ios-air64/src/cx/edge_div_zero.metal,21
/private/tmp/metal-ast-ios-air64/src/cx/edge_empty.metal,21
/private/tmp/metal-ast-ios-air64/src/cx/edge_infinity.metal,21
/private/tmp/metal-ast-ios-air64/src/cx/edge_large_array.metal,21
/private/tmp/metal-ast-ios-air64/src/cx/edge_long_identifier.metal,21
/private/tmp/metal-ast-ios-air64/src/cx/edge_max_buffers.metal,21
/private/tmp/metal-ast-ios-air64/src/cx/edge_nan.metal,21
/private/tmp/metal-ast-ios-air64/src/cx/edge_oob_access.metal,21
/private/tmp/metal-ast-ios-air64/src/cx/edge_overflow.metal,21
/private/tmp/metal-ast-ios-air64/src/cx/edge_underflow.metal,21
/private/tmp/metal-ast-ios-air64/src/cx/edge_uninit_var.metal,21
/private/tmp/metal-ast-ios-air64/src/cx/err_as_texture_cast.metal,21
/private/tmp/metal-ast-ios-air64/src/cx/err_attr_frag_int_return.metal,21
/private/tmp/metal-ast-ios-air64/src/cx/err_cf_recursion.metal,21
/private/tmp/metal-ast-ios-air64/src/cx/err_tex_depth_gather.metal,21
/private/tmp/metal-ast-ios-air64/src/cx/err_type_assign_float_to_int.metal,21
/private/tmp/metal-ast-ios-air64/src/cx/err_type_implicit_narrowing.metal,21
/private/tmp/metal-ast-ios-air64/src/cx/has_feature_probe.metal,21
/private/tmp/metal-ast-ios-air64/src/cx/io_vertex_clip_distance.metal,21
/private/tmp/metal-ast-ios-air64/src/cx/io_vertex_point_size.metal,21
/private/tmp/metal-ast-ios-air64/src/cx/io_vertex_pos_only.metal,21
/private/tmp/metal-ast-ios-air64/src/cx/io_vertex_user_locn.metal,21
/private/tmp/metal-ast-ios-air64/src/cx/multi_entry_2kernels.metal,21
/private/tmp/metal-ast-ios-air64/src/cx/multi_entry_4kernels.metal,21
/private/tmp/metal-ast-ios-air64/src/cx/multi_entry_shared_textures.metal,21
/private/tmp/metal-ast-ios-air64/src/cx/multi_entry_with_helpers.metal,21
/private/tmp/metal-ast-ios-air64/src/cx/object_payload.metal,21
/private/tmp/metal-ast-ios-air64/src/cx/repr_bool_scalar.metal,21
/private/tmp/metal-ast-ios-air64/src/cx/repr_half_arith.metal,21
/private/tmp/metal-ast-ios-air64/src/cx/repr_long_ulong.metal,21
/private/tmp/metal-ast-ios-air64/src/cx/res_buffer_constant.metal,21
/private/tmp/metal-ast-ios-air64/src/cx/res_buffer_device.metal,21
/private/tmp/metal-ast-ios-air64/src/cx/res_buffer_thread_addrspace.metal,21
/private/tmp/metal-ast-ios-air64/src/cx/res_index_buffer15.metal,21
/private/tmp/metal-ast-ios-air64/src/cx/res_index_buffer7.metal,21
/private/tmp/metal-ast-ios-air64/src/cx/res_threadgroup_alignas.metal,21
/private/tmp/metal-ast-ios-air64/src/cx/texm_000.metal,21
/private/tmp/metal-ast-ios-air64/src/cx/texm_001.metal,21
/private/tmp/metal-ast-ios-air64/src/cx/texm_002.metal,21
/private/tmp/metal-ast-ios-air64/src/cx/texm_003.metal,21
/private/tmp/metal-ast-ios-air64/src/cx/texm_004.metal,21
/private/tmp/metal-ast-ios-air64/src/cx/texm_005.metal,21
/private/tmp/metal-ast-ios-air64/src/cx/texm_006.metal,21
/private/tmp/metal-ast-ios-air64/src/cx/texm_007.metal,21
/private/tmp/metal-ast-ios-air64/src/cx/texm_008.metal,21
/private/tmp/metal-ast-ios-air64/src/cx/texm_009.metal,21
/private/tmp/metal-ast-ios-air64/src/cx/texm_010.metal,21
/private/tmp/metal-ast-ios-air64/src/cx/texm_011.metal,21
/private/tmp/metal-ast-ios-air64/src/cx/texm_012.metal,21
/private/tmp/metal-ast-ios-air64/src/cx/texm_013.metal,21
/private/tmp/metal-ast-ios-air64/src/cx/texm_014.metal,21
/private/tmp/metal-ast-ios-air64/src/cx/texm_015.metal,21
/private/tmp/metal-ast-ios-air64/src/cx/texm_016.metal,21
/private/tmp/metal-ast-ios-air64/src/cx/texm_017.metal,21
/private/tmp/metal-ast-ios-air64/src/cx/texm_018.metal,21
/private/tmp/metal-ast-ios-air64/src/cx/texm_019.metal,21
/private/tmp/metal-ast-ios-air64/src/cx/texm_020.metal,21
/private/tmp/metal-ast-ios-air64/src/cx/texm_021.metal,21
/private/tmp/metal-ast-ios-air64/src/cx/texm_022.metal,21
/private/tmp/metal-ast-ios-air64/src/cx/texm_023.metal,21
/private/tmp/metal-ast-ios-air64/src/cx/texm_024.metal,21
/private/tmp/metal-ast-ios-air64/src/cx/texm_025.metal,21
/private/tmp/metal-ast-ios-air64/src/cx/texm_026.metal,21
/private/tmp/metal-ast-ios-air64/src/cx/texm_027.metal,21
/private/tmp/metal-ast-ios-air64/src/cx/texm_028.metal,21
/private/tmp/metal-ast-ios-air64/src/cx/texm_029.metal,21
/private/tmp/metal-ast-ios-air64/src/cx/texm_030.metal,21
/private/tmp/metal-ast-ios-air64/src/cx/texm_031.metal,21
/private/tmp/metal-ast-ios-air64/src/cx/texm_032.metal,21
/private/tmp/metal-ast-ios-air64/src/cx/texm_033.metal,21
/private/tmp/metal-ast-ios-air64/src/cx/texm_034.metal,21
/private/tmp/metal-ast-ios-air64/src/cx/texm_035.metal,21
/private/tmp/metal-ast-ios-air64/src/cx/texm_036.metal,21
/private/tmp/metal-ast-ios-air64/src/cx/texm_037.metal,21
/private/tmp/metal-ast-ios-air64/src/cx/texm_038.metal,21
/private/tmp/metal-ast-ios-air64/src/cx/texm_039.metal,21
/private/tmp/metal-ast-ios-air64/src/cx/texm_048.metal,21
/private/tmp/metal-ast-ios-air64/src/cx/texm_058.metal,21
/private/tmp/metal-ast-ios-air64/src/cx/texm_068.metal,21
/private/tmp/metal-ast-ios-air64/src/cx/texm_078.metal,21
/private/tmp/metal-ast-ios-air64/src/cx/texm_080.metal,21
/private/tmp/metal-ast-ios-air64/src/cx/texm_085.metal,21
/private/tmp/metal-ast-ios-air64/src/cx/texm_086.metal,21
/private/tmp/metal-ast-ios-air64/src/cx/texm_087.metal,21
/private/tmp/metal-ast-ios-air64/src/cx/texm_088.metal,21
/private/tmp/metal-ast-ios-air64/src/cx/texm_093.metal,21
/private/tmp/metal-ast-ios-air64/src/cx/texm_094.metal,21
/private/tmp/metal-ast-ios-air64/src/cx/texm_095.metal,21
/private/tmp/metal-ast-ios-air64/src/cx/texm_096.metal,21
/private/tmp/metal-ast-ios-air64/src/cx/texm_101.metal,21
/private/tmp/metal-ast-ios-air64/src/cx/texm_102.metal,21
/private/tmp/metal-ast-ios-air64/src/cx/texm_103.metal,21
/private/tmp/metal-ast-ios-air64/src/cx/texm_104.metal,21
/private/tmp/metal-ast-ios-air64/src/cx/texm_109.metal,21
/private/tmp/metal-ast-ios-air64/src/cx/texm_110.metal,21
/private/tmp/metal-ast-ios-air64/src/cx/texm_111.metal,21
/private/tmp/metal-ast-ios-air64/src/cx/texm_112.metal,21
/private/tmp/metal-ast-ios-air64/src/cx/texm_113.metal,21
/private/tmp/metal-ast-ios-air64/src/cx/texm_114.metal,21
/private/tmp/metal-ast-ios-air64/src/cx/texm_117.metal,21
/private/tmp/metal-ast-ios-air64/src/cx/texm_118.metal,21
/private/tmp/metal-ast-ios-air64/src/cx/texm_119.metal,21
/private/tmp/metal-ast-ios-air64/src/cx/texm_120.metal,21
/private/tmp/metal-ast-ios-air64/src/cx/texm_121.metal,21
/private/tmp/metal-ast-ios-air64/src/cx/texm_122.metal,21
/private/tmp/metal-ast-ios-air64/src/cx/texm_125.metal,21
/private/tmp/metal-ast-ios-air64/src/cx/texm_126.metal,21
/private/tmp/metal-ast-ios-air64/src/cx/texm_127.metal,21
/private/tmp/metal-ast-ios-air64/src/cx/texm_128.metal,21
/private/tmp/metal-ast-ios-air64/src/cx/texm_129.metal,21
/private/tmp/metal-ast-ios-air64/src/cx/texm_130.metal,21
/private/tmp/metal-ast-ios-air64/src/cx/texm_133.metal,21
/private/tmp/metal-ast-ios-air64/src/cx/texm_134.metal,21
/private/tmp/metal-ast-ios-air64/src/cx/texm_135.metal,21
/private/tmp/metal-ast-ios-air64/src/cx/texm_136.metal,21
/private/tmp/metal-ast-ios-air64/src/cx/texm_137.metal,21
/private/tmp/metal-ast-ios-air64/src/cx/texm_138.metal,21
/private/tmp/metal-ast-ios-air64/src/cx/texm_141.metal,21
/private/tmp/metal-ast-ios-air64/src/cx/texm_142.metal,21
/private/tmp/metal-ast-ios-air64/src/cx/texm_143.metal,21
/private/tmp/metal-ast-ios-air64/src/cx/texm_144.metal,21
/private/tmp/metal-ast-ios-air64/src/cx/texm_145.metal,21
/private/tmp/metal-ast-ios-air64/src/cx/texm_146.metal,21
/private/tmp/metal-ast-ios-air64/src/cx/texm_151.metal,21
/private/tmp/metal-ast-ios-air64/src/cx/texm_152.metal,21
/private/tmp/metal-ast-ios-air64/src/cx/texm_153.metal,21
/private/tmp/metal-ast-ios-air64/src/cx/texm_158.metal,21
/private/tmp/metal-ast-ios-air64/src/cx/texm_159.metal,21
/private/tmp/metal-ast-ios-air64/src/cx/texm_160.metal,21
/private/tmp/metal-ast-ios-air64/src/cx/texm_165.metal,21
/private/tmp/metal-ast-ios-air64/src/cx/texm_166.metal,21
/private/tmp/metal-ast-ios-air64/src/cx/texm_167.metal,21
/private/tmp/metal-ast-ios-air64/src/cx/texq_172.metal,21
/private/tmp/metal-ast-ios-air64/src/cx/texq_173.metal,21
/private/tmp/metal-ast-ios-air64/src/cx/texq_174.metal,21
/private/tmp/metal-ast-ios-air64/src/cx/texq_175.metal,21
/private/tmp/metal-ast-ios-air64/src/cx/texq_176.metal,21
/private/tmp/metal-ast-ios-air64/src/cx/texq_177.metal,21
/private/tmp/metal-ast-ios-air64/src/cx/texq_178.metal,21
/private/tmp/metal-ast-ios-air64/src/cx/texq_179.metal,21
/private/tmp/metal-ast-ios-air64/src/cx/texq_181.metal,21
/private/tmp/metal-ast-ios-air64/src/cx/texq_182.metal,21
/private/tmp/metal-ast-ios-air64/src/cx/texq_183.metal,21
/private/tmp/metal-ast-ios-air64/src/cx/texq_184.metal,21
/private/tmp/metal-ast-ios-air64/src/cx/texq_185.metal,21
/private/tmp/metal-ast-ios-air64/src/cx/texq_186.metal,21
/private/tmp/metal-ast-ios-air64/src/cx/texq_187.metal,21
/private/tmp/metal-ast-ios-air64/src/cx/texq_188.metal,21
/private/tmp/metal-ast-ios-air64/src/cx/threadgroup_tg_alignas.metal,21
/private/tmp/metal-ast-ios-air64/src/cx/threadgroup_tg_array_large.metal,21
/private/tmp/metal-ast-ios-air64/src/cx/threadgroup_tg_array_small.metal,21
/private/tmp/metal-ast-ios-air64/src/cx/threadgroup_tg_atomic.metal,21
/private/tmp/metal-ast-ios-air64/src/cx/threadgroup_tg_dynamic_index.metal,21
/private/tmp/metal-ast-ios-air64/src/cx/threadgroup_tg_multiple_arrays.metal,21
/private/tmp/metal-ast-ios-air64/src/cx/threadgroup_tg_prefix_sum.metal,21
/private/tmp/metal-ast-ios-air64/src/cx/threadgroup_tg_scalar.metal,21
/private/tmp/metal-ast-ios-air64/src/cx/threadgroup_tg_struct.metal,21
/private/tmp/metal-ast-ios-air64/src/cx/type_bool_to_int.metal,21
/private/tmp/metal-ast-ios-air64/src/cx/type_float2_to_scalar.metal,21
/private/tmp/metal-ast-ios-air64/src/cx/type_float3_to_scalar.metal,21
/private/tmp/metal-ast-ios-air64/src/cx/type_float4_to_scalar.metal,21
/private/tmp/metal-ast-ios-air64/src/cx/type_half2_to_scalar.metal,21
/private/tmp/metal-ast-ios-air64/src/cx/type_half3_to_scalar.metal,21
/private/tmp/metal-ast-ios-air64/src/cx/type_half4_to_scalar.metal,21
/private/tmp/metal-ast-ios-air64/src/cx/type_implicit_bool_to_char.metal,21
/private/tmp/metal-ast-ios-air64/src/cx/type_implicit_bool_to_float.metal,21
/private/tmp/metal-ast-ios-air64/src/cx/type_implicit_bool_to_half.metal,21
/private/tmp/metal-ast-ios-air64/src/cx/type_implicit_bool_to_int.metal,21
/private/tmp/metal-ast-ios-air64/src/cx/type_implicit_bool_to_short.metal,21
/private/tmp/metal-ast-ios-air64/src/cx/type_implicit_bool_to_uchar.metal,21
/private/tmp/metal-ast-ios-air64/src/cx/type_implicit_bool_to_uint.metal,21
/private/tmp/metal-ast-ios-air64/src/cx/type_implicit_bool_to_ushort.metal,21
/private/tmp/metal-ast-ios-air64/src/cx/type_implicit_char_to_bool.metal,21
/private/tmp/metal-ast-ios-air64/src/cx/type_implicit_char_to_float.metal,21
/private/tmp/metal-ast-ios-air64/src/cx/type_implicit_char_to_half.metal,21
/private/tmp/metal-ast-ios-air64/src/cx/type_implicit_char_to_int.metal,21
/private/tmp/metal-ast-ios-air64/src/cx/type_implicit_char_to_short.metal,21
/private/tmp/metal-ast-ios-air64/src/cx/type_implicit_char_to_uchar.metal,21
/private/tmp/metal-ast-ios-air64/src/cx/type_implicit_char_to_uint.metal,21
/private/tmp/metal-ast-ios-air64/src/cx/type_implicit_char_to_ushort.metal,21
/private/tmp/metal-ast-ios-air64/src/cx/type_implicit_float4_to_float3.metal,21
/private/tmp/metal-ast-ios-air64/src/cx/type_implicit_float_to_bool.metal,21
/private/tmp/metal-ast-ios-air64/src/cx/type_implicit_float_to_char.metal,21
/private/tmp/metal-ast-ios-air64/src/cx/type_implicit_float_to_half.metal,21
/private/tmp/metal-ast-ios-air64/src/cx/type_implicit_float_to_int.metal,21
/private/tmp/metal-ast-ios-air64/src/cx/type_implicit_float_to_short.metal,21
/private/tmp/metal-ast-ios-air64/src/cx/type_implicit_float_to_uchar.metal,21
/private/tmp/metal-ast-ios-air64/src/cx/type_implicit_float_to_uint.metal,21
/private/tmp/metal-ast-ios-air64/src/cx/type_implicit_float_to_ushort.metal,21
/private/tmp/metal-ast-ios-air64/src/cx/type_implicit_half4_to_half3.metal,21
/private/tmp/metal-ast-ios-air64/src/cx/type_implicit_half_to_bool.metal,21
/private/tmp/metal-ast-ios-air64/src/cx/type_implicit_half_to_char.metal,21
/private/tmp/metal-ast-ios-air64/src/cx/type_implicit_half_to_float.metal,21
/private/tmp/metal-ast-ios-air64/src/cx/type_implicit_half_to_int.metal,21
/private/tmp/metal-ast-ios-air64/src/cx/type_implicit_half_to_short.metal,21
/private/tmp/metal-ast-ios-air64/src/cx/type_implicit_half_to_uchar.metal,21
/private/tmp/metal-ast-ios-air64/src/cx/type_implicit_half_to_uint.metal,21
/private/tmp/metal-ast-ios-air64/src/cx/type_implicit_half_to_ushort.metal,21
/private/tmp/metal-ast-ios-air64/src/cx/type_implicit_int4_to_int3.metal,21
/private/tmp/metal-ast-ios-air64/src/cx/type_implicit_int_to_bool.metal,21
/private/tmp/metal-ast-ios-air64/src/cx/type_implicit_int_to_char.metal,21
/private/tmp/metal-ast-ios-air64/src/cx/type_implicit_int_to_float.metal,21
/private/tmp/metal-ast-ios-air64/src/cx/type_implicit_int_to_half.metal,21
/private/tmp/metal-ast-ios-air64/src/cx/type_implicit_int_to_short.metal,21
/private/tmp/metal-ast-ios-air64/src/cx/type_implicit_int_to_uchar.metal,21
/private/tmp/metal-ast-ios-air64/src/cx/type_implicit_int_to_uint.metal,21
/private/tmp/metal-ast-ios-air64/src/cx/type_implicit_int_to_ushort.metal,21
/private/tmp/metal-ast-ios-air64/src/cx/type_implicit_short_to_bool.metal,21
/private/tmp/metal-ast-ios-air64/src/cx/type_implicit_short_to_char.metal,21
/private/tmp/metal-ast-ios-air64/src/cx/type_implicit_short_to_float.metal,21
/private/tmp/metal-ast-ios-air64/src/cx/type_implicit_short_to_half.metal,21
/private/tmp/metal-ast-ios-air64/src/cx/type_implicit_short_to_int.metal,21
/private/tmp/metal-ast-ios-air64/src/cx/type_implicit_short_to_uchar.metal,21
/private/tmp/metal-ast-ios-air64/src/cx/type_implicit_short_to_uint.metal,21
/private/tmp/metal-ast-ios-air64/src/cx/type_implicit_short_to_ushort.metal,21
/private/tmp/metal-ast-ios-air64/src/cx/type_implicit_uchar_to_bool.metal,21
/private/tmp/metal-ast-ios-air64/src/cx/type_implicit_uchar_to_char.metal,21
/private/tmp/metal-ast-ios-air64/src/cx/type_implicit_uchar_to_float.metal,21
/private/tmp/metal-ast-ios-air64/src/cx/type_implicit_uchar_to_half.metal,21
/private/tmp/metal-ast-ios-air64/src/cx/type_implicit_uchar_to_int.metal,21
/private/tmp/metal-ast-ios-air64/src/cx/type_implicit_uchar_to_short.metal,21
/private/tmp/metal-ast-ios-air64/src/cx/type_implicit_uchar_to_uint.metal,21
/private/tmp/metal-ast-ios-air64/src/cx/type_implicit_uchar_to_ushort.metal,21
/private/tmp/metal-ast-ios-air64/src/cx/type_implicit_uint4_to_uint3.metal,21
/private/tmp/metal-ast-ios-air64/src/cx/type_implicit_uint_to_bool.metal,21
/private/tmp/metal-ast-ios-air64/src/cx/type_implicit_uint_to_char.metal,21
/private/tmp/metal-ast-ios-air64/src/cx/type_implicit_uint_to_float.metal,21
/private/tmp/metal-ast-ios-air64/src/cx/type_implicit_uint_to_half.metal,21
/private/tmp/metal-ast-ios-air64/src/cx/type_implicit_uint_to_int.metal,21
/private/tmp/metal-ast-ios-air64/src/cx/type_implicit_uint_to_short.metal,21
/private/tmp/metal-ast-ios-air64/src/cx/type_implicit_uint_to_uchar.metal,21
/private/tmp/metal-ast-ios-air64/src/cx/type_implicit_uint_to_ushort.metal,21
/private/tmp/metal-ast-ios-air64/src/cx/type_implicit_ushort_to_bool.metal,21
/private/tmp/metal-ast-ios-air64/src/cx/type_implicit_ushort_to_char.metal,21
/private/tmp/metal-ast-ios-air64/src/cx/type_implicit_ushort_to_float.metal,21
/private/tmp/metal-ast-ios-air64/src/cx/type_implicit_ushort_to_half.metal,21
/private/tmp/metal-ast-ios-air64/src/cx/type_implicit_ushort_to_int.metal,21
/private/tmp/metal-ast-ios-air64/src/cx/type_implicit_ushort_to_short.metal,21
/private/tmp/metal-ast-ios-air64/src/cx/type_implicit_ushort_to_uchar.metal,21
/private/tmp/metal-ast-ios-air64/src/cx/type_implicit_ushort_to_uint.metal,21
/private/tmp/metal-ast-ios-air64/src/cx/type_int2_to_scalar.metal,21
/private/tmp/metal-ast-ios-air64/src/cx/type_int3_to_scalar.metal,21
/private/tmp/metal-ast-ios-air64/src/cx/type_int4_to_scalar.metal,21
/private/tmp/metal-ast-ios-air64/src/cx/type_int_to_bool.metal,21
/private/tmp/metal-ast-ios-air64/src/cx/type_nullptr_to_device_ptr.metal,21
/private/tmp/metal-ast-ios-air64/src/cx/type_nullptr_to_thread_ptr.metal,21
/private/tmp/metal-ast-ios-air64/src/cx/type_promote_half_float_add.metal,21
/private/tmp/metal-ast-ios-air64/src/cx/type_promote_int_uint_add.metal,21
/private/tmp/metal-ast-ios-air64/src/cx/type_scalar_to_float2.metal,21
/private/tmp/metal-ast-ios-air64/src/cx/type_scalar_to_float3.metal,21
/private/tmp/metal-ast-ios-air64/src/cx/type_scalar_to_float4.metal,21
/private/tmp/metal-ast-ios-air64/src/cx/type_scalar_to_half2.metal,21
/private/tmp/metal-ast-ios-air64/src/cx/type_scalar_to_half3.metal,21
/private/tmp/metal-ast-ios-air64/src/cx/type_scalar_to_half4.metal,21
/private/tmp/metal-ast-ios-air64/src/cx/type_scalar_to_int2.metal,21
/private/tmp/metal-ast-ios-air64/src/cx/type_scalar_to_int3.metal,21
/private/tmp/metal-ast-ios-air64/src/cx/type_scalar_to_int4.metal,21
/private/tmp/metal-ast-ios-air64/src/cx/type_scalar_to_uint2.metal,21
/private/tmp/metal-ast-ios-air64/src/cx/vis_default.metal,21
/private/tmp/metal-ast-ios-air64/src/cx/type_scalar_to_uint3.metal,21
/private/tmp/metal-ast-ios-air64/src/cx/type_scalar_to_uint4.metal,21
/private/tmp/metal-ast-ios-air64/src/cx/type_template_deduction_min.metal,21
/private/tmp/metal-ast-ios-air64/src/cx/type_uint2_to_scalar.metal,21
/private/tmp/metal-ast-ios-air64/src/cx/type_uint3_to_scalar.metal,21
/private/tmp/metal-ast-ios-air64/src/cx/type_uint4_to_scalar.metal,21
/private/tmp/metal-ast-ios-air64/src/cx/type_vec_scalar_mul_float2.metal,21
/private/tmp/metal-ast-ios-air64/src/cx/type_vec_scalar_mul_float3.metal,21
/private/tmp/metal-ast-ios-air64/src/cx/type_vec_scalar_mul_float4.metal,21
/private/tmp/metal-ast-ios-air64/src/cx/type_vec_scalar_mul_half2.metal,21
/private/tmp/metal-ast-ios-air64/src/cx/type_vec_scalar_mul_half3.metal,21
/private/tmp/metal-ast-ios-air64/src/cx/type_vec_scalar_mul_half4.metal,21
/private/tmp/metal-ast-ios-air64/src/cx/vis_export_name.metal,21
/private/tmp/metal-ast-ios-air64/src/cx/vis_internal.metal,21
/private/tmp/metal-ast-ios-air64/src/cx/vis_multiple_visible.metal,21
/private/tmp/metal-ast-ios-air64/src/cx/vis_template_visible.metal,21
/private/tmp/metal-ast-ios-air64/src/cx/vis_visible.metal,21
/private/tmp/metal-ast-ios-air64/src/cx/warn_deprecated.metal,21
/private/tmp/metal-ast-ios-air64/src/cx/warn_div_zero.metal,21
/private/tmp/metal-ast-ios-air64/src/cx/warn_empty_body.metal,21
/private/tmp/metal-ast-ios-air64/src/cx/warn_extra_parens.metal,21
/private/tmp/metal-ast-ios-air64/src/cx/warn_fallthrough.metal,21
/private/tmp/metal-ast-ios-air64/src/cx/warn_infinite_loop.metal,21
/private/tmp/metal-ast-ios-air64/src/cx/warn_missing_braces.metal,21
/private/tmp/metal-ast-ios-air64/src/cx/warn_narrowing.metal,21
/private/tmp/metal-ast-ios-air64/src/cx/warn_self_assign.metal,21
/private/tmp/metal-ast-ios-air64/src/cx/warn_shadow.metal,21
/private/tmp/metal-ast-ios-air64/src/cx/warn_shift_overflow.metal,21
/private/tmp/metal-ast-ios-air64/src/cx/warn_sign_compare.metal,21
/private/tmp/metal-ast-ios-air64/src/cx/warn_unreachable.metal,21
/private/tmp/metal-ast-ios-air64/src/cx/warn_unused_var.metal,21
/private/tmp/metal-ast-ios-sim-air64/src/cx/builtin_raytracing.metal,21
/private/tmp/metal-ast-ios-sim-air64/src/cx/builtin_tex_03.metal,21
/private/tmp/metal-ast-ios-sim-air64/src/cx/builtin_tex_04.metal,21
/private/tmp/metal-ast-ios-sim-air64/src/cx/builtin_tex_05.metal,21
/private/tmp/metal-ast-ios-sim-air64/src/cx/builtin_tex_06.metal,21
/private/tmp/metal-ast-ios-sim-air64/src/cx/builtin_tex_07.metal,21
/private/tmp/metal-ast-ios-sim-air64/src/cx/builtin_tex_08.metal,21
/private/tmp/metal-ast-ios-sim-air64/src/cx/builtin_tex_13.metal,21
/private/tmp/metal-ast-ios-sim-air64/src/cx/builtin_tex_14.metal,21
/private/tmp/metal-ast-ios-sim-air64/src/cx/builtin_tex_15.metal,21
/private/tmp/metal-ast-ios-sim-air64/src/cx/builtin_tex_16.metal,21
/private/tmp/metal-ast-ios-sim-air64/src/cx/conv_000.metal,21
/private/tmp/metal-ast-ios-sim-air64/src/cx/conv_001.metal,21
/private/tmp/metal-ast-ios-sim-air64/src/cx/conv_002.metal,21
/private/tmp/metal-ast-ios-sim-air64/src/cx/conv_003.metal,21
/private/tmp/metal-ast-ios-sim-air64/src/cx/conv_004.metal,21
/private/tmp/metal-ast-ios-sim-air64/src/cx/conv_005.metal,21
/private/tmp/metal-ast-ios-sim-air64/src/cx/conv_006.metal,21
/private/tmp/metal-ast-ios-sim-air64/src/cx/conv_007.metal,21
/private/tmp/metal-ast-ios-sim-air64/src/cx/conv_008.metal,21
/private/tmp/metal-ast-ios-sim-air64/src/cx/conv_009.metal,21
/private/tmp/metal-ast-ios-sim-air64/src/cx/conv_010.metal,21
/private/tmp/metal-ast-ios-sim-air64/src/cx/conv_011.metal,21
/private/tmp/metal-ast-ios-sim-air64/src/cx/conv_012.metal,21
/private/tmp/metal-ast-ios-sim-air64/src/cx/conv_013.metal,21
/private/tmp/metal-ast-ios-sim-air64/src/cx/conv_014.metal,21
/private/tmp/metal-ast-ios-sim-air64/src/cx/conv_015.metal,21
/private/tmp/metal-ast-ios-sim-air64/src/cx/conv_016.metal,21
/private/tmp/metal-ast-ios-sim-air64/src/cx/conv_017.metal,21
/private/tmp/metal-ast-ios-sim-air64/src/cx/conv_018.metal,21
/private/tmp/metal-ast-ios-sim-air64/src/cx/conv_019.metal,21
/private/tmp/metal-ast-ios-sim-air64/src/cx/conv_020.metal,21
/private/tmp/metal-ast-ios-sim-air64/src/cx/conv_021.metal,21
/private/tmp/metal-ast-ios-sim-air64/src/cx/conv_022.metal,21
/private/tmp/metal-ast-ios-sim-air64/src/cx/conv_023.metal,21
/private/tmp/metal-ast-ios-sim-air64/src/cx/conv_024.metal,21
/private/tmp/metal-ast-ios-sim-air64/src/cx/conv_025.metal,21
/private/tmp/metal-ast-ios-sim-air64/src/cx/conv_026.metal,21
/private/tmp/metal-ast-ios-sim-air64/src/cx/conv_027.metal,21
/private/tmp/metal-ast-ios-sim-air64/src/cx/conv_028.metal,21
/private/tmp/metal-ast-ios-sim-air64/src/cx/conv_029.metal,21
/private/tmp/metal-ast-ios-sim-air64/src/cx/conv_030.metal,21
/private/tmp/metal-ast-ios-sim-air64/src/cx/conv_031.metal,21
/private/tmp/metal-ast-ios-sim-air64/src/cx/conv_032.metal,21
/private/tmp/metal-ast-ios-sim-air64/src/cx/conv_033.metal,21
/private/tmp/metal-ast-ios-sim-air64/src/cx/conv_034.metal,21
/private/tmp/metal-ast-ios-sim-air64/src/cx/conv_035.metal,21
/private/tmp/metal-ast-ios-sim-air64/src/cx/conv_036.metal,21
/private/tmp/metal-ast-ios-sim-air64/src/cx/conv_037.metal,21
/private/tmp/metal-ast-ios-sim-air64/src/cx/conv_038.metal,21
/private/tmp/metal-ast-ios-sim-air64/src/cx/conv_039.metal,21
/private/tmp/metal-ast-ios-sim-air64/src/cx/conv_040.metal,21
/private/tmp/metal-ast-ios-sim-air64/src/cx/conv_041.metal,21
/private/tmp/metal-ast-ios-sim-air64/src/cx/conv_042.metal,21
/private/tmp/metal-ast-ios-sim-air64/src/cx/conv_043.metal,21
/private/tmp/metal-ast-ios-sim-air64/src/cx/conv_044.metal,21
/private/tmp/metal-ast-ios-sim-air64/src/cx/conv_045.metal,21
/private/tmp/metal-ast-ios-sim-air64/src/cx/conv_046.metal,21
/private/tmp/metal-ast-ios-sim-air64/src/cx/conv_047.metal,21
/private/tmp/metal-ast-ios-sim-air64/src/cx/conv_048.metal,21
/private/tmp/metal-ast-ios-sim-air64/src/cx/conv_049.metal,21
/private/tmp/metal-ast-ios-sim-air64/src/cx/conv_050.metal,21
/private/tmp/metal-ast-ios-sim-air64/src/cx/conv_051.metal,21
/private/tmp/metal-ast-ios-sim-air64/src/cx/conv_052.metal,21
/private/tmp/metal-ast-ios-sim-air64/src/cx/conv_053.metal,21
/private/tmp/metal-ast-ios-sim-air64/src/cx/conv_054.metal,21
/private/tmp/metal-ast-ios-sim-air64/src/cx/conv_055.metal,21
/private/tmp/metal-ast-ios-sim-air64/src/cx/conv_056.metal,21
/private/tmp/metal-ast-ios-sim-air64/src/cx/conv_057.metal,21
/private/tmp/metal-ast-ios-sim-air64/src/cx/conv_058.metal,21
/private/tmp/metal-ast-ios-sim-air64/src/cx/conv_059.metal,21
/private/tmp/metal-ast-ios-sim-air64/src/cx/conv_060.metal,21
/private/tmp/metal-ast-ios-sim-air64/src/cx/conv_061.metal,21
/private/tmp/metal-ast-ios-sim-air64/src/cx/conv_062.metal,21
/private/tmp/metal-ast-ios-sim-air64/src/cx/conv_063.metal,21
/private/tmp/metal-ast-ios-sim-air64/src/cx/conv_064.metal,21
/private/tmp/metal-ast-ios-sim-air64/src/cx/conv_065.metal,21
/private/tmp/metal-ast-ios-sim-air64/src/cx/conv_066.metal,21
/private/tmp/metal-ast-ios-sim-air64/src/cx/conv_067.metal,21
/private/tmp/metal-ast-ios-sim-air64/src/cx/conv_068.metal,21
/private/tmp/metal-ast-ios-sim-air64/src/cx/conv_069.metal,21
/private/tmp/metal-ast-ios-sim-air64/src/cx/conv_070.metal,21
/private/tmp/metal-ast-ios-sim-air64/src/cx/conv_071.metal,21
/private/tmp/metal-ast-ios-sim-air64/src/cx/conv_072.metal,21
/private/tmp/metal-ast-ios-sim-air64/src/cx/conv_073.metal,21
/private/tmp/metal-ast-ios-sim-air64/src/cx/conv_074.metal,21
/private/tmp/metal-ast-ios-sim-air64/src/cx/conv_075.metal,21
/private/tmp/metal-ast-ios-sim-air64/src/cx/conv_076.metal,21
/private/tmp/metal-ast-ios-sim-air64/src/cx/conv_077.metal,21
/private/tmp/metal-ast-ios-sim-air64/src/cx/conv_078.metal,21
/private/tmp/metal-ast-ios-sim-air64/src/cx/conv_079.metal,21
/private/tmp/metal-ast-ios-sim-air64/src/cx/conv_080.metal,21
/private/tmp/metal-ast-ios-sim-air64/src/cx/conv_081.metal,21
/private/tmp/metal-ast-ios-sim-air64/src/cx/conv_082.metal,21
/private/tmp/metal-ast-ios-sim-air64/src/cx/conv_083.metal,21
/private/tmp/metal-ast-ios-sim-air64/src/cx/conv_084.metal,21
/private/tmp/metal-ast-ios-sim-air64/src/cx/conv_085.metal,21
/private/tmp/metal-ast-ios-sim-air64/src/cx/conv_086.metal,21
/private/tmp/metal-ast-ios-sim-air64/src/cx/conv_087.metal,21
/private/tmp/metal-ast-ios-sim-air64/src/cx/conv_088.metal,21
/private/tmp/metal-ast-ios-sim-air64/src/cx/conv_089.metal,21
/private/tmp/metal-ast-ios-sim-air64/src/cx/conv_090.metal,21
/private/tmp/metal-ast-ios-sim-air64/src/cx/conv_091.metal,21
/private/tmp/metal-ast-ios-sim-air64/src/cx/conv_092.metal,21
/private/tmp/metal-ast-ios-sim-air64/src/cx/conv_093.metal,21
/private/tmp/metal-ast-ios-sim-air64/src/cx/conv_094.metal,21
/private/tmp/metal-ast-ios-sim-air64/src/cx/conv_095.metal,21
/private/tmp/metal-ast-ios-sim-air64/src/cx/conv_096.metal,21
/private/tmp/metal-ast-ios-sim-air64/src/cx/conv_097.metal,21
/private/tmp/metal-ast-ios-sim-air64/src/cx/conv_098.metal,21
/private/tmp/metal-ast-ios-sim-air64/src/cx/conv_099.metal,21
/private/tmp/metal-ast-ios-sim-air64/src/cx/conv_100.metal,21
/private/tmp/metal-ast-ios-sim-air64/src/cx/conv_101.metal,21
/private/tmp/metal-ast-ios-sim-air64/src/cx/conv_102.metal,21
/private/tmp/metal-ast-ios-sim-air64/src/cx/conv_103.metal,21
/private/tmp/metal-ast-ios-sim-air64/src/cx/conv_104.metal,21
/private/tmp/metal-ast-ios-sim-air64/src/cx/conv_105.metal,21
/private/tmp/metal-ast-ios-sim-air64/src/cx/conv_106.metal,21
/private/tmp/metal-ast-ios-sim-air64/src/cx/conv_107.metal,21
/private/tmp/metal-ast-ios-sim-air64/src/cx/conv_108.metal,21
/private/tmp/metal-ast-ios-sim-air64/src/cx/conv_109.metal,21
/private/tmp/metal-ast-ios-sim-air64/src/cx/conv_110.metal,21
/private/tmp/metal-ast-ios-sim-air64/src/cx/conv_111.metal,21
/private/tmp/metal-ast-ios-sim-air64/src/cx/conv_112.metal,21
/private/tmp/metal-ast-ios-sim-air64/src/cx/conv_113.metal,21
/private/tmp/metal-ast-ios-sim-air64/src/cx/conv_114.metal,21
/private/tmp/metal-ast-ios-sim-air64/src/cx/conv_115.metal,21
/private/tmp/metal-ast-ios-sim-air64/src/cx/conv_116.metal,21
/private/tmp/metal-ast-ios-sim-air64/src/cx/conv_117.metal,21
/private/tmp/metal-ast-ios-sim-air64/src/cx/conv_118.metal,21
/private/tmp/metal-ast-ios-sim-air64/src/cx/conv_119.metal,21
/private/tmp/metal-ast-ios-sim-air64/src/cx/conv_120.metal,21
/private/tmp/metal-ast-ios-sim-air64/src/cx/conv_121.metal,21
/private/tmp/metal-ast-ios-sim-air64/src/cx/conv_122.metal,21
/private/tmp/metal-ast-ios-sim-air64/src/cx/conv_123.metal,21
/private/tmp/metal-ast-ios-sim-air64/src/cx/conv_124.metal,21
/private/tmp/metal-ast-ios-sim-air64/src/cx/conv_125.metal,21
/private/tmp/metal-ast-ios-sim-air64/src/cx/conv_126.metal,21
/private/tmp/metal-ast-ios-sim-air64/src/cx/conv_127.metal,21
/private/tmp/metal-ast-ios-sim-air64/src/cx/conv_128.metal,21
/private/tmp/metal-ast-ios-sim-air64/src/cx/conv_129.metal,21
/private/tmp/metal-ast-ios-sim-air64/src/cx/conv_130.metal,21
/private/tmp/metal-ast-ios-sim-air64/src/cx/conv_131.metal,21
/private/tmp/metal-ast-ios-sim-air64/src/cx/conv_132.metal,21
/private/tmp/metal-ast-ios-sim-air64/src/cx/conv_133.metal,21
/private/tmp/metal-ast-ios-sim-air64/src/cx/conv_134.metal,21
/private/tmp/metal-ast-ios-sim-air64/src/cx/conv_135.metal,21
/private/tmp/metal-ast-ios-sim-air64/src/cx/conv_136.metal,21
/private/tmp/metal-ast-ios-sim-air64/src/cx/conv_137.metal,21
/private/tmp/metal-ast-ios-sim-air64/src/cx/conv_138.metal,21
/private/tmp/metal-ast-ios-sim-air64/src/cx/conv_139.metal,21
/private/tmp/metal-ast-ios-sim-air64/src/cx/conv_140.metal,21
/private/tmp/metal-ast-ios-sim-air64/src/cx/conv_141.metal,21
/private/tmp/metal-ast-ios-sim-air64/src/cx/conv_142.metal,21
/private/tmp/metal-ast-ios-sim-air64/src/cx/conv_143.metal,21
/private/tmp/metal-ast-ios-sim-air64/src/cx/conv_144.metal,21
/private/tmp/metal-ast-ios-sim-air64/src/cx/conv_145.metal,21
/private/tmp/metal-ast-ios-sim-air64/src/cx/conv_146.metal,21
/private/tmp/metal-ast-ios-sim-air64/src/cx/conv_147.metal,21
/private/tmp/metal-ast-ios-sim-air64/src/cx/conv_148.metal,21
/private/tmp/metal-ast-ios-sim-air64/src/cx/conv_149.metal,21
/private/tmp/metal-ast-ios-sim-air64/src/cx/conv_150.metal,21
/private/tmp/metal-ast-ios-sim-air64/src/cx/conv_151.metal,21
/private/tmp/metal-ast-ios-sim-air64/src/cx/conv_152.metal,21
/private/tmp/metal-ast-ios-sim-air64/src/cx/conv_153.metal,21
/private/tmp/metal-ast-ios-sim-air64/src/cx/conv_154.metal,21
/private/tmp/metal-ast-ios-sim-air64/src/cx/conv_155.metal,21
/private/tmp/metal-ast-ios-sim-air64/src/cx/conv_156.metal,21
/private/tmp/metal-ast-ios-sim-air64/src/cx/conv_157.metal,21
/private/tmp/metal-ast-ios-sim-air64/src/cx/conv_158.metal,21
/private/tmp/metal-ast-ios-sim-air64/src/cx/conv_159.metal,21
/private/tmp/metal-ast-ios-sim-air64/src/cx/conv_160.metal,21
/private/tmp/metal-ast-ios-sim-air64/src/cx/conv_161.metal,21
/private/tmp/metal-ast-ios-sim-air64/src/cx/conv_162.metal,21
/private/tmp/metal-ast-ios-sim-air64/src/cx/conv_163.metal,21
/private/tmp/metal-ast-ios-sim-air64/src/cx/conv_164.metal,21
/private/tmp/metal-ast-ios-sim-air64/src/cx/conv_165.metal,21
/private/tmp/metal-ast-ios-sim-air64/src/cx/conv_166.metal,21
/private/tmp/metal-ast-ios-sim-air64/src/cx/conv_167.metal,21
/private/tmp/metal-ast-ios-sim-air64/src/cx/conv_168.metal,21
/private/tmp/metal-ast-ios-sim-air64/src/cx/conv_169.metal,21
/private/tmp/metal-ast-ios-sim-air64/src/cx/conv_170.metal,21
/private/tmp/metal-ast-ios-sim-air64/src/cx/conv_171.metal,21
/private/tmp/metal-ast-ios-sim-air64/src/cx/conv_172.metal,21
/private/tmp/metal-ast-ios-sim-air64/src/cx/conv_173.metal,21
/private/tmp/metal-ast-ios-sim-air64/src/cx/conv_174.metal,21
/private/tmp/metal-ast-ios-sim-air64/src/cx/conv_175.metal,21
/private/tmp/metal-ast-ios-sim-air64/src/cx/conv_176.metal,21
/private/tmp/metal-ast-ios-sim-air64/src/cx/conv_177.metal,21
/private/tmp/metal-ast-ios-sim-air64/src/cx/conv_178.metal,21
/private/tmp/metal-ast-ios-sim-air64/src/cx/conv_179.metal,21
/private/tmp/metal-ast-ios-sim-air64/src/cx/conv_182.metal,21
/private/tmp/metal-ast-ios-sim-air64/src/cx/conv_183.metal,21
/private/tmp/metal-ast-ios-sim-air64/src/cx/cxx_003_exception_throw.metal,21
/private/tmp/metal-ast-ios-sim-air64/src/cx/cxx_011_variadic_template.metal,21
/private/tmp/metal-ast-ios-sim-air64/src/cx/cxx_012_fold_expression.metal,21
/private/tmp/metal-ast-ios-sim-air64/src/cx/cxx_013_structured_binding.metal,21
/private/tmp/metal-ast-ios-sim-air64/src/cx/cxx_014_if_constexpr.metal,21
/private/tmp/metal-ast-ios-sim-air64/src/cx/cxx_015_namespace_alias.metal,21
/private/tmp/metal-ast-ios-sim-air64/src/cx/cxx_016_using_declaration.metal,21
/private/tmp/metal-ast-ios-sim-air64/src/cx/cxx_017_enum_class.metal,21
/private/tmp/metal-ast-ios-sim-air64/src/cx/cxx_018_bitfield_struct.metal,21
/private/tmp/metal-ast-ios-sim-air64/src/cx/cxx_020_pointer_arithmetic.metal,21
/private/tmp/metal-ast-ios-sim-air64/src/cx/cxx_022_member_pointer.metal,21
/private/tmp/metal-ast-ios-sim-air64/src/cx/cxx_024_sfinae_enable_if.metal,21
/private/tmp/metal-ast-ios-sim-air64/src/cx/cxx_025_constexpr_function.metal,21
/private/tmp/metal-ast-ios-sim-air64/src/cx/cxx_026_static_assert_test.metal,21
/private/tmp/metal-ast-ios-sim-air64/src/cx/cxx_027_operator_overload.metal,21
/private/tmp/metal-ast-ios-sim-air64/src/cx/cxx_as_type_reinterpret.metal,21
/private/tmp/metal-ast-ios-sim-air64/src/cx/cxx_auto_decltype.metal,21
/private/tmp/metal-ast-ios-sim-air64/src/cx/cxx_constexpr_fn.metal,21
/private/tmp/metal-ast-ios-sim-air64/src/cx/cxx_default_arg.metal,21
/private/tmp/metal-ast-ios-sim-air64/src/cx/cxx_namespace_using.metal,21
/private/tmp/metal-ast-ios-sim-air64/src/cx/cxx_operator_overload.metal,21
/private/tmp/metal-ast-ios-sim-air64/src/cx/cxx_overload_addrspace.metal,21
/private/tmp/metal-ast-ios-sim-air64/src/cx/cxx_overload_types.metal,21
/private/tmp/metal-ast-ios-sim-air64/src/cx/cxx_sfinae_enable_if.metal,21
/private/tmp/metal-ast-ios-sim-air64/src/cx/cxx_template_class_spec.metal,21
/private/tmp/metal-ast-ios-sim-air64/src/cx/cxx_template_fn_explicit.metal,21
/private/tmp/metal-ast-ios-sim-air64/src/cx/determ_basic.metal,21
/private/tmp/metal-ast-ios-sim-air64/src/cx/determ_control_flow.metal,21
/private/tmp/metal-ast-ios-sim-air64/src/cx/determ_multi_func.metal,21
/private/tmp/metal-ast-ios-sim-air64/src/cx/determ_template.metal,21
/private/tmp/metal-ast-ios-sim-air64/src/cx/edge_deep_call.metal,21
/private/tmp/metal-ast-ios-sim-air64/src/cx/edge_1000_kernels.metal,21
/private/tmp/metal-ast-ios-sim-air64/src/cx/edge_deep_template.metal,21
/private/tmp/metal-ast-ios-sim-air64/src/cx/edge_div_zero.metal,21
/private/tmp/metal-ast-ios-sim-air64/src/cx/edge_empty.metal,21
/private/tmp/metal-ast-ios-sim-air64/src/cx/edge_infinity.metal,21
/private/tmp/metal-ast-ios-sim-air64/src/cx/edge_large_array.metal,21
/private/tmp/metal-ast-ios-sim-air64/src/cx/edge_long_identifier.metal,21
/private/tmp/metal-ast-ios-sim-air64/src/cx/edge_max_buffers.metal,21
/private/tmp/metal-ast-ios-sim-air64/src/cx/edge_nan.metal,21
/private/tmp/metal-ast-ios-sim-air64/src/cx/edge_oob_access.metal,21
/private/tmp/metal-ast-ios-sim-air64/src/cx/edge_overflow.metal,21
/private/tmp/metal-ast-ios-sim-air64/src/cx/edge_underflow.metal,21
/private/tmp/metal-ast-ios-sim-air64/src/cx/edge_uninit_var.metal,21
/private/tmp/metal-ast-ios-sim-air64/src/cx/err_as_texture_cast.metal,21
/private/tmp/metal-ast-ios-sim-air64/src/cx/err_attr_frag_int_return.metal,21
/private/tmp/metal-ast-ios-sim-air64/src/cx/err_cf_recursion.metal,21
/private/tmp/metal-ast-ios-sim-air64/src/cx/err_tex_depth_gather.metal,21
/private/tmp/metal-ast-ios-sim-air64/src/cx/err_type_assign_float_to_int.metal,21
/private/tmp/metal-ast-ios-sim-air64/src/cx/err_type_implicit_narrowing.metal,21
/private/tmp/metal-ast-ios-sim-air64/src/cx/has_feature_probe.metal,21
/private/tmp/metal-ast-ios-sim-air64/src/cx/io_vertex_clip_distance.metal,21
/private/tmp/metal-ast-ios-sim-air64/src/cx/io_vertex_point_size.metal,21
/private/tmp/metal-ast-ios-sim-air64/src/cx/io_vertex_pos_only.metal,21
/private/tmp/metal-ast-ios-sim-air64/src/cx/io_vertex_user_locn.metal,21
/private/tmp/metal-ast-ios-sim-air64/src/cx/multi_entry_2kernels.metal,21
/private/tmp/metal-ast-ios-sim-air64/src/cx/multi_entry_4kernels.metal,21
/private/tmp/metal-ast-ios-sim-air64/src/cx/multi_entry_shared_textures.metal,21
/private/tmp/metal-ast-ios-sim-air64/src/cx/multi_entry_with_helpers.metal,21
/private/tmp/metal-ast-ios-sim-air64/src/cx/object_payload.metal,21
/private/tmp/metal-ast-ios-sim-air64/src/cx/repr_bool_scalar.metal,21
/private/tmp/metal-ast-ios-sim-air64/src/cx/repr_half_arith.metal,21
/private/tmp/metal-ast-ios-sim-air64/src/cx/repr_long_ulong.metal,21
/private/tmp/metal-ast-ios-sim-air64/src/cx/res_buffer_constant.metal,21
/private/tmp/metal-ast-ios-sim-air64/src/cx/res_buffer_device.metal,21
/private/tmp/metal-ast-ios-sim-air64/src/cx/res_buffer_thread_addrspace.metal,21
/private/tmp/metal-ast-ios-sim-air64/src/cx/res_index_buffer15.metal,21
/private/tmp/metal-ast-ios-sim-air64/src/cx/res_index_buffer7.metal,21
/private/tmp/metal-ast-ios-sim-air64/src/cx/res_threadgroup_alignas.metal,21
/private/tmp/metal-ast-ios-sim-air64/src/cx/texm_000.metal,21
/private/tmp/metal-ast-ios-sim-air64/src/cx/texm_001.metal,21
/private/tmp/metal-ast-ios-sim-air64/src/cx/texm_002.metal,21
/private/tmp/metal-ast-ios-sim-air64/src/cx/texm_003.metal,21
/private/tmp/metal-ast-ios-sim-air64/src/cx/texm_004.metal,21
/private/tmp/metal-ast-ios-sim-air64/src/cx/texm_005.metal,21
/private/tmp/metal-ast-ios-sim-air64/src/cx/texm_006.metal,21
/private/tmp/metal-ast-ios-sim-air64/src/cx/texm_007.metal,21
/private/tmp/metal-ast-ios-sim-air64/src/cx/texm_008.metal,21
/private/tmp/metal-ast-ios-sim-air64/src/cx/texm_009.metal,21
/private/tmp/metal-ast-ios-sim-air64/src/cx/texm_010.metal,21
/private/tmp/metal-ast-ios-sim-air64/src/cx/texm_011.metal,21
/private/tmp/metal-ast-ios-sim-air64/src/cx/texm_012.metal,21
/private/tmp/metal-ast-ios-sim-air64/src/cx/texm_013.metal,21
/private/tmp/metal-ast-ios-sim-air64/src/cx/texm_014.metal,21
/private/tmp/metal-ast-ios-sim-air64/src/cx/texm_015.metal,21
/private/tmp/metal-ast-ios-sim-air64/src/cx/texm_016.metal,21
/private/tmp/metal-ast-ios-sim-air64/src/cx/texm_017.metal,21
/private/tmp/metal-ast-ios-sim-air64/src/cx/texm_018.metal,21
/private/tmp/metal-ast-ios-sim-air64/src/cx/texm_019.metal,21
/private/tmp/metal-ast-ios-sim-air64/src/cx/texm_020.metal,21
/private/tmp/metal-ast-ios-sim-air64/src/cx/texm_021.metal,21
/private/tmp/metal-ast-ios-sim-air64/src/cx/texm_022.metal,21
/private/tmp/metal-ast-ios-sim-air64/src/cx/texm_023.metal,21
/private/tmp/metal-ast-ios-sim-air64/src/cx/texm_024.metal,21
/private/tmp/metal-ast-ios-sim-air64/src/cx/texm_025.metal,21
/private/tmp/metal-ast-ios-sim-air64/src/cx/texm_026.metal,21
/private/tmp/metal-ast-ios-sim-air64/src/cx/texm_027.metal,21
/private/tmp/metal-ast-ios-sim-air64/src/cx/texm_028.metal,21
/private/tmp/metal-ast-ios-sim-air64/src/cx/texm_029.metal,21
/private/tmp/metal-ast-ios-sim-air64/src/cx/texm_030.metal,21
/private/tmp/metal-ast-ios-sim-air64/src/cx/texm_031.metal,21
/private/tmp/metal-ast-ios-sim-air64/src/cx/texm_032.metal,21
/private/tmp/metal-ast-ios-sim-air64/src/cx/texm_033.metal,21
/private/tmp/metal-ast-ios-sim-air64/src/cx/texm_034.metal,21
/private/tmp/metal-ast-ios-sim-air64/src/cx/texm_035.metal,21
/private/tmp/metal-ast-ios-sim-air64/src/cx/texm_036.metal,21
/private/tmp/metal-ast-ios-sim-air64/src/cx/texm_037.metal,21
/private/tmp/metal-ast-ios-sim-air64/src/cx/texm_038.metal,21
/private/tmp/metal-ast-ios-sim-air64/src/cx/texm_039.metal,21
/private/tmp/metal-ast-ios-sim-air64/src/cx/texm_048.metal,21
/private/tmp/metal-ast-ios-sim-air64/src/cx/texm_058.metal,21
/private/tmp/metal-ast-ios-sim-air64/src/cx/texm_068.metal,21
/private/tmp/metal-ast-ios-sim-air64/src/cx/texm_078.metal,21
/private/tmp/metal-ast-ios-sim-air64/src/cx/texm_080.metal,21
/private/tmp/metal-ast-ios-sim-air64/src/cx/texm_085.metal,21
/private/tmp/metal-ast-ios-sim-air64/src/cx/texm_086.metal,21
/private/tmp/metal-ast-ios-sim-air64/src/cx/texm_087.metal,21
/private/tmp/metal-ast-ios-sim-air64/src/cx/texm_088.metal,21
/private/tmp/metal-ast-ios-sim-air64/src/cx/texm_093.metal,21
/private/tmp/metal-ast-ios-sim-air64/src/cx/texm_094.metal,21
/private/tmp/metal-ast-ios-sim-air64/src/cx/texm_095.metal,21
/private/tmp/metal-ast-ios-sim-air64/src/cx/texm_096.metal,21
/private/tmp/metal-ast-ios-sim-air64/src/cx/texm_101.metal,21
/private/tmp/metal-ast-ios-sim-air64/src/cx/texm_102.metal,21
/private/tmp/metal-ast-ios-sim-air64/src/cx/texm_103.metal,21
/private/tmp/metal-ast-ios-sim-air64/src/cx/texm_104.metal,21
/private/tmp/metal-ast-ios-sim-air64/src/cx/texm_109.metal,21
/private/tmp/metal-ast-ios-sim-air64/src/cx/texm_110.metal,21
/private/tmp/metal-ast-ios-sim-air64/src/cx/texm_111.metal,21
/private/tmp/metal-ast-ios-sim-air64/src/cx/texm_112.metal,21
/private/tmp/metal-ast-ios-sim-air64/src/cx/texm_113.metal,21
/private/tmp/metal-ast-ios-sim-air64/src/cx/texm_114.metal,21
/private/tmp/metal-ast-ios-sim-air64/src/cx/texm_117.metal,21
/private/tmp/metal-ast-ios-sim-air64/src/cx/texm_118.metal,21
/private/tmp/metal-ast-ios-sim-air64/src/cx/texm_119.metal,21
/private/tmp/metal-ast-ios-sim-air64/src/cx/texm_120.metal,21
/private/tmp/metal-ast-ios-sim-air64/src/cx/texm_121.metal,21
/private/tmp/metal-ast-ios-sim-air64/src/cx/texm_122.metal,21
/private/tmp/metal-ast-ios-sim-air64/src/cx/texm_125.metal,21
/private/tmp/metal-ast-ios-sim-air64/src/cx/texm_126.metal,21
/private/tmp/metal-ast-ios-sim-air64/src/cx/texm_127.metal,21
/private/tmp/metal-ast-ios-sim-air64/src/cx/texm_128.metal,21
/private/tmp/metal-ast-ios-sim-air64/src/cx/texm_129.metal,21
/private/tmp/metal-ast-ios-sim-air64/src/cx/texm_130.metal,21
/private/tmp/metal-ast-ios-sim-air64/src/cx/texm_133.metal,21
/private/tmp/metal-ast-ios-sim-air64/src/cx/texm_134.metal,21
/private/tmp/metal-ast-ios-sim-air64/src/cx/texm_135.metal,21
/private/tmp/metal-ast-ios-sim-air64/src/cx/texm_136.metal,21
/private/tmp/metal-ast-ios-sim-air64/src/cx/texm_137.metal,21
/private/tmp/metal-ast-ios-sim-air64/src/cx/texm_138.metal,21
/private/tmp/metal-ast-ios-sim-air64/src/cx/texm_141.metal,21
/private/tmp/metal-ast-ios-sim-air64/src/cx/texm_142.metal,21
/private/tmp/metal-ast-ios-sim-air64/src/cx/texm_143.metal,21
/private/tmp/metal-ast-ios-sim-air64/src/cx/texm_144.metal,21
/private/tmp/metal-ast-ios-sim-air64/src/cx/texm_145.metal,21
/private/tmp/metal-ast-ios-sim-air64/src/cx/texm_146.metal,21
/private/tmp/metal-ast-ios-sim-air64/src/cx/texm_151.metal,21
/private/tmp/metal-ast-ios-sim-air64/src/cx/texm_152.metal,21
/private/tmp/metal-ast-ios-sim-air64/src/cx/texm_153.metal,21
/private/tmp/metal-ast-ios-sim-air64/src/cx/texm_158.metal,21
/private/tmp/metal-ast-ios-sim-air64/src/cx/texm_159.metal,21
/private/tmp/metal-ast-ios-sim-air64/src/cx/texm_160.metal,21
/private/tmp/metal-ast-ios-sim-air64/src/cx/texm_165.metal,21
/private/tmp/metal-ast-ios-sim-air64/src/cx/texm_166.metal,21
/private/tmp/metal-ast-ios-sim-air64/src/cx/texm_167.metal,21
/private/tmp/metal-ast-ios-sim-air64/src/cx/texq_172.metal,21
/private/tmp/metal-ast-ios-sim-air64/src/cx/texq_173.metal,21
/private/tmp/metal-ast-ios-sim-air64/src/cx/texq_174.metal,21
/private/tmp/metal-ast-ios-sim-air64/src/cx/texq_175.metal,21
/private/tmp/metal-ast-ios-sim-air64/src/cx/texq_176.metal,21
/private/tmp/metal-ast-ios-sim-air64/src/cx/texq_177.metal,21
/private/tmp/metal-ast-ios-sim-air64/src/cx/texq_178.metal,21
/private/tmp/metal-ast-ios-sim-air64/src/cx/texq_179.metal,21
/private/tmp/metal-ast-ios-sim-air64/src/cx/texq_181.metal,21
/private/tmp/metal-ast-ios-sim-air64/src/cx/texq_182.metal,21
/private/tmp/metal-ast-ios-sim-air64/src/cx/texq_183.metal,21
/private/tmp/metal-ast-ios-sim-air64/src/cx/texq_184.metal,21
/private/tmp/metal-ast-ios-sim-air64/src/cx/texq_185.metal,21
/private/tmp/metal-ast-ios-sim-air64/src/cx/texq_186.metal,21
/private/tmp/metal-ast-ios-sim-air64/src/cx/texq_187.metal,21
/private/tmp/metal-ast-ios-sim-air64/src/cx/texq_188.metal,21
/private/tmp/metal-ast-ios-sim-air64/src/cx/threadgroup_tg_alignas.metal,21
/private/tmp/metal-ast-ios-sim-air64/src/cx/threadgroup_tg_array_large.metal,21
/private/tmp/metal-ast-ios-sim-air64/src/cx/threadgroup_tg_array_small.metal,21
/private/tmp/metal-ast-ios-sim-air64/src/cx/threadgroup_tg_atomic.metal,21
/private/tmp/metal-ast-ios-sim-air64/src/cx/threadgroup_tg_dynamic_index.metal,21
/private/tmp/metal-ast-ios-sim-air64/src/cx/threadgroup_tg_multiple_arrays.metal,21
/private/tmp/metal-ast-ios-sim-air64/src/cx/threadgroup_tg_prefix_sum.metal,21
/private/tmp/metal-ast-ios-sim-air64/src/cx/threadgroup_tg_scalar.metal,21
/private/tmp/metal-ast-ios-sim-air64/src/cx/threadgroup_tg_struct.metal,21
/private/tmp/metal-ast-ios-sim-air64/src/cx/type_bool_to_int.metal,21
/private/tmp/metal-ast-ios-sim-air64/src/cx/type_float2_to_scalar.metal,21
/private/tmp/metal-ast-ios-sim-air64/src/cx/type_float3_to_scalar.metal,21
/private/tmp/metal-ast-ios-sim-air64/src/cx/type_float4_to_scalar.metal,21
/private/tmp/metal-ast-ios-sim-air64/src/cx/type_half2_to_scalar.metal,21
/private/tmp/metal-ast-ios-sim-air64/src/cx/type_half3_to_scalar.metal,21
/private/tmp/metal-ast-ios-sim-air64/src/cx/type_half4_to_scalar.metal,21
/private/tmp/metal-ast-ios-sim-air64/src/cx/type_implicit_bool_to_char.metal,21
/private/tmp/metal-ast-ios-sim-air64/src/cx/type_implicit_bool_to_float.metal,21
/private/tmp/metal-ast-ios-sim-air64/src/cx/type_implicit_bool_to_half.metal,21
/private/tmp/metal-ast-ios-sim-air64/src/cx/type_implicit_bool_to_int.metal,21
/private/tmp/metal-ast-ios-sim-air64/src/cx/type_implicit_bool_to_short.metal,21
/private/tmp/metal-ast-ios-sim-air64/src/cx/type_implicit_bool_to_uchar.metal,21
/private/tmp/metal-ast-ios-sim-air64/src/cx/type_implicit_bool_to_uint.metal,21
/private/tmp/metal-ast-ios-sim-air64/src/cx/type_implicit_bool_to_ushort.metal,21
/private/tmp/metal-ast-ios-sim-air64/src/cx/type_implicit_char_to_bool.metal,21
/private/tmp/metal-ast-ios-sim-air64/src/cx/type_implicit_char_to_float.metal,21
/private/tmp/metal-ast-ios-sim-air64/src/cx/type_implicit_char_to_half.metal,21
/private/tmp/metal-ast-ios-sim-air64/src/cx/type_implicit_char_to_int.metal,21
/private/tmp/metal-ast-ios-sim-air64/src/cx/type_implicit_char_to_short.metal,21
/private/tmp/metal-ast-ios-sim-air64/src/cx/type_implicit_char_to_uchar.metal,21
/private/tmp/metal-ast-ios-sim-air64/src/cx/type_implicit_char_to_uint.metal,21
/private/tmp/metal-ast-ios-sim-air64/src/cx/type_implicit_char_to_ushort.metal,21
/private/tmp/metal-ast-ios-sim-air64/src/cx/type_implicit_float4_to_float3.metal,21
/private/tmp/metal-ast-ios-sim-air64/src/cx/type_implicit_float_to_bool.metal,21
/private/tmp/metal-ast-ios-sim-air64/src/cx/type_implicit_float_to_char.metal,21
/private/tmp/metal-ast-ios-sim-air64/src/cx/type_implicit_float_to_half.metal,21
/private/tmp/metal-ast-ios-sim-air64/src/cx/type_implicit_float_to_int.metal,21
/private/tmp/metal-ast-ios-sim-air64/src/cx/type_implicit_float_to_short.metal,21
/private/tmp/metal-ast-ios-sim-air64/src/cx/type_implicit_float_to_uchar.metal,21
/private/tmp/metal-ast-ios-sim-air64/src/cx/type_implicit_float_to_uint.metal,21
/private/tmp/metal-ast-ios-sim-air64/src/cx/type_implicit_float_to_ushort.metal,21
/private/tmp/metal-ast-ios-sim-air64/src/cx/type_implicit_half4_to_half3.metal,21
/private/tmp/metal-ast-ios-sim-air64/src/cx/type_implicit_half_to_bool.metal,21
/private/tmp/metal-ast-ios-sim-air64/src/cx/type_implicit_half_to_char.metal,21
/private/tmp/metal-ast-ios-sim-air64/src/cx/type_implicit_half_to_float.metal,21
/private/tmp/metal-ast-ios-sim-air64/src/cx/type_implicit_half_to_int.metal,21
/private/tmp/metal-ast-ios-sim-air64/src/cx/type_implicit_half_to_short.metal,21
/private/tmp/metal-ast-ios-sim-air64/src/cx/type_implicit_half_to_uchar.metal,21
/private/tmp/metal-ast-ios-sim-air64/src/cx/type_implicit_half_to_uint.metal,21
/private/tmp/metal-ast-ios-sim-air64/src/cx/type_implicit_half_to_ushort.metal,21
/private/tmp/metal-ast-ios-sim-air64/src/cx/type_implicit_int4_to_int3.metal,21
/private/tmp/metal-ast-ios-sim-air64/src/cx/type_implicit_int_to_bool.metal,21
/private/tmp/metal-ast-ios-sim-air64/src/cx/type_implicit_int_to_char.metal,21
/private/tmp/metal-ast-ios-sim-air64/src/cx/type_implicit_int_to_float.metal,21
/private/tmp/metal-ast-ios-sim-air64/src/cx/type_implicit_int_to_half.metal,21
/private/tmp/metal-ast-ios-sim-air64/src/cx/type_implicit_int_to_short.metal,21
/private/tmp/metal-ast-ios-sim-air64/src/cx/type_implicit_int_to_uchar.metal,21
/private/tmp/metal-ast-ios-sim-air64/src/cx/type_implicit_int_to_uint.metal,21
/private/tmp/metal-ast-ios-sim-air64/src/cx/type_implicit_int_to_ushort.metal,21
/private/tmp/metal-ast-ios-sim-air64/src/cx/type_implicit_short_to_bool.metal,21
/private/tmp/metal-ast-ios-sim-air64/src/cx/type_implicit_short_to_char.metal,21
/private/tmp/metal-ast-ios-sim-air64/src/cx/type_implicit_short_to_float.metal,21
/private/tmp/metal-ast-ios-sim-air64/src/cx/type_implicit_short_to_half.metal,21
/private/tmp/metal-ast-ios-sim-air64/src/cx/type_implicit_short_to_int.metal,21
/private/tmp/metal-ast-ios-sim-air64/src/cx/type_implicit_short_to_uchar.metal,21
/private/tmp/metal-ast-ios-sim-air64/src/cx/type_implicit_short_to_uint.metal,21
/private/tmp/metal-ast-ios-sim-air64/src/cx/type_implicit_short_to_ushort.metal,21
/private/tmp/metal-ast-ios-sim-air64/src/cx/type_implicit_uchar_to_bool.metal,21
/private/tmp/metal-ast-ios-sim-air64/src/cx/type_implicit_uchar_to_char.metal,21
/private/tmp/metal-ast-ios-sim-air64/src/cx/type_implicit_uchar_to_float.metal,21
/private/tmp/metal-ast-ios-sim-air64/src/cx/type_implicit_uchar_to_half.metal,21
/private/tmp/metal-ast-ios-sim-air64/src/cx/type_implicit_uchar_to_int.metal,21
/private/tmp/metal-ast-ios-sim-air64/src/cx/type_implicit_uchar_to_short.metal,21
/private/tmp/metal-ast-ios-sim-air64/src/cx/type_implicit_uchar_to_uint.metal,21
/private/tmp/metal-ast-ios-sim-air64/src/cx/type_implicit_uchar_to_ushort.metal,21
/private/tmp/metal-ast-ios-sim-air64/src/cx/type_implicit_uint4_to_uint3.metal,21
/private/tmp/metal-ast-ios-sim-air64/src/cx/type_implicit_uint_to_bool.metal,21
/private/tmp/metal-ast-ios-sim-air64/src/cx/type_implicit_uint_to_char.metal,21
/private/tmp/metal-ast-ios-sim-air64/src/cx/type_implicit_uint_to_float.metal,21
/private/tmp/metal-ast-ios-sim-air64/src/cx/type_implicit_uint_to_half.metal,21
/private/tmp/metal-ast-ios-sim-air64/src/cx/type_implicit_uint_to_int.metal,21
/private/tmp/metal-ast-ios-sim-air64/src/cx/type_implicit_uint_to_short.metal,21
/private/tmp/metal-ast-ios-sim-air64/src/cx/type_implicit_uint_to_uchar.metal,21
/private/tmp/metal-ast-ios-sim-air64/src/cx/type_implicit_uint_to_ushort.metal,21
/private/tmp/metal-ast-ios-sim-air64/src/cx/type_implicit_ushort_to_bool.metal,21
/private/tmp/metal-ast-ios-sim-air64/src/cx/type_implicit_ushort_to_char.metal,21
/private/tmp/metal-ast-ios-sim-air64/src/cx/type_implicit_ushort_to_float.metal,21
/private/tmp/metal-ast-ios-sim-air64/src/cx/type_implicit_ushort_to_half.metal,21
/private/tmp/metal-ast-ios-sim-air64/src/cx/type_implicit_ushort_to_int.metal,21
/private/tmp/metal-ast-ios-sim-air64/src/cx/type_implicit_ushort_to_short.metal,21
/private/tmp/metal-ast-ios-sim-air64/src/cx/type_implicit_ushort_to_uchar.metal,21
/private/tmp/metal-ast-ios-sim-air64/src/cx/type_implicit_ushort_to_uint.metal,21
/private/tmp/metal-ast-ios-sim-air64/src/cx/type_int2_to_scalar.metal,21
/private/tmp/metal-ast-ios-sim-air64/src/cx/type_int3_to_scalar.metal,21
/private/tmp/metal-ast-ios-sim-air64/src/cx/type_int4_to_scalar.metal,21
/private/tmp/metal-ast-ios-sim-air64/src/cx/type_int_to_bool.metal,21
/private/tmp/metal-ast-ios-sim-air64/src/cx/type_nullptr_to_device_ptr.metal,21
/private/tmp/metal-ast-ios-sim-air64/src/cx/type_nullptr_to_thread_ptr.metal,21
/private/tmp/metal-ast-ios-sim-air64/src/cx/type_promote_half_float_add.metal,21
/private/tmp/metal-ast-ios-sim-air64/src/cx/type_promote_int_uint_add.metal,21
/private/tmp/metal-ast-ios-sim-air64/src/cx/type_scalar_to_float2.metal,21
/private/tmp/metal-ast-ios-sim-air64/src/cx/type_scalar_to_float3.metal,21
/private/tmp/metal-ast-ios-sim-air64/src/cx/type_scalar_to_float4.metal,21
/private/tmp/metal-ast-ios-sim-air64/src/cx/type_scalar_to_half2.metal,21
/private/tmp/metal-ast-ios-sim-air64/src/cx/type_scalar_to_half3.metal,21
/private/tmp/metal-ast-ios-sim-air64/src/cx/type_scalar_to_half4.metal,21
/private/tmp/metal-ast-ios-sim-air64/src/cx/type_scalar_to_int2.metal,21
/private/tmp/metal-ast-ios-sim-air64/src/cx/type_scalar_to_int3.metal,21
/private/tmp/metal-ast-ios-sim-air64/src/cx/type_scalar_to_int4.metal,21
/private/tmp/metal-ast-ios-sim-air64/src/cx/type_scalar_to_uint2.metal,21
/private/tmp/metal-ast-ios-sim-air64/src/cx/type_scalar_to_uint3.metal,21
/private/tmp/metal-ast-ios-sim-air64/src/cx/type_scalar_to_uint4.metal,21
/private/tmp/metal-ast-ios-sim-air64/src/cx/type_template_deduction_min.metal,21
/private/tmp/metal-ast-ios-sim-air64/src/cx/type_uint2_to_scalar.metal,21
/private/tmp/metal-ast-ios-sim-air64/src/cx/type_uint3_to_scalar.metal,21
/private/tmp/metal-ast-ios-sim-air64/src/cx/type_uint4_to_scalar.metal,21
/private/tmp/metal-ast-ios-sim-air64/src/cx/type_vec_scalar_mul_float2.metal,21
/private/tmp/metal-ast-ios-sim-air64/src/cx/type_vec_scalar_mul_float3.metal,21
/private/tmp/metal-ast-ios-sim-air64/src/cx/type_vec_scalar_mul_float4.metal,21
/private/tmp/metal-ast-ios-sim-air64/src/cx/type_vec_scalar_mul_half2.metal,21
/private/tmp/metal-ast-ios-sim-air64/src/cx/type_vec_scalar_mul_half3.metal,21
/private/tmp/metal-ast-ios-sim-air64/src/cx/type_vec_scalar_mul_half4.metal,21
/private/tmp/metal-ast-ios-sim-air64/src/cx/vis_default.metal,21
/private/tmp/metal-ast-ios-sim-air64/src/cx/vis_export_name.metal,21
/private/tmp/metal-ast-ios-sim-air64/src/cx/vis_internal.metal,21
/private/tmp/metal-ast-ios-sim-air64/src/cx/vis_multiple_visible.metal,21
/private/tmp/metal-ast-ios-sim-air64/src/cx/vis_template_visible.metal,21
/private/tmp/metal-ast-ios-sim-air64/src/cx/vis_visible.metal,21
/private/tmp/metal-ast-ios-sim-air64/src/cx/warn_deprecated.metal,21
/private/tmp/metal-ast-ios-sim-air64/src/cx/warn_div_zero.metal,21
/private/tmp/metal-ast-ios-sim-air64/src/cx/warn_empty_body.metal,21
/private/tmp/metal-ast-ios-sim-air64/src/cx/warn_extra_parens.metal,21
/private/tmp/metal-ast-ios-sim-air64/src/cx/warn_fallthrough.metal,21
/private/tmp/metal-ast-ios-sim-air64/src/cx/warn_infinite_loop.metal,21
/private/tmp/metal-ast-ios-sim-air64/src/cx/warn_missing_braces.metal,21
/private/tmp/metal-ast-ios-sim-air64/src/cx/warn_narrowing.metal,21
/private/tmp/metal-ast-ios-sim-air64/src/cx/warn_self_assign.metal,21
/private/tmp/metal-ast-ios-sim-air64/src/cx/warn_shadow.metal,21
/private/tmp/metal-ast-ios-sim-air64/src/cx/warn_shift_overflow.metal,21
/private/tmp/metal-ast-ios-sim-air64/src/cx/warn_sign_compare.metal,21
/private/tmp/metal-ast-ios-sim-air64/src/cx/warn_unreachable.metal,21
/private/tmp/metal-ast-ios-sim-air64/src/cx/warn_unused_var.metal,21
/private/tmp/metal-ast-watchos-air32/src/builtins_metal1_all.metal,21
/private/tmp/metal-ast-watchos-air32/src/io_dump.metal,21
/private/tmp/metal-ast-watchos-air32/src/operators_swizzles_all.metal,21
/private/tmp/metal-ast-watchos-air32/src/sampler_states_all.metal,21
/private/tmp/metal-ast-watchos-air32/src/texture_depth_cube_ms.metal,21
/private/tmp/metal-ast-watchos-air32/src/texture_read.metal,21
/private/tmp/metal-ast-watchos-air32/src/texture_sample.metal,21
/private/tmp/metal-ast-watchos-air32/src/texture_write.metal,21
/private/tmp/metal-ast-watchos-air64/src/builtins_metal1_all.metal,21
/private/tmp/metal-ast-watchos-air64/src/io_dump.metal,21
/private/tmp/metal-ast-watchos-air64/src/operators_swizzles_all.metal,21
/private/tmp/metal-ast-watchos-air64/src/sampler_states_all.metal,21
/private/tmp/metal-ast-watchos-air64/src/texture_depth_cube_ms.metal,21
/private/tmp/metal-ast-watchos-air64/src/texture_read.metal,21
/private/tmp/metal-ast-watchos-air64/src/texture_sample.metal,21
/private/tmp/metal-ast-watchos-air64/src/texture_write.metal,21
/private/tmp/metal-ast-watchos-sim-air32/src/io_dump.metal,21
/private/tmp/metal-ast-watchos-sim-air32/src/builtins_metal1_all.metal,21
/private/tmp/metal-ast-watchos-sim-air32/src/operators_swizzles_all.metal,21
/private/tmp/metal-ast-watchos-sim-air32/src/sampler_states_all.metal,21
/private/tmp/metal-ast-watchos-sim-air32/src/texture_depth_cube_ms.metal,21
/private/tmp/metal-ast-watchos-sim-air32/src/texture_read.metal,21
/private/tmp/metal-ast-watchos-sim-air32/src/texture_sample.metal,21
/private/tmp/metal-ast-watchos-sim-air32/src/texture_write.metal,21
/private/tmp/metal-ast-watchos-sim-air64/src/io_dump.metal,21
/private/tmp/metal-ast-watchos-sim-air64/src/builtins_metal1_all.metal,21
/private/tmp/metal-ast-watchos-sim-air64/src/operators_swizzles_all.metal,21
/private/tmp/metal-ast-watchos-sim-air64/src/sampler_states_all.metal,21
/private/tmp/metal-ast-watchos-sim-air64/src/texture_depth_cube_ms.metal,21
/private/tmp/metal-ast-watchos-sim-air64/src/texture_read.metal,21
/private/tmp/metal-ast-watchos-sim-air64/src/texture_sample.metal,21
/private/tmp/metal-ast-watchos-sim-air64/src/texture_write.metal,21
/private/tmp/metal-ast-macos-air32/src/mesh_all.metal,20
/private/tmp/metal-ast-macos-air64/src/mesh_all.metal,20
/private/tmp/metal-ast-macos-air32/src/cx/builtin_raytracing.metal,19
/private/tmp/metal-ast-macos-air32/src/cx/builtin_tex_03.metal,19
/private/tmp/metal-ast-macos-air32/src/cx/builtin_tex_04.metal,19
/private/tmp/metal-ast-macos-air32/src/cx/builtin_tex_05.metal,19
/private/tmp/metal-ast-macos-air32/src/cx/builtin_tex_06.metal,19
/private/tmp/metal-ast-macos-air32/src/cx/builtin_tex_07.metal,19
/private/tmp/metal-ast-macos-air32/src/cx/builtin_tex_08.metal,19
/private/tmp/metal-ast-macos-air32/src/cx/builtin_tex_13.metal,19
/private/tmp/metal-ast-macos-air32/src/cx/builtin_tex_14.metal,19
/private/tmp/metal-ast-macos-air32/src/cx/builtin_tex_15.metal,19
/private/tmp/metal-ast-macos-air32/src/cx/builtin_tex_16.metal,19
/private/tmp/metal-ast-macos-air32/src/cx/conv_000.metal,19
/private/tmp/metal-ast-macos-air32/src/cx/conv_001.metal,19
/private/tmp/metal-ast-macos-air32/src/cx/conv_002.metal,19
/private/tmp/metal-ast-macos-air32/src/cx/conv_003.metal,19
/private/tmp/metal-ast-macos-air32/src/cx/conv_004.metal,19
/private/tmp/metal-ast-macos-air32/src/cx/conv_005.metal,19
/private/tmp/metal-ast-macos-air32/src/cx/conv_006.metal,19
/private/tmp/metal-ast-macos-air32/src/cx/conv_007.metal,19
/private/tmp/metal-ast-macos-air32/src/cx/conv_008.metal,19
/private/tmp/metal-ast-macos-air32/src/cx/conv_009.metal,19
/private/tmp/metal-ast-macos-air32/src/cx/conv_010.metal,19
/private/tmp/metal-ast-macos-air32/src/cx/conv_011.metal,19
/private/tmp/metal-ast-macos-air32/src/cx/conv_012.metal,19
/private/tmp/metal-ast-macos-air32/src/cx/conv_013.metal,19
/private/tmp/metal-ast-macos-air32/src/cx/conv_014.metal,19
/private/tmp/metal-ast-macos-air32/src/cx/conv_015.metal,19
/private/tmp/metal-ast-macos-air32/src/cx/conv_016.metal,19
/private/tmp/metal-ast-macos-air32/src/cx/conv_017.metal,19
/private/tmp/metal-ast-macos-air32/src/cx/conv_018.metal,19
/private/tmp/metal-ast-macos-air32/src/cx/conv_019.metal,19
/private/tmp/metal-ast-macos-air32/src/cx/conv_020.metal,19
/private/tmp/metal-ast-macos-air32/src/cx/conv_021.metal,19
/private/tmp/metal-ast-macos-air32/src/cx/conv_022.metal,19
/private/tmp/metal-ast-macos-air32/src/cx/conv_023.metal,19
/private/tmp/metal-ast-macos-air32/src/cx/conv_024.metal,19
/private/tmp/metal-ast-macos-air32/src/cx/conv_025.metal,19
/private/tmp/metal-ast-macos-air32/src/cx/conv_026.metal,19
/private/tmp/metal-ast-macos-air32/src/cx/conv_027.metal,19
/private/tmp/metal-ast-macos-air32/src/cx/conv_028.metal,19
/private/tmp/metal-ast-macos-air32/src/cx/conv_029.metal,19
/private/tmp/metal-ast-macos-air32/src/cx/conv_030.metal,19
/private/tmp/metal-ast-macos-air32/src/cx/conv_031.metal,19
/private/tmp/metal-ast-macos-air32/src/cx/conv_032.metal,19
/private/tmp/metal-ast-macos-air32/src/cx/conv_033.metal,19
/private/tmp/metal-ast-macos-air32/src/cx/conv_034.metal,19
/private/tmp/metal-ast-macos-air32/src/cx/conv_035.metal,19
/private/tmp/metal-ast-macos-air32/src/cx/conv_036.metal,19
/private/tmp/metal-ast-macos-air32/src/cx/conv_037.metal,19
/private/tmp/metal-ast-macos-air32/src/cx/conv_038.metal,19
/private/tmp/metal-ast-macos-air32/src/cx/conv_039.metal,19
/private/tmp/metal-ast-macos-air32/src/cx/conv_040.metal,19
/private/tmp/metal-ast-macos-air32/src/cx/conv_041.metal,19
/private/tmp/metal-ast-macos-air32/src/cx/conv_042.metal,19
/private/tmp/metal-ast-macos-air32/src/cx/conv_043.metal,19
/private/tmp/metal-ast-macos-air32/src/cx/conv_044.metal,19
/private/tmp/metal-ast-macos-air32/src/cx/conv_045.metal,19
/private/tmp/metal-ast-macos-air32/src/cx/conv_046.metal,19
/private/tmp/metal-ast-macos-air32/src/cx/conv_047.metal,19
/private/tmp/metal-ast-macos-air32/src/cx/conv_048.metal,19
/private/tmp/metal-ast-macos-air32/src/cx/conv_049.metal,19
/private/tmp/metal-ast-macos-air32/src/cx/conv_050.metal,19
/private/tmp/metal-ast-macos-air32/src/cx/conv_051.metal,19
/private/tmp/metal-ast-macos-air32/src/cx/conv_052.metal,19
/private/tmp/metal-ast-macos-air32/src/cx/conv_053.metal,19
/private/tmp/metal-ast-macos-air32/src/cx/conv_054.metal,19
/private/tmp/metal-ast-macos-air32/src/cx/conv_055.metal,19
/private/tmp/metal-ast-macos-air32/src/cx/conv_056.metal,19
/private/tmp/metal-ast-macos-air32/src/cx/conv_057.metal,19
/private/tmp/metal-ast-macos-air32/src/cx/conv_058.metal,19
/private/tmp/metal-ast-macos-air32/src/cx/conv_059.metal,19
/private/tmp/metal-ast-macos-air32/src/cx/conv_060.metal,19
/private/tmp/metal-ast-macos-air32/src/cx/conv_061.metal,19
/private/tmp/metal-ast-macos-air32/src/cx/conv_062.metal,19
/private/tmp/metal-ast-macos-air32/src/cx/conv_063.metal,19
/private/tmp/metal-ast-macos-air32/src/cx/conv_064.metal,19
/private/tmp/metal-ast-macos-air32/src/cx/conv_065.metal,19
/private/tmp/metal-ast-macos-air32/src/cx/conv_066.metal,19
/private/tmp/metal-ast-macos-air32/src/cx/conv_067.metal,19
/private/tmp/metal-ast-macos-air32/src/cx/conv_068.metal,19
/private/tmp/metal-ast-macos-air32/src/cx/conv_069.metal,19
/private/tmp/metal-ast-macos-air32/src/cx/conv_070.metal,19
/private/tmp/metal-ast-macos-air32/src/cx/conv_071.metal,19
/private/tmp/metal-ast-macos-air32/src/cx/conv_072.metal,19
/private/tmp/metal-ast-macos-air32/src/cx/conv_073.metal,19
/private/tmp/metal-ast-macos-air32/src/cx/conv_074.metal,19
/private/tmp/metal-ast-macos-air32/src/cx/conv_075.metal,19
/private/tmp/metal-ast-macos-air32/src/cx/conv_076.metal,19
/private/tmp/metal-ast-macos-air32/src/cx/conv_077.metal,19
/private/tmp/metal-ast-macos-air32/src/cx/conv_078.metal,19
/private/tmp/metal-ast-macos-air32/src/cx/conv_079.metal,19
/private/tmp/metal-ast-macos-air32/src/cx/conv_080.metal,19
/private/tmp/metal-ast-macos-air32/src/cx/conv_081.metal,19
/private/tmp/metal-ast-macos-air32/src/cx/conv_082.metal,19
/private/tmp/metal-ast-macos-air32/src/cx/conv_083.metal,19
/private/tmp/metal-ast-macos-air32/src/cx/conv_084.metal,19
/private/tmp/metal-ast-macos-air32/src/cx/conv_085.metal,19
/private/tmp/metal-ast-macos-air32/src/cx/conv_086.metal,19
/private/tmp/metal-ast-macos-air32/src/cx/conv_087.metal,19
/private/tmp/metal-ast-macos-air32/src/cx/conv_088.metal,19
/private/tmp/metal-ast-macos-air32/src/cx/conv_089.metal,19
/private/tmp/metal-ast-macos-air32/src/cx/conv_090.metal,19
/private/tmp/metal-ast-macos-air32/src/cx/conv_091.metal,19
/private/tmp/metal-ast-macos-air32/src/cx/conv_092.metal,19
/private/tmp/metal-ast-macos-air32/src/cx/conv_093.metal,19
/private/tmp/metal-ast-macos-air32/src/cx/conv_094.metal,19
/private/tmp/metal-ast-macos-air32/src/cx/conv_095.metal,19
/private/tmp/metal-ast-macos-air32/src/cx/conv_096.metal,19
/private/tmp/metal-ast-macos-air32/src/cx/conv_097.metal,19
/private/tmp/metal-ast-macos-air32/src/cx/conv_098.metal,19
/private/tmp/metal-ast-macos-air32/src/cx/conv_099.metal,19
/private/tmp/metal-ast-macos-air32/src/cx/conv_100.metal,19
/private/tmp/metal-ast-macos-air32/src/cx/conv_101.metal,19
/private/tmp/metal-ast-macos-air32/src/cx/conv_102.metal,19
/private/tmp/metal-ast-macos-air32/src/cx/conv_103.metal,19
/private/tmp/metal-ast-macos-air32/src/cx/conv_104.metal,19
/private/tmp/metal-ast-macos-air32/src/cx/conv_105.metal,19
/private/tmp/metal-ast-macos-air32/src/cx/conv_106.metal,19
/private/tmp/metal-ast-macos-air32/src/cx/conv_107.metal,19
/private/tmp/metal-ast-macos-air32/src/cx/conv_108.metal,19
/private/tmp/metal-ast-macos-air32/src/cx/conv_109.metal,19
/private/tmp/metal-ast-macos-air32/src/cx/conv_110.metal,19
/private/tmp/metal-ast-macos-air32/src/cx/conv_111.metal,19
/private/tmp/metal-ast-macos-air32/src/cx/conv_112.metal,19
/private/tmp/metal-ast-macos-air32/src/cx/conv_113.metal,19
/private/tmp/metal-ast-macos-air32/src/cx/conv_114.metal,19
/private/tmp/metal-ast-macos-air32/src/cx/conv_115.metal,19
/private/tmp/metal-ast-macos-air32/src/cx/conv_116.metal,19
/private/tmp/metal-ast-macos-air32/src/cx/conv_117.metal,19
/private/tmp/metal-ast-macos-air32/src/cx/conv_118.metal,19
/private/tmp/metal-ast-macos-air32/src/cx/conv_119.metal,19
/private/tmp/metal-ast-macos-air32/src/cx/conv_120.metal,19
/private/tmp/metal-ast-macos-air32/src/cx/conv_121.metal,19
/private/tmp/metal-ast-macos-air32/src/cx/conv_122.metal,19
/private/tmp/metal-ast-macos-air32/src/cx/conv_123.metal,19
/private/tmp/metal-ast-macos-air32/src/cx/conv_124.metal,19
/private/tmp/metal-ast-macos-air32/src/cx/conv_125.metal,19
/private/tmp/metal-ast-macos-air32/src/cx/conv_126.metal,19
/private/tmp/metal-ast-macos-air32/src/cx/conv_127.metal,19
/private/tmp/metal-ast-macos-air32/src/cx/conv_128.metal,19
/private/tmp/metal-ast-macos-air32/src/cx/conv_129.metal,19
/private/tmp/metal-ast-macos-air32/src/cx/conv_130.metal,19
/private/tmp/metal-ast-macos-air32/src/cx/conv_131.metal,19
/private/tmp/metal-ast-macos-air32/src/cx/conv_132.metal,19
/private/tmp/metal-ast-macos-air32/src/cx/conv_133.metal,19
/private/tmp/metal-ast-macos-air32/src/cx/conv_134.metal,19
/private/tmp/metal-ast-macos-air32/src/cx/conv_135.metal,19
/private/tmp/metal-ast-macos-air32/src/cx/conv_136.metal,19
/private/tmp/metal-ast-macos-air32/src/cx/conv_137.metal,19
/private/tmp/metal-ast-macos-air32/src/cx/conv_138.metal,19
/private/tmp/metal-ast-macos-air32/src/cx/conv_139.metal,19
/private/tmp/metal-ast-macos-air32/src/cx/conv_140.metal,19
/private/tmp/metal-ast-macos-air32/src/cx/conv_141.metal,19
/private/tmp/metal-ast-macos-air32/src/cx/conv_142.metal,19
/private/tmp/metal-ast-macos-air32/src/cx/conv_143.metal,19
/private/tmp/metal-ast-macos-air32/src/cx/conv_144.metal,19
/private/tmp/metal-ast-macos-air32/src/cx/conv_145.metal,19
/private/tmp/metal-ast-macos-air32/src/cx/conv_146.metal,19
/private/tmp/metal-ast-macos-air32/src/cx/conv_147.metal,19
/private/tmp/metal-ast-macos-air32/src/cx/conv_148.metal,19
/private/tmp/metal-ast-macos-air32/src/cx/conv_149.metal,19
/private/tmp/metal-ast-macos-air32/src/cx/conv_150.metal,19
/private/tmp/metal-ast-macos-air32/src/cx/conv_151.metal,19
/private/tmp/metal-ast-macos-air32/src/cx/conv_152.metal,19
/private/tmp/metal-ast-macos-air32/src/cx/conv_153.metal,19
/private/tmp/metal-ast-macos-air32/src/cx/conv_154.metal,19
/private/tmp/metal-ast-macos-air32/src/cx/conv_155.metal,19
/private/tmp/metal-ast-macos-air32/src/cx/conv_156.metal,19
/private/tmp/metal-ast-macos-air32/src/cx/conv_157.metal,19
/private/tmp/metal-ast-macos-air32/src/cx/conv_158.metal,19
/private/tmp/metal-ast-macos-air32/src/cx/conv_159.metal,19
/private/tmp/metal-ast-macos-air32/src/cx/conv_160.metal,19
/private/tmp/metal-ast-macos-air32/src/cx/conv_161.metal,19
/private/tmp/metal-ast-macos-air32/src/cx/conv_162.metal,19
/private/tmp/metal-ast-macos-air32/src/cx/conv_163.metal,19
/private/tmp/metal-ast-macos-air32/src/cx/conv_164.metal,19
/private/tmp/metal-ast-macos-air32/src/cx/conv_165.metal,19
/private/tmp/metal-ast-macos-air32/src/cx/conv_166.metal,19
/private/tmp/metal-ast-macos-air32/src/cx/conv_167.metal,19
/private/tmp/metal-ast-macos-air32/src/cx/conv_168.metal,19
/private/tmp/metal-ast-macos-air32/src/cx/conv_169.metal,19
/private/tmp/metal-ast-macos-air32/src/cx/conv_170.metal,19
/private/tmp/metal-ast-macos-air32/src/cx/conv_171.metal,19
/private/tmp/metal-ast-macos-air32/src/cx/conv_172.metal,19
/private/tmp/metal-ast-macos-air32/src/cx/conv_173.metal,19
/private/tmp/metal-ast-macos-air32/src/cx/conv_174.metal,19
/private/tmp/metal-ast-macos-air32/src/cx/conv_175.metal,19
/private/tmp/metal-ast-macos-air32/src/cx/conv_176.metal,19
/private/tmp/metal-ast-macos-air32/src/cx/conv_177.metal,19
/private/tmp/metal-ast-macos-air32/src/cx/conv_178.metal,19
/private/tmp/metal-ast-macos-air32/src/cx/conv_179.metal,19
/private/tmp/metal-ast-macos-air32/src/cx/conv_182.metal,19
/private/tmp/metal-ast-macos-air32/src/cx/conv_183.metal,19
/private/tmp/metal-ast-macos-air32/src/cx/cxx_003_exception_throw.metal,19
/private/tmp/metal-ast-macos-air32/src/cx/cxx_011_variadic_template.metal,19
/private/tmp/metal-ast-macos-air32/src/cx/cxx_012_fold_expression.metal,19
/private/tmp/metal-ast-macos-air32/src/cx/cxx_013_structured_binding.metal,19
/private/tmp/metal-ast-macos-air32/src/cx/cxx_014_if_constexpr.metal,19
/private/tmp/metal-ast-macos-air32/src/cx/cxx_015_namespace_alias.metal,19
/private/tmp/metal-ast-macos-air32/src/cx/cxx_016_using_declaration.metal,19
/private/tmp/metal-ast-macos-air32/src/cx/cxx_017_enum_class.metal,19
/private/tmp/metal-ast-macos-air32/src/cx/cxx_018_bitfield_struct.metal,19
/private/tmp/metal-ast-macos-air32/src/cx/cxx_020_pointer_arithmetic.metal,19
/private/tmp/metal-ast-macos-air32/src/cx/cxx_022_member_pointer.metal,19
/private/tmp/metal-ast-macos-air32/src/cx/cxx_024_sfinae_enable_if.metal,19
/private/tmp/metal-ast-macos-air32/src/cx/cxx_025_constexpr_function.metal,19
/private/tmp/metal-ast-macos-air32/src/cx/cxx_026_static_assert_test.metal,19
/private/tmp/metal-ast-macos-air32/src/cx/cxx_027_operator_overload.metal,19
/private/tmp/metal-ast-macos-air32/src/cx/cxx_as_type_reinterpret.metal,19
/private/tmp/metal-ast-macos-air32/src/cx/cxx_auto_decltype.metal,19
/private/tmp/metal-ast-macos-air32/src/cx/cxx_constexpr_fn.metal,19
/private/tmp/metal-ast-macos-air32/src/cx/cxx_default_arg.metal,19
/private/tmp/metal-ast-macos-air32/src/cx/cxx_namespace_using.metal,19
/private/tmp/metal-ast-macos-air32/src/cx/cxx_operator_overload.metal,19
/private/tmp/metal-ast-macos-air32/src/cx/cxx_overload_addrspace.metal,19
/private/tmp/metal-ast-macos-air32/src/cx/cxx_overload_types.metal,19
/private/tmp/metal-ast-macos-air32/src/cx/cxx_sfinae_enable_if.metal,19
/private/tmp/metal-ast-macos-air32/src/cx/cxx_template_class_spec.metal,19
/private/tmp/metal-ast-macos-air32/src/cx/cxx_template_fn_explicit.metal,19
/private/tmp/metal-ast-macos-air32/src/cx/determ_basic.metal,19
/private/tmp/metal-ast-macos-air32/src/cx/determ_control_flow.metal,19
/private/tmp/metal-ast-macos-air32/src/cx/determ_multi_func.metal,19
/private/tmp/metal-ast-macos-air32/src/cx/determ_template.metal,19
/private/tmp/metal-ast-macos-air32/src/cx/edge_1000_kernels.metal,19
/private/tmp/metal-ast-macos-air32/src/cx/edge_deep_call.metal,19
/private/tmp/metal-ast-macos-air32/src/cx/edge_deep_template.metal,19
/private/tmp/metal-ast-macos-air32/src/cx/edge_div_zero.metal,19
/private/tmp/metal-ast-macos-air32/src/cx/edge_empty.metal,19
/private/tmp/metal-ast-macos-air32/src/cx/edge_infinity.metal,19
/private/tmp/metal-ast-macos-air32/src/cx/edge_large_array.metal,19
/private/tmp/metal-ast-macos-air32/src/cx/edge_long_identifier.metal,19
/private/tmp/metal-ast-macos-air32/src/cx/edge_max_buffers.metal,19
/private/tmp/metal-ast-macos-air32/src/cx/edge_nan.metal,19
/private/tmp/metal-ast-macos-air32/src/cx/edge_oob_access.metal,19
/private/tmp/metal-ast-macos-air32/src/cx/edge_overflow.metal,19
/private/tmp/metal-ast-macos-air32/src/cx/edge_underflow.metal,19
/private/tmp/metal-ast-macos-air32/src/cx/edge_uninit_var.metal,19
/private/tmp/metal-ast-macos-air32/src/cx/err_as_texture_cast.metal,19
/private/tmp/metal-ast-macos-air32/src/cx/err_attr_frag_int_return.metal,19
/private/tmp/metal-ast-macos-air32/src/cx/err_cf_recursion.metal,19
/private/tmp/metal-ast-macos-air32/src/cx/err_tex_depth_gather.metal,19
/private/tmp/metal-ast-macos-air32/src/cx/err_type_assign_float_to_int.metal,19
/private/tmp/metal-ast-macos-air32/src/cx/err_type_implicit_narrowing.metal,19
/private/tmp/metal-ast-macos-air32/src/cx/has_feature_probe.metal,19
/private/tmp/metal-ast-macos-air32/src/cx/io_vertex_clip_distance.metal,19
/private/tmp/metal-ast-macos-air32/src/cx/io_vertex_point_size.metal,19
/private/tmp/metal-ast-macos-air32/src/cx/io_vertex_pos_only.metal,19
/private/tmp/metal-ast-macos-air32/src/cx/io_vertex_user_locn.metal,19
/private/tmp/metal-ast-macos-air32/src/cx/multi_entry_2kernels.metal,19
/private/tmp/metal-ast-macos-air32/src/cx/multi_entry_4kernels.metal,19
/private/tmp/metal-ast-macos-air32/src/cx/multi_entry_shared_textures.metal,19
/private/tmp/metal-ast-macos-air32/src/cx/multi_entry_with_helpers.metal,19
/private/tmp/metal-ast-macos-air32/src/cx/object_payload.metal,19
/private/tmp/metal-ast-macos-air32/src/cx/repr_bool_scalar.metal,19
/private/tmp/metal-ast-macos-air32/src/cx/repr_half_arith.metal,19
/private/tmp/metal-ast-macos-air32/src/cx/repr_long_ulong.metal,19
/private/tmp/metal-ast-macos-air32/src/cx/res_buffer_constant.metal,19
/private/tmp/metal-ast-macos-air32/src/cx/res_buffer_device.metal,19
/private/tmp/metal-ast-macos-air32/src/cx/res_buffer_thread_addrspace.metal,19
/private/tmp/metal-ast-macos-air32/src/cx/res_index_buffer15.metal,19
/private/tmp/metal-ast-macos-air32/src/cx/res_index_buffer7.metal,19
/private/tmp/metal-ast-macos-air32/src/cx/res_threadgroup_alignas.metal,19
/private/tmp/metal-ast-macos-air32/src/cx/texm_000.metal,19
/private/tmp/metal-ast-macos-air32/src/cx/texm_001.metal,19
/private/tmp/metal-ast-macos-air32/src/cx/texm_002.metal,19
/private/tmp/metal-ast-macos-air32/src/cx/texm_003.metal,19
/private/tmp/metal-ast-macos-air32/src/cx/texm_004.metal,19
/private/tmp/metal-ast-macos-air32/src/cx/texm_005.metal,19
/private/tmp/metal-ast-macos-air32/src/cx/texm_006.metal,19
/private/tmp/metal-ast-macos-air32/src/cx/texm_007.metal,19
/private/tmp/metal-ast-macos-air32/src/cx/texm_008.metal,19
/private/tmp/metal-ast-macos-air32/src/cx/texm_009.metal,19
/private/tmp/metal-ast-macos-air32/src/cx/texm_010.metal,19
/private/tmp/metal-ast-macos-air32/src/cx/texm_011.metal,19
/private/tmp/metal-ast-macos-air32/src/cx/texm_012.metal,19
/private/tmp/metal-ast-macos-air32/src/cx/texm_013.metal,19
/private/tmp/metal-ast-macos-air32/src/cx/texm_014.metal,19
/private/tmp/metal-ast-macos-air32/src/cx/texm_015.metal,19
/private/tmp/metal-ast-macos-air32/src/cx/texm_016.metal,19
/private/tmp/metal-ast-macos-air32/src/cx/texm_017.metal,19
/private/tmp/metal-ast-macos-air32/src/cx/texm_018.metal,19
/private/tmp/metal-ast-macos-air32/src/cx/texm_019.metal,19
/private/tmp/metal-ast-macos-air32/src/cx/texm_020.metal,19
/private/tmp/metal-ast-macos-air32/src/cx/texm_021.metal,19
/private/tmp/metal-ast-macos-air32/src/cx/texm_022.metal,19
/private/tmp/metal-ast-macos-air32/src/cx/texm_023.metal,19
/private/tmp/metal-ast-macos-air32/src/cx/texm_024.metal,19
/private/tmp/metal-ast-macos-air32/src/cx/texm_025.metal,19
/private/tmp/metal-ast-macos-air32/src/cx/texm_026.metal,19
/private/tmp/metal-ast-macos-air32/src/cx/texm_027.metal,19
/private/tmp/metal-ast-macos-air32/src/cx/texm_028.metal,19
/private/tmp/metal-ast-macos-air32/src/cx/texm_029.metal,19
/private/tmp/metal-ast-macos-air32/src/cx/texm_030.metal,19
/private/tmp/metal-ast-macos-air32/src/cx/texm_031.metal,19
/private/tmp/metal-ast-macos-air32/src/cx/texm_032.metal,19
/private/tmp/metal-ast-macos-air32/src/cx/texm_033.metal,19
/private/tmp/metal-ast-macos-air32/src/cx/texm_034.metal,19
/private/tmp/metal-ast-macos-air32/src/cx/texm_035.metal,19
/private/tmp/metal-ast-macos-air32/src/cx/texm_036.metal,19
/private/tmp/metal-ast-macos-air32/src/cx/texm_037.metal,19
/private/tmp/metal-ast-macos-air32/src/cx/texm_038.metal,19
/private/tmp/metal-ast-macos-air32/src/cx/texm_039.metal,19
/private/tmp/metal-ast-macos-air32/src/cx/texm_048.metal,19
/private/tmp/metal-ast-macos-air32/src/cx/texm_058.metal,19
/private/tmp/metal-ast-macos-air32/src/cx/texm_068.metal,19
/private/tmp/metal-ast-macos-air32/src/cx/texm_078.metal,19
/private/tmp/metal-ast-macos-air32/src/cx/texm_080.metal,19
/private/tmp/metal-ast-macos-air32/src/cx/texm_085.metal,19
/private/tmp/metal-ast-macos-air32/src/cx/texm_086.metal,19
/private/tmp/metal-ast-macos-air32/src/cx/texm_087.metal,19
/private/tmp/metal-ast-macos-air32/src/cx/texm_088.metal,19
/private/tmp/metal-ast-macos-air32/src/cx/texm_093.metal,19
/private/tmp/metal-ast-macos-air32/src/cx/texm_094.metal,19
/private/tmp/metal-ast-macos-air32/src/cx/texm_095.metal,19
/private/tmp/metal-ast-macos-air32/src/cx/texm_096.metal,19
/private/tmp/metal-ast-macos-air32/src/cx/texm_101.metal,19
/private/tmp/metal-ast-macos-air32/src/cx/texm_102.metal,19
/private/tmp/metal-ast-macos-air32/src/cx/texm_103.metal,19
/private/tmp/metal-ast-macos-air32/src/cx/texm_104.metal,19
/private/tmp/metal-ast-macos-air32/src/cx/texm_109.metal,19
/private/tmp/metal-ast-macos-air32/src/cx/texm_110.metal,19
/private/tmp/metal-ast-macos-air32/src/cx/texm_111.metal,19
/private/tmp/metal-ast-macos-air32/src/cx/texm_112.metal,19
/private/tmp/metal-ast-macos-air32/src/cx/texm_113.metal,19
/private/tmp/metal-ast-macos-air32/src/cx/texm_114.metal,19
/private/tmp/metal-ast-macos-air32/src/cx/texm_117.metal,19
/private/tmp/metal-ast-macos-air32/src/cx/texm_118.metal,19
/private/tmp/metal-ast-macos-air32/src/cx/texm_119.metal,19
/private/tmp/metal-ast-macos-air32/src/cx/texm_120.metal,19
/private/tmp/metal-ast-macos-air32/src/cx/texm_121.metal,19
/private/tmp/metal-ast-macos-air32/src/cx/texm_122.metal,19
/private/tmp/metal-ast-macos-air32/src/cx/texm_125.metal,19
/private/tmp/metal-ast-macos-air32/src/cx/texm_126.metal,19
/private/tmp/metal-ast-macos-air32/src/cx/texm_127.metal,19
/private/tmp/metal-ast-macos-air32/src/cx/texm_128.metal,19
/private/tmp/metal-ast-macos-air32/src/cx/texm_129.metal,19
/private/tmp/metal-ast-macos-air32/src/cx/texm_130.metal,19
/private/tmp/metal-ast-macos-air32/src/cx/texm_133.metal,19
/private/tmp/metal-ast-macos-air32/src/cx/texm_134.metal,19
/private/tmp/metal-ast-macos-air32/src/cx/texm_135.metal,19
/private/tmp/metal-ast-macos-air32/src/cx/texm_136.metal,19
/private/tmp/metal-ast-macos-air32/src/cx/texm_137.metal,19
/private/tmp/metal-ast-macos-air32/src/cx/texm_138.metal,19
/private/tmp/metal-ast-macos-air32/src/cx/texm_141.metal,19
/private/tmp/metal-ast-macos-air32/src/cx/texm_142.metal,19
/private/tmp/metal-ast-macos-air32/src/cx/texm_143.metal,19
/private/tmp/metal-ast-macos-air32/src/cx/texm_144.metal,19
/private/tmp/metal-ast-macos-air32/src/cx/texm_145.metal,19
/private/tmp/metal-ast-macos-air32/src/cx/texm_146.metal,19
/private/tmp/metal-ast-macos-air32/src/cx/texm_149.metal,19
/private/tmp/metal-ast-macos-air32/src/cx/texm_151.metal,19
/private/tmp/metal-ast-macos-air32/src/cx/texm_152.metal,19
/private/tmp/metal-ast-macos-air32/src/cx/texm_153.metal,19
/private/tmp/metal-ast-macos-air32/src/cx/texm_156.metal,19
/private/tmp/metal-ast-macos-air32/src/cx/texm_158.metal,19
/private/tmp/metal-ast-macos-air32/src/cx/texm_159.metal,19
/private/tmp/metal-ast-macos-air32/src/cx/texm_160.metal,19
/private/tmp/metal-ast-macos-air32/src/cx/texm_163.metal,19
/private/tmp/metal-ast-macos-air32/src/cx/texm_165.metal,19
/private/tmp/metal-ast-macos-air32/src/cx/texm_166.metal,19
/private/tmp/metal-ast-macos-air32/src/cx/texm_167.metal,19
/private/tmp/metal-ast-macos-air32/src/cx/texm_170.metal,19
/private/tmp/metal-ast-macos-air32/src/cx/texq_172.metal,19
/private/tmp/metal-ast-macos-air32/src/cx/texq_173.metal,19
/private/tmp/metal-ast-macos-air32/src/cx/texq_174.metal,19
/private/tmp/metal-ast-macos-air32/src/cx/texq_175.metal,19
/private/tmp/metal-ast-macos-air32/src/cx/texq_176.metal,19
/private/tmp/metal-ast-macos-air32/src/cx/texq_177.metal,19
/private/tmp/metal-ast-macos-air32/src/cx/texq_178.metal,19
/private/tmp/metal-ast-macos-air32/src/cx/texq_179.metal,19
/private/tmp/metal-ast-macos-air32/src/cx/texq_181.metal,19
/private/tmp/metal-ast-macos-air32/src/cx/texq_182.metal,19
/private/tmp/metal-ast-macos-air32/src/cx/texq_183.metal,19
/private/tmp/metal-ast-macos-air32/src/cx/texq_184.metal,19
/private/tmp/metal-ast-macos-air32/src/cx/texq_185.metal,19
/private/tmp/metal-ast-macos-air32/src/cx/texq_186.metal,19
/private/tmp/metal-ast-macos-air32/src/cx/texq_187.metal,19
/private/tmp/metal-ast-macos-air32/src/cx/texq_188.metal,19
/private/tmp/metal-ast-macos-air32/src/cx/threadgroup_tg_alignas.metal,19
/private/tmp/metal-ast-macos-air32/src/cx/threadgroup_tg_array_large.metal,19
/private/tmp/metal-ast-macos-air32/src/cx/threadgroup_tg_array_small.metal,19
/private/tmp/metal-ast-macos-air32/src/cx/threadgroup_tg_atomic.metal,19
/private/tmp/metal-ast-macos-air32/src/cx/threadgroup_tg_dynamic_index.metal,19
/private/tmp/metal-ast-macos-air32/src/cx/threadgroup_tg_multiple_arrays.metal,19
/private/tmp/metal-ast-macos-air32/src/cx/threadgroup_tg_prefix_sum.metal,19
/private/tmp/metal-ast-macos-air32/src/cx/threadgroup_tg_scalar.metal,19
/private/tmp/metal-ast-macos-air32/src/cx/threadgroup_tg_struct.metal,19
/private/tmp/metal-ast-macos-air32/src/cx/type_bool_to_int.metal,19
/private/tmp/metal-ast-macos-air32/src/cx/type_float2_to_scalar.metal,19
/private/tmp/metal-ast-macos-air32/src/cx/type_float3_to_scalar.metal,19
/private/tmp/metal-ast-macos-air32/src/cx/type_float4_to_scalar.metal,19
/private/tmp/metal-ast-macos-air32/src/cx/type_half2_to_scalar.metal,19
/private/tmp/metal-ast-macos-air32/src/cx/type_half3_to_scalar.metal,19
/private/tmp/metal-ast-macos-air32/src/cx/type_half4_to_scalar.metal,19
/private/tmp/metal-ast-macos-air32/src/cx/type_implicit_bool_to_char.metal,19
/private/tmp/metal-ast-macos-air32/src/cx/type_implicit_bool_to_float.metal,19
/private/tmp/metal-ast-macos-air32/src/cx/type_implicit_bool_to_half.metal,19
/private/tmp/metal-ast-macos-air32/src/cx/type_implicit_bool_to_int.metal,19
/private/tmp/metal-ast-macos-air32/src/cx/type_implicit_bool_to_short.metal,19
/private/tmp/metal-ast-macos-air32/src/cx/type_implicit_bool_to_uchar.metal,19
/private/tmp/metal-ast-macos-air32/src/cx/type_implicit_bool_to_uint.metal,19
/private/tmp/metal-ast-macos-air32/src/cx/type_implicit_bool_to_ushort.metal,19
/private/tmp/metal-ast-macos-air32/src/cx/type_implicit_char_to_bool.metal,19
/private/tmp/metal-ast-macos-air32/src/cx/type_implicit_char_to_float.metal,19
/private/tmp/metal-ast-macos-air32/src/cx/type_implicit_char_to_half.metal,19
/private/tmp/metal-ast-macos-air32/src/cx/type_implicit_char_to_int.metal,19
/private/tmp/metal-ast-macos-air32/src/cx/type_implicit_char_to_short.metal,19
/private/tmp/metal-ast-macos-air32/src/cx/type_implicit_char_to_uchar.metal,19
/private/tmp/metal-ast-macos-air32/src/cx/type_implicit_char_to_uint.metal,19
/private/tmp/metal-ast-macos-air32/src/cx/type_implicit_char_to_ushort.metal,19
/private/tmp/metal-ast-macos-air32/src/cx/type_implicit_float4_to_float3.metal,19
/private/tmp/metal-ast-macos-air32/src/cx/type_implicit_float_to_bool.metal,19
/private/tmp/metal-ast-macos-air32/src/cx/type_implicit_float_to_char.metal,19
/private/tmp/metal-ast-macos-air32/src/cx/type_implicit_float_to_half.metal,19
/private/tmp/metal-ast-macos-air32/src/cx/type_implicit_float_to_int.metal,19
/private/tmp/metal-ast-macos-air32/src/cx/type_implicit_float_to_short.metal,19
/private/tmp/metal-ast-macos-air32/src/cx/type_implicit_float_to_uchar.metal,19
/private/tmp/metal-ast-macos-air32/src/cx/type_implicit_float_to_uint.metal,19
/private/tmp/metal-ast-macos-air32/src/cx/type_implicit_float_to_ushort.metal,19
/private/tmp/metal-ast-macos-air32/src/cx/type_implicit_half4_to_half3.metal,19
/private/tmp/metal-ast-macos-air32/src/cx/type_implicit_half_to_bool.metal,19
/private/tmp/metal-ast-macos-air32/src/cx/type_implicit_half_to_char.metal,19
/private/tmp/metal-ast-macos-air32/src/cx/type_implicit_half_to_float.metal,19
/private/tmp/metal-ast-macos-air32/src/cx/type_implicit_half_to_int.metal,19
/private/tmp/metal-ast-macos-air32/src/cx/type_implicit_half_to_short.metal,19
/private/tmp/metal-ast-macos-air32/src/cx/type_implicit_half_to_uchar.metal,19
/private/tmp/metal-ast-macos-air32/src/cx/type_implicit_half_to_uint.metal,19
/private/tmp/metal-ast-macos-air32/src/cx/type_implicit_half_to_ushort.metal,19
/private/tmp/metal-ast-macos-air32/src/cx/type_implicit_int4_to_int3.metal,19
/private/tmp/metal-ast-macos-air32/src/cx/type_implicit_int_to_bool.metal,19
/private/tmp/metal-ast-macos-air32/src/cx/type_implicit_int_to_char.metal,19
/private/tmp/metal-ast-macos-air32/src/cx/type_implicit_int_to_float.metal,19
/private/tmp/metal-ast-macos-air32/src/cx/type_implicit_int_to_half.metal,19
/private/tmp/metal-ast-macos-air32/src/cx/type_implicit_int_to_short.metal,19
/private/tmp/metal-ast-macos-air32/src/cx/type_implicit_int_to_uchar.metal,19
/private/tmp/metal-ast-macos-air32/src/cx/type_implicit_int_to_uint.metal,19
/private/tmp/metal-ast-macos-air32/src/cx/type_implicit_int_to_ushort.metal,19
/private/tmp/metal-ast-macos-air32/src/cx/type_implicit_short_to_bool.metal,19
/private/tmp/metal-ast-macos-air32/src/cx/type_implicit_short_to_char.metal,19
/private/tmp/metal-ast-macos-air32/src/cx/type_implicit_short_to_float.metal,19
/private/tmp/metal-ast-macos-air32/src/cx/type_implicit_short_to_half.metal,19
/private/tmp/metal-ast-macos-air32/src/cx/type_implicit_short_to_int.metal,19
/private/tmp/metal-ast-macos-air32/src/cx/type_implicit_short_to_uchar.metal,19
/private/tmp/metal-ast-macos-air32/src/cx/type_implicit_short_to_uint.metal,19
/private/tmp/metal-ast-macos-air32/src/cx/type_implicit_short_to_ushort.metal,19
/private/tmp/metal-ast-macos-air32/src/cx/type_implicit_uchar_to_bool.metal,19
/private/tmp/metal-ast-macos-air32/src/cx/type_implicit_uchar_to_char.metal,19
/private/tmp/metal-ast-macos-air32/src/cx/type_implicit_uchar_to_float.metal,19
/private/tmp/metal-ast-macos-air32/src/cx/type_implicit_uchar_to_half.metal,19
/private/tmp/metal-ast-macos-air32/src/cx/type_implicit_uchar_to_int.metal,19
/private/tmp/metal-ast-macos-air32/src/cx/type_implicit_uchar_to_short.metal,19
/private/tmp/metal-ast-macos-air32/src/cx/type_implicit_uchar_to_uint.metal,19
/private/tmp/metal-ast-macos-air32/src/cx/type_implicit_uchar_to_ushort.metal,19
/private/tmp/metal-ast-macos-air32/src/cx/type_implicit_uint4_to_uint3.metal,19
/private/tmp/metal-ast-macos-air32/src/cx/type_implicit_uint_to_bool.metal,19
/private/tmp/metal-ast-macos-air32/src/cx/type_implicit_uint_to_char.metal,19
/private/tmp/metal-ast-macos-air32/src/cx/type_implicit_uint_to_float.metal,19
/private/tmp/metal-ast-macos-air32/src/cx/type_implicit_uint_to_half.metal,19
/private/tmp/metal-ast-macos-air32/src/cx/type_implicit_uint_to_int.metal,19
/private/tmp/metal-ast-macos-air32/src/cx/type_implicit_uint_to_short.metal,19
/private/tmp/metal-ast-macos-air32/src/cx/type_implicit_uint_to_uchar.metal,19
/private/tmp/metal-ast-macos-air32/src/cx/type_implicit_uint_to_ushort.metal,19
/private/tmp/metal-ast-macos-air32/src/cx/type_implicit_ushort_to_bool.metal,19
/private/tmp/metal-ast-macos-air32/src/cx/type_implicit_ushort_to_char.metal,19
/private/tmp/metal-ast-macos-air32/src/cx/type_implicit_ushort_to_float.metal,19
/private/tmp/metal-ast-macos-air32/src/cx/type_implicit_ushort_to_half.metal,19
/private/tmp/metal-ast-macos-air32/src/cx/type_implicit_ushort_to_int.metal,19
/private/tmp/metal-ast-macos-air32/src/cx/type_implicit_ushort_to_short.metal,19
/private/tmp/metal-ast-macos-air32/src/cx/type_implicit_ushort_to_uchar.metal,19
/private/tmp/metal-ast-macos-air32/src/cx/type_implicit_ushort_to_uint.metal,19
/private/tmp/metal-ast-macos-air32/src/cx/type_int2_to_scalar.metal,19
/private/tmp/metal-ast-macos-air32/src/cx/type_int3_to_scalar.metal,19
/private/tmp/metal-ast-macos-air32/src/cx/type_int4_to_scalar.metal,19
/private/tmp/metal-ast-macos-air32/src/cx/type_int_to_bool.metal,19
/private/tmp/metal-ast-macos-air32/src/cx/type_nullptr_to_device_ptr.metal,19
/private/tmp/metal-ast-macos-air32/src/cx/type_nullptr_to_thread_ptr.metal,19
/private/tmp/metal-ast-macos-air32/src/cx/type_promote_half_float_add.metal,19
/private/tmp/metal-ast-macos-air32/src/cx/type_promote_int_uint_add.metal,19
/private/tmp/metal-ast-macos-air32/src/cx/type_scalar_to_float2.metal,19
/private/tmp/metal-ast-macos-air32/src/cx/type_scalar_to_float3.metal,19
/private/tmp/metal-ast-macos-air32/src/cx/type_scalar_to_float4.metal,19
/private/tmp/metal-ast-macos-air32/src/cx/type_scalar_to_half2.metal,19
/private/tmp/metal-ast-macos-air32/src/cx/type_scalar_to_half3.metal,19
/private/tmp/metal-ast-macos-air32/src/cx/type_scalar_to_half4.metal,19
/private/tmp/metal-ast-macos-air32/src/cx/type_scalar_to_int2.metal,19
/private/tmp/metal-ast-macos-air32/src/cx/type_scalar_to_int3.metal,19
/private/tmp/metal-ast-macos-air32/src/cx/type_scalar_to_int4.metal,19
/private/tmp/metal-ast-macos-air32/src/cx/type_scalar_to_uint2.metal,19
/private/tmp/metal-ast-macos-air32/src/cx/type_scalar_to_uint3.metal,19
/private/tmp/metal-ast-macos-air32/src/cx/type_scalar_to_uint4.metal,19
/private/tmp/metal-ast-macos-air32/src/cx/type_template_deduction_min.metal,19
/private/tmp/metal-ast-macos-air32/src/cx/type_uint2_to_scalar.metal,19
/private/tmp/metal-ast-macos-air32/src/cx/type_uint3_to_scalar.metal,19
/private/tmp/metal-ast-macos-air32/src/cx/type_uint4_to_scalar.metal,19
/private/tmp/metal-ast-macos-air32/src/cx/type_vec_scalar_mul_float2.metal,19
/private/tmp/metal-ast-macos-air32/src/cx/type_vec_scalar_mul_float3.metal,19
/private/tmp/metal-ast-macos-air32/src/cx/type_vec_scalar_mul_float4.metal,19
/private/tmp/metal-ast-macos-air32/src/cx/type_vec_scalar_mul_half2.metal,19
/private/tmp/metal-ast-macos-air32/src/cx/type_vec_scalar_mul_half3.metal,19
/private/tmp/metal-ast-macos-air32/src/cx/type_vec_scalar_mul_half4.metal,19
/private/tmp/metal-ast-macos-air32/src/cx/vis_default.metal,19
/private/tmp/metal-ast-macos-air32/src/cx/vis_export_name.metal,19
/private/tmp/metal-ast-macos-air32/src/cx/vis_internal.metal,19
/private/tmp/metal-ast-macos-air32/src/cx/vis_multiple_visible.metal,19
/private/tmp/metal-ast-macos-air32/src/cx/vis_template_visible.metal,19
/private/tmp/metal-ast-macos-air32/src/cx/vis_visible.metal,19
/private/tmp/metal-ast-macos-air32/src/cx/warn_deprecated.metal,19
/private/tmp/metal-ast-macos-air32/src/cx/warn_div_zero.metal,19
/private/tmp/metal-ast-macos-air32/src/cx/warn_empty_body.metal,19
/private/tmp/metal-ast-macos-air32/src/cx/warn_extra_parens.metal,19
/private/tmp/metal-ast-macos-air32/src/cx/warn_fallthrough.metal,19
/private/tmp/metal-ast-macos-air32/src/cx/warn_infinite_loop.metal,19
/private/tmp/metal-ast-macos-air32/src/cx/warn_missing_braces.metal,19
/private/tmp/metal-ast-macos-air32/src/cx/warn_narrowing.metal,19
/private/tmp/metal-ast-macos-air32/src/cx/warn_self_assign.metal,19
/private/tmp/metal-ast-macos-air32/src/cx/warn_shadow.metal,19
/private/tmp/metal-ast-macos-air32/src/cx/warn_shift_overflow.metal,19
/private/tmp/metal-ast-macos-air32/src/cx/warn_sign_compare.metal,19
/private/tmp/metal-ast-macos-air32/src/cx/warn_unreachable.metal,19
/private/tmp/metal-ast-macos-air32/src/cx/warn_unused_var.metal,19
/private/tmp/metal-ast-macos-air64/src/cx/builtin_raytracing.metal,19
/private/tmp/metal-ast-macos-air64/src/cx/builtin_tex_03.metal,19
/private/tmp/metal-ast-macos-air64/src/cx/builtin_tex_04.metal,19
/private/tmp/metal-ast-macos-air64/src/cx/builtin_tex_05.metal,19
/private/tmp/metal-ast-macos-air64/src/cx/builtin_tex_06.metal,19
/private/tmp/metal-ast-macos-air64/src/cx/builtin_tex_07.metal,19
/private/tmp/metal-ast-macos-air64/src/cx/builtin_tex_08.metal,19
/private/tmp/metal-ast-macos-air64/src/cx/builtin_tex_13.metal,19
/private/tmp/metal-ast-macos-air64/src/cx/builtin_tex_14.metal,19
/private/tmp/metal-ast-macos-air64/src/cx/builtin_tex_15.metal,19
/private/tmp/metal-ast-macos-air64/src/cx/builtin_tex_16.metal,19
/private/tmp/metal-ast-macos-air64/src/cx/conv_000.metal,19
/private/tmp/metal-ast-macos-air64/src/cx/conv_001.metal,19
/private/tmp/metal-ast-macos-air64/src/cx/conv_002.metal,19
/private/tmp/metal-ast-macos-air64/src/cx/conv_003.metal,19
/private/tmp/metal-ast-macos-air64/src/cx/conv_004.metal,19
/private/tmp/metal-ast-macos-air64/src/cx/conv_005.metal,19
/private/tmp/metal-ast-macos-air64/src/cx/conv_006.metal,19
/private/tmp/metal-ast-macos-air64/src/cx/conv_007.metal,19
/private/tmp/metal-ast-macos-air64/src/cx/conv_008.metal,19
/private/tmp/metal-ast-macos-air64/src/cx/conv_009.metal,19
/private/tmp/metal-ast-macos-air64/src/cx/conv_010.metal,19
/private/tmp/metal-ast-macos-air64/src/cx/conv_011.metal,19
/private/tmp/metal-ast-macos-air64/src/cx/conv_012.metal,19
/private/tmp/metal-ast-macos-air64/src/cx/conv_013.metal,19
/private/tmp/metal-ast-macos-air64/src/cx/conv_014.metal,19
/private/tmp/metal-ast-macos-air64/src/cx/conv_015.metal,19
/private/tmp/metal-ast-macos-air64/src/cx/conv_016.metal,19
/private/tmp/metal-ast-macos-air64/src/cx/conv_017.metal,19
/private/tmp/metal-ast-macos-air64/src/cx/conv_018.metal,19
/private/tmp/metal-ast-macos-air64/src/cx/conv_019.metal,19
/private/tmp/metal-ast-macos-air64/src/cx/conv_020.metal,19
/private/tmp/metal-ast-macos-air64/src/cx/conv_021.metal,19
/private/tmp/metal-ast-macos-air64/src/cx/conv_022.metal,19
/private/tmp/metal-ast-macos-air64/src/cx/conv_023.metal,19
/private/tmp/metal-ast-macos-air64/src/cx/conv_024.metal,19
/private/tmp/metal-ast-macos-air64/src/cx/conv_025.metal,19
/private/tmp/metal-ast-macos-air64/src/cx/conv_026.metal,19
/private/tmp/metal-ast-macos-air64/src/cx/conv_027.metal,19
/private/tmp/metal-ast-macos-air64/src/cx/conv_028.metal,19
/private/tmp/metal-ast-macos-air64/src/cx/conv_029.metal,19
/private/tmp/metal-ast-macos-air64/src/cx/conv_030.metal,19
/private/tmp/metal-ast-macos-air64/src/cx/conv_031.metal,19
/private/tmp/metal-ast-macos-air64/src/cx/conv_032.metal,19
/private/tmp/metal-ast-macos-air64/src/cx/conv_033.metal,19
/private/tmp/metal-ast-macos-air64/src/cx/conv_034.metal,19
/private/tmp/metal-ast-macos-air64/src/cx/conv_035.metal,19
/private/tmp/metal-ast-macos-air64/src/cx/conv_036.metal,19
/private/tmp/metal-ast-macos-air64/src/cx/conv_037.metal,19
/private/tmp/metal-ast-macos-air64/src/cx/conv_038.metal,19
/private/tmp/metal-ast-macos-air64/src/cx/conv_039.metal,19
/private/tmp/metal-ast-macos-air64/src/cx/conv_040.metal,19
/private/tmp/metal-ast-macos-air64/src/cx/conv_041.metal,19
/private/tmp/metal-ast-macos-air64/src/cx/conv_042.metal,19
/private/tmp/metal-ast-macos-air64/src/cx/conv_043.metal,19
/private/tmp/metal-ast-macos-air64/src/cx/conv_044.metal,19
/private/tmp/metal-ast-macos-air64/src/cx/conv_045.metal,19
/private/tmp/metal-ast-macos-air64/src/cx/conv_046.metal,19
/private/tmp/metal-ast-macos-air64/src/cx/conv_047.metal,19
/private/tmp/metal-ast-macos-air64/src/cx/conv_048.metal,19
/private/tmp/metal-ast-macos-air64/src/cx/conv_049.metal,19
/private/tmp/metal-ast-macos-air64/src/cx/conv_050.metal,19
/private/tmp/metal-ast-macos-air64/src/cx/conv_051.metal,19
/private/tmp/metal-ast-macos-air64/src/cx/conv_052.metal,19
/private/tmp/metal-ast-macos-air64/src/cx/conv_053.metal,19
/private/tmp/metal-ast-macos-air64/src/cx/conv_054.metal,19
/private/tmp/metal-ast-macos-air64/src/cx/conv_055.metal,19
/private/tmp/metal-ast-macos-air64/src/cx/conv_056.metal,19
/private/tmp/metal-ast-macos-air64/src/cx/conv_057.metal,19
/private/tmp/metal-ast-macos-air64/src/cx/conv_058.metal,19
/private/tmp/metal-ast-macos-air64/src/cx/conv_059.metal,19
/private/tmp/metal-ast-macos-air64/src/cx/conv_060.metal,19
/private/tmp/metal-ast-macos-air64/src/cx/conv_061.metal,19
/private/tmp/metal-ast-macos-air64/src/cx/conv_062.metal,19
/private/tmp/metal-ast-macos-air64/src/cx/conv_063.metal,19
/private/tmp/metal-ast-macos-air64/src/cx/conv_064.metal,19
/private/tmp/metal-ast-macos-air64/src/cx/conv_065.metal,19
/private/tmp/metal-ast-macos-air64/src/cx/conv_066.metal,19
/private/tmp/metal-ast-macos-air64/src/cx/conv_067.metal,19
/private/tmp/metal-ast-macos-air64/src/cx/conv_068.metal,19
/private/tmp/metal-ast-macos-air64/src/cx/conv_069.metal,19
/private/tmp/metal-ast-macos-air64/src/cx/conv_070.metal,19
/private/tmp/metal-ast-macos-air64/src/cx/conv_071.metal,19
/private/tmp/metal-ast-macos-air64/src/cx/conv_072.metal,19
/private/tmp/metal-ast-macos-air64/src/cx/conv_073.metal,19
/private/tmp/metal-ast-macos-air64/src/cx/conv_074.metal,19
/private/tmp/metal-ast-macos-air64/src/cx/conv_075.metal,19
/private/tmp/metal-ast-macos-air64/src/cx/conv_076.metal,19
/private/tmp/metal-ast-macos-air64/src/cx/conv_077.metal,19
/private/tmp/metal-ast-macos-air64/src/cx/conv_078.metal,19
/private/tmp/metal-ast-macos-air64/src/cx/conv_079.metal,19
/private/tmp/metal-ast-macos-air64/src/cx/conv_080.metal,19
/private/tmp/metal-ast-macos-air64/src/cx/conv_081.metal,19
/private/tmp/metal-ast-macos-air64/src/cx/conv_082.metal,19
/private/tmp/metal-ast-macos-air64/src/cx/conv_083.metal,19
/private/tmp/metal-ast-macos-air64/src/cx/conv_084.metal,19
/private/tmp/metal-ast-macos-air64/src/cx/conv_085.metal,19
/private/tmp/metal-ast-macos-air64/src/cx/conv_086.metal,19
/private/tmp/metal-ast-macos-air64/src/cx/conv_087.metal,19
/private/tmp/metal-ast-macos-air64/src/cx/conv_088.metal,19
/private/tmp/metal-ast-macos-air64/src/cx/conv_089.metal,19
/private/tmp/metal-ast-macos-air64/src/cx/conv_090.metal,19
/private/tmp/metal-ast-macos-air64/src/cx/conv_091.metal,19
/private/tmp/metal-ast-macos-air64/src/cx/conv_092.metal,19
/private/tmp/metal-ast-macos-air64/src/cx/conv_093.metal,19
/private/tmp/metal-ast-macos-air64/src/cx/conv_094.metal,19
/private/tmp/metal-ast-macos-air64/src/cx/conv_095.metal,19
/private/tmp/metal-ast-macos-air64/src/cx/conv_096.metal,19
/private/tmp/metal-ast-macos-air64/src/cx/conv_097.metal,19
/private/tmp/metal-ast-macos-air64/src/cx/conv_098.metal,19
/private/tmp/metal-ast-macos-air64/src/cx/conv_099.metal,19
/private/tmp/metal-ast-macos-air64/src/cx/conv_100.metal,19
/private/tmp/metal-ast-macos-air64/src/cx/conv_101.metal,19
/private/tmp/metal-ast-macos-air64/src/cx/conv_102.metal,19
/private/tmp/metal-ast-macos-air64/src/cx/conv_103.metal,19
/private/tmp/metal-ast-macos-air64/src/cx/conv_104.metal,19
/private/tmp/metal-ast-macos-air64/src/cx/conv_105.metal,19
/private/tmp/metal-ast-macos-air64/src/cx/conv_106.metal,19
/private/tmp/metal-ast-macos-air64/src/cx/conv_107.metal,19
/private/tmp/metal-ast-macos-air64/src/cx/conv_108.metal,19
/private/tmp/metal-ast-macos-air64/src/cx/conv_109.metal,19
/private/tmp/metal-ast-macos-air64/src/cx/conv_110.metal,19
/private/tmp/metal-ast-macos-air64/src/cx/conv_111.metal,19
/private/tmp/metal-ast-macos-air64/src/cx/conv_112.metal,19
/private/tmp/metal-ast-macos-air64/src/cx/conv_113.metal,19
/private/tmp/metal-ast-macos-air64/src/cx/conv_114.metal,19
/private/tmp/metal-ast-macos-air64/src/cx/conv_115.metal,19
/private/tmp/metal-ast-macos-air64/src/cx/conv_116.metal,19
/private/tmp/metal-ast-macos-air64/src/cx/conv_117.metal,19
/private/tmp/metal-ast-macos-air64/src/cx/conv_118.metal,19
/private/tmp/metal-ast-macos-air64/src/cx/conv_119.metal,19
/private/tmp/metal-ast-macos-air64/src/cx/conv_120.metal,19
/private/tmp/metal-ast-macos-air64/src/cx/conv_121.metal,19
/private/tmp/metal-ast-macos-air64/src/cx/conv_122.metal,19
/private/tmp/metal-ast-macos-air64/src/cx/conv_123.metal,19
/private/tmp/metal-ast-macos-air64/src/cx/conv_124.metal,19
/private/tmp/metal-ast-macos-air64/src/cx/conv_125.metal,19
/private/tmp/metal-ast-macos-air64/src/cx/conv_126.metal,19
/private/tmp/metal-ast-macos-air64/src/cx/conv_127.metal,19
/private/tmp/metal-ast-macos-air64/src/cx/conv_128.metal,19
/private/tmp/metal-ast-macos-air64/src/cx/conv_129.metal,19
/private/tmp/metal-ast-macos-air64/src/cx/conv_130.metal,19
/private/tmp/metal-ast-macos-air64/src/cx/conv_131.metal,19
/private/tmp/metal-ast-macos-air64/src/cx/conv_132.metal,19
/private/tmp/metal-ast-macos-air64/src/cx/conv_133.metal,19
/private/tmp/metal-ast-macos-air64/src/cx/conv_134.metal,19
/private/tmp/metal-ast-macos-air64/src/cx/conv_135.metal,19
/private/tmp/metal-ast-macos-air64/src/cx/conv_136.metal,19
/private/tmp/metal-ast-macos-air64/src/cx/conv_137.metal,19
/private/tmp/metal-ast-macos-air64/src/cx/conv_138.metal,19
/private/tmp/metal-ast-macos-air64/src/cx/conv_139.metal,19
/private/tmp/metal-ast-macos-air64/src/cx/conv_140.metal,19
/private/tmp/metal-ast-macos-air64/src/cx/conv_141.metal,19
/private/tmp/metal-ast-macos-air64/src/cx/conv_142.metal,19
/private/tmp/metal-ast-macos-air64/src/cx/conv_143.metal,19
/private/tmp/metal-ast-macos-air64/src/cx/conv_144.metal,19
/private/tmp/metal-ast-macos-air64/src/cx/conv_145.metal,19
/private/tmp/metal-ast-macos-air64/src/cx/conv_146.metal,19
/private/tmp/metal-ast-macos-air64/src/cx/conv_147.metal,19
/private/tmp/metal-ast-macos-air64/src/cx/conv_148.metal,19
/private/tmp/metal-ast-macos-air64/src/cx/conv_149.metal,19
/private/tmp/metal-ast-macos-air64/src/cx/conv_150.metal,19
/private/tmp/metal-ast-macos-air64/src/cx/conv_151.metal,19
/private/tmp/metal-ast-macos-air64/src/cx/conv_152.metal,19
/private/tmp/metal-ast-macos-air64/src/cx/conv_153.metal,19
/private/tmp/metal-ast-macos-air64/src/cx/conv_154.metal,19
/private/tmp/metal-ast-macos-air64/src/cx/conv_155.metal,19
/private/tmp/metal-ast-macos-air64/src/cx/conv_156.metal,19
/private/tmp/metal-ast-macos-air64/src/cx/conv_157.metal,19
/private/tmp/metal-ast-macos-air64/src/cx/conv_158.metal,19
/private/tmp/metal-ast-macos-air64/src/cx/conv_159.metal,19
/private/tmp/metal-ast-macos-air64/src/cx/conv_160.metal,19
/private/tmp/metal-ast-macos-air64/src/cx/conv_161.metal,19
/private/tmp/metal-ast-macos-air64/src/cx/conv_162.metal,19
/private/tmp/metal-ast-macos-air64/src/cx/conv_163.metal,19
/private/tmp/metal-ast-macos-air64/src/cx/conv_164.metal,19
/private/tmp/metal-ast-macos-air64/src/cx/conv_165.metal,19
/private/tmp/metal-ast-macos-air64/src/cx/conv_166.metal,19
/private/tmp/metal-ast-macos-air64/src/cx/conv_167.metal,19
/private/tmp/metal-ast-macos-air64/src/cx/conv_168.metal,19
/private/tmp/metal-ast-macos-air64/src/cx/conv_169.metal,19
/private/tmp/metal-ast-macos-air64/src/cx/conv_170.metal,19
/private/tmp/metal-ast-macos-air64/src/cx/conv_171.metal,19
/private/tmp/metal-ast-macos-air64/src/cx/conv_172.metal,19
/private/tmp/metal-ast-macos-air64/src/cx/conv_173.metal,19
/private/tmp/metal-ast-macos-air64/src/cx/conv_174.metal,19
/private/tmp/metal-ast-macos-air64/src/cx/conv_175.metal,19
/private/tmp/metal-ast-macos-air64/src/cx/conv_176.metal,19
/private/tmp/metal-ast-macos-air64/src/cx/conv_177.metal,19
/private/tmp/metal-ast-macos-air64/src/cx/conv_178.metal,19
/private/tmp/metal-ast-macos-air64/src/cx/conv_179.metal,19
/private/tmp/metal-ast-macos-air64/src/cx/conv_182.metal,19
/private/tmp/metal-ast-macos-air64/src/cx/conv_183.metal,19
/private/tmp/metal-ast-macos-air64/src/cx/cxx_003_exception_throw.metal,19
/private/tmp/metal-ast-macos-air64/src/cx/cxx_011_variadic_template.metal,19
/private/tmp/metal-ast-macos-air64/src/cx/cxx_012_fold_expression.metal,19
/private/tmp/metal-ast-macos-air64/src/cx/cxx_013_structured_binding.metal,19
/private/tmp/metal-ast-macos-air64/src/cx/cxx_014_if_constexpr.metal,19
/private/tmp/metal-ast-macos-air64/src/cx/cxx_015_namespace_alias.metal,19
/private/tmp/metal-ast-macos-air64/src/cx/cxx_016_using_declaration.metal,19
/private/tmp/metal-ast-macos-air64/src/cx/cxx_017_enum_class.metal,19
/private/tmp/metal-ast-macos-air64/src/cx/cxx_018_bitfield_struct.metal,19
/private/tmp/metal-ast-macos-air64/src/cx/cxx_020_pointer_arithmetic.metal,19
/private/tmp/metal-ast-macos-air64/src/cx/cxx_022_member_pointer.metal,19
/private/tmp/metal-ast-macos-air64/src/cx/cxx_024_sfinae_enable_if.metal,19
/private/tmp/metal-ast-macos-air64/src/cx/cxx_025_constexpr_function.metal,19
/private/tmp/metal-ast-macos-air64/src/cx/cxx_026_static_assert_test.metal,19
/private/tmp/metal-ast-macos-air64/src/cx/cxx_027_operator_overload.metal,19
/private/tmp/metal-ast-macos-air64/src/cx/cxx_as_type_reinterpret.metal,19
/private/tmp/metal-ast-macos-air64/src/cx/cxx_auto_decltype.metal,19
/private/tmp/metal-ast-macos-air64/src/cx/cxx_constexpr_fn.metal,19
/private/tmp/metal-ast-macos-air64/src/cx/cxx_default_arg.metal,19
/private/tmp/metal-ast-macos-air64/src/cx/cxx_namespace_using.metal,19
/private/tmp/metal-ast-macos-air64/src/cx/cxx_operator_overload.metal,19
/private/tmp/metal-ast-macos-air64/src/cx/cxx_overload_addrspace.metal,19
/private/tmp/metal-ast-macos-air64/src/cx/cxx_overload_types.metal,19
/private/tmp/metal-ast-macos-air64/src/cx/cxx_sfinae_enable_if.metal,19
/private/tmp/metal-ast-macos-air64/src/cx/cxx_template_class_spec.metal,19
/private/tmp/metal-ast-macos-air64/src/cx/cxx_template_fn_explicit.metal,19
/private/tmp/metal-ast-macos-air64/src/cx/determ_basic.metal,19
/private/tmp/metal-ast-macos-air64/src/cx/determ_control_flow.metal,19
/private/tmp/metal-ast-macos-air64/src/cx/determ_multi_func.metal,19
/private/tmp/metal-ast-macos-air64/src/cx/determ_template.metal,19
/private/tmp/metal-ast-macos-air64/src/cx/edge_1000_kernels.metal,19
/private/tmp/metal-ast-macos-air64/src/cx/edge_deep_call.metal,19
/private/tmp/metal-ast-macos-air64/src/cx/edge_deep_template.metal,19
/private/tmp/metal-ast-macos-air64/src/cx/edge_div_zero.metal,19
/private/tmp/metal-ast-macos-air64/src/cx/edge_empty.metal,19
/private/tmp/metal-ast-macos-air64/src/cx/edge_infinity.metal,19
/private/tmp/metal-ast-macos-air64/src/cx/edge_large_array.metal,19
/private/tmp/metal-ast-macos-air64/src/cx/edge_long_identifier.metal,19
/private/tmp/metal-ast-macos-air64/src/cx/edge_max_buffers.metal,19
/private/tmp/metal-ast-macos-air64/src/cx/edge_nan.metal,19
/private/tmp/metal-ast-macos-air64/src/cx/edge_oob_access.metal,19
/private/tmp/metal-ast-macos-air64/src/cx/edge_overflow.metal,19
/private/tmp/metal-ast-macos-air64/src/cx/edge_underflow.metal,19
/private/tmp/metal-ast-macos-air64/src/cx/edge_uninit_var.metal,19
/private/tmp/metal-ast-macos-air64/src/cx/err_as_texture_cast.metal,19
/private/tmp/metal-ast-macos-air64/src/cx/err_attr_frag_int_return.metal,19
/private/tmp/metal-ast-macos-air64/src/cx/err_cf_recursion.metal,19
/private/tmp/metal-ast-macos-air64/src/cx/err_tex_depth_gather.metal,19
/private/tmp/metal-ast-macos-air64/src/cx/err_type_assign_float_to_int.metal,19
/private/tmp/metal-ast-macos-air64/src/cx/err_type_implicit_narrowing.metal,19
/private/tmp/metal-ast-macos-air64/src/cx/has_feature_probe.metal,19
/private/tmp/metal-ast-macos-air64/src/cx/io_vertex_clip_distance.metal,19
/private/tmp/metal-ast-macos-air64/src/cx/io_vertex_point_size.metal,19
/private/tmp/metal-ast-macos-air64/src/cx/io_vertex_pos_only.metal,19
/private/tmp/metal-ast-macos-air64/src/cx/io_vertex_user_locn.metal,19
/private/tmp/metal-ast-macos-air64/src/cx/multi_entry_2kernels.metal,19
/private/tmp/metal-ast-macos-air64/src/cx/multi_entry_4kernels.metal,19
/private/tmp/metal-ast-macos-air64/src/cx/multi_entry_shared_textures.metal,19
/private/tmp/metal-ast-macos-air64/src/cx/multi_entry_with_helpers.metal,19
/private/tmp/metal-ast-macos-air64/src/cx/object_payload.metal,19
/private/tmp/metal-ast-macos-air64/src/cx/repr_bool_scalar.metal,19
/private/tmp/metal-ast-macos-air64/src/cx/repr_half_arith.metal,19
/private/tmp/metal-ast-macos-air64/src/cx/repr_long_ulong.metal,19
/private/tmp/metal-ast-macos-air64/src/cx/res_buffer_constant.metal,19
/private/tmp/metal-ast-macos-air64/src/cx/res_buffer_device.metal,19
/private/tmp/metal-ast-macos-air64/src/cx/res_buffer_thread_addrspace.metal,19
/private/tmp/metal-ast-macos-air64/src/cx/res_index_buffer15.metal,19
/private/tmp/metal-ast-macos-air64/src/cx/res_index_buffer7.metal,19
/private/tmp/metal-ast-macos-air64/src/cx/res_threadgroup_alignas.metal,19
/private/tmp/metal-ast-macos-air64/src/cx/texm_000.metal,19
/private/tmp/metal-ast-macos-air64/src/cx/texm_001.metal,19
/private/tmp/metal-ast-macos-air64/src/cx/texm_002.metal,19
/private/tmp/metal-ast-macos-air64/src/cx/texm_003.metal,19
/private/tmp/metal-ast-macos-air64/src/cx/texm_004.metal,19
/private/tmp/metal-ast-macos-air64/src/cx/texm_005.metal,19
/private/tmp/metal-ast-macos-air64/src/cx/texm_006.metal,19
/private/tmp/metal-ast-macos-air64/src/cx/texm_007.metal,19
/private/tmp/metal-ast-macos-air64/src/cx/texm_008.metal,19
/private/tmp/metal-ast-macos-air64/src/cx/texm_009.metal,19
/private/tmp/metal-ast-macos-air64/src/cx/texm_010.metal,19
/private/tmp/metal-ast-macos-air64/src/cx/texm_011.metal,19
/private/tmp/metal-ast-macos-air64/src/cx/texm_012.metal,19
/private/tmp/metal-ast-macos-air64/src/cx/texm_013.metal,19
/private/tmp/metal-ast-macos-air64/src/cx/texm_014.metal,19
/private/tmp/metal-ast-macos-air64/src/cx/texm_015.metal,19
/private/tmp/metal-ast-macos-air64/src/cx/texm_016.metal,19
/private/tmp/metal-ast-macos-air64/src/cx/texm_017.metal,19
/private/tmp/metal-ast-macos-air64/src/cx/texm_018.metal,19
/private/tmp/metal-ast-macos-air64/src/cx/texm_019.metal,19
/private/tmp/metal-ast-macos-air64/src/cx/texm_020.metal,19
/private/tmp/metal-ast-macos-air64/src/cx/texm_021.metal,19
/private/tmp/metal-ast-macos-air64/src/cx/texm_022.metal,19
/private/tmp/metal-ast-macos-air64/src/cx/texm_023.metal,19
/private/tmp/metal-ast-macos-air64/src/cx/texm_024.metal,19
/private/tmp/metal-ast-macos-air64/src/cx/texm_025.metal,19
/private/tmp/metal-ast-macos-air64/src/cx/texm_026.metal,19
/private/tmp/metal-ast-macos-air64/src/cx/texm_027.metal,19
/private/tmp/metal-ast-macos-air64/src/cx/texm_028.metal,19
/private/tmp/metal-ast-macos-air64/src/cx/texm_029.metal,19
/private/tmp/metal-ast-macos-air64/src/cx/texm_030.metal,19
/private/tmp/metal-ast-macos-air64/src/cx/texm_031.metal,19
/private/tmp/metal-ast-macos-air64/src/cx/texm_032.metal,19
/private/tmp/metal-ast-macos-air64/src/cx/texm_033.metal,19
/private/tmp/metal-ast-macos-air64/src/cx/texm_034.metal,19
/private/tmp/metal-ast-macos-air64/src/cx/texm_035.metal,19
/private/tmp/metal-ast-macos-air64/src/cx/texm_036.metal,19
/private/tmp/metal-ast-macos-air64/src/cx/texm_037.metal,19
/private/tmp/metal-ast-macos-air64/src/cx/texm_038.metal,19
/private/tmp/metal-ast-macos-air64/src/cx/texm_039.metal,19
/private/tmp/metal-ast-macos-air64/src/cx/texm_048.metal,19
/private/tmp/metal-ast-macos-air64/src/cx/texm_058.metal,19
/private/tmp/metal-ast-macos-air64/src/cx/texm_068.metal,19
/private/tmp/metal-ast-macos-air64/src/cx/texm_078.metal,19
/private/tmp/metal-ast-macos-air64/src/cx/texm_080.metal,19
/private/tmp/metal-ast-macos-air64/src/cx/texm_085.metal,19
/private/tmp/metal-ast-macos-air64/src/cx/texm_086.metal,19
/private/tmp/metal-ast-macos-air64/src/cx/texm_087.metal,19
/private/tmp/metal-ast-macos-air64/src/cx/texm_088.metal,19
/private/tmp/metal-ast-macos-air64/src/cx/texm_093.metal,19
/private/tmp/metal-ast-macos-air64/src/cx/texm_094.metal,19
/private/tmp/metal-ast-macos-air64/src/cx/texm_095.metal,19
/private/tmp/metal-ast-macos-air64/src/cx/texm_096.metal,19
/private/tmp/metal-ast-macos-air64/src/cx/texm_101.metal,19
/private/tmp/metal-ast-macos-air64/src/cx/texm_102.metal,19
/private/tmp/metal-ast-macos-air64/src/cx/texm_103.metal,19
/private/tmp/metal-ast-macos-air64/src/cx/texm_104.metal,19
/private/tmp/metal-ast-macos-air64/src/cx/texm_109.metal,19
/private/tmp/metal-ast-macos-air64/src/cx/texm_110.metal,19
/private/tmp/metal-ast-macos-air64/src/cx/texm_111.metal,19
/private/tmp/metal-ast-macos-air64/src/cx/texm_112.metal,19
/private/tmp/metal-ast-macos-air64/src/cx/texm_113.metal,19
/private/tmp/metal-ast-macos-air64/src/cx/texm_114.metal,19
/private/tmp/metal-ast-macos-air64/src/cx/texm_117.metal,19
/private/tmp/metal-ast-macos-air64/src/cx/texm_118.metal,19
/private/tmp/metal-ast-macos-air64/src/cx/texm_119.metal,19
/private/tmp/metal-ast-macos-air64/src/cx/texm_120.metal,19
/private/tmp/metal-ast-macos-air64/src/cx/texm_121.metal,19
/private/tmp/metal-ast-macos-air64/src/cx/texm_122.metal,19
/private/tmp/metal-ast-macos-air64/src/cx/texm_125.metal,19
/private/tmp/metal-ast-macos-air64/src/cx/texm_126.metal,19
/private/tmp/metal-ast-macos-air64/src/cx/texm_127.metal,19
/private/tmp/metal-ast-macos-air64/src/cx/texm_128.metal,19
/private/tmp/metal-ast-macos-air64/src/cx/texm_129.metal,19
/private/tmp/metal-ast-macos-air64/src/cx/texm_130.metal,19
/private/tmp/metal-ast-macos-air64/src/cx/texm_133.metal,19
/private/tmp/metal-ast-macos-air64/src/cx/texm_134.metal,19
/private/tmp/metal-ast-macos-air64/src/cx/texm_135.metal,19
/private/tmp/metal-ast-macos-air64/src/cx/texm_136.metal,19
/private/tmp/metal-ast-macos-air64/src/cx/texm_137.metal,19
/private/tmp/metal-ast-macos-air64/src/cx/texm_138.metal,19
/private/tmp/metal-ast-macos-air64/src/cx/texm_141.metal,19
/private/tmp/metal-ast-macos-air64/src/cx/texm_142.metal,19
/private/tmp/metal-ast-macos-air64/src/cx/texm_143.metal,19
/private/tmp/metal-ast-macos-air64/src/cx/texm_144.metal,19
/private/tmp/metal-ast-macos-air64/src/cx/texm_145.metal,19
/private/tmp/metal-ast-macos-air64/src/cx/texm_146.metal,19
/private/tmp/metal-ast-macos-air64/src/cx/texm_149.metal,19
/private/tmp/metal-ast-macos-air64/src/cx/texm_151.metal,19
/private/tmp/metal-ast-macos-air64/src/cx/texm_152.metal,19
/private/tmp/metal-ast-macos-air64/src/cx/texm_153.metal,19
/private/tmp/metal-ast-macos-air64/src/cx/texm_156.metal,19
/private/tmp/metal-ast-macos-air64/src/cx/texm_158.metal,19
/private/tmp/metal-ast-macos-air64/src/cx/texm_159.metal,19
/private/tmp/metal-ast-macos-air64/src/cx/texm_160.metal,19
/private/tmp/metal-ast-macos-air64/src/cx/texm_163.metal,19
/private/tmp/metal-ast-macos-air64/src/cx/texm_165.metal,19
/private/tmp/metal-ast-macos-air64/src/cx/texm_166.metal,19
/private/tmp/metal-ast-macos-air64/src/cx/texm_167.metal,19
/private/tmp/metal-ast-macos-air64/src/cx/texm_170.metal,19
/private/tmp/metal-ast-macos-air64/src/cx/texq_172.metal,19
/private/tmp/metal-ast-macos-air64/src/cx/texq_173.metal,19
/private/tmp/metal-ast-macos-air64/src/cx/texq_174.metal,19
/private/tmp/metal-ast-macos-air64/src/cx/texq_175.metal,19
/private/tmp/metal-ast-macos-air64/src/cx/texq_176.metal,19
/private/tmp/metal-ast-macos-air64/src/cx/texq_177.metal,19
/private/tmp/metal-ast-macos-air64/src/cx/texq_178.metal,19
/private/tmp/metal-ast-macos-air64/src/cx/texq_179.metal,19
/private/tmp/metal-ast-macos-air64/src/cx/texq_181.metal,19
/private/tmp/metal-ast-macos-air64/src/cx/texq_182.metal,19
/private/tmp/metal-ast-macos-air64/src/cx/texq_183.metal,19
/private/tmp/metal-ast-macos-air64/src/cx/texq_184.metal,19
/private/tmp/metal-ast-macos-air64/src/cx/texq_185.metal,19
/private/tmp/metal-ast-macos-air64/src/cx/texq_186.metal,19
/private/tmp/metal-ast-macos-air64/src/cx/texq_187.metal,19
/private/tmp/metal-ast-macos-air64/src/cx/texq_188.metal,19
/private/tmp/metal-ast-macos-air64/src/cx/threadgroup_tg_alignas.metal,19
/private/tmp/metal-ast-macos-air64/src/cx/threadgroup_tg_array_large.metal,19
/private/tmp/metal-ast-macos-air64/src/cx/threadgroup_tg_array_small.metal,19
/private/tmp/metal-ast-macos-air64/src/cx/threadgroup_tg_atomic.metal,19
/private/tmp/metal-ast-macos-air64/src/cx/threadgroup_tg_dynamic_index.metal,19
/private/tmp/metal-ast-macos-air64/src/cx/threadgroup_tg_multiple_arrays.metal,19
/private/tmp/metal-ast-macos-air64/src/cx/threadgroup_tg_prefix_sum.metal,19
/private/tmp/metal-ast-macos-air64/src/cx/threadgroup_tg_scalar.metal,19
/private/tmp/metal-ast-macos-air64/src/cx/threadgroup_tg_struct.metal,19
/private/tmp/metal-ast-macos-air64/src/cx/type_bool_to_int.metal,19
/private/tmp/metal-ast-macos-air64/src/cx/type_float2_to_scalar.metal,19
/private/tmp/metal-ast-macos-air64/src/cx/type_float3_to_scalar.metal,19
/private/tmp/metal-ast-macos-air64/src/cx/type_float4_to_scalar.metal,19
/private/tmp/metal-ast-macos-air64/src/cx/type_half2_to_scalar.metal,19
/private/tmp/metal-ast-macos-air64/src/cx/type_half3_to_scalar.metal,19
/private/tmp/metal-ast-macos-air64/src/cx/type_half4_to_scalar.metal,19
/private/tmp/metal-ast-macos-air64/src/cx/type_implicit_bool_to_char.metal,19
/private/tmp/metal-ast-macos-air64/src/cx/type_implicit_bool_to_float.metal,19
/private/tmp/metal-ast-macos-air64/src/cx/type_implicit_bool_to_half.metal,19
/private/tmp/metal-ast-macos-air64/src/cx/type_implicit_bool_to_int.metal,19
/private/tmp/metal-ast-macos-air64/src/cx/type_implicit_bool_to_short.metal,19
/private/tmp/metal-ast-macos-air64/src/cx/type_implicit_bool_to_uchar.metal,19
/private/tmp/metal-ast-macos-air64/src/cx/type_implicit_bool_to_uint.metal,19
/private/tmp/metal-ast-macos-air64/src/cx/type_implicit_bool_to_ushort.metal,19
/private/tmp/metal-ast-macos-air64/src/cx/type_implicit_char_to_bool.metal,19
/private/tmp/metal-ast-macos-air64/src/cx/type_implicit_char_to_float.metal,19
/private/tmp/metal-ast-macos-air64/src/cx/type_implicit_char_to_half.metal,19
/private/tmp/metal-ast-macos-air64/src/cx/type_implicit_char_to_int.metal,19
/private/tmp/metal-ast-macos-air64/src/cx/type_implicit_char_to_short.metal,19
/private/tmp/metal-ast-macos-air64/src/cx/type_implicit_char_to_uchar.metal,19
/private/tmp/metal-ast-macos-air64/src/cx/type_implicit_char_to_uint.metal,19
/private/tmp/metal-ast-macos-air64/src/cx/type_implicit_char_to_ushort.metal,19
/private/tmp/metal-ast-macos-air64/src/cx/type_implicit_float4_to_float3.metal,19
/private/tmp/metal-ast-macos-air64/src/cx/type_implicit_float_to_bool.metal,19
/private/tmp/metal-ast-macos-air64/src/cx/type_implicit_float_to_char.metal,19
/private/tmp/metal-ast-macos-air64/src/cx/type_implicit_float_to_half.metal,19
/private/tmp/metal-ast-macos-air64/src/cx/type_implicit_float_to_int.metal,19
/private/tmp/metal-ast-macos-air64/src/cx/type_implicit_float_to_short.metal,19
/private/tmp/metal-ast-macos-air64/src/cx/type_implicit_float_to_uchar.metal,19
/private/tmp/metal-ast-macos-air64/src/cx/type_implicit_float_to_uint.metal,19
/private/tmp/metal-ast-macos-air64/src/cx/type_implicit_float_to_ushort.metal,19
/private/tmp/metal-ast-macos-air64/src/cx/type_implicit_half4_to_half3.metal,19
/private/tmp/metal-ast-macos-air64/src/cx/type_implicit_half_to_bool.metal,19
/private/tmp/metal-ast-macos-air64/src/cx/type_implicit_half_to_char.metal,19
/private/tmp/metal-ast-macos-air64/src/cx/type_implicit_half_to_float.metal,19
/private/tmp/metal-ast-macos-air64/src/cx/type_implicit_half_to_int.metal,19
/private/tmp/metal-ast-macos-air64/src/cx/type_implicit_half_to_short.metal,19
/private/tmp/metal-ast-macos-air64/src/cx/type_implicit_half_to_uchar.metal,19
/private/tmp/metal-ast-macos-air64/src/cx/type_implicit_half_to_uint.metal,19
/private/tmp/metal-ast-macos-air64/src/cx/type_implicit_half_to_ushort.metal,19
/private/tmp/metal-ast-macos-air64/src/cx/type_implicit_int4_to_int3.metal,19
/private/tmp/metal-ast-macos-air64/src/cx/type_implicit_int_to_bool.metal,19
/private/tmp/metal-ast-macos-air64/src/cx/type_implicit_int_to_char.metal,19
/private/tmp/metal-ast-macos-air64/src/cx/type_implicit_int_to_float.metal,19
/private/tmp/metal-ast-macos-air64/src/cx/type_implicit_int_to_half.metal,19
/private/tmp/metal-ast-macos-air64/src/cx/type_implicit_int_to_short.metal,19
/private/tmp/metal-ast-macos-air64/src/cx/type_implicit_int_to_uchar.metal,19
/private/tmp/metal-ast-macos-air64/src/cx/type_implicit_int_to_uint.metal,19
/private/tmp/metal-ast-macos-air64/src/cx/type_implicit_int_to_ushort.metal,19
/private/tmp/metal-ast-macos-air64/src/cx/type_implicit_short_to_bool.metal,19
/private/tmp/metal-ast-macos-air64/src/cx/type_implicit_short_to_char.metal,19
/private/tmp/metal-ast-macos-air64/src/cx/type_implicit_short_to_float.metal,19
/private/tmp/metal-ast-macos-air64/src/cx/type_implicit_short_to_half.metal,19
/private/tmp/metal-ast-macos-air64/src/cx/type_implicit_short_to_int.metal,19
/private/tmp/metal-ast-macos-air64/src/cx/type_implicit_short_to_uchar.metal,19
/private/tmp/metal-ast-macos-air64/src/cx/type_implicit_short_to_uint.metal,19
/private/tmp/metal-ast-macos-air64/src/cx/type_implicit_short_to_ushort.metal,19
/private/tmp/metal-ast-macos-air64/src/cx/type_implicit_uchar_to_bool.metal,19
/private/tmp/metal-ast-macos-air64/src/cx/type_implicit_uchar_to_char.metal,19
/private/tmp/metal-ast-macos-air64/src/cx/type_implicit_uchar_to_float.metal,19
/private/tmp/metal-ast-macos-air64/src/cx/type_implicit_uchar_to_half.metal,19
/private/tmp/metal-ast-macos-air64/src/cx/type_implicit_uchar_to_int.metal,19
/private/tmp/metal-ast-macos-air64/src/cx/type_implicit_uchar_to_short.metal,19
/private/tmp/metal-ast-macos-air64/src/cx/type_implicit_uchar_to_uint.metal,19
/private/tmp/metal-ast-macos-air64/src/cx/type_implicit_uchar_to_ushort.metal,19
/private/tmp/metal-ast-macos-air64/src/cx/type_implicit_uint4_to_uint3.metal,19
/private/tmp/metal-ast-macos-air64/src/cx/type_implicit_uint_to_bool.metal,19
/private/tmp/metal-ast-macos-air64/src/cx/type_implicit_uint_to_char.metal,19
/private/tmp/metal-ast-macos-air64/src/cx/type_implicit_uint_to_float.metal,19
/private/tmp/metal-ast-macos-air64/src/cx/type_implicit_uint_to_half.metal,19
/private/tmp/metal-ast-macos-air64/src/cx/type_implicit_uint_to_int.metal,19
/private/tmp/metal-ast-macos-air64/src/cx/type_implicit_uint_to_short.metal,19
/private/tmp/metal-ast-macos-air64/src/cx/type_implicit_uint_to_uchar.metal,19
/private/tmp/metal-ast-macos-air64/src/cx/type_implicit_uint_to_ushort.metal,19
/private/tmp/metal-ast-macos-air64/src/cx/type_implicit_ushort_to_bool.metal,19
/private/tmp/metal-ast-macos-air64/src/cx/type_implicit_ushort_to_char.metal,19
/private/tmp/metal-ast-macos-air64/src/cx/type_implicit_ushort_to_float.metal,19
/private/tmp/metal-ast-macos-air64/src/cx/type_implicit_ushort_to_half.metal,19
/private/tmp/metal-ast-macos-air64/src/cx/type_implicit_ushort_to_int.metal,19
/private/tmp/metal-ast-macos-air64/src/cx/type_implicit_ushort_to_short.metal,19
/private/tmp/metal-ast-macos-air64/src/cx/type_implicit_ushort_to_uchar.metal,19
/private/tmp/metal-ast-macos-air64/src/cx/type_implicit_ushort_to_uint.metal,19
/private/tmp/metal-ast-macos-air64/src/cx/type_int2_to_scalar.metal,19
/private/tmp/metal-ast-macos-air64/src/cx/type_int3_to_scalar.metal,19
/private/tmp/metal-ast-macos-air64/src/cx/type_int4_to_scalar.metal,19
/private/tmp/metal-ast-macos-air64/src/cx/type_int_to_bool.metal,19
/private/tmp/metal-ast-macos-air64/src/cx/type_nullptr_to_device_ptr.metal,19
/private/tmp/metal-ast-macos-air64/src/cx/type_nullptr_to_thread_ptr.metal,19
/private/tmp/metal-ast-macos-air64/src/cx/type_promote_half_float_add.metal,19
/private/tmp/metal-ast-macos-air64/src/cx/type_promote_int_uint_add.metal,19
/private/tmp/metal-ast-macos-air64/src/cx/type_scalar_to_float2.metal,19
/private/tmp/metal-ast-macos-air64/src/cx/type_scalar_to_float3.metal,19
/private/tmp/metal-ast-macos-air64/src/cx/type_scalar_to_float4.metal,19
/private/tmp/metal-ast-macos-air64/src/cx/type_scalar_to_half2.metal,19
/private/tmp/metal-ast-macos-air64/src/cx/type_scalar_to_half3.metal,19
/private/tmp/metal-ast-macos-air64/src/cx/type_scalar_to_half4.metal,19
/private/tmp/metal-ast-macos-air64/src/cx/type_scalar_to_int2.metal,19
/private/tmp/metal-ast-macos-air64/src/cx/type_scalar_to_int3.metal,19
/private/tmp/metal-ast-macos-air64/src/cx/type_scalar_to_int4.metal,19
/private/tmp/metal-ast-macos-air64/src/cx/type_scalar_to_uint2.metal,19
/private/tmp/metal-ast-macos-air64/src/cx/type_scalar_to_uint3.metal,19
/private/tmp/metal-ast-macos-air64/src/cx/type_scalar_to_uint4.metal,19
/private/tmp/metal-ast-macos-air64/src/cx/type_template_deduction_min.metal,19
/private/tmp/metal-ast-macos-air64/src/cx/type_uint2_to_scalar.metal,19
/private/tmp/metal-ast-macos-air64/src/cx/type_uint3_to_scalar.metal,19
/private/tmp/metal-ast-macos-air64/src/cx/type_uint4_to_scalar.metal,19
/private/tmp/metal-ast-macos-air64/src/cx/type_vec_scalar_mul_float2.metal,19
/private/tmp/metal-ast-macos-air64/src/cx/type_vec_scalar_mul_float3.metal,19
/private/tmp/metal-ast-macos-air64/src/cx/type_vec_scalar_mul_float4.metal,19
/private/tmp/metal-ast-macos-air64/src/cx/type_vec_scalar_mul_half2.metal,19
/private/tmp/metal-ast-macos-air64/src/cx/type_vec_scalar_mul_half3.metal,19
/private/tmp/metal-ast-macos-air64/src/cx/type_vec_scalar_mul_half4.metal,19
/private/tmp/metal-ast-macos-air64/src/cx/vis_default.metal,19
/private/tmp/metal-ast-macos-air64/src/cx/vis_export_name.metal,19
/private/tmp/metal-ast-macos-air64/src/cx/vis_internal.metal,19
/private/tmp/metal-ast-macos-air64/src/cx/vis_multiple_visible.metal,19
/private/tmp/metal-ast-macos-air64/src/cx/vis_template_visible.metal,19
/private/tmp/metal-ast-macos-air64/src/cx/vis_visible.metal,19
/private/tmp/metal-ast-macos-air64/src/cx/warn_deprecated.metal,19
/private/tmp/metal-ast-macos-air64/src/cx/warn_div_zero.metal,19
/private/tmp/metal-ast-macos-air64/src/cx/warn_empty_body.metal,19
/private/tmp/metal-ast-macos-air64/src/cx/warn_extra_parens.metal,19
/private/tmp/metal-ast-macos-air64/src/cx/warn_fallthrough.metal,19
/private/tmp/metal-ast-macos-air64/src/cx/warn_infinite_loop.metal,19
/private/tmp/metal-ast-macos-air64/src/cx/warn_missing_braces.metal,19
/private/tmp/metal-ast-macos-air64/src/cx/warn_narrowing.metal,19
/private/tmp/metal-ast-macos-air64/src/cx/warn_self_assign.metal,19
/private/tmp/metal-ast-macos-air64/src/cx/warn_shadow.metal,19
/private/tmp/metal-ast-macos-air64/src/cx/warn_shift_overflow.metal,19
/private/tmp/metal-ast-macos-air64/src/cx/warn_sign_compare.metal,19
/private/tmp/metal-ast-macos-air64/src/cx/warn_unreachable.metal,19
/private/tmp/metal-ast-macos-air64/src/cx/warn_unused_var.metal,19
/private/tmp/metal-ast-tvos-air32/src/cx/builtin_raytracing.metal,19
/private/tmp/metal-ast-tvos-air32/src/cx/builtin_tex_03.metal,19
/private/tmp/metal-ast-tvos-air32/src/cx/builtin_tex_04.metal,19
/private/tmp/metal-ast-tvos-air32/src/cx/builtin_tex_05.metal,19
/private/tmp/metal-ast-tvos-air32/src/cx/builtin_tex_06.metal,19
/private/tmp/metal-ast-tvos-air32/src/cx/builtin_tex_07.metal,19
/private/tmp/metal-ast-tvos-air32/src/cx/builtin_tex_08.metal,19
/private/tmp/metal-ast-tvos-air32/src/cx/builtin_tex_13.metal,19
/private/tmp/metal-ast-tvos-air32/src/cx/builtin_tex_14.metal,19
/private/tmp/metal-ast-tvos-air32/src/cx/builtin_tex_15.metal,19
/private/tmp/metal-ast-tvos-air32/src/cx/builtin_tex_16.metal,19
/private/tmp/metal-ast-tvos-air32/src/cx/conv_000.metal,19
/private/tmp/metal-ast-tvos-air32/src/cx/conv_001.metal,19
/private/tmp/metal-ast-tvos-air32/src/cx/conv_002.metal,19
/private/tmp/metal-ast-tvos-air32/src/cx/conv_003.metal,19
/private/tmp/metal-ast-tvos-air32/src/cx/conv_004.metal,19
/private/tmp/metal-ast-tvos-air32/src/cx/conv_005.metal,19
/private/tmp/metal-ast-tvos-air32/src/cx/conv_006.metal,19
/private/tmp/metal-ast-tvos-air32/src/cx/conv_007.metal,19
/private/tmp/metal-ast-tvos-air32/src/cx/conv_008.metal,19
/private/tmp/metal-ast-tvos-air32/src/cx/conv_009.metal,19
/private/tmp/metal-ast-tvos-air32/src/cx/conv_010.metal,19
/private/tmp/metal-ast-tvos-air32/src/cx/conv_011.metal,19
/private/tmp/metal-ast-tvos-air32/src/cx/conv_012.metal,19
/private/tmp/metal-ast-tvos-air32/src/cx/conv_013.metal,19
/private/tmp/metal-ast-tvos-air32/src/cx/conv_014.metal,19
/private/tmp/metal-ast-tvos-air32/src/cx/conv_015.metal,19
/private/tmp/metal-ast-tvos-air32/src/cx/conv_016.metal,19
/private/tmp/metal-ast-tvos-air32/src/cx/conv_017.metal,19
/private/tmp/metal-ast-tvos-air32/src/cx/conv_018.metal,19
/private/tmp/metal-ast-tvos-air32/src/cx/conv_019.metal,19
/private/tmp/metal-ast-tvos-air32/src/cx/conv_020.metal,19
/private/tmp/metal-ast-tvos-air32/src/cx/conv_021.metal,19
/private/tmp/metal-ast-tvos-air32/src/cx/conv_022.metal,19
/private/tmp/metal-ast-tvos-air32/src/cx/conv_023.metal,19
/private/tmp/metal-ast-tvos-air32/src/cx/conv_024.metal,19
/private/tmp/metal-ast-tvos-air32/src/cx/conv_025.metal,19
/private/tmp/metal-ast-tvos-air32/src/cx/conv_026.metal,19
/private/tmp/metal-ast-tvos-air32/src/cx/conv_027.metal,19
/private/tmp/metal-ast-tvos-air32/src/cx/conv_028.metal,19
/private/tmp/metal-ast-tvos-air32/src/cx/conv_029.metal,19
/private/tmp/metal-ast-tvos-air32/src/cx/conv_030.metal,19
/private/tmp/metal-ast-tvos-air32/src/cx/conv_031.metal,19
/private/tmp/metal-ast-tvos-air32/src/cx/conv_032.metal,19
/private/tmp/metal-ast-tvos-air32/src/cx/conv_033.metal,19
/private/tmp/metal-ast-tvos-air32/src/cx/conv_034.metal,19
/private/tmp/metal-ast-tvos-air32/src/cx/conv_035.metal,19
/private/tmp/metal-ast-tvos-air32/src/cx/conv_036.metal,19
/private/tmp/metal-ast-tvos-air32/src/cx/conv_037.metal,19
/private/tmp/metal-ast-tvos-air32/src/cx/conv_038.metal,19
/private/tmp/metal-ast-tvos-air32/src/cx/conv_039.metal,19
/private/tmp/metal-ast-tvos-air32/src/cx/conv_040.metal,19
/private/tmp/metal-ast-tvos-air32/src/cx/conv_041.metal,19
/private/tmp/metal-ast-tvos-air32/src/cx/conv_042.metal,19
/private/tmp/metal-ast-tvos-air32/src/cx/conv_043.metal,19
/private/tmp/metal-ast-tvos-air32/src/cx/conv_044.metal,19
/private/tmp/metal-ast-tvos-air32/src/cx/conv_045.metal,19
/private/tmp/metal-ast-tvos-air32/src/cx/conv_046.metal,19
/private/tmp/metal-ast-tvos-air32/src/cx/conv_047.metal,19
/private/tmp/metal-ast-tvos-air32/src/cx/conv_048.metal,19
/private/tmp/metal-ast-tvos-air32/src/cx/conv_049.metal,19
/private/tmp/metal-ast-tvos-air32/src/cx/conv_050.metal,19
/private/tmp/metal-ast-tvos-air32/src/cx/conv_051.metal,19
/private/tmp/metal-ast-tvos-air32/src/cx/conv_052.metal,19
/private/tmp/metal-ast-tvos-air32/src/cx/conv_053.metal,19
/private/tmp/metal-ast-tvos-air32/src/cx/conv_054.metal,19
/private/tmp/metal-ast-tvos-air32/src/cx/conv_055.metal,19
/private/tmp/metal-ast-tvos-air32/src/cx/conv_056.metal,19
/private/tmp/metal-ast-tvos-air32/src/cx/conv_057.metal,19
/private/tmp/metal-ast-tvos-air32/src/cx/conv_058.metal,19
/private/tmp/metal-ast-tvos-air32/src/cx/conv_059.metal,19
/private/tmp/metal-ast-tvos-air32/src/cx/conv_060.metal,19
/private/tmp/metal-ast-tvos-air32/src/cx/conv_061.metal,19
/private/tmp/metal-ast-tvos-air32/src/cx/conv_062.metal,19
/private/tmp/metal-ast-tvos-air32/src/cx/conv_063.metal,19
/private/tmp/metal-ast-tvos-air32/src/cx/conv_064.metal,19
/private/tmp/metal-ast-tvos-air32/src/cx/conv_065.metal,19
/private/tmp/metal-ast-tvos-air32/src/cx/conv_066.metal,19
/private/tmp/metal-ast-tvos-air32/src/cx/conv_067.metal,19
/private/tmp/metal-ast-tvos-air32/src/cx/conv_068.metal,19
/private/tmp/metal-ast-tvos-air32/src/cx/conv_069.metal,19
/private/tmp/metal-ast-tvos-air32/src/cx/conv_070.metal,19
/private/tmp/metal-ast-tvos-air32/src/cx/conv_071.metal,19
/private/tmp/metal-ast-tvos-air32/src/cx/conv_072.metal,19
/private/tmp/metal-ast-tvos-air32/src/cx/conv_073.metal,19
/private/tmp/metal-ast-tvos-air32/src/cx/conv_074.metal,19
/private/tmp/metal-ast-tvos-air32/src/cx/conv_075.metal,19
/private/tmp/metal-ast-tvos-air32/src/cx/conv_076.metal,19
/private/tmp/metal-ast-tvos-air32/src/cx/conv_077.metal,19
/private/tmp/metal-ast-tvos-air32/src/cx/conv_078.metal,19
/private/tmp/metal-ast-tvos-air32/src/cx/conv_079.metal,19
/private/tmp/metal-ast-tvos-air32/src/cx/conv_080.metal,19
/private/tmp/metal-ast-tvos-air32/src/cx/conv_081.metal,19
/private/tmp/metal-ast-tvos-air32/src/cx/conv_082.metal,19
/private/tmp/metal-ast-tvos-air32/src/cx/conv_083.metal,19
/private/tmp/metal-ast-tvos-air32/src/cx/conv_084.metal,19
/private/tmp/metal-ast-tvos-air32/src/cx/conv_085.metal,19
/private/tmp/metal-ast-tvos-air32/src/cx/conv_086.metal,19
/private/tmp/metal-ast-tvos-air32/src/cx/conv_087.metal,19
/private/tmp/metal-ast-tvos-air32/src/cx/conv_088.metal,19
/private/tmp/metal-ast-tvos-air32/src/cx/conv_089.metal,19
/private/tmp/metal-ast-tvos-air32/src/cx/conv_090.metal,19
/private/tmp/metal-ast-tvos-air32/src/cx/conv_091.metal,19
/private/tmp/metal-ast-tvos-air32/src/cx/conv_092.metal,19
/private/tmp/metal-ast-tvos-air32/src/cx/conv_093.metal,19
/private/tmp/metal-ast-tvos-air32/src/cx/conv_094.metal,19
/private/tmp/metal-ast-tvos-air32/src/cx/conv_095.metal,19
/private/tmp/metal-ast-tvos-air32/src/cx/conv_096.metal,19
/private/tmp/metal-ast-tvos-air32/src/cx/conv_097.metal,19
/private/tmp/metal-ast-tvos-air32/src/cx/conv_098.metal,19
/private/tmp/metal-ast-tvos-air32/src/cx/conv_099.metal,19
/private/tmp/metal-ast-tvos-air32/src/cx/conv_100.metal,19
/private/tmp/metal-ast-tvos-air32/src/cx/conv_101.metal,19
/private/tmp/metal-ast-tvos-air32/src/cx/conv_102.metal,19
/private/tmp/metal-ast-tvos-air32/src/cx/conv_103.metal,19
/private/tmp/metal-ast-tvos-air32/src/cx/conv_104.metal,19
/private/tmp/metal-ast-tvos-air32/src/cx/conv_105.metal,19
/private/tmp/metal-ast-tvos-air32/src/cx/conv_106.metal,19
/private/tmp/metal-ast-tvos-air32/src/cx/conv_107.metal,19
/private/tmp/metal-ast-tvos-air32/src/cx/conv_108.metal,19
/private/tmp/metal-ast-tvos-air32/src/cx/conv_109.metal,19
/private/tmp/metal-ast-tvos-air32/src/cx/conv_110.metal,19
/private/tmp/metal-ast-tvos-air32/src/cx/conv_111.metal,19
/private/tmp/metal-ast-tvos-air32/src/cx/conv_112.metal,19
/private/tmp/metal-ast-tvos-air32/src/cx/conv_113.metal,19
/private/tmp/metal-ast-tvos-air32/src/cx/conv_114.metal,19
/private/tmp/metal-ast-tvos-air32/src/cx/conv_115.metal,19
/private/tmp/metal-ast-tvos-air32/src/cx/conv_116.metal,19
/private/tmp/metal-ast-tvos-air32/src/cx/conv_117.metal,19
/private/tmp/metal-ast-tvos-air32/src/cx/conv_118.metal,19
/private/tmp/metal-ast-tvos-air32/src/cx/conv_119.metal,19
/private/tmp/metal-ast-tvos-air32/src/cx/conv_120.metal,19
/private/tmp/metal-ast-tvos-air32/src/cx/conv_121.metal,19
/private/tmp/metal-ast-tvos-air32/src/cx/conv_122.metal,19
/private/tmp/metal-ast-tvos-air32/src/cx/conv_123.metal,19
/private/tmp/metal-ast-tvos-air32/src/cx/conv_124.metal,19
/private/tmp/metal-ast-tvos-air32/src/cx/conv_125.metal,19
/private/tmp/metal-ast-tvos-air32/src/cx/conv_126.metal,19
/private/tmp/metal-ast-tvos-air32/src/cx/conv_127.metal,19
/private/tmp/metal-ast-tvos-air32/src/cx/conv_128.metal,19
/private/tmp/metal-ast-tvos-air32/src/cx/conv_129.metal,19
/private/tmp/metal-ast-tvos-air32/src/cx/conv_130.metal,19
/private/tmp/metal-ast-tvos-air32/src/cx/conv_131.metal,19
/private/tmp/metal-ast-tvos-air32/src/cx/conv_132.metal,19
/private/tmp/metal-ast-tvos-air32/src/cx/conv_133.metal,19
/private/tmp/metal-ast-tvos-air32/src/cx/conv_134.metal,19
/private/tmp/metal-ast-tvos-air32/src/cx/conv_135.metal,19
/private/tmp/metal-ast-tvos-air32/src/cx/conv_136.metal,19
/private/tmp/metal-ast-tvos-air32/src/cx/conv_137.metal,19
/private/tmp/metal-ast-tvos-air32/src/cx/conv_138.metal,19
/private/tmp/metal-ast-tvos-air32/src/cx/conv_139.metal,19
/private/tmp/metal-ast-tvos-air32/src/cx/conv_140.metal,19
/private/tmp/metal-ast-tvos-air32/src/cx/conv_141.metal,19
/private/tmp/metal-ast-tvos-air32/src/cx/conv_142.metal,19
/private/tmp/metal-ast-tvos-air32/src/cx/conv_143.metal,19
/private/tmp/metal-ast-tvos-air32/src/cx/conv_144.metal,19
/private/tmp/metal-ast-tvos-air32/src/cx/conv_145.metal,19
/private/tmp/metal-ast-tvos-air32/src/cx/conv_146.metal,19
/private/tmp/metal-ast-tvos-air32/src/cx/conv_147.metal,19
/private/tmp/metal-ast-tvos-air32/src/cx/conv_148.metal,19
/private/tmp/metal-ast-tvos-air32/src/cx/conv_149.metal,19
/private/tmp/metal-ast-tvos-air32/src/cx/conv_150.metal,19
/private/tmp/metal-ast-tvos-air32/src/cx/conv_151.metal,19
/private/tmp/metal-ast-tvos-air32/src/cx/conv_152.metal,19
/private/tmp/metal-ast-tvos-air32/src/cx/conv_153.metal,19
/private/tmp/metal-ast-tvos-air32/src/cx/conv_154.metal,19
/private/tmp/metal-ast-tvos-air32/src/cx/conv_155.metal,19
/private/tmp/metal-ast-tvos-air32/src/cx/conv_156.metal,19
/private/tmp/metal-ast-tvos-air32/src/cx/conv_157.metal,19
/private/tmp/metal-ast-tvos-air32/src/cx/conv_158.metal,19
/private/tmp/metal-ast-tvos-air32/src/cx/conv_159.metal,19
/private/tmp/metal-ast-tvos-air32/src/cx/conv_160.metal,19
/private/tmp/metal-ast-tvos-air32/src/cx/conv_161.metal,19
/private/tmp/metal-ast-tvos-air32/src/cx/conv_162.metal,19
/private/tmp/metal-ast-tvos-air32/src/cx/conv_163.metal,19
/private/tmp/metal-ast-tvos-air32/src/cx/conv_164.metal,19
/private/tmp/metal-ast-tvos-air32/src/cx/conv_165.metal,19
/private/tmp/metal-ast-tvos-air32/src/cx/conv_166.metal,19
/private/tmp/metal-ast-tvos-air32/src/cx/conv_167.metal,19
/private/tmp/metal-ast-tvos-air32/src/cx/conv_168.metal,19
/private/tmp/metal-ast-tvos-air32/src/cx/conv_169.metal,19
/private/tmp/metal-ast-tvos-air32/src/cx/conv_170.metal,19
/private/tmp/metal-ast-tvos-air32/src/cx/conv_171.metal,19
/private/tmp/metal-ast-tvos-air32/src/cx/conv_172.metal,19
/private/tmp/metal-ast-tvos-air32/src/cx/conv_173.metal,19
/private/tmp/metal-ast-tvos-air32/src/cx/conv_174.metal,19
/private/tmp/metal-ast-tvos-air32/src/cx/conv_175.metal,19
/private/tmp/metal-ast-tvos-air32/src/cx/conv_176.metal,19
/private/tmp/metal-ast-tvos-air32/src/cx/conv_177.metal,19
/private/tmp/metal-ast-tvos-air32/src/cx/conv_178.metal,19
/private/tmp/metal-ast-tvos-air32/src/cx/conv_179.metal,19
/private/tmp/metal-ast-tvos-air32/src/cx/conv_182.metal,19
/private/tmp/metal-ast-tvos-air32/src/cx/conv_183.metal,19
/private/tmp/metal-ast-tvos-air32/src/cx/cxx_003_exception_throw.metal,19
/private/tmp/metal-ast-tvos-air32/src/cx/cxx_011_variadic_template.metal,19
/private/tmp/metal-ast-tvos-air32/src/cx/cxx_012_fold_expression.metal,19
/private/tmp/metal-ast-tvos-air32/src/cx/cxx_013_structured_binding.metal,19
/private/tmp/metal-ast-tvos-air32/src/cx/cxx_014_if_constexpr.metal,19
/private/tmp/metal-ast-tvos-air32/src/cx/cxx_015_namespace_alias.metal,19
/private/tmp/metal-ast-tvos-air32/src/cx/cxx_016_using_declaration.metal,19
/private/tmp/metal-ast-tvos-air32/src/cx/cxx_017_enum_class.metal,19
/private/tmp/metal-ast-tvos-air32/src/cx/cxx_018_bitfield_struct.metal,19
/private/tmp/metal-ast-tvos-air32/src/cx/cxx_020_pointer_arithmetic.metal,19
/private/tmp/metal-ast-tvos-air32/src/cx/cxx_022_member_pointer.metal,19
/private/tmp/metal-ast-tvos-air32/src/cx/cxx_024_sfinae_enable_if.metal,19
/private/tmp/metal-ast-tvos-air32/src/cx/cxx_025_constexpr_function.metal,19
/private/tmp/metal-ast-tvos-air32/src/cx/cxx_026_static_assert_test.metal,19
/private/tmp/metal-ast-tvos-air32/src/cx/cxx_027_operator_overload.metal,19
/private/tmp/metal-ast-tvos-air32/src/cx/cxx_as_type_reinterpret.metal,19
/private/tmp/metal-ast-tvos-air32/src/cx/cxx_auto_decltype.metal,19
/private/tmp/metal-ast-tvos-air32/src/cx/cxx_constexpr_fn.metal,19
/private/tmp/metal-ast-tvos-air32/src/cx/cxx_default_arg.metal,19
/private/tmp/metal-ast-tvos-air32/src/cx/cxx_namespace_using.metal,19
/private/tmp/metal-ast-tvos-air32/src/cx/cxx_operator_overload.metal,19
/private/tmp/metal-ast-tvos-air32/src/cx/cxx_overload_addrspace.metal,19
/private/tmp/metal-ast-tvos-air32/src/cx/cxx_overload_types.metal,19
/private/tmp/metal-ast-tvos-air32/src/cx/cxx_sfinae_enable_if.metal,19
/private/tmp/metal-ast-tvos-air32/src/cx/cxx_template_class_spec.metal,19
/private/tmp/metal-ast-tvos-air32/src/cx/cxx_template_fn_explicit.metal,19
/private/tmp/metal-ast-tvos-air32/src/cx/determ_basic.metal,19
/private/tmp/metal-ast-tvos-air32/src/cx/determ_control_flow.metal,19
/private/tmp/metal-ast-tvos-air32/src/cx/determ_multi_func.metal,19
/private/tmp/metal-ast-tvos-air32/src/cx/determ_template.metal,19
/private/tmp/metal-ast-tvos-air32/src/cx/edge_1000_kernels.metal,19
/private/tmp/metal-ast-tvos-air32/src/cx/edge_deep_call.metal,19
/private/tmp/metal-ast-tvos-air32/src/cx/edge_deep_template.metal,19
/private/tmp/metal-ast-tvos-air32/src/cx/edge_div_zero.metal,19
/private/tmp/metal-ast-tvos-air32/src/cx/edge_empty.metal,19
/private/tmp/metal-ast-tvos-air32/src/cx/edge_infinity.metal,19
/private/tmp/metal-ast-tvos-air32/src/cx/edge_large_array.metal,19
/private/tmp/metal-ast-tvos-air32/src/cx/edge_long_identifier.metal,19
/private/tmp/metal-ast-tvos-air32/src/cx/edge_max_buffers.metal,19
/private/tmp/metal-ast-tvos-air32/src/cx/edge_nan.metal,19
/private/tmp/metal-ast-tvos-air32/src/cx/edge_oob_access.metal,19
/private/tmp/metal-ast-tvos-air32/src/cx/edge_overflow.metal,19
/private/tmp/metal-ast-tvos-air32/src/cx/edge_underflow.metal,19
/private/tmp/metal-ast-tvos-air32/src/cx/edge_uninit_var.metal,19
/private/tmp/metal-ast-tvos-air32/src/cx/err_as_texture_cast.metal,19
/private/tmp/metal-ast-tvos-air32/src/cx/err_attr_frag_int_return.metal,19
/private/tmp/metal-ast-tvos-air32/src/cx/err_cf_recursion.metal,19
/private/tmp/metal-ast-tvos-air32/src/cx/err_tex_depth_gather.metal,19
/private/tmp/metal-ast-tvos-air32/src/cx/err_type_assign_float_to_int.metal,19
/private/tmp/metal-ast-tvos-air32/src/cx/err_type_implicit_narrowing.metal,19
/private/tmp/metal-ast-tvos-air32/src/cx/has_feature_probe.metal,19
/private/tmp/metal-ast-tvos-air32/src/cx/io_vertex_clip_distance.metal,19
/private/tmp/metal-ast-tvos-air32/src/cx/io_vertex_point_size.metal,19
/private/tmp/metal-ast-tvos-air32/src/cx/io_vertex_pos_only.metal,19
/private/tmp/metal-ast-tvos-air32/src/cx/io_vertex_user_locn.metal,19
/private/tmp/metal-ast-tvos-air32/src/cx/multi_entry_2kernels.metal,19
/private/tmp/metal-ast-tvos-air32/src/cx/multi_entry_4kernels.metal,19
/private/tmp/metal-ast-tvos-air32/src/cx/multi_entry_shared_textures.metal,19
/private/tmp/metal-ast-tvos-air32/src/cx/multi_entry_with_helpers.metal,19
/private/tmp/metal-ast-tvos-air32/src/cx/object_payload.metal,19
/private/tmp/metal-ast-tvos-air32/src/cx/repr_bool_scalar.metal,19
/private/tmp/metal-ast-tvos-air32/src/cx/repr_half_arith.metal,19
/private/tmp/metal-ast-tvos-air32/src/cx/repr_long_ulong.metal,19
/private/tmp/metal-ast-tvos-air32/src/cx/res_buffer_constant.metal,19
/private/tmp/metal-ast-tvos-air32/src/cx/res_buffer_device.metal,19
/private/tmp/metal-ast-tvos-air32/src/cx/res_buffer_thread_addrspace.metal,19
/private/tmp/metal-ast-tvos-air32/src/cx/res_index_buffer15.metal,19
/private/tmp/metal-ast-tvos-air32/src/cx/res_index_buffer7.metal,19
/private/tmp/metal-ast-tvos-air32/src/cx/res_threadgroup_alignas.metal,19
/private/tmp/metal-ast-tvos-air32/src/cx/texm_000.metal,19
/private/tmp/metal-ast-tvos-air32/src/cx/texm_001.metal,19
/private/tmp/metal-ast-tvos-air32/src/cx/texm_002.metal,19
/private/tmp/metal-ast-tvos-air32/src/cx/texm_003.metal,19
/private/tmp/metal-ast-tvos-air32/src/cx/texm_004.metal,19
/private/tmp/metal-ast-tvos-air32/src/cx/texm_005.metal,19
/private/tmp/metal-ast-tvos-air32/src/cx/texm_006.metal,19
/private/tmp/metal-ast-tvos-air32/src/cx/texm_007.metal,19
/private/tmp/metal-ast-tvos-air32/src/cx/texm_008.metal,19
/private/tmp/metal-ast-tvos-air32/src/cx/texm_009.metal,19
/private/tmp/metal-ast-tvos-air32/src/cx/texm_010.metal,19
/private/tmp/metal-ast-tvos-air32/src/cx/texm_011.metal,19
/private/tmp/metal-ast-tvos-air32/src/cx/texm_012.metal,19
/private/tmp/metal-ast-tvos-air32/src/cx/texm_013.metal,19
/private/tmp/metal-ast-tvos-air32/src/cx/texm_014.metal,19
/private/tmp/metal-ast-tvos-air32/src/cx/texm_015.metal,19
/private/tmp/metal-ast-tvos-air32/src/cx/texm_016.metal,19
/private/tmp/metal-ast-tvos-air32/src/cx/texm_017.metal,19
/private/tmp/metal-ast-tvos-air32/src/cx/texm_018.metal,19
/private/tmp/metal-ast-tvos-air32/src/cx/texm_019.metal,19
/private/tmp/metal-ast-tvos-air32/src/cx/texm_020.metal,19
/private/tmp/metal-ast-tvos-air32/src/cx/texm_021.metal,19
/private/tmp/metal-ast-tvos-air32/src/cx/texm_022.metal,19
/private/tmp/metal-ast-tvos-air32/src/cx/texm_023.metal,19
/private/tmp/metal-ast-tvos-air32/src/cx/texm_024.metal,19
/private/tmp/metal-ast-tvos-air32/src/cx/texm_025.metal,19
/private/tmp/metal-ast-tvos-air32/src/cx/texm_026.metal,19
/private/tmp/metal-ast-tvos-air32/src/cx/texm_027.metal,19
/private/tmp/metal-ast-tvos-air32/src/cx/texm_028.metal,19
/private/tmp/metal-ast-tvos-air32/src/cx/texm_029.metal,19
/private/tmp/metal-ast-tvos-air32/src/cx/texm_030.metal,19
/private/tmp/metal-ast-tvos-air32/src/cx/texm_031.metal,19
/private/tmp/metal-ast-tvos-air32/src/cx/texm_032.metal,19
/private/tmp/metal-ast-tvos-air32/src/cx/texm_033.metal,19
/private/tmp/metal-ast-tvos-air32/src/cx/texm_034.metal,19
/private/tmp/metal-ast-tvos-air32/src/cx/texm_035.metal,19
/private/tmp/metal-ast-tvos-air32/src/cx/texm_036.metal,19
/private/tmp/metal-ast-tvos-air32/src/cx/texm_037.metal,19
/private/tmp/metal-ast-tvos-air32/src/cx/texm_038.metal,19
/private/tmp/metal-ast-tvos-air32/src/cx/texm_039.metal,19
/private/tmp/metal-ast-tvos-air32/src/cx/texm_048.metal,19
/private/tmp/metal-ast-tvos-air32/src/cx/texm_058.metal,19
/private/tmp/metal-ast-tvos-air32/src/cx/texm_068.metal,19
/private/tmp/metal-ast-tvos-air32/src/cx/texm_078.metal,19
/private/tmp/metal-ast-tvos-air32/src/cx/texm_080.metal,19
/private/tmp/metal-ast-tvos-air32/src/cx/texm_085.metal,19
/private/tmp/metal-ast-tvos-air32/src/cx/texm_086.metal,19
/private/tmp/metal-ast-tvos-air32/src/cx/texm_087.metal,19
/private/tmp/metal-ast-tvos-air32/src/cx/texm_088.metal,19
/private/tmp/metal-ast-tvos-air32/src/cx/texm_093.metal,19
/private/tmp/metal-ast-tvos-air32/src/cx/texm_094.metal,19
/private/tmp/metal-ast-tvos-air32/src/cx/texm_095.metal,19
/private/tmp/metal-ast-tvos-air32/src/cx/texm_096.metal,19
/private/tmp/metal-ast-tvos-air32/src/cx/texm_101.metal,19
/private/tmp/metal-ast-tvos-air32/src/cx/texm_102.metal,19
/private/tmp/metal-ast-tvos-air32/src/cx/texm_103.metal,19
/private/tmp/metal-ast-tvos-air32/src/cx/texm_104.metal,19
/private/tmp/metal-ast-tvos-air32/src/cx/texm_109.metal,19
/private/tmp/metal-ast-tvos-air32/src/cx/texm_110.metal,19
/private/tmp/metal-ast-tvos-air32/src/cx/texm_111.metal,19
/private/tmp/metal-ast-tvos-air32/src/cx/texm_112.metal,19
/private/tmp/metal-ast-tvos-air32/src/cx/texm_113.metal,19
/private/tmp/metal-ast-tvos-air32/src/cx/texm_114.metal,19
/private/tmp/metal-ast-tvos-air32/src/cx/texm_117.metal,19
/private/tmp/metal-ast-tvos-air32/src/cx/texm_118.metal,19
/private/tmp/metal-ast-tvos-air32/src/cx/texm_119.metal,19
/private/tmp/metal-ast-tvos-air32/src/cx/texm_120.metal,19
/private/tmp/metal-ast-tvos-air32/src/cx/texm_121.metal,19
/private/tmp/metal-ast-tvos-air32/src/cx/texm_122.metal,19
/private/tmp/metal-ast-tvos-air32/src/cx/texm_125.metal,19
/private/tmp/metal-ast-tvos-air32/src/cx/texm_126.metal,19
/private/tmp/metal-ast-tvos-air32/src/cx/texm_127.metal,19
/private/tmp/metal-ast-tvos-air32/src/cx/texm_128.metal,19
/private/tmp/metal-ast-tvos-air32/src/cx/texm_129.metal,19
/private/tmp/metal-ast-tvos-air32/src/cx/texm_130.metal,19
/private/tmp/metal-ast-tvos-air32/src/cx/texm_133.metal,19
/private/tmp/metal-ast-tvos-air32/src/cx/texm_134.metal,19
/private/tmp/metal-ast-tvos-air32/src/cx/texm_135.metal,19
/private/tmp/metal-ast-tvos-air32/src/cx/texm_136.metal,19
/private/tmp/metal-ast-tvos-air32/src/cx/texm_137.metal,19
/private/tmp/metal-ast-tvos-air32/src/cx/texm_138.metal,19
/private/tmp/metal-ast-tvos-air32/src/cx/texm_141.metal,19
/private/tmp/metal-ast-tvos-air32/src/cx/texm_142.metal,19
/private/tmp/metal-ast-tvos-air32/src/cx/texm_143.metal,19
/private/tmp/metal-ast-tvos-air32/src/cx/texm_144.metal,19
/private/tmp/metal-ast-tvos-air32/src/cx/texm_145.metal,19
/private/tmp/metal-ast-tvos-air32/src/cx/texm_146.metal,19
/private/tmp/metal-ast-tvos-air32/src/cx/texm_151.metal,19
/private/tmp/metal-ast-tvos-air32/src/cx/texm_152.metal,19
/private/tmp/metal-ast-tvos-air32/src/cx/texm_153.metal,19
/private/tmp/metal-ast-tvos-air32/src/cx/texm_158.metal,19
/private/tmp/metal-ast-tvos-air32/src/cx/texm_159.metal,19
/private/tmp/metal-ast-tvos-air32/src/cx/texm_160.metal,19
/private/tmp/metal-ast-tvos-air32/src/cx/texm_165.metal,19
/private/tmp/metal-ast-tvos-air32/src/cx/texm_166.metal,19
/private/tmp/metal-ast-tvos-air32/src/cx/texm_167.metal,19
/private/tmp/metal-ast-tvos-air32/src/cx/texq_172.metal,19
/private/tmp/metal-ast-tvos-air32/src/cx/texq_173.metal,19
/private/tmp/metal-ast-tvos-air32/src/cx/texq_174.metal,19
/private/tmp/metal-ast-tvos-air32/src/cx/texq_175.metal,19
/private/tmp/metal-ast-tvos-air32/src/cx/texq_176.metal,19
/private/tmp/metal-ast-tvos-air32/src/cx/texq_177.metal,19
/private/tmp/metal-ast-tvos-air32/src/cx/texq_178.metal,19
/private/tmp/metal-ast-tvos-air32/src/cx/texq_179.metal,19
/private/tmp/metal-ast-tvos-air32/src/cx/texq_181.metal,19
/private/tmp/metal-ast-tvos-air32/src/cx/texq_182.metal,19
/private/tmp/metal-ast-tvos-air32/src/cx/texq_183.metal,19
/private/tmp/metal-ast-tvos-air32/src/cx/texq_184.metal,19
/private/tmp/metal-ast-tvos-air32/src/cx/texq_185.metal,19
/private/tmp/metal-ast-tvos-air32/src/cx/texq_186.metal,19
/private/tmp/metal-ast-tvos-air32/src/cx/texq_187.metal,19
/private/tmp/metal-ast-tvos-air32/src/cx/texq_188.metal,19
/private/tmp/metal-ast-tvos-air32/src/cx/threadgroup_tg_alignas.metal,19
/private/tmp/metal-ast-tvos-air32/src/cx/threadgroup_tg_array_large.metal,19
/private/tmp/metal-ast-tvos-air32/src/cx/threadgroup_tg_array_small.metal,19
/private/tmp/metal-ast-tvos-air32/src/cx/threadgroup_tg_atomic.metal,19
/private/tmp/metal-ast-tvos-air32/src/cx/threadgroup_tg_dynamic_index.metal,19
/private/tmp/metal-ast-tvos-air32/src/cx/threadgroup_tg_multiple_arrays.metal,19
/private/tmp/metal-ast-tvos-air32/src/cx/threadgroup_tg_prefix_sum.metal,19
/private/tmp/metal-ast-tvos-air32/src/cx/threadgroup_tg_scalar.metal,19
/private/tmp/metal-ast-tvos-air32/src/cx/threadgroup_tg_struct.metal,19
/private/tmp/metal-ast-tvos-air32/src/cx/type_bool_to_int.metal,19
/private/tmp/metal-ast-tvos-air32/src/cx/type_float2_to_scalar.metal,19
/private/tmp/metal-ast-tvos-air32/src/cx/type_float3_to_scalar.metal,19
/private/tmp/metal-ast-tvos-air32/src/cx/type_float4_to_scalar.metal,19
/private/tmp/metal-ast-tvos-air32/src/cx/type_half2_to_scalar.metal,19
/private/tmp/metal-ast-tvos-air32/src/cx/type_half3_to_scalar.metal,19
/private/tmp/metal-ast-tvos-air32/src/cx/type_half4_to_scalar.metal,19
/private/tmp/metal-ast-tvos-air32/src/cx/type_implicit_bool_to_char.metal,19
/private/tmp/metal-ast-tvos-air32/src/cx/type_implicit_bool_to_float.metal,19
/private/tmp/metal-ast-tvos-air32/src/cx/type_implicit_bool_to_half.metal,19
/private/tmp/metal-ast-tvos-air32/src/cx/type_implicit_bool_to_int.metal,19
/private/tmp/metal-ast-tvos-air32/src/cx/type_implicit_bool_to_short.metal,19
/private/tmp/metal-ast-tvos-air32/src/cx/type_implicit_bool_to_uchar.metal,19
/private/tmp/metal-ast-tvos-air32/src/cx/type_implicit_bool_to_uint.metal,19
/private/tmp/metal-ast-tvos-air32/src/cx/type_implicit_bool_to_ushort.metal,19
/private/tmp/metal-ast-tvos-air32/src/cx/type_implicit_char_to_bool.metal,19
/private/tmp/metal-ast-tvos-air32/src/cx/type_implicit_char_to_float.metal,19
/private/tmp/metal-ast-tvos-air32/src/cx/type_implicit_char_to_half.metal,19
/private/tmp/metal-ast-tvos-air32/src/cx/type_implicit_char_to_int.metal,19
/private/tmp/metal-ast-tvos-air32/src/cx/type_implicit_char_to_short.metal,19
/private/tmp/metal-ast-tvos-air32/src/cx/type_implicit_char_to_uchar.metal,19
/private/tmp/metal-ast-tvos-air32/src/cx/type_implicit_char_to_uint.metal,19
/private/tmp/metal-ast-tvos-air32/src/cx/type_implicit_char_to_ushort.metal,19
/private/tmp/metal-ast-tvos-air32/src/cx/type_implicit_float4_to_float3.metal,19
/private/tmp/metal-ast-tvos-air32/src/cx/type_implicit_float_to_bool.metal,19
/private/tmp/metal-ast-tvos-air32/src/cx/type_implicit_float_to_char.metal,19
/private/tmp/metal-ast-tvos-air32/src/cx/type_implicit_float_to_half.metal,19
/private/tmp/metal-ast-tvos-air32/src/cx/type_implicit_float_to_int.metal,19
/private/tmp/metal-ast-tvos-air32/src/cx/type_implicit_float_to_short.metal,19
/private/tmp/metal-ast-tvos-air32/src/cx/type_implicit_float_to_uchar.metal,19
/private/tmp/metal-ast-tvos-air32/src/cx/type_implicit_float_to_uint.metal,19
/private/tmp/metal-ast-tvos-air32/src/cx/type_implicit_float_to_ushort.metal,19
/private/tmp/metal-ast-tvos-air32/src/cx/type_implicit_half4_to_half3.metal,19
/private/tmp/metal-ast-tvos-air32/src/cx/type_implicit_half_to_bool.metal,19
/private/tmp/metal-ast-tvos-air32/src/cx/type_implicit_half_to_char.metal,19
/private/tmp/metal-ast-tvos-air32/src/cx/type_implicit_half_to_float.metal,19
/private/tmp/metal-ast-tvos-air32/src/cx/type_implicit_half_to_int.metal,19
/private/tmp/metal-ast-tvos-air32/src/cx/type_implicit_half_to_short.metal,19
/private/tmp/metal-ast-tvos-air32/src/cx/type_implicit_half_to_uchar.metal,19
/private/tmp/metal-ast-tvos-air32/src/cx/type_implicit_half_to_uint.metal,19
/private/tmp/metal-ast-tvos-air32/src/cx/type_implicit_half_to_ushort.metal,19
/private/tmp/metal-ast-tvos-air32/src/cx/type_implicit_int4_to_int3.metal,19
/private/tmp/metal-ast-tvos-air32/src/cx/type_implicit_int_to_bool.metal,19
/private/tmp/metal-ast-tvos-air32/src/cx/type_implicit_int_to_char.metal,19
/private/tmp/metal-ast-tvos-air32/src/cx/type_implicit_int_to_float.metal,19
/private/tmp/metal-ast-tvos-air32/src/cx/type_implicit_int_to_half.metal,19
/private/tmp/metal-ast-tvos-air32/src/cx/type_implicit_int_to_short.metal,19
/private/tmp/metal-ast-tvos-air32/src/cx/type_implicit_int_to_uchar.metal,19
/private/tmp/metal-ast-tvos-air32/src/cx/type_implicit_int_to_uint.metal,19
/private/tmp/metal-ast-tvos-air32/src/cx/type_implicit_int_to_ushort.metal,19
/private/tmp/metal-ast-tvos-air32/src/cx/type_implicit_short_to_bool.metal,19
/private/tmp/metal-ast-tvos-air32/src/cx/type_implicit_short_to_char.metal,19
/private/tmp/metal-ast-tvos-air32/src/cx/type_implicit_short_to_float.metal,19
/private/tmp/metal-ast-tvos-air32/src/cx/type_implicit_short_to_half.metal,19
/private/tmp/metal-ast-tvos-air32/src/cx/type_implicit_short_to_int.metal,19
/private/tmp/metal-ast-tvos-air32/src/cx/type_implicit_short_to_uchar.metal,19
/private/tmp/metal-ast-tvos-air32/src/cx/type_implicit_short_to_uint.metal,19
/private/tmp/metal-ast-tvos-air32/src/cx/type_implicit_short_to_ushort.metal,19
/private/tmp/metal-ast-tvos-air32/src/cx/type_implicit_uchar_to_bool.metal,19
/private/tmp/metal-ast-tvos-air32/src/cx/type_implicit_uchar_to_char.metal,19
/private/tmp/metal-ast-tvos-air32/src/cx/type_implicit_uchar_to_float.metal,19
/private/tmp/metal-ast-tvos-air32/src/cx/type_implicit_uchar_to_half.metal,19
/private/tmp/metal-ast-tvos-air32/src/cx/type_implicit_uchar_to_int.metal,19
/private/tmp/metal-ast-tvos-air32/src/cx/type_implicit_uchar_to_short.metal,19
/private/tmp/metal-ast-tvos-air32/src/cx/type_implicit_uchar_to_uint.metal,19
/private/tmp/metal-ast-tvos-air32/src/cx/type_implicit_uchar_to_ushort.metal,19
/private/tmp/metal-ast-tvos-air32/src/cx/type_implicit_uint4_to_uint3.metal,19
/private/tmp/metal-ast-tvos-air32/src/cx/type_implicit_uint_to_bool.metal,19
/private/tmp/metal-ast-tvos-air32/src/cx/type_implicit_uint_to_char.metal,19
/private/tmp/metal-ast-tvos-air32/src/cx/type_implicit_uint_to_float.metal,19
/private/tmp/metal-ast-tvos-air32/src/cx/type_implicit_uint_to_half.metal,19
/private/tmp/metal-ast-tvos-air32/src/cx/type_implicit_uint_to_int.metal,19
/private/tmp/metal-ast-tvos-air32/src/cx/type_implicit_uint_to_short.metal,19
/private/tmp/metal-ast-tvos-air32/src/cx/type_implicit_uint_to_uchar.metal,19
/private/tmp/metal-ast-tvos-air32/src/cx/type_implicit_uint_to_ushort.metal,19
/private/tmp/metal-ast-tvos-air32/src/cx/type_implicit_ushort_to_bool.metal,19
/private/tmp/metal-ast-tvos-air32/src/cx/type_int2_to_scalar.metal,19
/private/tmp/metal-ast-tvos-air32/src/cx/type_implicit_ushort_to_char.metal,19
/private/tmp/metal-ast-tvos-air32/src/cx/type_implicit_ushort_to_float.metal,19
/private/tmp/metal-ast-tvos-air32/src/cx/type_implicit_ushort_to_half.metal,19
/private/tmp/metal-ast-tvos-air32/src/cx/type_implicit_ushort_to_int.metal,19
/private/tmp/metal-ast-tvos-air32/src/cx/type_implicit_ushort_to_short.metal,19
/private/tmp/metal-ast-tvos-air32/src/cx/type_implicit_ushort_to_uchar.metal,19
/private/tmp/metal-ast-tvos-air32/src/cx/type_implicit_ushort_to_uint.metal,19
/private/tmp/metal-ast-tvos-air32/src/cx/type_int3_to_scalar.metal,19
/private/tmp/metal-ast-tvos-air32/src/cx/type_int4_to_scalar.metal,19
/private/tmp/metal-ast-tvos-air32/src/cx/type_int_to_bool.metal,19
/private/tmp/metal-ast-tvos-air32/src/cx/type_nullptr_to_device_ptr.metal,19
/private/tmp/metal-ast-tvos-air32/src/cx/type_nullptr_to_thread_ptr.metal,19
/private/tmp/metal-ast-tvos-air32/src/cx/type_promote_half_float_add.metal,19
/private/tmp/metal-ast-tvos-air32/src/cx/type_promote_int_uint_add.metal,19
/private/tmp/metal-ast-tvos-air32/src/cx/type_scalar_to_float2.metal,19
/private/tmp/metal-ast-tvos-air32/src/cx/type_scalar_to_float3.metal,19
/private/tmp/metal-ast-tvos-air32/src/cx/type_scalar_to_float4.metal,19
/private/tmp/metal-ast-tvos-air32/src/cx/type_scalar_to_half2.metal,19
/private/tmp/metal-ast-tvos-air32/src/cx/type_scalar_to_half3.metal,19
/private/tmp/metal-ast-tvos-air32/src/cx/type_scalar_to_half4.metal,19
/private/tmp/metal-ast-tvos-air32/src/cx/type_scalar_to_int2.metal,19
/private/tmp/metal-ast-tvos-air32/src/cx/type_scalar_to_int3.metal,19
/private/tmp/metal-ast-tvos-air32/src/cx/type_scalar_to_int4.metal,19
/private/tmp/metal-ast-tvos-air32/src/cx/type_scalar_to_uint2.metal,19
/private/tmp/metal-ast-tvos-air32/src/cx/type_scalar_to_uint3.metal,19
/private/tmp/metal-ast-tvos-air32/src/cx/type_scalar_to_uint4.metal,19
/private/tmp/metal-ast-tvos-air32/src/cx/type_template_deduction_min.metal,19
/private/tmp/metal-ast-tvos-air32/src/cx/type_uint2_to_scalar.metal,19
/private/tmp/metal-ast-tvos-air32/src/cx/type_uint3_to_scalar.metal,19
/private/tmp/metal-ast-tvos-air32/src/cx/type_uint4_to_scalar.metal,19
/private/tmp/metal-ast-tvos-air32/src/cx/type_vec_scalar_mul_float2.metal,19
/private/tmp/metal-ast-tvos-air32/src/cx/type_vec_scalar_mul_float3.metal,19
/private/tmp/metal-ast-tvos-air32/src/cx/type_vec_scalar_mul_float4.metal,19
/private/tmp/metal-ast-tvos-air32/src/cx/type_vec_scalar_mul_half2.metal,19
/private/tmp/metal-ast-tvos-air32/src/cx/type_vec_scalar_mul_half3.metal,19
/private/tmp/metal-ast-tvos-air32/src/cx/type_vec_scalar_mul_half4.metal,19
/private/tmp/metal-ast-tvos-air32/src/cx/vis_default.metal,19
/private/tmp/metal-ast-tvos-air32/src/cx/vis_export_name.metal,19
/private/tmp/metal-ast-tvos-air32/src/cx/vis_internal.metal,19
/private/tmp/metal-ast-tvos-air32/src/cx/vis_multiple_visible.metal,19
/private/tmp/metal-ast-tvos-air32/src/cx/vis_template_visible.metal,19
/private/tmp/metal-ast-tvos-air32/src/cx/vis_visible.metal,19
/private/tmp/metal-ast-tvos-air32/src/cx/warn_deprecated.metal,19
/private/tmp/metal-ast-tvos-air32/src/cx/warn_div_zero.metal,19
/private/tmp/metal-ast-tvos-air32/src/cx/warn_empty_body.metal,19
/private/tmp/metal-ast-tvos-air32/src/cx/warn_extra_parens.metal,19
/private/tmp/metal-ast-tvos-air32/src/cx/warn_fallthrough.metal,19
/private/tmp/metal-ast-tvos-air32/src/cx/warn_infinite_loop.metal,19
/private/tmp/metal-ast-tvos-air32/src/cx/warn_missing_braces.metal,19
/private/tmp/metal-ast-tvos-air32/src/cx/warn_narrowing.metal,19
/private/tmp/metal-ast-tvos-air32/src/cx/warn_self_assign.metal,19
/private/tmp/metal-ast-tvos-air32/src/cx/warn_shadow.metal,19
/private/tmp/metal-ast-tvos-air32/src/cx/warn_shift_overflow.metal,19
/private/tmp/metal-ast-tvos-air32/src/cx/warn_sign_compare.metal,19
/private/tmp/metal-ast-tvos-air32/src/cx/warn_unreachable.metal,19
/private/tmp/metal-ast-tvos-air32/src/cx/warn_unused_var.metal,19
/private/tmp/metal-ast-tvos-air64/src/cx/builtin_raytracing.metal,19
/private/tmp/metal-ast-tvos-air64/src/cx/builtin_tex_03.metal,19
/private/tmp/metal-ast-tvos-air64/src/cx/builtin_tex_04.metal,19
/private/tmp/metal-ast-tvos-air64/src/cx/builtin_tex_05.metal,19
/private/tmp/metal-ast-tvos-air64/src/cx/builtin_tex_06.metal,19
/private/tmp/metal-ast-tvos-air64/src/cx/builtin_tex_07.metal,19
/private/tmp/metal-ast-tvos-air64/src/cx/builtin_tex_08.metal,19
/private/tmp/metal-ast-tvos-air64/src/cx/builtin_tex_13.metal,19
/private/tmp/metal-ast-tvos-air64/src/cx/builtin_tex_14.metal,19
/private/tmp/metal-ast-tvos-air64/src/cx/builtin_tex_15.metal,19
/private/tmp/metal-ast-tvos-air64/src/cx/builtin_tex_16.metal,19
/private/tmp/metal-ast-tvos-air64/src/cx/conv_000.metal,19
/private/tmp/metal-ast-tvos-air64/src/cx/conv_001.metal,19
/private/tmp/metal-ast-tvos-air64/src/cx/conv_002.metal,19
/private/tmp/metal-ast-tvos-air64/src/cx/conv_003.metal,19
/private/tmp/metal-ast-tvos-air64/src/cx/conv_004.metal,19
/private/tmp/metal-ast-tvos-air64/src/cx/conv_005.metal,19
/private/tmp/metal-ast-tvos-air64/src/cx/conv_006.metal,19
/private/tmp/metal-ast-tvos-air64/src/cx/conv_007.metal,19
/private/tmp/metal-ast-tvos-air64/src/cx/conv_008.metal,19
/private/tmp/metal-ast-tvos-air64/src/cx/conv_009.metal,19
/private/tmp/metal-ast-tvos-air64/src/cx/conv_010.metal,19
/private/tmp/metal-ast-tvos-air64/src/cx/conv_011.metal,19
/private/tmp/metal-ast-tvos-air64/src/cx/conv_012.metal,19
/private/tmp/metal-ast-tvos-air64/src/cx/conv_013.metal,19
/private/tmp/metal-ast-tvos-air64/src/cx/conv_014.metal,19
/private/tmp/metal-ast-tvos-air64/src/cx/conv_015.metal,19
/private/tmp/metal-ast-tvos-air64/src/cx/conv_016.metal,19
/private/tmp/metal-ast-tvos-air64/src/cx/conv_017.metal,19
/private/tmp/metal-ast-tvos-air64/src/cx/conv_018.metal,19
/private/tmp/metal-ast-tvos-air64/src/cx/conv_019.metal,19
/private/tmp/metal-ast-tvos-air64/src/cx/conv_020.metal,19
/private/tmp/metal-ast-tvos-air64/src/cx/conv_021.metal,19
/private/tmp/metal-ast-tvos-air64/src/cx/conv_022.metal,19
/private/tmp/metal-ast-tvos-air64/src/cx/conv_023.metal,19
/private/tmp/metal-ast-tvos-air64/src/cx/conv_024.metal,19
/private/tmp/metal-ast-tvos-air64/src/cx/conv_025.metal,19
/private/tmp/metal-ast-tvos-air64/src/cx/conv_026.metal,19
/private/tmp/metal-ast-tvos-air64/src/cx/conv_027.metal,19
/private/tmp/metal-ast-tvos-air64/src/cx/conv_028.metal,19
/private/tmp/metal-ast-tvos-air64/src/cx/conv_029.metal,19
/private/tmp/metal-ast-tvos-air64/src/cx/conv_030.metal,19
/private/tmp/metal-ast-tvos-air64/src/cx/conv_031.metal,19
/private/tmp/metal-ast-tvos-air64/src/cx/conv_032.metal,19
/private/tmp/metal-ast-tvos-air64/src/cx/conv_033.metal,19
/private/tmp/metal-ast-tvos-air64/src/cx/conv_034.metal,19
/private/tmp/metal-ast-tvos-air64/src/cx/conv_035.metal,19
/private/tmp/metal-ast-tvos-air64/src/cx/conv_036.metal,19
/private/tmp/metal-ast-tvos-air64/src/cx/conv_037.metal,19
/private/tmp/metal-ast-tvos-air64/src/cx/conv_038.metal,19
/private/tmp/metal-ast-tvos-air64/src/cx/conv_039.metal,19
/private/tmp/metal-ast-tvos-air64/src/cx/conv_040.metal,19
/private/tmp/metal-ast-tvos-air64/src/cx/conv_041.metal,19
/private/tmp/metal-ast-tvos-air64/src/cx/conv_042.metal,19
/private/tmp/metal-ast-tvos-air64/src/cx/conv_043.metal,19
/private/tmp/metal-ast-tvos-air64/src/cx/conv_044.metal,19
/private/tmp/metal-ast-tvos-air64/src/cx/conv_045.metal,19
/private/tmp/metal-ast-tvos-air64/src/cx/conv_046.metal,19
/private/tmp/metal-ast-tvos-air64/src/cx/conv_047.metal,19
/private/tmp/metal-ast-tvos-air64/src/cx/conv_048.metal,19
/private/tmp/metal-ast-tvos-air64/src/cx/conv_049.metal,19
/private/tmp/metal-ast-tvos-air64/src/cx/conv_050.metal,19
/private/tmp/metal-ast-tvos-air64/src/cx/conv_051.metal,19
/private/tmp/metal-ast-tvos-air64/src/cx/conv_052.metal,19
/private/tmp/metal-ast-tvos-air64/src/cx/conv_053.metal,19
/private/tmp/metal-ast-tvos-air64/src/cx/conv_054.metal,19
/private/tmp/metal-ast-tvos-air64/src/cx/conv_055.metal,19
/private/tmp/metal-ast-tvos-air64/src/cx/conv_056.metal,19
/private/tmp/metal-ast-tvos-air64/src/cx/conv_057.metal,19
/private/tmp/metal-ast-tvos-air64/src/cx/conv_058.metal,19
/private/tmp/metal-ast-tvos-air64/src/cx/conv_059.metal,19
/private/tmp/metal-ast-tvos-air64/src/cx/conv_060.metal,19
/private/tmp/metal-ast-tvos-air64/src/cx/conv_061.metal,19
/private/tmp/metal-ast-tvos-air64/src/cx/conv_062.metal,19
/private/tmp/metal-ast-tvos-air64/src/cx/conv_063.metal,19
/private/tmp/metal-ast-tvos-air64/src/cx/conv_064.metal,19
/private/tmp/metal-ast-tvos-air64/src/cx/conv_065.metal,19
/private/tmp/metal-ast-tvos-air64/src/cx/conv_066.metal,19
/private/tmp/metal-ast-tvos-air64/src/cx/conv_067.metal,19
/private/tmp/metal-ast-tvos-air64/src/cx/conv_068.metal,19
/private/tmp/metal-ast-tvos-air64/src/cx/conv_069.metal,19
/private/tmp/metal-ast-tvos-air64/src/cx/conv_070.metal,19
/private/tmp/metal-ast-tvos-air64/src/cx/conv_071.metal,19
/private/tmp/metal-ast-tvos-air64/src/cx/conv_072.metal,19
/private/tmp/metal-ast-tvos-air64/src/cx/conv_073.metal,19
/private/tmp/metal-ast-tvos-air64/src/cx/conv_074.metal,19
/private/tmp/metal-ast-tvos-air64/src/cx/conv_075.metal,19
/private/tmp/metal-ast-tvos-air64/src/cx/conv_076.metal,19
/private/tmp/metal-ast-tvos-air64/src/cx/conv_077.metal,19
/private/tmp/metal-ast-tvos-air64/src/cx/conv_078.metal,19
/private/tmp/metal-ast-tvos-air64/src/cx/conv_079.metal,19
/private/tmp/metal-ast-tvos-air64/src/cx/conv_080.metal,19
/private/tmp/metal-ast-tvos-air64/src/cx/conv_081.metal,19
/private/tmp/metal-ast-tvos-air64/src/cx/conv_082.metal,19
/private/tmp/metal-ast-tvos-air64/src/cx/conv_083.metal,19
/private/tmp/metal-ast-tvos-air64/src/cx/conv_084.metal,19
/private/tmp/metal-ast-tvos-air64/src/cx/conv_085.metal,19
/private/tmp/metal-ast-tvos-air64/src/cx/conv_086.metal,19
/private/tmp/metal-ast-tvos-air64/src/cx/conv_087.metal,19
/private/tmp/metal-ast-tvos-air64/src/cx/conv_088.metal,19
/private/tmp/metal-ast-tvos-air64/src/cx/conv_089.metal,19
/private/tmp/metal-ast-tvos-air64/src/cx/conv_090.metal,19
/private/tmp/metal-ast-tvos-air64/src/cx/conv_091.metal,19
/private/tmp/metal-ast-tvos-air64/src/cx/conv_092.metal,19
/private/tmp/metal-ast-tvos-air64/src/cx/conv_093.metal,19
/private/tmp/metal-ast-tvos-air64/src/cx/conv_094.metal,19
/private/tmp/metal-ast-tvos-air64/src/cx/conv_095.metal,19
/private/tmp/metal-ast-tvos-air64/src/cx/conv_096.metal,19
/private/tmp/metal-ast-tvos-air64/src/cx/conv_097.metal,19
/private/tmp/metal-ast-tvos-air64/src/cx/conv_098.metal,19
/private/tmp/metal-ast-tvos-air64/src/cx/conv_099.metal,19
/private/tmp/metal-ast-tvos-air64/src/cx/conv_100.metal,19
/private/tmp/metal-ast-tvos-air64/src/cx/conv_101.metal,19
/private/tmp/metal-ast-tvos-air64/src/cx/conv_102.metal,19
/private/tmp/metal-ast-tvos-air64/src/cx/conv_103.metal,19
/private/tmp/metal-ast-tvos-air64/src/cx/conv_104.metal,19
/private/tmp/metal-ast-tvos-air64/src/cx/conv_105.metal,19
/private/tmp/metal-ast-tvos-air64/src/cx/conv_106.metal,19
/private/tmp/metal-ast-tvos-air64/src/cx/conv_107.metal,19
/private/tmp/metal-ast-tvos-air64/src/cx/conv_108.metal,19
/private/tmp/metal-ast-tvos-air64/src/cx/conv_109.metal,19
/private/tmp/metal-ast-tvos-air64/src/cx/conv_110.metal,19
/private/tmp/metal-ast-tvos-air64/src/cx/conv_111.metal,19
/private/tmp/metal-ast-tvos-air64/src/cx/conv_112.metal,19
/private/tmp/metal-ast-tvos-air64/src/cx/conv_113.metal,19
/private/tmp/metal-ast-tvos-air64/src/cx/conv_114.metal,19
/private/tmp/metal-ast-tvos-air64/src/cx/conv_115.metal,19
/private/tmp/metal-ast-tvos-air64/src/cx/conv_116.metal,19
/private/tmp/metal-ast-tvos-air64/src/cx/conv_117.metal,19
/private/tmp/metal-ast-tvos-air64/src/cx/conv_118.metal,19
/private/tmp/metal-ast-tvos-air64/src/cx/conv_119.metal,19
/private/tmp/metal-ast-tvos-air64/src/cx/conv_120.metal,19
/private/tmp/metal-ast-tvos-air64/src/cx/conv_121.metal,19
/private/tmp/metal-ast-tvos-air64/src/cx/conv_122.metal,19
/private/tmp/metal-ast-tvos-air64/src/cx/conv_123.metal,19
/private/tmp/metal-ast-tvos-air64/src/cx/conv_124.metal,19
/private/tmp/metal-ast-tvos-air64/src/cx/conv_125.metal,19
/private/tmp/metal-ast-tvos-air64/src/cx/conv_126.metal,19
/private/tmp/metal-ast-tvos-air64/src/cx/conv_127.metal,19
/private/tmp/metal-ast-tvos-air64/src/cx/conv_128.metal,19
/private/tmp/metal-ast-tvos-air64/src/cx/conv_129.metal,19
/private/tmp/metal-ast-tvos-air64/src/cx/conv_130.metal,19
/private/tmp/metal-ast-tvos-air64/src/cx/conv_131.metal,19
/private/tmp/metal-ast-tvos-air64/src/cx/conv_132.metal,19
/private/tmp/metal-ast-tvos-air64/src/cx/conv_133.metal,19
/private/tmp/metal-ast-tvos-air64/src/cx/conv_134.metal,19
/private/tmp/metal-ast-tvos-air64/src/cx/conv_135.metal,19
/private/tmp/metal-ast-tvos-air64/src/cx/conv_136.metal,19
/private/tmp/metal-ast-tvos-air64/src/cx/conv_137.metal,19
/private/tmp/metal-ast-tvos-air64/src/cx/conv_138.metal,19
/private/tmp/metal-ast-tvos-air64/src/cx/conv_139.metal,19
/private/tmp/metal-ast-tvos-air64/src/cx/conv_140.metal,19
/private/tmp/metal-ast-tvos-air64/src/cx/conv_141.metal,19
/private/tmp/metal-ast-tvos-air64/src/cx/conv_142.metal,19
/private/tmp/metal-ast-tvos-air64/src/cx/conv_143.metal,19
/private/tmp/metal-ast-tvos-air64/src/cx/conv_144.metal,19
/private/tmp/metal-ast-tvos-air64/src/cx/conv_145.metal,19
/private/tmp/metal-ast-tvos-air64/src/cx/conv_146.metal,19
/private/tmp/metal-ast-tvos-air64/src/cx/conv_147.metal,19
/private/tmp/metal-ast-tvos-air64/src/cx/conv_148.metal,19
/private/tmp/metal-ast-tvos-air64/src/cx/conv_149.metal,19
/private/tmp/metal-ast-tvos-air64/src/cx/conv_150.metal,19
/private/tmp/metal-ast-tvos-air64/src/cx/conv_151.metal,19
/private/tmp/metal-ast-tvos-air64/src/cx/conv_152.metal,19
/private/tmp/metal-ast-tvos-air64/src/cx/conv_153.metal,19
/private/tmp/metal-ast-tvos-air64/src/cx/conv_154.metal,19
/private/tmp/metal-ast-tvos-air64/src/cx/conv_155.metal,19
/private/tmp/metal-ast-tvos-air64/src/cx/conv_156.metal,19
/private/tmp/metal-ast-tvos-air64/src/cx/conv_157.metal,19
/private/tmp/metal-ast-tvos-air64/src/cx/conv_158.metal,19
/private/tmp/metal-ast-tvos-air64/src/cx/conv_159.metal,19
/private/tmp/metal-ast-tvos-air64/src/cx/conv_160.metal,19
/private/tmp/metal-ast-tvos-air64/src/cx/conv_161.metal,19
/private/tmp/metal-ast-tvos-air64/src/cx/conv_162.metal,19
/private/tmp/metal-ast-tvos-air64/src/cx/conv_163.metal,19
/private/tmp/metal-ast-tvos-air64/src/cx/conv_164.metal,19
/private/tmp/metal-ast-tvos-air64/src/cx/conv_165.metal,19
/private/tmp/metal-ast-tvos-air64/src/cx/conv_166.metal,19
/private/tmp/metal-ast-tvos-air64/src/cx/conv_167.metal,19
/private/tmp/metal-ast-tvos-air64/src/cx/conv_168.metal,19
/private/tmp/metal-ast-tvos-air64/src/cx/conv_169.metal,19
/private/tmp/metal-ast-tvos-air64/src/cx/conv_170.metal,19
/private/tmp/metal-ast-tvos-air64/src/cx/conv_171.metal,19
/private/tmp/metal-ast-tvos-air64/src/cx/conv_172.metal,19
/private/tmp/metal-ast-tvos-air64/src/cx/conv_173.metal,19
/private/tmp/metal-ast-tvos-air64/src/cx/conv_174.metal,19
/private/tmp/metal-ast-tvos-air64/src/cx/conv_175.metal,19
/private/tmp/metal-ast-tvos-air64/src/cx/conv_176.metal,19
/private/tmp/metal-ast-tvos-air64/src/cx/conv_177.metal,19
/private/tmp/metal-ast-tvos-air64/src/cx/conv_178.metal,19
/private/tmp/metal-ast-tvos-air64/src/cx/conv_179.metal,19
/private/tmp/metal-ast-tvos-air64/src/cx/conv_182.metal,19
/private/tmp/metal-ast-tvos-air64/src/cx/conv_183.metal,19
/private/tmp/metal-ast-tvos-air64/src/cx/cxx_003_exception_throw.metal,19
/private/tmp/metal-ast-tvos-air64/src/cx/cxx_011_variadic_template.metal,19
/private/tmp/metal-ast-tvos-air64/src/cx/cxx_012_fold_expression.metal,19
/private/tmp/metal-ast-tvos-air64/src/cx/cxx_013_structured_binding.metal,19
/private/tmp/metal-ast-tvos-air64/src/cx/cxx_014_if_constexpr.metal,19
/private/tmp/metal-ast-tvos-air64/src/cx/cxx_015_namespace_alias.metal,19
/private/tmp/metal-ast-tvos-air64/src/cx/cxx_016_using_declaration.metal,19
/private/tmp/metal-ast-tvos-air64/src/cx/cxx_017_enum_class.metal,19
/private/tmp/metal-ast-tvos-air64/src/cx/cxx_018_bitfield_struct.metal,19
/private/tmp/metal-ast-tvos-air64/src/cx/cxx_020_pointer_arithmetic.metal,19
/private/tmp/metal-ast-tvos-air64/src/cx/cxx_022_member_pointer.metal,19
/private/tmp/metal-ast-tvos-air64/src/cx/cxx_024_sfinae_enable_if.metal,19
/private/tmp/metal-ast-tvos-air64/src/cx/cxx_025_constexpr_function.metal,19
/private/tmp/metal-ast-tvos-air64/src/cx/cxx_026_static_assert_test.metal,19
/private/tmp/metal-ast-tvos-air64/src/cx/cxx_027_operator_overload.metal,19
/private/tmp/metal-ast-tvos-air64/src/cx/cxx_as_type_reinterpret.metal,19
/private/tmp/metal-ast-tvos-air64/src/cx/cxx_auto_decltype.metal,19
/private/tmp/metal-ast-tvos-air64/src/cx/cxx_constexpr_fn.metal,19
/private/tmp/metal-ast-tvos-air64/src/cx/cxx_default_arg.metal,19
/private/tmp/metal-ast-tvos-air64/src/cx/cxx_namespace_using.metal,19
/private/tmp/metal-ast-tvos-air64/src/cx/cxx_operator_overload.metal,19
/private/tmp/metal-ast-tvos-air64/src/cx/cxx_overload_addrspace.metal,19
/private/tmp/metal-ast-tvos-air64/src/cx/cxx_overload_types.metal,19
/private/tmp/metal-ast-tvos-air64/src/cx/cxx_sfinae_enable_if.metal,19
/private/tmp/metal-ast-tvos-air64/src/cx/cxx_template_class_spec.metal,19
/private/tmp/metal-ast-tvos-air64/src/cx/cxx_template_fn_explicit.metal,19
/private/tmp/metal-ast-tvos-air64/src/cx/determ_basic.metal,19
/private/tmp/metal-ast-tvos-air64/src/cx/determ_control_flow.metal,19
/private/tmp/metal-ast-tvos-air64/src/cx/determ_multi_func.metal,19
/private/tmp/metal-ast-tvos-air64/src/cx/determ_template.metal,19
/private/tmp/metal-ast-tvos-air64/src/cx/edge_1000_kernels.metal,19
/private/tmp/metal-ast-tvos-air64/src/cx/edge_deep_call.metal,19
/private/tmp/metal-ast-tvos-air64/src/cx/edge_deep_template.metal,19
/private/tmp/metal-ast-tvos-air64/src/cx/edge_div_zero.metal,19
/private/tmp/metal-ast-tvos-air64/src/cx/edge_empty.metal,19
/private/tmp/metal-ast-tvos-air64/src/cx/edge_infinity.metal,19
/private/tmp/metal-ast-tvos-air64/src/cx/edge_large_array.metal,19
/private/tmp/metal-ast-tvos-air64/src/cx/edge_long_identifier.metal,19
/private/tmp/metal-ast-tvos-air64/src/cx/edge_max_buffers.metal,19
/private/tmp/metal-ast-tvos-air64/src/cx/edge_nan.metal,19
/private/tmp/metal-ast-tvos-air64/src/cx/edge_oob_access.metal,19
/private/tmp/metal-ast-tvos-air64/src/cx/edge_overflow.metal,19
/private/tmp/metal-ast-tvos-air64/src/cx/edge_underflow.metal,19
/private/tmp/metal-ast-tvos-air64/src/cx/edge_uninit_var.metal,19
/private/tmp/metal-ast-tvos-air64/src/cx/err_as_texture_cast.metal,19
/private/tmp/metal-ast-tvos-air64/src/cx/err_attr_frag_int_return.metal,19
/private/tmp/metal-ast-tvos-air64/src/cx/err_cf_recursion.metal,19
/private/tmp/metal-ast-tvos-air64/src/cx/err_tex_depth_gather.metal,19
/private/tmp/metal-ast-tvos-air64/src/cx/err_type_assign_float_to_int.metal,19
/private/tmp/metal-ast-tvos-air64/src/cx/err_type_implicit_narrowing.metal,19
/private/tmp/metal-ast-tvos-air64/src/cx/has_feature_probe.metal,19
/private/tmp/metal-ast-tvos-air64/src/cx/io_vertex_clip_distance.metal,19
/private/tmp/metal-ast-tvos-air64/src/cx/io_vertex_point_size.metal,19
/private/tmp/metal-ast-tvos-air64/src/cx/io_vertex_pos_only.metal,19
/private/tmp/metal-ast-tvos-air64/src/cx/io_vertex_user_locn.metal,19
/private/tmp/metal-ast-tvos-air64/src/cx/multi_entry_2kernels.metal,19
/private/tmp/metal-ast-tvos-air64/src/cx/multi_entry_4kernels.metal,19
/private/tmp/metal-ast-tvos-air64/src/cx/multi_entry_shared_textures.metal,19
/private/tmp/metal-ast-tvos-air64/src/cx/multi_entry_with_helpers.metal,19
/private/tmp/metal-ast-tvos-air64/src/cx/object_payload.metal,19
/private/tmp/metal-ast-tvos-air64/src/cx/repr_bool_scalar.metal,19
/private/tmp/metal-ast-tvos-air64/src/cx/repr_half_arith.metal,19
/private/tmp/metal-ast-tvos-air64/src/cx/repr_long_ulong.metal,19
/private/tmp/metal-ast-tvos-air64/src/cx/res_buffer_constant.metal,19
/private/tmp/metal-ast-tvos-air64/src/cx/res_buffer_device.metal,19
/private/tmp/metal-ast-tvos-air64/src/cx/res_buffer_thread_addrspace.metal,19
/private/tmp/metal-ast-tvos-air64/src/cx/res_index_buffer15.metal,19
/private/tmp/metal-ast-tvos-air64/src/cx/res_index_buffer7.metal,19
/private/tmp/metal-ast-tvos-air64/src/cx/res_threadgroup_alignas.metal,19
/private/tmp/metal-ast-tvos-air64/src/cx/texm_000.metal,19
/private/tmp/metal-ast-tvos-air64/src/cx/texm_001.metal,19
/private/tmp/metal-ast-tvos-air64/src/cx/texm_002.metal,19
/private/tmp/metal-ast-tvos-air64/src/cx/texm_003.metal,19
/private/tmp/metal-ast-tvos-air64/src/cx/texm_004.metal,19
/private/tmp/metal-ast-tvos-air64/src/cx/texm_005.metal,19
/private/tmp/metal-ast-tvos-air64/src/cx/texm_006.metal,19
/private/tmp/metal-ast-tvos-air64/src/cx/texm_007.metal,19
/private/tmp/metal-ast-tvos-air64/src/cx/texm_008.metal,19
/private/tmp/metal-ast-tvos-air64/src/cx/texm_009.metal,19
/private/tmp/metal-ast-tvos-air64/src/cx/texm_010.metal,19
/private/tmp/metal-ast-tvos-air64/src/cx/texm_011.metal,19
/private/tmp/metal-ast-tvos-air64/src/cx/texm_012.metal,19
/private/tmp/metal-ast-tvos-air64/src/cx/texm_013.metal,19
/private/tmp/metal-ast-tvos-air64/src/cx/texm_014.metal,19
/private/tmp/metal-ast-tvos-air64/src/cx/texm_015.metal,19
/private/tmp/metal-ast-tvos-air64/src/cx/texm_016.metal,19
/private/tmp/metal-ast-tvos-air64/src/cx/texm_017.metal,19
/private/tmp/metal-ast-tvos-air64/src/cx/texm_018.metal,19
/private/tmp/metal-ast-tvos-air64/src/cx/texm_019.metal,19
/private/tmp/metal-ast-tvos-air64/src/cx/texm_020.metal,19
/private/tmp/metal-ast-tvos-air64/src/cx/texm_021.metal,19
/private/tmp/metal-ast-tvos-air64/src/cx/texm_022.metal,19
/private/tmp/metal-ast-tvos-air64/src/cx/texm_023.metal,19
/private/tmp/metal-ast-tvos-air64/src/cx/texm_024.metal,19
/private/tmp/metal-ast-tvos-air64/src/cx/texm_025.metal,19
/private/tmp/metal-ast-tvos-air64/src/cx/texm_026.metal,19
/private/tmp/metal-ast-tvos-air64/src/cx/texm_027.metal,19
/private/tmp/metal-ast-tvos-air64/src/cx/texm_028.metal,19
/private/tmp/metal-ast-tvos-air64/src/cx/texm_029.metal,19
/private/tmp/metal-ast-tvos-air64/src/cx/texm_030.metal,19
/private/tmp/metal-ast-tvos-air64/src/cx/texm_031.metal,19
/private/tmp/metal-ast-tvos-air64/src/cx/texm_032.metal,19
/private/tmp/metal-ast-tvos-air64/src/cx/texm_033.metal,19
/private/tmp/metal-ast-tvos-air64/src/cx/texm_034.metal,19
/private/tmp/metal-ast-tvos-air64/src/cx/texm_035.metal,19
/private/tmp/metal-ast-tvos-air64/src/cx/texm_036.metal,19
/private/tmp/metal-ast-tvos-air64/src/cx/texm_037.metal,19
/private/tmp/metal-ast-tvos-air64/src/cx/texm_038.metal,19
/private/tmp/metal-ast-tvos-air64/src/cx/texm_039.metal,19
/private/tmp/metal-ast-tvos-air64/src/cx/texm_048.metal,19
/private/tmp/metal-ast-tvos-air64/src/cx/texm_058.metal,19
/private/tmp/metal-ast-tvos-air64/src/cx/texm_068.metal,19
/private/tmp/metal-ast-tvos-air64/src/cx/texm_078.metal,19
/private/tmp/metal-ast-tvos-air64/src/cx/texm_080.metal,19
/private/tmp/metal-ast-tvos-air64/src/cx/texm_085.metal,19
/private/tmp/metal-ast-tvos-air64/src/cx/texm_086.metal,19
/private/tmp/metal-ast-tvos-air64/src/cx/texm_087.metal,19
/private/tmp/metal-ast-tvos-air64/src/cx/texm_088.metal,19
/private/tmp/metal-ast-tvos-air64/src/cx/texm_093.metal,19
/private/tmp/metal-ast-tvos-air64/src/cx/texm_094.metal,19
/private/tmp/metal-ast-tvos-air64/src/cx/texm_095.metal,19
/private/tmp/metal-ast-tvos-air64/src/cx/texm_096.metal,19
/private/tmp/metal-ast-tvos-air64/src/cx/texm_101.metal,19
/private/tmp/metal-ast-tvos-air64/src/cx/texm_102.metal,19
/private/tmp/metal-ast-tvos-air64/src/cx/texm_103.metal,19
/private/tmp/metal-ast-tvos-air64/src/cx/texm_104.metal,19
/private/tmp/metal-ast-tvos-air64/src/cx/texm_109.metal,19
/private/tmp/metal-ast-tvos-air64/src/cx/texm_110.metal,19
/private/tmp/metal-ast-tvos-air64/src/cx/texm_111.metal,19
/private/tmp/metal-ast-tvos-air64/src/cx/texm_112.metal,19
/private/tmp/metal-ast-tvos-air64/src/cx/texm_113.metal,19
/private/tmp/metal-ast-tvos-air64/src/cx/texm_114.metal,19
/private/tmp/metal-ast-tvos-air64/src/cx/texm_117.metal,19
/private/tmp/metal-ast-tvos-air64/src/cx/texm_118.metal,19
/private/tmp/metal-ast-tvos-air64/src/cx/texm_119.metal,19
/private/tmp/metal-ast-tvos-air64/src/cx/texm_120.metal,19
/private/tmp/metal-ast-tvos-air64/src/cx/texm_121.metal,19
/private/tmp/metal-ast-tvos-air64/src/cx/texm_122.metal,19
/private/tmp/metal-ast-tvos-air64/src/cx/texm_125.metal,19
/private/tmp/metal-ast-tvos-air64/src/cx/texm_126.metal,19
/private/tmp/metal-ast-tvos-air64/src/cx/texm_127.metal,19
/private/tmp/metal-ast-tvos-air64/src/cx/texm_128.metal,19
/private/tmp/metal-ast-tvos-air64/src/cx/texm_129.metal,19
/private/tmp/metal-ast-tvos-air64/src/cx/texm_130.metal,19
/private/tmp/metal-ast-tvos-air64/src/cx/texm_133.metal,19
/private/tmp/metal-ast-tvos-air64/src/cx/texm_134.metal,19
/private/tmp/metal-ast-tvos-air64/src/cx/texm_135.metal,19
/private/tmp/metal-ast-tvos-air64/src/cx/texm_136.metal,19
/private/tmp/metal-ast-tvos-air64/src/cx/texm_137.metal,19
/private/tmp/metal-ast-tvos-air64/src/cx/texm_138.metal,19
/private/tmp/metal-ast-tvos-air64/src/cx/texm_141.metal,19
/private/tmp/metal-ast-tvos-air64/src/cx/texm_142.metal,19
/private/tmp/metal-ast-tvos-air64/src/cx/texm_143.metal,19
/private/tmp/metal-ast-tvos-air64/src/cx/texm_144.metal,19
/private/tmp/metal-ast-tvos-air64/src/cx/texm_145.metal,19
/private/tmp/metal-ast-tvos-air64/src/cx/texm_146.metal,19
/private/tmp/metal-ast-tvos-air64/src/cx/texm_151.metal,19
/private/tmp/metal-ast-tvos-air64/src/cx/texm_152.metal,19
/private/tmp/metal-ast-tvos-air64/src/cx/texm_153.metal,19
/private/tmp/metal-ast-tvos-air64/src/cx/texm_158.metal,19
/private/tmp/metal-ast-tvos-air64/src/cx/texm_159.metal,19
/private/tmp/metal-ast-tvos-air64/src/cx/texm_160.metal,19
/private/tmp/metal-ast-tvos-air64/src/cx/texm_165.metal,19
/private/tmp/metal-ast-tvos-air64/src/cx/texm_166.metal,19
/private/tmp/metal-ast-tvos-air64/src/cx/texm_167.metal,19
/private/tmp/metal-ast-tvos-air64/src/cx/texq_172.metal,19
/private/tmp/metal-ast-tvos-air64/src/cx/texq_173.metal,19
/private/tmp/metal-ast-tvos-air64/src/cx/texq_174.metal,19
/private/tmp/metal-ast-tvos-air64/src/cx/texq_175.metal,19
/private/tmp/metal-ast-tvos-air64/src/cx/texq_176.metal,19
/private/tmp/metal-ast-tvos-air64/src/cx/texq_177.metal,19
/private/tmp/metal-ast-tvos-air64/src/cx/texq_178.metal,19
/private/tmp/metal-ast-tvos-air64/src/cx/texq_179.metal,19
/private/tmp/metal-ast-tvos-air64/src/cx/texq_181.metal,19
/private/tmp/metal-ast-tvos-air64/src/cx/texq_182.metal,19
/private/tmp/metal-ast-tvos-air64/src/cx/texq_183.metal,19
/private/tmp/metal-ast-tvos-air64/src/cx/texq_184.metal,19
/private/tmp/metal-ast-tvos-air64/src/cx/texq_185.metal,19
/private/tmp/metal-ast-tvos-air64/src/cx/texq_186.metal,19
/private/tmp/metal-ast-tvos-air64/src/cx/texq_187.metal,19
/private/tmp/metal-ast-tvos-air64/src/cx/texq_188.metal,19
/private/tmp/metal-ast-tvos-air64/src/cx/threadgroup_tg_alignas.metal,19
/private/tmp/metal-ast-tvos-air64/src/cx/threadgroup_tg_array_large.metal,19
/private/tmp/metal-ast-tvos-air64/src/cx/threadgroup_tg_array_small.metal,19
/private/tmp/metal-ast-tvos-air64/src/cx/threadgroup_tg_atomic.metal,19
/private/tmp/metal-ast-tvos-air64/src/cx/threadgroup_tg_dynamic_index.metal,19
/private/tmp/metal-ast-tvos-air64/src/cx/threadgroup_tg_multiple_arrays.metal,19
/private/tmp/metal-ast-tvos-air64/src/cx/threadgroup_tg_prefix_sum.metal,19
/private/tmp/metal-ast-tvos-air64/src/cx/threadgroup_tg_scalar.metal,19
/private/tmp/metal-ast-tvos-air64/src/cx/threadgroup_tg_struct.metal,19
/private/tmp/metal-ast-tvos-air64/src/cx/type_bool_to_int.metal,19
/private/tmp/metal-ast-tvos-air64/src/cx/type_float2_to_scalar.metal,19
/private/tmp/metal-ast-tvos-air64/src/cx/type_float3_to_scalar.metal,19
/private/tmp/metal-ast-tvos-air64/src/cx/type_float4_to_scalar.metal,19
/private/tmp/metal-ast-tvos-air64/src/cx/type_half2_to_scalar.metal,19
/private/tmp/metal-ast-tvos-air64/src/cx/type_half3_to_scalar.metal,19
/private/tmp/metal-ast-tvos-air64/src/cx/type_half4_to_scalar.metal,19
/private/tmp/metal-ast-tvos-air64/src/cx/type_implicit_bool_to_char.metal,19
/private/tmp/metal-ast-tvos-air64/src/cx/type_implicit_bool_to_float.metal,19
/private/tmp/metal-ast-tvos-air64/src/cx/type_implicit_bool_to_half.metal,19
/private/tmp/metal-ast-tvos-air64/src/cx/type_implicit_bool_to_int.metal,19
/private/tmp/metal-ast-tvos-air64/src/cx/type_implicit_bool_to_short.metal,19
/private/tmp/metal-ast-tvos-air64/src/cx/type_implicit_bool_to_uchar.metal,19
/private/tmp/metal-ast-tvos-air64/src/cx/type_implicit_bool_to_uint.metal,19
/private/tmp/metal-ast-tvos-air64/src/cx/type_implicit_bool_to_ushort.metal,19
/private/tmp/metal-ast-tvos-air64/src/cx/type_implicit_char_to_bool.metal,19
/private/tmp/metal-ast-tvos-air64/src/cx/type_implicit_char_to_float.metal,19
/private/tmp/metal-ast-tvos-air64/src/cx/type_implicit_char_to_half.metal,19
/private/tmp/metal-ast-tvos-air64/src/cx/type_implicit_char_to_int.metal,19
/private/tmp/metal-ast-tvos-air64/src/cx/type_implicit_char_to_short.metal,19
/private/tmp/metal-ast-tvos-air64/src/cx/type_implicit_char_to_uchar.metal,19
/private/tmp/metal-ast-tvos-air64/src/cx/type_implicit_char_to_uint.metal,19
/private/tmp/metal-ast-tvos-air64/src/cx/type_implicit_char_to_ushort.metal,19
/private/tmp/metal-ast-tvos-air64/src/cx/type_implicit_float4_to_float3.metal,19
/private/tmp/metal-ast-tvos-air64/src/cx/type_implicit_float_to_bool.metal,19
/private/tmp/metal-ast-tvos-air64/src/cx/type_implicit_float_to_char.metal,19
/private/tmp/metal-ast-tvos-air64/src/cx/type_implicit_float_to_half.metal,19
/private/tmp/metal-ast-tvos-air64/src/cx/type_implicit_float_to_int.metal,19
/private/tmp/metal-ast-tvos-air64/src/cx/type_implicit_float_to_short.metal,19
/private/tmp/metal-ast-tvos-air64/src/cx/type_implicit_float_to_uchar.metal,19
/private/tmp/metal-ast-tvos-air64/src/cx/type_implicit_float_to_uint.metal,19
/private/tmp/metal-ast-tvos-air64/src/cx/type_implicit_float_to_ushort.metal,19
/private/tmp/metal-ast-tvos-air64/src/cx/type_implicit_half4_to_half3.metal,19
/private/tmp/metal-ast-tvos-air64/src/cx/type_implicit_half_to_bool.metal,19
/private/tmp/metal-ast-tvos-air64/src/cx/type_implicit_half_to_char.metal,19
/private/tmp/metal-ast-tvos-air64/src/cx/type_implicit_half_to_float.metal,19
/private/tmp/metal-ast-tvos-air64/src/cx/type_implicit_half_to_int.metal,19
/private/tmp/metal-ast-tvos-air64/src/cx/type_implicit_half_to_short.metal,19
/private/tmp/metal-ast-tvos-air64/src/cx/type_implicit_half_to_uchar.metal,19
/private/tmp/metal-ast-tvos-air64/src/cx/type_implicit_half_to_uint.metal,19
/private/tmp/metal-ast-tvos-air64/src/cx/type_implicit_half_to_ushort.metal,19
/private/tmp/metal-ast-tvos-air64/src/cx/type_implicit_int4_to_int3.metal,19
/private/tmp/metal-ast-tvos-air64/src/cx/type_implicit_int_to_bool.metal,19
/private/tmp/metal-ast-tvos-air64/src/cx/type_implicit_int_to_char.metal,19
/private/tmp/metal-ast-tvos-air64/src/cx/type_implicit_int_to_float.metal,19
/private/tmp/metal-ast-tvos-air64/src/cx/type_implicit_int_to_half.metal,19
/private/tmp/metal-ast-tvos-air64/src/cx/type_implicit_int_to_short.metal,19
/private/tmp/metal-ast-tvos-air64/src/cx/type_implicit_int_to_uchar.metal,19
/private/tmp/metal-ast-tvos-air64/src/cx/type_implicit_int_to_uint.metal,19
/private/tmp/metal-ast-tvos-air64/src/cx/type_implicit_int_to_ushort.metal,19
/private/tmp/metal-ast-tvos-air64/src/cx/type_implicit_short_to_bool.metal,19
/private/tmp/metal-ast-tvos-air64/src/cx/type_implicit_short_to_char.metal,19
/private/tmp/metal-ast-tvos-air64/src/cx/type_implicit_short_to_float.metal,19
/private/tmp/metal-ast-tvos-air64/src/cx/type_implicit_short_to_half.metal,19
/private/tmp/metal-ast-tvos-air64/src/cx/type_implicit_short_to_int.metal,19
/private/tmp/metal-ast-tvos-air64/src/cx/type_implicit_short_to_uchar.metal,19
/private/tmp/metal-ast-tvos-air64/src/cx/type_implicit_short_to_uint.metal,19
/private/tmp/metal-ast-tvos-air64/src/cx/type_implicit_short_to_ushort.metal,19
/private/tmp/metal-ast-tvos-air64/src/cx/type_implicit_uchar_to_bool.metal,19
/private/tmp/metal-ast-tvos-air64/src/cx/type_implicit_uchar_to_char.metal,19
/private/tmp/metal-ast-tvos-air64/src/cx/type_implicit_uchar_to_float.metal,19
/private/tmp/metal-ast-tvos-air64/src/cx/type_implicit_uchar_to_half.metal,19
/private/tmp/metal-ast-tvos-air64/src/cx/type_implicit_uchar_to_int.metal,19
/private/tmp/metal-ast-tvos-air64/src/cx/type_implicit_uchar_to_short.metal,19
/private/tmp/metal-ast-tvos-air64/src/cx/type_implicit_uchar_to_uint.metal,19
/private/tmp/metal-ast-tvos-air64/src/cx/type_implicit_uchar_to_ushort.metal,19
/private/tmp/metal-ast-tvos-air64/src/cx/type_implicit_uint4_to_uint3.metal,19
/private/tmp/metal-ast-tvos-air64/src/cx/type_implicit_uint_to_bool.metal,19
/private/tmp/metal-ast-tvos-air64/src/cx/type_implicit_uint_to_char.metal,19
/private/tmp/metal-ast-tvos-air64/src/cx/type_implicit_uint_to_float.metal,19
/private/tmp/metal-ast-tvos-air64/src/cx/type_implicit_uint_to_half.metal,19
/private/tmp/metal-ast-tvos-air64/src/cx/type_implicit_uint_to_int.metal,19
/private/tmp/metal-ast-tvos-air64/src/cx/type_implicit_uint_to_short.metal,19
/private/tmp/metal-ast-tvos-air64/src/cx/type_implicit_uint_to_uchar.metal,19
/private/tmp/metal-ast-tvos-air64/src/cx/type_implicit_uint_to_ushort.metal,19
/private/tmp/metal-ast-tvos-air64/src/cx/type_implicit_ushort_to_bool.metal,19
/private/tmp/metal-ast-tvos-air64/src/cx/type_int2_to_scalar.metal,19
/private/tmp/metal-ast-tvos-air64/src/cx/type_implicit_ushort_to_char.metal,19
/private/tmp/metal-ast-tvos-air64/src/cx/type_implicit_ushort_to_float.metal,19
/private/tmp/metal-ast-tvos-air64/src/cx/type_implicit_ushort_to_half.metal,19
/private/tmp/metal-ast-tvos-air64/src/cx/type_implicit_ushort_to_int.metal,19
/private/tmp/metal-ast-tvos-air64/src/cx/type_implicit_ushort_to_short.metal,19
/private/tmp/metal-ast-tvos-air64/src/cx/type_implicit_ushort_to_uchar.metal,19
/private/tmp/metal-ast-tvos-air64/src/cx/type_implicit_ushort_to_uint.metal,19
/private/tmp/metal-ast-tvos-air64/src/cx/type_int3_to_scalar.metal,19
/private/tmp/metal-ast-tvos-air64/src/cx/type_int4_to_scalar.metal,19
/private/tmp/metal-ast-tvos-air64/src/cx/type_int_to_bool.metal,19
/private/tmp/metal-ast-tvos-air64/src/cx/type_nullptr_to_device_ptr.metal,19
/private/tmp/metal-ast-tvos-air64/src/cx/type_nullptr_to_thread_ptr.metal,19
/private/tmp/metal-ast-tvos-air64/src/cx/type_promote_half_float_add.metal,19
/private/tmp/metal-ast-tvos-air64/src/cx/type_promote_int_uint_add.metal,19
/private/tmp/metal-ast-tvos-air64/src/cx/type_scalar_to_float2.metal,19
/private/tmp/metal-ast-tvos-air64/src/cx/type_scalar_to_float3.metal,19
/private/tmp/metal-ast-tvos-air64/src/cx/type_scalar_to_float4.metal,19
/private/tmp/metal-ast-tvos-air64/src/cx/type_scalar_to_half2.metal,19
/private/tmp/metal-ast-tvos-air64/src/cx/type_scalar_to_half3.metal,19
/private/tmp/metal-ast-tvos-air64/src/cx/type_scalar_to_half4.metal,19
/private/tmp/metal-ast-tvos-air64/src/cx/type_scalar_to_int2.metal,19
/private/tmp/metal-ast-tvos-air64/src/cx/type_scalar_to_int3.metal,19
/private/tmp/metal-ast-tvos-air64/src/cx/type_scalar_to_int4.metal,19
/private/tmp/metal-ast-tvos-air64/src/cx/type_scalar_to_uint2.metal,19
/private/tmp/metal-ast-tvos-air64/src/cx/type_scalar_to_uint3.metal,19
/private/tmp/metal-ast-tvos-air64/src/cx/type_scalar_to_uint4.metal,19
/private/tmp/metal-ast-tvos-air64/src/cx/type_template_deduction_min.metal,19
/private/tmp/metal-ast-tvos-air64/src/cx/type_uint2_to_scalar.metal,19
/private/tmp/metal-ast-tvos-air64/src/cx/type_uint3_to_scalar.metal,19
/private/tmp/metal-ast-tvos-air64/src/cx/type_uint4_to_scalar.metal,19
/private/tmp/metal-ast-tvos-air64/src/cx/type_vec_scalar_mul_float2.metal,19
/private/tmp/metal-ast-tvos-air64/src/cx/type_vec_scalar_mul_float3.metal,19
/private/tmp/metal-ast-tvos-air64/src/cx/type_vec_scalar_mul_float4.metal,19
/private/tmp/metal-ast-tvos-air64/src/cx/type_vec_scalar_mul_half2.metal,19
/private/tmp/metal-ast-tvos-air64/src/cx/type_vec_scalar_mul_half3.metal,19
/private/tmp/metal-ast-tvos-air64/src/cx/type_vec_scalar_mul_half4.metal,19
/private/tmp/metal-ast-tvos-air64/src/cx/vis_default.metal,19
/private/tmp/metal-ast-tvos-air64/src/cx/vis_export_name.metal,19
/private/tmp/metal-ast-tvos-air64/src/cx/vis_internal.metal,19
/private/tmp/metal-ast-tvos-air64/src/cx/vis_multiple_visible.metal,19
/private/tmp/metal-ast-tvos-air64/src/cx/vis_template_visible.metal,19
/private/tmp/metal-ast-tvos-air64/src/cx/vis_visible.metal,19
/private/tmp/metal-ast-tvos-air64/src/cx/warn_deprecated.metal,19
/private/tmp/metal-ast-tvos-air64/src/cx/warn_div_zero.metal,19
/private/tmp/metal-ast-tvos-air64/src/cx/warn_empty_body.metal,19
/private/tmp/metal-ast-tvos-air64/src/cx/warn_extra_parens.metal,19
/private/tmp/metal-ast-tvos-air64/src/cx/warn_fallthrough.metal,19
/private/tmp/metal-ast-tvos-air64/src/cx/warn_infinite_loop.metal,19
/private/tmp/metal-ast-tvos-air64/src/cx/warn_missing_braces.metal,19
/private/tmp/metal-ast-tvos-air64/src/cx/warn_narrowing.metal,19
/private/tmp/metal-ast-tvos-air64/src/cx/warn_self_assign.metal,19
/private/tmp/metal-ast-tvos-air64/src/cx/warn_shadow.metal,19
/private/tmp/metal-ast-tvos-air64/src/cx/warn_shift_overflow.metal,19
/private/tmp/metal-ast-tvos-air64/src/cx/warn_sign_compare.metal,19
/private/tmp/metal-ast-tvos-air64/src/cx/warn_unreachable.metal,19
/private/tmp/metal-ast-tvos-air64/src/cx/warn_unused_var.metal,19
/private/tmp/metal-ast-tvos-sim-air32/src/cx/builtin_raytracing.metal,19
/private/tmp/metal-ast-tvos-sim-air32/src/cx/builtin_tex_03.metal,19
/private/tmp/metal-ast-tvos-sim-air32/src/cx/builtin_tex_04.metal,19
/private/tmp/metal-ast-tvos-sim-air32/src/cx/builtin_tex_05.metal,19
/private/tmp/metal-ast-tvos-sim-air32/src/cx/builtin_tex_06.metal,19
/private/tmp/metal-ast-tvos-sim-air32/src/cx/builtin_tex_07.metal,19
/private/tmp/metal-ast-tvos-sim-air32/src/cx/builtin_tex_08.metal,19
/private/tmp/metal-ast-tvos-sim-air32/src/cx/builtin_tex_13.metal,19
/private/tmp/metal-ast-tvos-sim-air32/src/cx/builtin_tex_14.metal,19
/private/tmp/metal-ast-tvos-sim-air32/src/cx/builtin_tex_15.metal,19
/private/tmp/metal-ast-tvos-sim-air32/src/cx/builtin_tex_16.metal,19
/private/tmp/metal-ast-tvos-sim-air32/src/cx/conv_000.metal,19
/private/tmp/metal-ast-tvos-sim-air32/src/cx/conv_001.metal,19
/private/tmp/metal-ast-tvos-sim-air32/src/cx/conv_002.metal,19
/private/tmp/metal-ast-tvos-sim-air32/src/cx/conv_003.metal,19
/private/tmp/metal-ast-tvos-sim-air32/src/cx/conv_004.metal,19
/private/tmp/metal-ast-tvos-sim-air32/src/cx/conv_005.metal,19
/private/tmp/metal-ast-tvos-sim-air32/src/cx/conv_006.metal,19
/private/tmp/metal-ast-tvos-sim-air32/src/cx/conv_007.metal,19
/private/tmp/metal-ast-tvos-sim-air32/src/cx/conv_008.metal,19
/private/tmp/metal-ast-tvos-sim-air32/src/cx/conv_009.metal,19
/private/tmp/metal-ast-tvos-sim-air32/src/cx/conv_010.metal,19
/private/tmp/metal-ast-tvos-sim-air32/src/cx/conv_011.metal,19
/private/tmp/metal-ast-tvos-sim-air32/src/cx/conv_012.metal,19
/private/tmp/metal-ast-tvos-sim-air32/src/cx/conv_013.metal,19
/private/tmp/metal-ast-tvos-sim-air32/src/cx/conv_014.metal,19
/private/tmp/metal-ast-tvos-sim-air32/src/cx/conv_015.metal,19
/private/tmp/metal-ast-tvos-sim-air32/src/cx/conv_016.metal,19
/private/tmp/metal-ast-tvos-sim-air32/src/cx/conv_017.metal,19
/private/tmp/metal-ast-tvos-sim-air32/src/cx/conv_018.metal,19
/private/tmp/metal-ast-tvos-sim-air32/src/cx/conv_019.metal,19
/private/tmp/metal-ast-tvos-sim-air32/src/cx/conv_020.metal,19
/private/tmp/metal-ast-tvos-sim-air32/src/cx/conv_021.metal,19
/private/tmp/metal-ast-tvos-sim-air32/src/cx/conv_022.metal,19
/private/tmp/metal-ast-tvos-sim-air32/src/cx/conv_023.metal,19
/private/tmp/metal-ast-tvos-sim-air32/src/cx/conv_024.metal,19
/private/tmp/metal-ast-tvos-sim-air32/src/cx/conv_025.metal,19
/private/tmp/metal-ast-tvos-sim-air32/src/cx/conv_026.metal,19
/private/tmp/metal-ast-tvos-sim-air32/src/cx/conv_027.metal,19
/private/tmp/metal-ast-tvos-sim-air32/src/cx/conv_028.metal,19
/private/tmp/metal-ast-tvos-sim-air32/src/cx/conv_029.metal,19
/private/tmp/metal-ast-tvos-sim-air32/src/cx/conv_030.metal,19
/private/tmp/metal-ast-tvos-sim-air32/src/cx/conv_031.metal,19
/private/tmp/metal-ast-tvos-sim-air32/src/cx/conv_032.metal,19
/private/tmp/metal-ast-tvos-sim-air32/src/cx/conv_033.metal,19
/private/tmp/metal-ast-tvos-sim-air32/src/cx/conv_034.metal,19
/private/tmp/metal-ast-tvos-sim-air32/src/cx/conv_035.metal,19
/private/tmp/metal-ast-tvos-sim-air32/src/cx/conv_036.metal,19
/private/tmp/metal-ast-tvos-sim-air32/src/cx/conv_037.metal,19
/private/tmp/metal-ast-tvos-sim-air32/src/cx/conv_038.metal,19
/private/tmp/metal-ast-tvos-sim-air32/src/cx/conv_039.metal,19
/private/tmp/metal-ast-tvos-sim-air32/src/cx/conv_040.metal,19
/private/tmp/metal-ast-tvos-sim-air32/src/cx/conv_041.metal,19
/private/tmp/metal-ast-tvos-sim-air32/src/cx/conv_042.metal,19
/private/tmp/metal-ast-tvos-sim-air32/src/cx/conv_043.metal,19
/private/tmp/metal-ast-tvos-sim-air32/src/cx/conv_044.metal,19
/private/tmp/metal-ast-tvos-sim-air32/src/cx/conv_045.metal,19
/private/tmp/metal-ast-tvos-sim-air32/src/cx/conv_046.metal,19
/private/tmp/metal-ast-tvos-sim-air32/src/cx/conv_047.metal,19
/private/tmp/metal-ast-tvos-sim-air32/src/cx/conv_048.metal,19
/private/tmp/metal-ast-tvos-sim-air32/src/cx/conv_049.metal,19
/private/tmp/metal-ast-tvos-sim-air32/src/cx/conv_050.metal,19
/private/tmp/metal-ast-tvos-sim-air32/src/cx/conv_051.metal,19
/private/tmp/metal-ast-tvos-sim-air32/src/cx/conv_052.metal,19
/private/tmp/metal-ast-tvos-sim-air32/src/cx/conv_053.metal,19
/private/tmp/metal-ast-tvos-sim-air32/src/cx/conv_054.metal,19
/private/tmp/metal-ast-tvos-sim-air32/src/cx/conv_055.metal,19
/private/tmp/metal-ast-tvos-sim-air32/src/cx/conv_056.metal,19
/private/tmp/metal-ast-tvos-sim-air32/src/cx/conv_057.metal,19
/private/tmp/metal-ast-tvos-sim-air32/src/cx/conv_058.metal,19
/private/tmp/metal-ast-tvos-sim-air32/src/cx/conv_059.metal,19
/private/tmp/metal-ast-tvos-sim-air32/src/cx/conv_060.metal,19
/private/tmp/metal-ast-tvos-sim-air32/src/cx/conv_061.metal,19
/private/tmp/metal-ast-tvos-sim-air32/src/cx/conv_062.metal,19
/private/tmp/metal-ast-tvos-sim-air32/src/cx/conv_063.metal,19
/private/tmp/metal-ast-tvos-sim-air32/src/cx/conv_064.metal,19
/private/tmp/metal-ast-tvos-sim-air32/src/cx/conv_065.metal,19
/private/tmp/metal-ast-tvos-sim-air32/src/cx/conv_066.metal,19
/private/tmp/metal-ast-tvos-sim-air32/src/cx/conv_067.metal,19
/private/tmp/metal-ast-tvos-sim-air32/src/cx/conv_068.metal,19
/private/tmp/metal-ast-tvos-sim-air32/src/cx/conv_069.metal,19
/private/tmp/metal-ast-tvos-sim-air32/src/cx/conv_070.metal,19
/private/tmp/metal-ast-tvos-sim-air32/src/cx/conv_071.metal,19
/private/tmp/metal-ast-tvos-sim-air32/src/cx/conv_072.metal,19
/private/tmp/metal-ast-tvos-sim-air32/src/cx/conv_073.metal,19
/private/tmp/metal-ast-tvos-sim-air32/src/cx/conv_074.metal,19
/private/tmp/metal-ast-tvos-sim-air32/src/cx/conv_075.metal,19
/private/tmp/metal-ast-tvos-sim-air32/src/cx/conv_076.metal,19
/private/tmp/metal-ast-tvos-sim-air32/src/cx/conv_077.metal,19
/private/tmp/metal-ast-tvos-sim-air32/src/cx/conv_078.metal,19
/private/tmp/metal-ast-tvos-sim-air32/src/cx/conv_079.metal,19
/private/tmp/metal-ast-tvos-sim-air32/src/cx/conv_080.metal,19
/private/tmp/metal-ast-tvos-sim-air32/src/cx/conv_081.metal,19
/private/tmp/metal-ast-tvos-sim-air32/src/cx/conv_082.metal,19
/private/tmp/metal-ast-tvos-sim-air32/src/cx/conv_083.metal,19
/private/tmp/metal-ast-tvos-sim-air32/src/cx/conv_084.metal,19
/private/tmp/metal-ast-tvos-sim-air32/src/cx/conv_085.metal,19
/private/tmp/metal-ast-tvos-sim-air32/src/cx/conv_086.metal,19
/private/tmp/metal-ast-tvos-sim-air32/src/cx/conv_087.metal,19
/private/tmp/metal-ast-tvos-sim-air32/src/cx/conv_088.metal,19
/private/tmp/metal-ast-tvos-sim-air32/src/cx/conv_089.metal,19
/private/tmp/metal-ast-tvos-sim-air32/src/cx/conv_090.metal,19
/private/tmp/metal-ast-tvos-sim-air32/src/cx/conv_091.metal,19
/private/tmp/metal-ast-tvos-sim-air32/src/cx/conv_092.metal,19
/private/tmp/metal-ast-tvos-sim-air32/src/cx/conv_093.metal,19
/private/tmp/metal-ast-tvos-sim-air32/src/cx/conv_094.metal,19
/private/tmp/metal-ast-tvos-sim-air32/src/cx/conv_095.metal,19
/private/tmp/metal-ast-tvos-sim-air32/src/cx/conv_096.metal,19
/private/tmp/metal-ast-tvos-sim-air32/src/cx/conv_097.metal,19
/private/tmp/metal-ast-tvos-sim-air32/src/cx/conv_098.metal,19
/private/tmp/metal-ast-tvos-sim-air32/src/cx/conv_099.metal,19
/private/tmp/metal-ast-tvos-sim-air32/src/cx/conv_100.metal,19
/private/tmp/metal-ast-tvos-sim-air32/src/cx/conv_101.metal,19
/private/tmp/metal-ast-tvos-sim-air32/src/cx/conv_102.metal,19
/private/tmp/metal-ast-tvos-sim-air32/src/cx/conv_103.metal,19
/private/tmp/metal-ast-tvos-sim-air32/src/cx/conv_104.metal,19
/private/tmp/metal-ast-tvos-sim-air32/src/cx/conv_105.metal,19
/private/tmp/metal-ast-tvos-sim-air32/src/cx/conv_106.metal,19
/private/tmp/metal-ast-tvos-sim-air32/src/cx/conv_107.metal,19
/private/tmp/metal-ast-tvos-sim-air32/src/cx/conv_108.metal,19
/private/tmp/metal-ast-tvos-sim-air32/src/cx/conv_109.metal,19
/private/tmp/metal-ast-tvos-sim-air32/src/cx/conv_110.metal,19
/private/tmp/metal-ast-tvos-sim-air32/src/cx/conv_111.metal,19
/private/tmp/metal-ast-tvos-sim-air32/src/cx/conv_112.metal,19
/private/tmp/metal-ast-tvos-sim-air32/src/cx/conv_113.metal,19
/private/tmp/metal-ast-tvos-sim-air32/src/cx/conv_114.metal,19
/private/tmp/metal-ast-tvos-sim-air32/src/cx/conv_115.metal,19
/private/tmp/metal-ast-tvos-sim-air32/src/cx/conv_116.metal,19
/private/tmp/metal-ast-tvos-sim-air32/src/cx/conv_117.metal,19
/private/tmp/metal-ast-tvos-sim-air32/src/cx/conv_118.metal,19
/private/tmp/metal-ast-tvos-sim-air32/src/cx/conv_119.metal,19
/private/tmp/metal-ast-tvos-sim-air32/src/cx/conv_120.metal,19
/private/tmp/metal-ast-tvos-sim-air32/src/cx/conv_121.metal,19
/private/tmp/metal-ast-tvos-sim-air32/src/cx/conv_122.metal,19
/private/tmp/metal-ast-tvos-sim-air32/src/cx/conv_123.metal,19
/private/tmp/metal-ast-tvos-sim-air32/src/cx/conv_124.metal,19
/private/tmp/metal-ast-tvos-sim-air32/src/cx/conv_125.metal,19
/private/tmp/metal-ast-tvos-sim-air32/src/cx/conv_126.metal,19
/private/tmp/metal-ast-tvos-sim-air32/src/cx/conv_127.metal,19
/private/tmp/metal-ast-tvos-sim-air32/src/cx/conv_128.metal,19
/private/tmp/metal-ast-tvos-sim-air32/src/cx/conv_129.metal,19
/private/tmp/metal-ast-tvos-sim-air32/src/cx/conv_130.metal,19
/private/tmp/metal-ast-tvos-sim-air32/src/cx/conv_131.metal,19
/private/tmp/metal-ast-tvos-sim-air32/src/cx/conv_132.metal,19
/private/tmp/metal-ast-tvos-sim-air32/src/cx/conv_133.metal,19
/private/tmp/metal-ast-tvos-sim-air32/src/cx/conv_134.metal,19
/private/tmp/metal-ast-tvos-sim-air32/src/cx/conv_135.metal,19
/private/tmp/metal-ast-tvos-sim-air32/src/cx/conv_136.metal,19
/private/tmp/metal-ast-tvos-sim-air32/src/cx/conv_137.metal,19
/private/tmp/metal-ast-tvos-sim-air32/src/cx/conv_138.metal,19
/private/tmp/metal-ast-tvos-sim-air32/src/cx/conv_139.metal,19
/private/tmp/metal-ast-tvos-sim-air32/src/cx/conv_140.metal,19
/private/tmp/metal-ast-tvos-sim-air32/src/cx/conv_141.metal,19
/private/tmp/metal-ast-tvos-sim-air32/src/cx/conv_142.metal,19
/private/tmp/metal-ast-tvos-sim-air32/src/cx/conv_143.metal,19
/private/tmp/metal-ast-tvos-sim-air32/src/cx/conv_144.metal,19
/private/tmp/metal-ast-tvos-sim-air32/src/cx/conv_145.metal,19
/private/tmp/metal-ast-tvos-sim-air32/src/cx/conv_146.metal,19
/private/tmp/metal-ast-tvos-sim-air32/src/cx/conv_147.metal,19
/private/tmp/metal-ast-tvos-sim-air32/src/cx/conv_148.metal,19
/private/tmp/metal-ast-tvos-sim-air32/src/cx/conv_149.metal,19
/private/tmp/metal-ast-tvos-sim-air32/src/cx/conv_150.metal,19
/private/tmp/metal-ast-tvos-sim-air32/src/cx/conv_151.metal,19
/private/tmp/metal-ast-tvos-sim-air32/src/cx/conv_152.metal,19
/private/tmp/metal-ast-tvos-sim-air32/src/cx/conv_153.metal,19
/private/tmp/metal-ast-tvos-sim-air32/src/cx/conv_154.metal,19
/private/tmp/metal-ast-tvos-sim-air32/src/cx/conv_155.metal,19
/private/tmp/metal-ast-tvos-sim-air32/src/cx/conv_156.metal,19
/private/tmp/metal-ast-tvos-sim-air32/src/cx/conv_157.metal,19
/private/tmp/metal-ast-tvos-sim-air32/src/cx/conv_158.metal,19
/private/tmp/metal-ast-tvos-sim-air32/src/cx/conv_159.metal,19
/private/tmp/metal-ast-tvos-sim-air32/src/cx/conv_160.metal,19
/private/tmp/metal-ast-tvos-sim-air32/src/cx/conv_161.metal,19
/private/tmp/metal-ast-tvos-sim-air32/src/cx/conv_162.metal,19
/private/tmp/metal-ast-tvos-sim-air32/src/cx/conv_163.metal,19
/private/tmp/metal-ast-tvos-sim-air32/src/cx/conv_164.metal,19
/private/tmp/metal-ast-tvos-sim-air32/src/cx/conv_165.metal,19
/private/tmp/metal-ast-tvos-sim-air32/src/cx/conv_166.metal,19
/private/tmp/metal-ast-tvos-sim-air32/src/cx/conv_167.metal,19
/private/tmp/metal-ast-tvos-sim-air32/src/cx/conv_168.metal,19
/private/tmp/metal-ast-tvos-sim-air32/src/cx/conv_169.metal,19
/private/tmp/metal-ast-tvos-sim-air32/src/cx/conv_170.metal,19
/private/tmp/metal-ast-tvos-sim-air32/src/cx/conv_171.metal,19
/private/tmp/metal-ast-tvos-sim-air32/src/cx/conv_172.metal,19
/private/tmp/metal-ast-tvos-sim-air32/src/cx/conv_173.metal,19
/private/tmp/metal-ast-tvos-sim-air32/src/cx/conv_174.metal,19
/private/tmp/metal-ast-tvos-sim-air32/src/cx/conv_175.metal,19
/private/tmp/metal-ast-tvos-sim-air32/src/cx/conv_176.metal,19
/private/tmp/metal-ast-tvos-sim-air32/src/cx/conv_177.metal,19
/private/tmp/metal-ast-tvos-sim-air32/src/cx/conv_178.metal,19
/private/tmp/metal-ast-tvos-sim-air32/src/cx/conv_179.metal,19
/private/tmp/metal-ast-tvos-sim-air32/src/cx/conv_182.metal,19
/private/tmp/metal-ast-tvos-sim-air32/src/cx/conv_183.metal,19
/private/tmp/metal-ast-tvos-sim-air32/src/cx/cxx_003_exception_throw.metal,19
/private/tmp/metal-ast-tvos-sim-air32/src/cx/cxx_011_variadic_template.metal,19
/private/tmp/metal-ast-tvos-sim-air32/src/cx/cxx_012_fold_expression.metal,19
/private/tmp/metal-ast-tvos-sim-air32/src/cx/cxx_013_structured_binding.metal,19
/private/tmp/metal-ast-tvos-sim-air32/src/cx/cxx_014_if_constexpr.metal,19
/private/tmp/metal-ast-tvos-sim-air32/src/cx/cxx_015_namespace_alias.metal,19
/private/tmp/metal-ast-tvos-sim-air32/src/cx/cxx_016_using_declaration.metal,19
/private/tmp/metal-ast-tvos-sim-air32/src/cx/cxx_017_enum_class.metal,19
/private/tmp/metal-ast-tvos-sim-air32/src/cx/cxx_018_bitfield_struct.metal,19
/private/tmp/metal-ast-tvos-sim-air32/src/cx/cxx_020_pointer_arithmetic.metal,19
/private/tmp/metal-ast-tvos-sim-air32/src/cx/cxx_022_member_pointer.metal,19
/private/tmp/metal-ast-tvos-sim-air32/src/cx/cxx_024_sfinae_enable_if.metal,19
/private/tmp/metal-ast-tvos-sim-air32/src/cx/cxx_025_constexpr_function.metal,19
/private/tmp/metal-ast-tvos-sim-air32/src/cx/cxx_026_static_assert_test.metal,19
/private/tmp/metal-ast-tvos-sim-air32/src/cx/cxx_027_operator_overload.metal,19
/private/tmp/metal-ast-tvos-sim-air32/src/cx/cxx_as_type_reinterpret.metal,19
/private/tmp/metal-ast-tvos-sim-air32/src/cx/cxx_auto_decltype.metal,19
/private/tmp/metal-ast-tvos-sim-air32/src/cx/cxx_constexpr_fn.metal,19
/private/tmp/metal-ast-tvos-sim-air32/src/cx/cxx_default_arg.metal,19
/private/tmp/metal-ast-tvos-sim-air32/src/cx/cxx_namespace_using.metal,19
/private/tmp/metal-ast-tvos-sim-air32/src/cx/cxx_operator_overload.metal,19
/private/tmp/metal-ast-tvos-sim-air32/src/cx/cxx_overload_addrspace.metal,19
/private/tmp/metal-ast-tvos-sim-air32/src/cx/cxx_overload_types.metal,19
/private/tmp/metal-ast-tvos-sim-air32/src/cx/cxx_sfinae_enable_if.metal,19
/private/tmp/metal-ast-tvos-sim-air32/src/cx/cxx_template_class_spec.metal,19
/private/tmp/metal-ast-tvos-sim-air32/src/cx/cxx_template_fn_explicit.metal,19
/private/tmp/metal-ast-tvos-sim-air32/src/cx/determ_basic.metal,19
/private/tmp/metal-ast-tvos-sim-air32/src/cx/determ_control_flow.metal,19
/private/tmp/metal-ast-tvos-sim-air32/src/cx/determ_multi_func.metal,19
/private/tmp/metal-ast-tvos-sim-air32/src/cx/determ_template.metal,19
/private/tmp/metal-ast-tvos-sim-air32/src/cx/edge_1000_kernels.metal,19
/private/tmp/metal-ast-tvos-sim-air32/src/cx/edge_deep_call.metal,19
/private/tmp/metal-ast-tvos-sim-air32/src/cx/edge_deep_template.metal,19
/private/tmp/metal-ast-tvos-sim-air32/src/cx/edge_div_zero.metal,19
/private/tmp/metal-ast-tvos-sim-air32/src/cx/edge_empty.metal,19
/private/tmp/metal-ast-tvos-sim-air32/src/cx/edge_infinity.metal,19
/private/tmp/metal-ast-tvos-sim-air32/src/cx/edge_large_array.metal,19
/private/tmp/metal-ast-tvos-sim-air32/src/cx/edge_long_identifier.metal,19
/private/tmp/metal-ast-tvos-sim-air32/src/cx/edge_max_buffers.metal,19
/private/tmp/metal-ast-tvos-sim-air32/src/cx/edge_nan.metal,19
/private/tmp/metal-ast-tvos-sim-air32/src/cx/edge_oob_access.metal,19
/private/tmp/metal-ast-tvos-sim-air32/src/cx/edge_overflow.metal,19
/private/tmp/metal-ast-tvos-sim-air32/src/cx/edge_underflow.metal,19
/private/tmp/metal-ast-tvos-sim-air32/src/cx/edge_uninit_var.metal,19
/private/tmp/metal-ast-tvos-sim-air32/src/cx/err_as_texture_cast.metal,19
/private/tmp/metal-ast-tvos-sim-air32/src/cx/err_attr_frag_int_return.metal,19
/private/tmp/metal-ast-tvos-sim-air32/src/cx/err_cf_recursion.metal,19
/private/tmp/metal-ast-tvos-sim-air32/src/cx/err_tex_depth_gather.metal,19
/private/tmp/metal-ast-tvos-sim-air32/src/cx/err_type_assign_float_to_int.metal,19
/private/tmp/metal-ast-tvos-sim-air32/src/cx/err_type_implicit_narrowing.metal,19
/private/tmp/metal-ast-tvos-sim-air32/src/cx/has_feature_probe.metal,19
/private/tmp/metal-ast-tvos-sim-air32/src/cx/io_vertex_clip_distance.metal,19
/private/tmp/metal-ast-tvos-sim-air32/src/cx/io_vertex_point_size.metal,19
/private/tmp/metal-ast-tvos-sim-air32/src/cx/io_vertex_pos_only.metal,19
/private/tmp/metal-ast-tvos-sim-air32/src/cx/io_vertex_user_locn.metal,19
/private/tmp/metal-ast-tvos-sim-air32/src/cx/multi_entry_2kernels.metal,19
/private/tmp/metal-ast-tvos-sim-air32/src/cx/multi_entry_4kernels.metal,19
/private/tmp/metal-ast-tvos-sim-air32/src/cx/multi_entry_shared_textures.metal,19
/private/tmp/metal-ast-tvos-sim-air32/src/cx/multi_entry_with_helpers.metal,19
/private/tmp/metal-ast-tvos-sim-air32/src/cx/object_payload.metal,19
/private/tmp/metal-ast-tvos-sim-air32/src/cx/repr_bool_scalar.metal,19
/private/tmp/metal-ast-tvos-sim-air32/src/cx/repr_half_arith.metal,19
/private/tmp/metal-ast-tvos-sim-air32/src/cx/repr_long_ulong.metal,19
/private/tmp/metal-ast-tvos-sim-air32/src/cx/res_buffer_constant.metal,19
/private/tmp/metal-ast-tvos-sim-air32/src/cx/res_buffer_device.metal,19
/private/tmp/metal-ast-tvos-sim-air32/src/cx/res_buffer_thread_addrspace.metal,19
/private/tmp/metal-ast-tvos-sim-air32/src/cx/res_index_buffer15.metal,19
/private/tmp/metal-ast-tvos-sim-air32/src/cx/res_index_buffer7.metal,19
/private/tmp/metal-ast-tvos-sim-air32/src/cx/res_threadgroup_alignas.metal,19
/private/tmp/metal-ast-tvos-sim-air32/src/cx/texm_000.metal,19
/private/tmp/metal-ast-tvos-sim-air32/src/cx/texm_001.metal,19
/private/tmp/metal-ast-tvos-sim-air32/src/cx/texm_002.metal,19
/private/tmp/metal-ast-tvos-sim-air32/src/cx/texm_003.metal,19
/private/tmp/metal-ast-tvos-sim-air32/src/cx/texm_004.metal,19
/private/tmp/metal-ast-tvos-sim-air32/src/cx/texm_005.metal,19
/private/tmp/metal-ast-tvos-sim-air32/src/cx/texm_006.metal,19
/private/tmp/metal-ast-tvos-sim-air32/src/cx/texm_007.metal,19
/private/tmp/metal-ast-tvos-sim-air32/src/cx/texm_008.metal,19
/private/tmp/metal-ast-tvos-sim-air32/src/cx/texm_009.metal,19
/private/tmp/metal-ast-tvos-sim-air32/src/cx/texm_010.metal,19
/private/tmp/metal-ast-tvos-sim-air32/src/cx/texm_011.metal,19
/private/tmp/metal-ast-tvos-sim-air32/src/cx/texm_012.metal,19
/private/tmp/metal-ast-tvos-sim-air32/src/cx/texm_013.metal,19
/private/tmp/metal-ast-tvos-sim-air32/src/cx/texm_014.metal,19
/private/tmp/metal-ast-tvos-sim-air32/src/cx/texm_015.metal,19
/private/tmp/metal-ast-tvos-sim-air32/src/cx/texm_016.metal,19
/private/tmp/metal-ast-tvos-sim-air32/src/cx/texm_017.metal,19
/private/tmp/metal-ast-tvos-sim-air32/src/cx/texm_018.metal,19
/private/tmp/metal-ast-tvos-sim-air32/src/cx/texm_019.metal,19
/private/tmp/metal-ast-tvos-sim-air32/src/cx/texm_020.metal,19
/private/tmp/metal-ast-tvos-sim-air32/src/cx/texm_021.metal,19
/private/tmp/metal-ast-tvos-sim-air32/src/cx/texm_022.metal,19
/private/tmp/metal-ast-tvos-sim-air32/src/cx/texm_023.metal,19
/private/tmp/metal-ast-tvos-sim-air32/src/cx/texm_024.metal,19
/private/tmp/metal-ast-tvos-sim-air32/src/cx/texm_025.metal,19
/private/tmp/metal-ast-tvos-sim-air32/src/cx/texm_026.metal,19
/private/tmp/metal-ast-tvos-sim-air32/src/cx/texm_027.metal,19
/private/tmp/metal-ast-tvos-sim-air32/src/cx/texm_028.metal,19
/private/tmp/metal-ast-tvos-sim-air32/src/cx/texm_029.metal,19
/private/tmp/metal-ast-tvos-sim-air32/src/cx/texm_030.metal,19
/private/tmp/metal-ast-tvos-sim-air32/src/cx/texm_031.metal,19
/private/tmp/metal-ast-tvos-sim-air32/src/cx/texm_032.metal,19
/private/tmp/metal-ast-tvos-sim-air32/src/cx/texm_033.metal,19
/private/tmp/metal-ast-tvos-sim-air32/src/cx/texm_034.metal,19
/private/tmp/metal-ast-tvos-sim-air32/src/cx/texm_035.metal,19
/private/tmp/metal-ast-tvos-sim-air32/src/cx/texm_036.metal,19
/private/tmp/metal-ast-tvos-sim-air32/src/cx/texm_037.metal,19
/private/tmp/metal-ast-tvos-sim-air32/src/cx/texm_038.metal,19
/private/tmp/metal-ast-tvos-sim-air32/src/cx/texm_039.metal,19
/private/tmp/metal-ast-tvos-sim-air32/src/cx/texm_048.metal,19
/private/tmp/metal-ast-tvos-sim-air32/src/cx/texm_058.metal,19
/private/tmp/metal-ast-tvos-sim-air32/src/cx/texm_068.metal,19
/private/tmp/metal-ast-tvos-sim-air32/src/cx/texm_078.metal,19
/private/tmp/metal-ast-tvos-sim-air32/src/cx/texm_080.metal,19
/private/tmp/metal-ast-tvos-sim-air32/src/cx/texm_085.metal,19
/private/tmp/metal-ast-tvos-sim-air32/src/cx/texm_086.metal,19
/private/tmp/metal-ast-tvos-sim-air32/src/cx/texm_087.metal,19
/private/tmp/metal-ast-tvos-sim-air32/src/cx/texm_088.metal,19
/private/tmp/metal-ast-tvos-sim-air32/src/cx/texm_093.metal,19
/private/tmp/metal-ast-tvos-sim-air32/src/cx/texm_094.metal,19
/private/tmp/metal-ast-tvos-sim-air32/src/cx/texm_095.metal,19
/private/tmp/metal-ast-tvos-sim-air32/src/cx/texm_096.metal,19
/private/tmp/metal-ast-tvos-sim-air32/src/cx/texm_101.metal,19
/private/tmp/metal-ast-tvos-sim-air32/src/cx/texm_102.metal,19
/private/tmp/metal-ast-tvos-sim-air32/src/cx/texm_103.metal,19
/private/tmp/metal-ast-tvos-sim-air32/src/cx/texm_104.metal,19
/private/tmp/metal-ast-tvos-sim-air32/src/cx/texm_109.metal,19
/private/tmp/metal-ast-tvos-sim-air32/src/cx/texm_110.metal,19
/private/tmp/metal-ast-tvos-sim-air32/src/cx/texm_111.metal,19
/private/tmp/metal-ast-tvos-sim-air32/src/cx/texm_112.metal,19
/private/tmp/metal-ast-tvos-sim-air32/src/cx/texm_113.metal,19
/private/tmp/metal-ast-tvos-sim-air32/src/cx/texm_114.metal,19
/private/tmp/metal-ast-tvos-sim-air32/src/cx/texm_117.metal,19
/private/tmp/metal-ast-tvos-sim-air32/src/cx/texm_118.metal,19
/private/tmp/metal-ast-tvos-sim-air32/src/cx/texm_119.metal,19
/private/tmp/metal-ast-tvos-sim-air32/src/cx/texm_120.metal,19
/private/tmp/metal-ast-tvos-sim-air32/src/cx/texm_121.metal,19
/private/tmp/metal-ast-tvos-sim-air32/src/cx/texm_122.metal,19
/private/tmp/metal-ast-tvos-sim-air32/src/cx/texm_125.metal,19
/private/tmp/metal-ast-tvos-sim-air32/src/cx/texm_126.metal,19
/private/tmp/metal-ast-tvos-sim-air32/src/cx/texm_127.metal,19
/private/tmp/metal-ast-tvos-sim-air32/src/cx/texm_128.metal,19
/private/tmp/metal-ast-tvos-sim-air32/src/cx/texm_129.metal,19
/private/tmp/metal-ast-tvos-sim-air32/src/cx/texm_130.metal,19
/private/tmp/metal-ast-tvos-sim-air32/src/cx/texm_133.metal,19
/private/tmp/metal-ast-tvos-sim-air32/src/cx/texm_134.metal,19
/private/tmp/metal-ast-tvos-sim-air32/src/cx/texm_135.metal,19
/private/tmp/metal-ast-tvos-sim-air32/src/cx/texm_136.metal,19
/private/tmp/metal-ast-tvos-sim-air32/src/cx/texm_137.metal,19
/private/tmp/metal-ast-tvos-sim-air32/src/cx/texm_138.metal,19
/private/tmp/metal-ast-tvos-sim-air32/src/cx/texm_141.metal,19
/private/tmp/metal-ast-tvos-sim-air32/src/cx/texm_142.metal,19
/private/tmp/metal-ast-tvos-sim-air32/src/cx/texm_143.metal,19
/private/tmp/metal-ast-tvos-sim-air32/src/cx/texm_144.metal,19
/private/tmp/metal-ast-tvos-sim-air32/src/cx/texm_145.metal,19
/private/tmp/metal-ast-tvos-sim-air32/src/cx/texm_146.metal,19
/private/tmp/metal-ast-tvos-sim-air32/src/cx/texm_151.metal,19
/private/tmp/metal-ast-tvos-sim-air32/src/cx/texm_152.metal,19
/private/tmp/metal-ast-tvos-sim-air32/src/cx/texm_153.metal,19
/private/tmp/metal-ast-tvos-sim-air32/src/cx/texm_158.metal,19
/private/tmp/metal-ast-tvos-sim-air32/src/cx/texm_159.metal,19
/private/tmp/metal-ast-tvos-sim-air32/src/cx/texm_160.metal,19
/private/tmp/metal-ast-tvos-sim-air32/src/cx/texm_165.metal,19
/private/tmp/metal-ast-tvos-sim-air32/src/cx/texm_166.metal,19
/private/tmp/metal-ast-tvos-sim-air32/src/cx/texm_167.metal,19
/private/tmp/metal-ast-tvos-sim-air32/src/cx/texq_172.metal,19
/private/tmp/metal-ast-tvos-sim-air32/src/cx/texq_173.metal,19
/private/tmp/metal-ast-tvos-sim-air32/src/cx/texq_174.metal,19
/private/tmp/metal-ast-tvos-sim-air32/src/cx/texq_175.metal,19
/private/tmp/metal-ast-tvos-sim-air32/src/cx/texq_176.metal,19
/private/tmp/metal-ast-tvos-sim-air32/src/cx/texq_177.metal,19
/private/tmp/metal-ast-tvos-sim-air32/src/cx/texq_178.metal,19
/private/tmp/metal-ast-tvos-sim-air32/src/cx/texq_179.metal,19
/private/tmp/metal-ast-tvos-sim-air32/src/cx/texq_181.metal,19
/private/tmp/metal-ast-tvos-sim-air32/src/cx/texq_182.metal,19
/private/tmp/metal-ast-tvos-sim-air32/src/cx/texq_183.metal,19
/private/tmp/metal-ast-tvos-sim-air32/src/cx/texq_184.metal,19
/private/tmp/metal-ast-tvos-sim-air32/src/cx/texq_185.metal,19
/private/tmp/metal-ast-tvos-sim-air32/src/cx/texq_186.metal,19
/private/tmp/metal-ast-tvos-sim-air32/src/cx/texq_187.metal,19
/private/tmp/metal-ast-tvos-sim-air32/src/cx/texq_188.metal,19
/private/tmp/metal-ast-tvos-sim-air32/src/cx/threadgroup_tg_alignas.metal,19
/private/tmp/metal-ast-tvos-sim-air32/src/cx/threadgroup_tg_array_large.metal,19
/private/tmp/metal-ast-tvos-sim-air32/src/cx/threadgroup_tg_array_small.metal,19
/private/tmp/metal-ast-tvos-sim-air32/src/cx/threadgroup_tg_atomic.metal,19
/private/tmp/metal-ast-tvos-sim-air32/src/cx/threadgroup_tg_dynamic_index.metal,19
/private/tmp/metal-ast-tvos-sim-air32/src/cx/threadgroup_tg_multiple_arrays.metal,19
/private/tmp/metal-ast-tvos-sim-air32/src/cx/threadgroup_tg_prefix_sum.metal,19
/private/tmp/metal-ast-tvos-sim-air32/src/cx/threadgroup_tg_scalar.metal,19
/private/tmp/metal-ast-tvos-sim-air32/src/cx/threadgroup_tg_struct.metal,19
/private/tmp/metal-ast-tvos-sim-air32/src/cx/type_bool_to_int.metal,19
/private/tmp/metal-ast-tvos-sim-air32/src/cx/type_float2_to_scalar.metal,19
/private/tmp/metal-ast-tvos-sim-air32/src/cx/type_float3_to_scalar.metal,19
/private/tmp/metal-ast-tvos-sim-air32/src/cx/type_float4_to_scalar.metal,19
/private/tmp/metal-ast-tvos-sim-air32/src/cx/type_half2_to_scalar.metal,19
/private/tmp/metal-ast-tvos-sim-air32/src/cx/type_half3_to_scalar.metal,19
/private/tmp/metal-ast-tvos-sim-air32/src/cx/type_half4_to_scalar.metal,19
/private/tmp/metal-ast-tvos-sim-air32/src/cx/type_implicit_bool_to_char.metal,19
/private/tmp/metal-ast-tvos-sim-air32/src/cx/type_implicit_bool_to_float.metal,19
/private/tmp/metal-ast-tvos-sim-air32/src/cx/type_implicit_bool_to_half.metal,19
/private/tmp/metal-ast-tvos-sim-air32/src/cx/type_implicit_bool_to_int.metal,19
/private/tmp/metal-ast-tvos-sim-air32/src/cx/type_implicit_bool_to_short.metal,19
/private/tmp/metal-ast-tvos-sim-air32/src/cx/type_implicit_bool_to_uchar.metal,19
/private/tmp/metal-ast-tvos-sim-air32/src/cx/type_implicit_bool_to_uint.metal,19
/private/tmp/metal-ast-tvos-sim-air32/src/cx/type_implicit_bool_to_ushort.metal,19
/private/tmp/metal-ast-tvos-sim-air32/src/cx/type_implicit_char_to_bool.metal,19
/private/tmp/metal-ast-tvos-sim-air32/src/cx/type_implicit_char_to_float.metal,19
/private/tmp/metal-ast-tvos-sim-air32/src/cx/type_implicit_char_to_half.metal,19
/private/tmp/metal-ast-tvos-sim-air32/src/cx/type_implicit_char_to_int.metal,19
/private/tmp/metal-ast-tvos-sim-air32/src/cx/type_int2_to_scalar.metal,19
/private/tmp/metal-ast-tvos-sim-air32/src/cx/type_implicit_char_to_short.metal,19
/private/tmp/metal-ast-tvos-sim-air32/src/cx/type_implicit_char_to_uchar.metal,19
/private/tmp/metal-ast-tvos-sim-air32/src/cx/type_implicit_char_to_uint.metal,19
/private/tmp/metal-ast-tvos-sim-air32/src/cx/type_implicit_char_to_ushort.metal,19
/private/tmp/metal-ast-tvos-sim-air32/src/cx/type_implicit_float4_to_float3.metal,19
/private/tmp/metal-ast-tvos-sim-air32/src/cx/type_implicit_float_to_bool.metal,19
/private/tmp/metal-ast-tvos-sim-air32/src/cx/type_implicit_float_to_char.metal,19
/private/tmp/metal-ast-tvos-sim-air32/src/cx/type_implicit_float_to_half.metal,19
/private/tmp/metal-ast-tvos-sim-air32/src/cx/type_implicit_float_to_int.metal,19
/private/tmp/metal-ast-tvos-sim-air32/src/cx/type_implicit_float_to_short.metal,19
/private/tmp/metal-ast-tvos-sim-air32/src/cx/type_implicit_float_to_uchar.metal,19
/private/tmp/metal-ast-tvos-sim-air32/src/cx/type_implicit_float_to_uint.metal,19
/private/tmp/metal-ast-tvos-sim-air32/src/cx/type_implicit_float_to_ushort.metal,19
/private/tmp/metal-ast-tvos-sim-air32/src/cx/type_implicit_half4_to_half3.metal,19
/private/tmp/metal-ast-tvos-sim-air32/src/cx/type_implicit_half_to_bool.metal,19
/private/tmp/metal-ast-tvos-sim-air32/src/cx/type_implicit_half_to_char.metal,19
/private/tmp/metal-ast-tvos-sim-air32/src/cx/type_implicit_half_to_float.metal,19
/private/tmp/metal-ast-tvos-sim-air32/src/cx/type_implicit_half_to_int.metal,19
/private/tmp/metal-ast-tvos-sim-air32/src/cx/type_implicit_half_to_short.metal,19
/private/tmp/metal-ast-tvos-sim-air32/src/cx/type_implicit_half_to_uchar.metal,19
/private/tmp/metal-ast-tvos-sim-air32/src/cx/type_implicit_half_to_uint.metal,19
/private/tmp/metal-ast-tvos-sim-air32/src/cx/type_implicit_half_to_ushort.metal,19
/private/tmp/metal-ast-tvos-sim-air32/src/cx/type_implicit_int4_to_int3.metal,19
/private/tmp/metal-ast-tvos-sim-air32/src/cx/type_implicit_int_to_bool.metal,19
/private/tmp/metal-ast-tvos-sim-air32/src/cx/type_implicit_int_to_char.metal,19
/private/tmp/metal-ast-tvos-sim-air32/src/cx/type_implicit_int_to_float.metal,19
/private/tmp/metal-ast-tvos-sim-air32/src/cx/type_implicit_int_to_half.metal,19
/private/tmp/metal-ast-tvos-sim-air32/src/cx/type_implicit_int_to_short.metal,19
/private/tmp/metal-ast-tvos-sim-air32/src/cx/type_implicit_int_to_uchar.metal,19
/private/tmp/metal-ast-tvos-sim-air32/src/cx/type_implicit_int_to_uint.metal,19
/private/tmp/metal-ast-tvos-sim-air32/src/cx/type_implicit_int_to_ushort.metal,19
/private/tmp/metal-ast-tvos-sim-air32/src/cx/type_implicit_short_to_bool.metal,19
/private/tmp/metal-ast-tvos-sim-air32/src/cx/type_implicit_short_to_char.metal,19
/private/tmp/metal-ast-tvos-sim-air32/src/cx/type_implicit_short_to_float.metal,19
/private/tmp/metal-ast-tvos-sim-air32/src/cx/type_implicit_short_to_half.metal,19
/private/tmp/metal-ast-tvos-sim-air32/src/cx/type_implicit_short_to_int.metal,19
/private/tmp/metal-ast-tvos-sim-air32/src/cx/type_implicit_short_to_uchar.metal,19
/private/tmp/metal-ast-tvos-sim-air32/src/cx/type_implicit_short_to_uint.metal,19
/private/tmp/metal-ast-tvos-sim-air32/src/cx/type_implicit_short_to_ushort.metal,19
/private/tmp/metal-ast-tvos-sim-air32/src/cx/type_implicit_uchar_to_bool.metal,19
/private/tmp/metal-ast-tvos-sim-air32/src/cx/type_implicit_uchar_to_char.metal,19
/private/tmp/metal-ast-tvos-sim-air32/src/cx/type_implicit_uchar_to_float.metal,19
/private/tmp/metal-ast-tvos-sim-air32/src/cx/type_implicit_uchar_to_half.metal,19
/private/tmp/metal-ast-tvos-sim-air32/src/cx/type_implicit_uchar_to_int.metal,19
/private/tmp/metal-ast-tvos-sim-air32/src/cx/type_implicit_uchar_to_short.metal,19
/private/tmp/metal-ast-tvos-sim-air32/src/cx/type_implicit_uchar_to_uint.metal,19
/private/tmp/metal-ast-tvos-sim-air32/src/cx/type_implicit_uchar_to_ushort.metal,19
/private/tmp/metal-ast-tvos-sim-air32/src/cx/type_implicit_uint4_to_uint3.metal,19
/private/tmp/metal-ast-tvos-sim-air32/src/cx/type_implicit_uint_to_bool.metal,19
/private/tmp/metal-ast-tvos-sim-air32/src/cx/type_implicit_uint_to_char.metal,19
/private/tmp/metal-ast-tvos-sim-air32/src/cx/type_implicit_uint_to_float.metal,19
/private/tmp/metal-ast-tvos-sim-air32/src/cx/type_implicit_uint_to_half.metal,19
/private/tmp/metal-ast-tvos-sim-air32/src/cx/type_implicit_uint_to_int.metal,19
/private/tmp/metal-ast-tvos-sim-air32/src/cx/type_implicit_uint_to_short.metal,19
/private/tmp/metal-ast-tvos-sim-air32/src/cx/type_implicit_uint_to_uchar.metal,19
/private/tmp/metal-ast-tvos-sim-air32/src/cx/type_implicit_uint_to_ushort.metal,19
/private/tmp/metal-ast-tvos-sim-air32/src/cx/type_implicit_ushort_to_bool.metal,19
/private/tmp/metal-ast-tvos-sim-air32/src/cx/type_implicit_ushort_to_char.metal,19
/private/tmp/metal-ast-tvos-sim-air32/src/cx/type_implicit_ushort_to_float.metal,19
/private/tmp/metal-ast-tvos-sim-air32/src/cx/type_implicit_ushort_to_half.metal,19
/private/tmp/metal-ast-tvos-sim-air32/src/cx/type_implicit_ushort_to_int.metal,19
/private/tmp/metal-ast-tvos-sim-air32/src/cx/type_implicit_ushort_to_short.metal,19
/private/tmp/metal-ast-tvos-sim-air32/src/cx/type_implicit_ushort_to_uchar.metal,19
/private/tmp/metal-ast-tvos-sim-air32/src/cx/type_implicit_ushort_to_uint.metal,19
/private/tmp/metal-ast-tvos-sim-air32/src/cx/type_int3_to_scalar.metal,19
/private/tmp/metal-ast-tvos-sim-air32/src/cx/type_int4_to_scalar.metal,19
/private/tmp/metal-ast-tvos-sim-air32/src/cx/type_int_to_bool.metal,19
/private/tmp/metal-ast-tvos-sim-air32/src/cx/type_nullptr_to_device_ptr.metal,19
/private/tmp/metal-ast-tvos-sim-air32/src/cx/type_nullptr_to_thread_ptr.metal,19
/private/tmp/metal-ast-tvos-sim-air32/src/cx/type_promote_half_float_add.metal,19
/private/tmp/metal-ast-tvos-sim-air32/src/cx/type_promote_int_uint_add.metal,19
/private/tmp/metal-ast-tvos-sim-air32/src/cx/type_scalar_to_float2.metal,19
/private/tmp/metal-ast-tvos-sim-air32/src/cx/type_scalar_to_float3.metal,19
/private/tmp/metal-ast-tvos-sim-air32/src/cx/type_scalar_to_float4.metal,19
/private/tmp/metal-ast-tvos-sim-air32/src/cx/type_scalar_to_half2.metal,19
/private/tmp/metal-ast-tvos-sim-air32/src/cx/type_scalar_to_half3.metal,19
/private/tmp/metal-ast-tvos-sim-air32/src/cx/type_scalar_to_half4.metal,19
/private/tmp/metal-ast-tvos-sim-air32/src/cx/type_scalar_to_int2.metal,19
/private/tmp/metal-ast-tvos-sim-air32/src/cx/type_scalar_to_int3.metal,19
/private/tmp/metal-ast-tvos-sim-air32/src/cx/type_scalar_to_int4.metal,19
/private/tmp/metal-ast-tvos-sim-air32/src/cx/type_scalar_to_uint2.metal,19
/private/tmp/metal-ast-tvos-sim-air32/src/cx/type_scalar_to_uint3.metal,19
/private/tmp/metal-ast-tvos-sim-air32/src/cx/type_scalar_to_uint4.metal,19
/private/tmp/metal-ast-tvos-sim-air32/src/cx/type_template_deduction_min.metal,19
/private/tmp/metal-ast-tvos-sim-air32/src/cx/type_uint2_to_scalar.metal,19
/private/tmp/metal-ast-tvos-sim-air32/src/cx/type_uint3_to_scalar.metal,19
/private/tmp/metal-ast-tvos-sim-air32/src/cx/type_uint4_to_scalar.metal,19
/private/tmp/metal-ast-tvos-sim-air32/src/cx/type_vec_scalar_mul_float2.metal,19
/private/tmp/metal-ast-tvos-sim-air32/src/cx/type_vec_scalar_mul_float3.metal,19
/private/tmp/metal-ast-tvos-sim-air32/src/cx/type_vec_scalar_mul_float4.metal,19
/private/tmp/metal-ast-tvos-sim-air32/src/cx/type_vec_scalar_mul_half2.metal,19
/private/tmp/metal-ast-tvos-sim-air32/src/cx/type_vec_scalar_mul_half3.metal,19
/private/tmp/metal-ast-tvos-sim-air32/src/cx/type_vec_scalar_mul_half4.metal,19
/private/tmp/metal-ast-tvos-sim-air32/src/cx/vis_default.metal,19
/private/tmp/metal-ast-tvos-sim-air32/src/cx/vis_export_name.metal,19
/private/tmp/metal-ast-tvos-sim-air32/src/cx/vis_internal.metal,19
/private/tmp/metal-ast-tvos-sim-air32/src/cx/vis_multiple_visible.metal,19
/private/tmp/metal-ast-tvos-sim-air32/src/cx/vis_template_visible.metal,19
/private/tmp/metal-ast-tvos-sim-air32/src/cx/vis_visible.metal,19
/private/tmp/metal-ast-tvos-sim-air32/src/cx/warn_deprecated.metal,19
/private/tmp/metal-ast-tvos-sim-air32/src/cx/warn_div_zero.metal,19
/private/tmp/metal-ast-tvos-sim-air32/src/cx/warn_empty_body.metal,19
/private/tmp/metal-ast-tvos-sim-air32/src/cx/warn_extra_parens.metal,19
/private/tmp/metal-ast-tvos-sim-air32/src/cx/warn_narrowing.metal,19
/private/tmp/metal-ast-tvos-sim-air32/src/cx/warn_fallthrough.metal,19
/private/tmp/metal-ast-tvos-sim-air32/src/cx/warn_infinite_loop.metal,19
/private/tmp/metal-ast-tvos-sim-air32/src/cx/warn_missing_braces.metal,19
/private/tmp/metal-ast-tvos-sim-air32/src/cx/warn_self_assign.metal,19
/private/tmp/metal-ast-tvos-sim-air32/src/cx/warn_shadow.metal,19
/private/tmp/metal-ast-tvos-sim-air32/src/cx/warn_shift_overflow.metal,19
/private/tmp/metal-ast-tvos-sim-air32/src/cx/warn_sign_compare.metal,19
/private/tmp/metal-ast-tvos-sim-air32/src/cx/warn_unreachable.metal,19
/private/tmp/metal-ast-tvos-sim-air32/src/cx/warn_unused_var.metal,19
/private/tmp/metal-ast-tvos-sim-air64/src/cx/builtin_raytracing.metal,19
/private/tmp/metal-ast-tvos-sim-air64/src/cx/builtin_tex_03.metal,19
/private/tmp/metal-ast-tvos-sim-air64/src/cx/builtin_tex_04.metal,19
/private/tmp/metal-ast-tvos-sim-air64/src/cx/builtin_tex_05.metal,19
/private/tmp/metal-ast-tvos-sim-air64/src/cx/builtin_tex_06.metal,19
/private/tmp/metal-ast-tvos-sim-air64/src/cx/builtin_tex_07.metal,19
/private/tmp/metal-ast-tvos-sim-air64/src/cx/builtin_tex_08.metal,19
/private/tmp/metal-ast-tvos-sim-air64/src/cx/builtin_tex_13.metal,19
/private/tmp/metal-ast-tvos-sim-air64/src/cx/builtin_tex_14.metal,19
/private/tmp/metal-ast-tvos-sim-air64/src/cx/builtin_tex_15.metal,19
/private/tmp/metal-ast-tvos-sim-air64/src/cx/builtin_tex_16.metal,19
/private/tmp/metal-ast-tvos-sim-air64/src/cx/conv_000.metal,19
/private/tmp/metal-ast-tvos-sim-air64/src/cx/conv_001.metal,19
/private/tmp/metal-ast-tvos-sim-air64/src/cx/conv_002.metal,19
/private/tmp/metal-ast-tvos-sim-air64/src/cx/conv_003.metal,19
/private/tmp/metal-ast-tvos-sim-air64/src/cx/conv_004.metal,19
/private/tmp/metal-ast-tvos-sim-air64/src/cx/conv_005.metal,19
/private/tmp/metal-ast-tvos-sim-air64/src/cx/conv_006.metal,19
/private/tmp/metal-ast-tvos-sim-air64/src/cx/conv_007.metal,19
/private/tmp/metal-ast-tvos-sim-air64/src/cx/conv_008.metal,19
/private/tmp/metal-ast-tvos-sim-air64/src/cx/conv_009.metal,19
/private/tmp/metal-ast-tvos-sim-air64/src/cx/conv_010.metal,19
/private/tmp/metal-ast-tvos-sim-air64/src/cx/conv_011.metal,19
/private/tmp/metal-ast-tvos-sim-air64/src/cx/conv_012.metal,19
/private/tmp/metal-ast-tvos-sim-air64/src/cx/conv_013.metal,19
/private/tmp/metal-ast-tvos-sim-air64/src/cx/conv_014.metal,19
/private/tmp/metal-ast-tvos-sim-air64/src/cx/conv_015.metal,19
/private/tmp/metal-ast-tvos-sim-air64/src/cx/conv_016.metal,19
/private/tmp/metal-ast-tvos-sim-air64/src/cx/conv_017.metal,19
/private/tmp/metal-ast-tvos-sim-air64/src/cx/conv_018.metal,19
/private/tmp/metal-ast-tvos-sim-air64/src/cx/conv_019.metal,19
/private/tmp/metal-ast-tvos-sim-air64/src/cx/conv_020.metal,19
/private/tmp/metal-ast-tvos-sim-air64/src/cx/conv_021.metal,19
/private/tmp/metal-ast-tvos-sim-air64/src/cx/conv_022.metal,19
/private/tmp/metal-ast-tvos-sim-air64/src/cx/conv_023.metal,19
/private/tmp/metal-ast-tvos-sim-air64/src/cx/conv_024.metal,19
/private/tmp/metal-ast-tvos-sim-air64/src/cx/conv_025.metal,19
/private/tmp/metal-ast-tvos-sim-air64/src/cx/conv_026.metal,19
/private/tmp/metal-ast-tvos-sim-air64/src/cx/conv_027.metal,19
/private/tmp/metal-ast-tvos-sim-air64/src/cx/conv_028.metal,19
/private/tmp/metal-ast-tvos-sim-air64/src/cx/conv_029.metal,19
/private/tmp/metal-ast-tvos-sim-air64/src/cx/conv_030.metal,19
/private/tmp/metal-ast-tvos-sim-air64/src/cx/conv_031.metal,19
/private/tmp/metal-ast-tvos-sim-air64/src/cx/conv_032.metal,19
/private/tmp/metal-ast-tvos-sim-air64/src/cx/conv_033.metal,19
/private/tmp/metal-ast-tvos-sim-air64/src/cx/conv_034.metal,19
/private/tmp/metal-ast-tvos-sim-air64/src/cx/conv_035.metal,19
/private/tmp/metal-ast-tvos-sim-air64/src/cx/conv_036.metal,19
/private/tmp/metal-ast-tvos-sim-air64/src/cx/conv_037.metal,19
/private/tmp/metal-ast-tvos-sim-air64/src/cx/conv_038.metal,19
/private/tmp/metal-ast-tvos-sim-air64/src/cx/conv_039.metal,19
/private/tmp/metal-ast-tvos-sim-air64/src/cx/conv_040.metal,19
/private/tmp/metal-ast-tvos-sim-air64/src/cx/conv_041.metal,19
/private/tmp/metal-ast-tvos-sim-air64/src/cx/conv_042.metal,19
/private/tmp/metal-ast-tvos-sim-air64/src/cx/conv_043.metal,19
/private/tmp/metal-ast-tvos-sim-air64/src/cx/conv_044.metal,19
/private/tmp/metal-ast-tvos-sim-air64/src/cx/conv_045.metal,19
/private/tmp/metal-ast-tvos-sim-air64/src/cx/conv_046.metal,19
/private/tmp/metal-ast-tvos-sim-air64/src/cx/conv_047.metal,19
/private/tmp/metal-ast-tvos-sim-air64/src/cx/conv_048.metal,19
/private/tmp/metal-ast-tvos-sim-air64/src/cx/conv_049.metal,19
/private/tmp/metal-ast-tvos-sim-air64/src/cx/conv_050.metal,19
/private/tmp/metal-ast-tvos-sim-air64/src/cx/conv_051.metal,19
/private/tmp/metal-ast-tvos-sim-air64/src/cx/conv_052.metal,19
/private/tmp/metal-ast-tvos-sim-air64/src/cx/conv_053.metal,19
/private/tmp/metal-ast-tvos-sim-air64/src/cx/conv_054.metal,19
/private/tmp/metal-ast-tvos-sim-air64/src/cx/conv_055.metal,19
/private/tmp/metal-ast-tvos-sim-air64/src/cx/conv_056.metal,19
/private/tmp/metal-ast-tvos-sim-air64/src/cx/conv_057.metal,19
/private/tmp/metal-ast-tvos-sim-air64/src/cx/conv_058.metal,19
/private/tmp/metal-ast-tvos-sim-air64/src/cx/conv_059.metal,19
/private/tmp/metal-ast-tvos-sim-air64/src/cx/conv_060.metal,19
/private/tmp/metal-ast-tvos-sim-air64/src/cx/conv_061.metal,19
/private/tmp/metal-ast-tvos-sim-air64/src/cx/conv_062.metal,19
/private/tmp/metal-ast-tvos-sim-air64/src/cx/conv_063.metal,19
/private/tmp/metal-ast-tvos-sim-air64/src/cx/conv_064.metal,19
/private/tmp/metal-ast-tvos-sim-air64/src/cx/conv_065.metal,19
/private/tmp/metal-ast-tvos-sim-air64/src/cx/conv_066.metal,19
/private/tmp/metal-ast-tvos-sim-air64/src/cx/conv_067.metal,19
/private/tmp/metal-ast-tvos-sim-air64/src/cx/conv_068.metal,19
/private/tmp/metal-ast-tvos-sim-air64/src/cx/conv_069.metal,19
/private/tmp/metal-ast-tvos-sim-air64/src/cx/conv_070.metal,19
/private/tmp/metal-ast-tvos-sim-air64/src/cx/conv_071.metal,19
/private/tmp/metal-ast-tvos-sim-air64/src/cx/conv_072.metal,19
/private/tmp/metal-ast-tvos-sim-air64/src/cx/conv_073.metal,19
/private/tmp/metal-ast-tvos-sim-air64/src/cx/conv_074.metal,19
/private/tmp/metal-ast-tvos-sim-air64/src/cx/conv_075.metal,19
/private/tmp/metal-ast-tvos-sim-air64/src/cx/conv_076.metal,19
/private/tmp/metal-ast-tvos-sim-air64/src/cx/conv_077.metal,19
/private/tmp/metal-ast-tvos-sim-air64/src/cx/conv_078.metal,19
/private/tmp/metal-ast-tvos-sim-air64/src/cx/conv_079.metal,19
/private/tmp/metal-ast-tvos-sim-air64/src/cx/conv_080.metal,19
/private/tmp/metal-ast-tvos-sim-air64/src/cx/conv_081.metal,19
/private/tmp/metal-ast-tvos-sim-air64/src/cx/conv_082.metal,19
/private/tmp/metal-ast-tvos-sim-air64/src/cx/conv_083.metal,19
/private/tmp/metal-ast-tvos-sim-air64/src/cx/conv_084.metal,19
/private/tmp/metal-ast-tvos-sim-air64/src/cx/conv_085.metal,19
/private/tmp/metal-ast-tvos-sim-air64/src/cx/conv_086.metal,19
/private/tmp/metal-ast-tvos-sim-air64/src/cx/conv_087.metal,19
/private/tmp/metal-ast-tvos-sim-air64/src/cx/conv_088.metal,19
/private/tmp/metal-ast-tvos-sim-air64/src/cx/conv_089.metal,19
/private/tmp/metal-ast-tvos-sim-air64/src/cx/conv_090.metal,19
/private/tmp/metal-ast-tvos-sim-air64/src/cx/conv_091.metal,19
/private/tmp/metal-ast-tvos-sim-air64/src/cx/conv_092.metal,19
/private/tmp/metal-ast-tvos-sim-air64/src/cx/conv_093.metal,19
/private/tmp/metal-ast-tvos-sim-air64/src/cx/conv_094.metal,19
/private/tmp/metal-ast-tvos-sim-air64/src/cx/conv_095.metal,19
/private/tmp/metal-ast-tvos-sim-air64/src/cx/conv_096.metal,19
/private/tmp/metal-ast-tvos-sim-air64/src/cx/conv_097.metal,19
/private/tmp/metal-ast-tvos-sim-air64/src/cx/conv_098.metal,19
/private/tmp/metal-ast-tvos-sim-air64/src/cx/conv_099.metal,19
/private/tmp/metal-ast-tvos-sim-air64/src/cx/conv_100.metal,19
/private/tmp/metal-ast-tvos-sim-air64/src/cx/conv_101.metal,19
/private/tmp/metal-ast-tvos-sim-air64/src/cx/conv_102.metal,19
/private/tmp/metal-ast-tvos-sim-air64/src/cx/conv_103.metal,19
/private/tmp/metal-ast-tvos-sim-air64/src/cx/conv_104.metal,19
/private/tmp/metal-ast-tvos-sim-air64/src/cx/conv_105.metal,19
/private/tmp/metal-ast-tvos-sim-air64/src/cx/conv_106.metal,19
/private/tmp/metal-ast-tvos-sim-air64/src/cx/conv_107.metal,19
/private/tmp/metal-ast-tvos-sim-air64/src/cx/conv_108.metal,19
/private/tmp/metal-ast-tvos-sim-air64/src/cx/conv_109.metal,19
/private/tmp/metal-ast-tvos-sim-air64/src/cx/conv_110.metal,19
/private/tmp/metal-ast-tvos-sim-air64/src/cx/conv_111.metal,19
/private/tmp/metal-ast-tvos-sim-air64/src/cx/conv_112.metal,19
/private/tmp/metal-ast-tvos-sim-air64/src/cx/conv_113.metal,19
/private/tmp/metal-ast-tvos-sim-air64/src/cx/conv_114.metal,19
/private/tmp/metal-ast-tvos-sim-air64/src/cx/conv_115.metal,19
/private/tmp/metal-ast-tvos-sim-air64/src/cx/conv_116.metal,19
/private/tmp/metal-ast-tvos-sim-air64/src/cx/conv_117.metal,19
/private/tmp/metal-ast-tvos-sim-air64/src/cx/conv_118.metal,19
/private/tmp/metal-ast-tvos-sim-air64/src/cx/conv_119.metal,19
/private/tmp/metal-ast-tvos-sim-air64/src/cx/conv_120.metal,19
/private/tmp/metal-ast-tvos-sim-air64/src/cx/conv_121.metal,19
/private/tmp/metal-ast-tvos-sim-air64/src/cx/conv_122.metal,19
/private/tmp/metal-ast-tvos-sim-air64/src/cx/conv_123.metal,19
/private/tmp/metal-ast-tvos-sim-air64/src/cx/conv_124.metal,19
/private/tmp/metal-ast-tvos-sim-air64/src/cx/conv_125.metal,19
/private/tmp/metal-ast-tvos-sim-air64/src/cx/conv_126.metal,19
/private/tmp/metal-ast-tvos-sim-air64/src/cx/conv_127.metal,19
/private/tmp/metal-ast-tvos-sim-air64/src/cx/conv_128.metal,19
/private/tmp/metal-ast-tvos-sim-air64/src/cx/conv_129.metal,19
/private/tmp/metal-ast-tvos-sim-air64/src/cx/conv_130.metal,19
/private/tmp/metal-ast-tvos-sim-air64/src/cx/conv_131.metal,19
/private/tmp/metal-ast-tvos-sim-air64/src/cx/conv_132.metal,19
/private/tmp/metal-ast-tvos-sim-air64/src/cx/conv_133.metal,19
/private/tmp/metal-ast-tvos-sim-air64/src/cx/conv_134.metal,19
/private/tmp/metal-ast-tvos-sim-air64/src/cx/conv_135.metal,19
/private/tmp/metal-ast-tvos-sim-air64/src/cx/conv_136.metal,19
/private/tmp/metal-ast-tvos-sim-air64/src/cx/conv_137.metal,19
/private/tmp/metal-ast-tvos-sim-air64/src/cx/conv_138.metal,19
/private/tmp/metal-ast-tvos-sim-air64/src/cx/conv_139.metal,19
/private/tmp/metal-ast-tvos-sim-air64/src/cx/conv_140.metal,19
/private/tmp/metal-ast-tvos-sim-air64/src/cx/conv_141.metal,19
/private/tmp/metal-ast-tvos-sim-air64/src/cx/conv_142.metal,19
/private/tmp/metal-ast-tvos-sim-air64/src/cx/conv_143.metal,19
/private/tmp/metal-ast-tvos-sim-air64/src/cx/conv_144.metal,19
/private/tmp/metal-ast-tvos-sim-air64/src/cx/conv_145.metal,19
/private/tmp/metal-ast-tvos-sim-air64/src/cx/conv_146.metal,19
/private/tmp/metal-ast-tvos-sim-air64/src/cx/conv_147.metal,19
/private/tmp/metal-ast-tvos-sim-air64/src/cx/conv_148.metal,19
/private/tmp/metal-ast-tvos-sim-air64/src/cx/conv_149.metal,19
/private/tmp/metal-ast-tvos-sim-air64/src/cx/conv_150.metal,19
/private/tmp/metal-ast-tvos-sim-air64/src/cx/conv_151.metal,19
/private/tmp/metal-ast-tvos-sim-air64/src/cx/conv_152.metal,19
/private/tmp/metal-ast-tvos-sim-air64/src/cx/conv_153.metal,19
/private/tmp/metal-ast-tvos-sim-air64/src/cx/conv_154.metal,19
/private/tmp/metal-ast-tvos-sim-air64/src/cx/conv_155.metal,19
/private/tmp/metal-ast-tvos-sim-air64/src/cx/conv_156.metal,19
/private/tmp/metal-ast-tvos-sim-air64/src/cx/conv_157.metal,19
/private/tmp/metal-ast-tvos-sim-air64/src/cx/conv_158.metal,19
/private/tmp/metal-ast-tvos-sim-air64/src/cx/conv_159.metal,19
/private/tmp/metal-ast-tvos-sim-air64/src/cx/conv_160.metal,19
/private/tmp/metal-ast-tvos-sim-air64/src/cx/conv_161.metal,19
/private/tmp/metal-ast-tvos-sim-air64/src/cx/conv_162.metal,19
/private/tmp/metal-ast-tvos-sim-air64/src/cx/conv_163.metal,19
/private/tmp/metal-ast-tvos-sim-air64/src/cx/conv_164.metal,19
/private/tmp/metal-ast-tvos-sim-air64/src/cx/conv_165.metal,19
/private/tmp/metal-ast-tvos-sim-air64/src/cx/conv_166.metal,19
/private/tmp/metal-ast-tvos-sim-air64/src/cx/conv_167.metal,19
/private/tmp/metal-ast-tvos-sim-air64/src/cx/conv_168.metal,19
/private/tmp/metal-ast-tvos-sim-air64/src/cx/conv_169.metal,19
/private/tmp/metal-ast-tvos-sim-air64/src/cx/conv_170.metal,19
/private/tmp/metal-ast-tvos-sim-air64/src/cx/conv_171.metal,19
/private/tmp/metal-ast-tvos-sim-air64/src/cx/conv_172.metal,19
/private/tmp/metal-ast-tvos-sim-air64/src/cx/conv_173.metal,19
/private/tmp/metal-ast-tvos-sim-air64/src/cx/conv_174.metal,19
/private/tmp/metal-ast-tvos-sim-air64/src/cx/conv_175.metal,19
/private/tmp/metal-ast-tvos-sim-air64/src/cx/conv_176.metal,19
/private/tmp/metal-ast-tvos-sim-air64/src/cx/conv_177.metal,19
/private/tmp/metal-ast-tvos-sim-air64/src/cx/conv_178.metal,19
/private/tmp/metal-ast-tvos-sim-air64/src/cx/conv_179.metal,19
/private/tmp/metal-ast-tvos-sim-air64/src/cx/conv_182.metal,19
/private/tmp/metal-ast-tvos-sim-air64/src/cx/conv_183.metal,19
/private/tmp/metal-ast-tvos-sim-air64/src/cx/cxx_003_exception_throw.metal,19
/private/tmp/metal-ast-tvos-sim-air64/src/cx/cxx_011_variadic_template.metal,19
/private/tmp/metal-ast-tvos-sim-air64/src/cx/cxx_012_fold_expression.metal,19
/private/tmp/metal-ast-tvos-sim-air64/src/cx/cxx_013_structured_binding.metal,19
/private/tmp/metal-ast-tvos-sim-air64/src/cx/cxx_014_if_constexpr.metal,19
/private/tmp/metal-ast-tvos-sim-air64/src/cx/cxx_015_namespace_alias.metal,19
/private/tmp/metal-ast-tvos-sim-air64/src/cx/cxx_016_using_declaration.metal,19
/private/tmp/metal-ast-tvos-sim-air64/src/cx/cxx_017_enum_class.metal,19
/private/tmp/metal-ast-tvos-sim-air64/src/cx/cxx_018_bitfield_struct.metal,19
/private/tmp/metal-ast-tvos-sim-air64/src/cx/cxx_020_pointer_arithmetic.metal,19
/private/tmp/metal-ast-tvos-sim-air64/src/cx/cxx_022_member_pointer.metal,19
/private/tmp/metal-ast-tvos-sim-air64/src/cx/cxx_024_sfinae_enable_if.metal,19
/private/tmp/metal-ast-tvos-sim-air64/src/cx/cxx_025_constexpr_function.metal,19
/private/tmp/metal-ast-tvos-sim-air64/src/cx/cxx_026_static_assert_test.metal,19
/private/tmp/metal-ast-tvos-sim-air64/src/cx/cxx_027_operator_overload.metal,19
/private/tmp/metal-ast-tvos-sim-air64/src/cx/cxx_as_type_reinterpret.metal,19
/private/tmp/metal-ast-tvos-sim-air64/src/cx/cxx_auto_decltype.metal,19
/private/tmp/metal-ast-tvos-sim-air64/src/cx/cxx_constexpr_fn.metal,19
/private/tmp/metal-ast-tvos-sim-air64/src/cx/cxx_default_arg.metal,19
/private/tmp/metal-ast-tvos-sim-air64/src/cx/cxx_namespace_using.metal,19
/private/tmp/metal-ast-tvos-sim-air64/src/cx/cxx_operator_overload.metal,19
/private/tmp/metal-ast-tvos-sim-air64/src/cx/cxx_overload_addrspace.metal,19
/private/tmp/metal-ast-tvos-sim-air64/src/cx/cxx_overload_types.metal,19
/private/tmp/metal-ast-tvos-sim-air64/src/cx/cxx_sfinae_enable_if.metal,19
/private/tmp/metal-ast-tvos-sim-air64/src/cx/cxx_template_class_spec.metal,19
/private/tmp/metal-ast-tvos-sim-air64/src/cx/cxx_template_fn_explicit.metal,19
/private/tmp/metal-ast-tvos-sim-air64/src/cx/determ_basic.metal,19
/private/tmp/metal-ast-tvos-sim-air64/src/cx/determ_control_flow.metal,19
/private/tmp/metal-ast-tvos-sim-air64/src/cx/determ_multi_func.metal,19
/private/tmp/metal-ast-tvos-sim-air64/src/cx/determ_template.metal,19
/private/tmp/metal-ast-tvos-sim-air64/src/cx/edge_1000_kernels.metal,19
/private/tmp/metal-ast-tvos-sim-air64/src/cx/edge_deep_call.metal,19
/private/tmp/metal-ast-tvos-sim-air64/src/cx/edge_deep_template.metal,19
/private/tmp/metal-ast-tvos-sim-air64/src/cx/edge_div_zero.metal,19
/private/tmp/metal-ast-tvos-sim-air64/src/cx/edge_empty.metal,19
/private/tmp/metal-ast-tvos-sim-air64/src/cx/edge_infinity.metal,19
/private/tmp/metal-ast-tvos-sim-air64/src/cx/edge_large_array.metal,19
/private/tmp/metal-ast-tvos-sim-air64/src/cx/edge_long_identifier.metal,19
/private/tmp/metal-ast-tvos-sim-air64/src/cx/edge_max_buffers.metal,19
/private/tmp/metal-ast-tvos-sim-air64/src/cx/edge_nan.metal,19
/private/tmp/metal-ast-tvos-sim-air64/src/cx/edge_oob_access.metal,19
/private/tmp/metal-ast-tvos-sim-air64/src/cx/edge_overflow.metal,19
/private/tmp/metal-ast-tvos-sim-air64/src/cx/edge_underflow.metal,19
/private/tmp/metal-ast-tvos-sim-air64/src/cx/edge_uninit_var.metal,19
/private/tmp/metal-ast-tvos-sim-air64/src/cx/err_as_texture_cast.metal,19
/private/tmp/metal-ast-tvos-sim-air64/src/cx/err_attr_frag_int_return.metal,19
/private/tmp/metal-ast-tvos-sim-air64/src/cx/err_cf_recursion.metal,19
/private/tmp/metal-ast-tvos-sim-air64/src/cx/err_tex_depth_gather.metal,19
/private/tmp/metal-ast-tvos-sim-air64/src/cx/err_type_assign_float_to_int.metal,19
/private/tmp/metal-ast-tvos-sim-air64/src/cx/err_type_implicit_narrowing.metal,19
/private/tmp/metal-ast-tvos-sim-air64/src/cx/has_feature_probe.metal,19
/private/tmp/metal-ast-tvos-sim-air64/src/cx/io_vertex_clip_distance.metal,19
/private/tmp/metal-ast-tvos-sim-air64/src/cx/io_vertex_point_size.metal,19
/private/tmp/metal-ast-tvos-sim-air64/src/cx/io_vertex_pos_only.metal,19
/private/tmp/metal-ast-tvos-sim-air64/src/cx/io_vertex_user_locn.metal,19
/private/tmp/metal-ast-tvos-sim-air64/src/cx/multi_entry_2kernels.metal,19
/private/tmp/metal-ast-tvos-sim-air64/src/cx/multi_entry_4kernels.metal,19
/private/tmp/metal-ast-tvos-sim-air64/src/cx/multi_entry_shared_textures.metal,19
/private/tmp/metal-ast-tvos-sim-air64/src/cx/multi_entry_with_helpers.metal,19
/private/tmp/metal-ast-tvos-sim-air64/src/cx/object_payload.metal,19
/private/tmp/metal-ast-tvos-sim-air64/src/cx/repr_bool_scalar.metal,19
/private/tmp/metal-ast-tvos-sim-air64/src/cx/repr_half_arith.metal,19
/private/tmp/metal-ast-tvos-sim-air64/src/cx/repr_long_ulong.metal,19
/private/tmp/metal-ast-tvos-sim-air64/src/cx/res_buffer_constant.metal,19
/private/tmp/metal-ast-tvos-sim-air64/src/cx/res_buffer_device.metal,19
/private/tmp/metal-ast-tvos-sim-air64/src/cx/res_buffer_thread_addrspace.metal,19
/private/tmp/metal-ast-tvos-sim-air64/src/cx/res_index_buffer15.metal,19
/private/tmp/metal-ast-tvos-sim-air64/src/cx/res_index_buffer7.metal,19
/private/tmp/metal-ast-tvos-sim-air64/src/cx/res_threadgroup_alignas.metal,19
/private/tmp/metal-ast-tvos-sim-air64/src/cx/texm_000.metal,19
/private/tmp/metal-ast-tvos-sim-air64/src/cx/texm_001.metal,19
/private/tmp/metal-ast-tvos-sim-air64/src/cx/texm_002.metal,19
/private/tmp/metal-ast-tvos-sim-air64/src/cx/texm_003.metal,19
/private/tmp/metal-ast-tvos-sim-air64/src/cx/texm_004.metal,19
/private/tmp/metal-ast-tvos-sim-air64/src/cx/texm_005.metal,19
/private/tmp/metal-ast-tvos-sim-air64/src/cx/texm_006.metal,19
/private/tmp/metal-ast-tvos-sim-air64/src/cx/texm_007.metal,19
/private/tmp/metal-ast-tvos-sim-air64/src/cx/texm_008.metal,19
/private/tmp/metal-ast-tvos-sim-air64/src/cx/texm_009.metal,19
/private/tmp/metal-ast-tvos-sim-air64/src/cx/texm_010.metal,19
/private/tmp/metal-ast-tvos-sim-air64/src/cx/texm_011.metal,19
/private/tmp/metal-ast-tvos-sim-air64/src/cx/texm_012.metal,19
/private/tmp/metal-ast-tvos-sim-air64/src/cx/texm_013.metal,19
/private/tmp/metal-ast-tvos-sim-air64/src/cx/texm_014.metal,19
/private/tmp/metal-ast-tvos-sim-air64/src/cx/texm_015.metal,19
/private/tmp/metal-ast-tvos-sim-air64/src/cx/texm_016.metal,19
/private/tmp/metal-ast-tvos-sim-air64/src/cx/texm_017.metal,19
/private/tmp/metal-ast-tvos-sim-air64/src/cx/texm_018.metal,19
/private/tmp/metal-ast-tvos-sim-air64/src/cx/texm_019.metal,19
/private/tmp/metal-ast-tvos-sim-air64/src/cx/texm_020.metal,19
/private/tmp/metal-ast-tvos-sim-air64/src/cx/texm_021.metal,19
/private/tmp/metal-ast-tvos-sim-air64/src/cx/texm_022.metal,19
/private/tmp/metal-ast-tvos-sim-air64/src/cx/texm_023.metal,19
/private/tmp/metal-ast-tvos-sim-air64/src/cx/texm_024.metal,19
/private/tmp/metal-ast-tvos-sim-air64/src/cx/texm_025.metal,19
/private/tmp/metal-ast-tvos-sim-air64/src/cx/texm_026.metal,19
/private/tmp/metal-ast-tvos-sim-air64/src/cx/texm_027.metal,19
/private/tmp/metal-ast-tvos-sim-air64/src/cx/texm_028.metal,19
/private/tmp/metal-ast-tvos-sim-air64/src/cx/texm_029.metal,19
/private/tmp/metal-ast-tvos-sim-air64/src/cx/texm_030.metal,19
/private/tmp/metal-ast-tvos-sim-air64/src/cx/texm_031.metal,19
/private/tmp/metal-ast-tvos-sim-air64/src/cx/texm_032.metal,19
/private/tmp/metal-ast-tvos-sim-air64/src/cx/texm_033.metal,19
/private/tmp/metal-ast-tvos-sim-air64/src/cx/texm_034.metal,19
/private/tmp/metal-ast-tvos-sim-air64/src/cx/texm_035.metal,19
/private/tmp/metal-ast-tvos-sim-air64/src/cx/texm_036.metal,19
/private/tmp/metal-ast-tvos-sim-air64/src/cx/texm_037.metal,19
/private/tmp/metal-ast-tvos-sim-air64/src/cx/texm_038.metal,19
/private/tmp/metal-ast-tvos-sim-air64/src/cx/texm_039.metal,19
/private/tmp/metal-ast-tvos-sim-air64/src/cx/texm_048.metal,19
/private/tmp/metal-ast-tvos-sim-air64/src/cx/texm_058.metal,19
/private/tmp/metal-ast-tvos-sim-air64/src/cx/texm_068.metal,19
/private/tmp/metal-ast-tvos-sim-air64/src/cx/texm_078.metal,19
/private/tmp/metal-ast-tvos-sim-air64/src/cx/texm_080.metal,19
/private/tmp/metal-ast-tvos-sim-air64/src/cx/texm_085.metal,19
/private/tmp/metal-ast-tvos-sim-air64/src/cx/texm_086.metal,19
/private/tmp/metal-ast-tvos-sim-air64/src/cx/texm_087.metal,19
/private/tmp/metal-ast-tvos-sim-air64/src/cx/texm_088.metal,19
/private/tmp/metal-ast-tvos-sim-air64/src/cx/texm_093.metal,19
/private/tmp/metal-ast-tvos-sim-air64/src/cx/texm_094.metal,19
/private/tmp/metal-ast-tvos-sim-air64/src/cx/texm_095.metal,19
/private/tmp/metal-ast-tvos-sim-air64/src/cx/texm_096.metal,19
/private/tmp/metal-ast-tvos-sim-air64/src/cx/texm_101.metal,19
/private/tmp/metal-ast-tvos-sim-air64/src/cx/texm_102.metal,19
/private/tmp/metal-ast-tvos-sim-air64/src/cx/texm_103.metal,19
/private/tmp/metal-ast-tvos-sim-air64/src/cx/texm_104.metal,19
/private/tmp/metal-ast-tvos-sim-air64/src/cx/texm_109.metal,19
/private/tmp/metal-ast-tvos-sim-air64/src/cx/texm_110.metal,19
/private/tmp/metal-ast-tvos-sim-air64/src/cx/texm_111.metal,19
/private/tmp/metal-ast-tvos-sim-air64/src/cx/texm_112.metal,19
/private/tmp/metal-ast-tvos-sim-air64/src/cx/texm_113.metal,19
/private/tmp/metal-ast-tvos-sim-air64/src/cx/texm_114.metal,19
/private/tmp/metal-ast-tvos-sim-air64/src/cx/texm_117.metal,19
/private/tmp/metal-ast-tvos-sim-air64/src/cx/texm_118.metal,19
/private/tmp/metal-ast-tvos-sim-air64/src/cx/texm_119.metal,19
/private/tmp/metal-ast-tvos-sim-air64/src/cx/texm_120.metal,19
/private/tmp/metal-ast-tvos-sim-air64/src/cx/texm_121.metal,19
/private/tmp/metal-ast-tvos-sim-air64/src/cx/texm_122.metal,19
/private/tmp/metal-ast-tvos-sim-air64/src/cx/texm_125.metal,19
/private/tmp/metal-ast-tvos-sim-air64/src/cx/texm_126.metal,19
/private/tmp/metal-ast-tvos-sim-air64/src/cx/texm_127.metal,19
/private/tmp/metal-ast-tvos-sim-air64/src/cx/texm_128.metal,19
/private/tmp/metal-ast-tvos-sim-air64/src/cx/texm_129.metal,19
/private/tmp/metal-ast-tvos-sim-air64/src/cx/texm_130.metal,19
/private/tmp/metal-ast-tvos-sim-air64/src/cx/texm_133.metal,19
/private/tmp/metal-ast-tvos-sim-air64/src/cx/texm_134.metal,19
/private/tmp/metal-ast-tvos-sim-air64/src/cx/texm_135.metal,19
/private/tmp/metal-ast-tvos-sim-air64/src/cx/texm_136.metal,19
/private/tmp/metal-ast-tvos-sim-air64/src/cx/texm_137.metal,19
/private/tmp/metal-ast-tvos-sim-air64/src/cx/texm_138.metal,19
/private/tmp/metal-ast-tvos-sim-air64/src/cx/texm_141.metal,19
/private/tmp/metal-ast-tvos-sim-air64/src/cx/texm_142.metal,19
/private/tmp/metal-ast-tvos-sim-air64/src/cx/texm_143.metal,19
/private/tmp/metal-ast-tvos-sim-air64/src/cx/texm_144.metal,19
/private/tmp/metal-ast-tvos-sim-air64/src/cx/texm_145.metal,19
/private/tmp/metal-ast-tvos-sim-air64/src/cx/texm_146.metal,19
/private/tmp/metal-ast-tvos-sim-air64/src/cx/texm_151.metal,19
/private/tmp/metal-ast-tvos-sim-air64/src/cx/texm_152.metal,19
/private/tmp/metal-ast-tvos-sim-air64/src/cx/texm_153.metal,19
/private/tmp/metal-ast-tvos-sim-air64/src/cx/texm_158.metal,19
/private/tmp/metal-ast-tvos-sim-air64/src/cx/texm_159.metal,19
/private/tmp/metal-ast-tvos-sim-air64/src/cx/texm_160.metal,19
/private/tmp/metal-ast-tvos-sim-air64/src/cx/texm_165.metal,19
/private/tmp/metal-ast-tvos-sim-air64/src/cx/texm_166.metal,19
/private/tmp/metal-ast-tvos-sim-air64/src/cx/texm_167.metal,19
/private/tmp/metal-ast-tvos-sim-air64/src/cx/texq_172.metal,19
/private/tmp/metal-ast-tvos-sim-air64/src/cx/texq_173.metal,19
/private/tmp/metal-ast-tvos-sim-air64/src/cx/texq_174.metal,19
/private/tmp/metal-ast-tvos-sim-air64/src/cx/texq_175.metal,19
/private/tmp/metal-ast-tvos-sim-air64/src/cx/texq_176.metal,19
/private/tmp/metal-ast-tvos-sim-air64/src/cx/texq_177.metal,19
/private/tmp/metal-ast-tvos-sim-air64/src/cx/texq_178.metal,19
/private/tmp/metal-ast-tvos-sim-air64/src/cx/texq_179.metal,19
/private/tmp/metal-ast-tvos-sim-air64/src/cx/texq_181.metal,19
/private/tmp/metal-ast-tvos-sim-air64/src/cx/texq_182.metal,19
/private/tmp/metal-ast-tvos-sim-air64/src/cx/texq_183.metal,19
/private/tmp/metal-ast-tvos-sim-air64/src/cx/texq_184.metal,19
/private/tmp/metal-ast-tvos-sim-air64/src/cx/texq_185.metal,19
/private/tmp/metal-ast-tvos-sim-air64/src/cx/texq_186.metal,19
/private/tmp/metal-ast-tvos-sim-air64/src/cx/texq_187.metal,19
/private/tmp/metal-ast-tvos-sim-air64/src/cx/texq_188.metal,19
/private/tmp/metal-ast-tvos-sim-air64/src/cx/threadgroup_tg_alignas.metal,19
/private/tmp/metal-ast-tvos-sim-air64/src/cx/threadgroup_tg_array_large.metal,19
/private/tmp/metal-ast-tvos-sim-air64/src/cx/threadgroup_tg_array_small.metal,19
/private/tmp/metal-ast-tvos-sim-air64/src/cx/threadgroup_tg_atomic.metal,19
/private/tmp/metal-ast-tvos-sim-air64/src/cx/threadgroup_tg_dynamic_index.metal,19
/private/tmp/metal-ast-tvos-sim-air64/src/cx/threadgroup_tg_multiple_arrays.metal,19
/private/tmp/metal-ast-tvos-sim-air64/src/cx/threadgroup_tg_prefix_sum.metal,19
/private/tmp/metal-ast-tvos-sim-air64/src/cx/threadgroup_tg_scalar.metal,19
/private/tmp/metal-ast-tvos-sim-air64/src/cx/threadgroup_tg_struct.metal,19
/private/tmp/metal-ast-tvos-sim-air64/src/cx/type_bool_to_int.metal,19
/private/tmp/metal-ast-tvos-sim-air64/src/cx/type_float2_to_scalar.metal,19
/private/tmp/metal-ast-tvos-sim-air64/src/cx/type_float3_to_scalar.metal,19
/private/tmp/metal-ast-tvos-sim-air64/src/cx/type_float4_to_scalar.metal,19
/private/tmp/metal-ast-tvos-sim-air64/src/cx/type_half2_to_scalar.metal,19
/private/tmp/metal-ast-tvos-sim-air64/src/cx/type_half3_to_scalar.metal,19
/private/tmp/metal-ast-tvos-sim-air64/src/cx/type_half4_to_scalar.metal,19
/private/tmp/metal-ast-tvos-sim-air64/src/cx/type_implicit_bool_to_char.metal,19
/private/tmp/metal-ast-tvos-sim-air64/src/cx/type_implicit_bool_to_float.metal,19
/private/tmp/metal-ast-tvos-sim-air64/src/cx/type_implicit_bool_to_half.metal,19
/private/tmp/metal-ast-tvos-sim-air64/src/cx/type_implicit_bool_to_int.metal,19
/private/tmp/metal-ast-tvos-sim-air64/src/cx/type_implicit_bool_to_short.metal,19
/private/tmp/metal-ast-tvos-sim-air64/src/cx/type_implicit_bool_to_uchar.metal,19
/private/tmp/metal-ast-tvos-sim-air64/src/cx/type_implicit_bool_to_uint.metal,19
/private/tmp/metal-ast-tvos-sim-air64/src/cx/type_implicit_bool_to_ushort.metal,19
/private/tmp/metal-ast-tvos-sim-air64/src/cx/type_implicit_char_to_bool.metal,19
/private/tmp/metal-ast-tvos-sim-air64/src/cx/type_implicit_char_to_float.metal,19
/private/tmp/metal-ast-tvos-sim-air64/src/cx/type_implicit_char_to_half.metal,19
/private/tmp/metal-ast-tvos-sim-air64/src/cx/type_implicit_char_to_int.metal,19
/private/tmp/metal-ast-tvos-sim-air64/src/cx/type_int2_to_scalar.metal,19
/private/tmp/metal-ast-tvos-sim-air64/src/cx/type_implicit_char_to_short.metal,19
/private/tmp/metal-ast-tvos-sim-air64/src/cx/type_implicit_char_to_uchar.metal,19
/private/tmp/metal-ast-tvos-sim-air64/src/cx/type_implicit_char_to_uint.metal,19
/private/tmp/metal-ast-tvos-sim-air64/src/cx/type_implicit_char_to_ushort.metal,19
/private/tmp/metal-ast-tvos-sim-air64/src/cx/type_implicit_float4_to_float3.metal,19
/private/tmp/metal-ast-tvos-sim-air64/src/cx/type_implicit_float_to_bool.metal,19
/private/tmp/metal-ast-tvos-sim-air64/src/cx/type_implicit_float_to_char.metal,19
/private/tmp/metal-ast-tvos-sim-air64/src/cx/type_implicit_float_to_half.metal,19
/private/tmp/metal-ast-tvos-sim-air64/src/cx/type_implicit_float_to_int.metal,19
/private/tmp/metal-ast-tvos-sim-air64/src/cx/type_implicit_float_to_short.metal,19
/private/tmp/metal-ast-tvos-sim-air64/src/cx/type_implicit_float_to_uchar.metal,19
/private/tmp/metal-ast-tvos-sim-air64/src/cx/type_implicit_float_to_uint.metal,19
/private/tmp/metal-ast-tvos-sim-air64/src/cx/type_implicit_float_to_ushort.metal,19
/private/tmp/metal-ast-tvos-sim-air64/src/cx/type_implicit_half4_to_half3.metal,19
/private/tmp/metal-ast-tvos-sim-air64/src/cx/type_implicit_half_to_bool.metal,19
/private/tmp/metal-ast-tvos-sim-air64/src/cx/type_implicit_half_to_char.metal,19
/private/tmp/metal-ast-tvos-sim-air64/src/cx/type_implicit_half_to_float.metal,19
/private/tmp/metal-ast-tvos-sim-air64/src/cx/type_implicit_half_to_int.metal,19
/private/tmp/metal-ast-tvos-sim-air64/src/cx/type_implicit_half_to_short.metal,19
/private/tmp/metal-ast-tvos-sim-air64/src/cx/type_implicit_half_to_uchar.metal,19
/private/tmp/metal-ast-tvos-sim-air64/src/cx/type_implicit_half_to_uint.metal,19
/private/tmp/metal-ast-tvos-sim-air64/src/cx/type_implicit_half_to_ushort.metal,19
/private/tmp/metal-ast-tvos-sim-air64/src/cx/type_implicit_int4_to_int3.metal,19
/private/tmp/metal-ast-tvos-sim-air64/src/cx/type_implicit_int_to_bool.metal,19
/private/tmp/metal-ast-tvos-sim-air64/src/cx/type_implicit_int_to_char.metal,19
/private/tmp/metal-ast-tvos-sim-air64/src/cx/type_implicit_int_to_float.metal,19
/private/tmp/metal-ast-tvos-sim-air64/src/cx/type_implicit_int_to_half.metal,19
/private/tmp/metal-ast-tvos-sim-air64/src/cx/type_implicit_int_to_short.metal,19
/private/tmp/metal-ast-tvos-sim-air64/src/cx/type_implicit_int_to_uchar.metal,19
/private/tmp/metal-ast-tvos-sim-air64/src/cx/type_implicit_int_to_uint.metal,19
/private/tmp/metal-ast-tvos-sim-air64/src/cx/type_implicit_int_to_ushort.metal,19
/private/tmp/metal-ast-tvos-sim-air64/src/cx/type_implicit_short_to_bool.metal,19
/private/tmp/metal-ast-tvos-sim-air64/src/cx/type_implicit_short_to_char.metal,19
/private/tmp/metal-ast-tvos-sim-air64/src/cx/type_implicit_short_to_float.metal,19
/private/tmp/metal-ast-tvos-sim-air64/src/cx/type_implicit_short_to_half.metal,19
/private/tmp/metal-ast-tvos-sim-air64/src/cx/type_implicit_short_to_int.metal,19
/private/tmp/metal-ast-tvos-sim-air64/src/cx/type_implicit_short_to_uchar.metal,19
/private/tmp/metal-ast-tvos-sim-air64/src/cx/type_implicit_short_to_uint.metal,19
/private/tmp/metal-ast-tvos-sim-air64/src/cx/type_implicit_short_to_ushort.metal,19
/private/tmp/metal-ast-tvos-sim-air64/src/cx/type_implicit_uchar_to_bool.metal,19
/private/tmp/metal-ast-tvos-sim-air64/src/cx/type_implicit_uchar_to_char.metal,19
/private/tmp/metal-ast-tvos-sim-air64/src/cx/type_implicit_uchar_to_float.metal,19
/private/tmp/metal-ast-tvos-sim-air64/src/cx/type_implicit_uchar_to_half.metal,19
/private/tmp/metal-ast-tvos-sim-air64/src/cx/type_implicit_uchar_to_int.metal,19
/private/tmp/metal-ast-tvos-sim-air64/src/cx/type_implicit_uchar_to_short.metal,19
/private/tmp/metal-ast-tvos-sim-air64/src/cx/type_implicit_uchar_to_uint.metal,19
/private/tmp/metal-ast-tvos-sim-air64/src/cx/type_implicit_uchar_to_ushort.metal,19
/private/tmp/metal-ast-tvos-sim-air64/src/cx/type_implicit_uint4_to_uint3.metal,19
/private/tmp/metal-ast-tvos-sim-air64/src/cx/type_implicit_uint_to_bool.metal,19
/private/tmp/metal-ast-tvos-sim-air64/src/cx/type_implicit_uint_to_char.metal,19
/private/tmp/metal-ast-tvos-sim-air64/src/cx/type_implicit_uint_to_float.metal,19
/private/tmp/metal-ast-tvos-sim-air64/src/cx/type_implicit_uint_to_half.metal,19
/private/tmp/metal-ast-tvos-sim-air64/src/cx/type_implicit_uint_to_int.metal,19
/private/tmp/metal-ast-tvos-sim-air64/src/cx/type_implicit_uint_to_short.metal,19
/private/tmp/metal-ast-tvos-sim-air64/src/cx/type_implicit_uint_to_uchar.metal,19
/private/tmp/metal-ast-tvos-sim-air64/src/cx/type_implicit_uint_to_ushort.metal,19
/private/tmp/metal-ast-tvos-sim-air64/src/cx/type_implicit_ushort_to_bool.metal,19
/private/tmp/metal-ast-tvos-sim-air64/src/cx/type_implicit_ushort_to_char.metal,19
/private/tmp/metal-ast-tvos-sim-air64/src/cx/type_implicit_ushort_to_float.metal,19
/private/tmp/metal-ast-tvos-sim-air64/src/cx/type_implicit_ushort_to_half.metal,19
/private/tmp/metal-ast-tvos-sim-air64/src/cx/type_implicit_ushort_to_int.metal,19
/private/tmp/metal-ast-tvos-sim-air64/src/cx/type_implicit_ushort_to_short.metal,19
/private/tmp/metal-ast-tvos-sim-air64/src/cx/type_implicit_ushort_to_uchar.metal,19
/private/tmp/metal-ast-tvos-sim-air64/src/cx/type_implicit_ushort_to_uint.metal,19
/private/tmp/metal-ast-tvos-sim-air64/src/cx/type_int3_to_scalar.metal,19
/private/tmp/metal-ast-tvos-sim-air64/src/cx/type_int4_to_scalar.metal,19
/private/tmp/metal-ast-tvos-sim-air64/src/cx/type_int_to_bool.metal,19
/private/tmp/metal-ast-tvos-sim-air64/src/cx/type_nullptr_to_device_ptr.metal,19
/private/tmp/metal-ast-tvos-sim-air64/src/cx/type_nullptr_to_thread_ptr.metal,19
/private/tmp/metal-ast-tvos-sim-air64/src/cx/type_promote_half_float_add.metal,19
/private/tmp/metal-ast-tvos-sim-air64/src/cx/type_promote_int_uint_add.metal,19
/private/tmp/metal-ast-tvos-sim-air64/src/cx/type_scalar_to_float2.metal,19
/private/tmp/metal-ast-tvos-sim-air64/src/cx/type_scalar_to_float3.metal,19
/private/tmp/metal-ast-tvos-sim-air64/src/cx/type_scalar_to_float4.metal,19
/private/tmp/metal-ast-tvos-sim-air64/src/cx/type_scalar_to_half2.metal,19
/private/tmp/metal-ast-tvos-sim-air64/src/cx/type_scalar_to_half3.metal,19
/private/tmp/metal-ast-tvos-sim-air64/src/cx/type_scalar_to_half4.metal,19
/private/tmp/metal-ast-tvos-sim-air64/src/cx/type_scalar_to_int2.metal,19
/private/tmp/metal-ast-tvos-sim-air64/src/cx/type_scalar_to_int3.metal,19
/private/tmp/metal-ast-tvos-sim-air64/src/cx/type_scalar_to_int4.metal,19
/private/tmp/metal-ast-tvos-sim-air64/src/cx/type_scalar_to_uint2.metal,19
/private/tmp/metal-ast-tvos-sim-air64/src/cx/type_scalar_to_uint3.metal,19
/private/tmp/metal-ast-tvos-sim-air64/src/cx/type_scalar_to_uint4.metal,19
/private/tmp/metal-ast-tvos-sim-air64/src/cx/type_template_deduction_min.metal,19
/private/tmp/metal-ast-tvos-sim-air64/src/cx/type_uint2_to_scalar.metal,19
/private/tmp/metal-ast-tvos-sim-air64/src/cx/type_uint3_to_scalar.metal,19
/private/tmp/metal-ast-tvos-sim-air64/src/cx/type_uint4_to_scalar.metal,19
/private/tmp/metal-ast-tvos-sim-air64/src/cx/type_vec_scalar_mul_float2.metal,19
/private/tmp/metal-ast-tvos-sim-air64/src/cx/type_vec_scalar_mul_float3.metal,19
/private/tmp/metal-ast-tvos-sim-air64/src/cx/type_vec_scalar_mul_float4.metal,19
/private/tmp/metal-ast-tvos-sim-air64/src/cx/type_vec_scalar_mul_half2.metal,19
/private/tmp/metal-ast-tvos-sim-air64/src/cx/type_vec_scalar_mul_half3.metal,19
/private/tmp/metal-ast-tvos-sim-air64/src/cx/type_vec_scalar_mul_half4.metal,19
/private/tmp/metal-ast-tvos-sim-air64/src/cx/vis_default.metal,19
/private/tmp/metal-ast-tvos-sim-air64/src/cx/vis_export_name.metal,19
/private/tmp/metal-ast-tvos-sim-air64/src/cx/vis_internal.metal,19
/private/tmp/metal-ast-tvos-sim-air64/src/cx/vis_multiple_visible.metal,19
/private/tmp/metal-ast-tvos-sim-air64/src/cx/vis_template_visible.metal,19
/private/tmp/metal-ast-tvos-sim-air64/src/cx/vis_visible.metal,19
/private/tmp/metal-ast-tvos-sim-air64/src/cx/warn_deprecated.metal,19
/private/tmp/metal-ast-tvos-sim-air64/src/cx/warn_div_zero.metal,19
/private/tmp/metal-ast-tvos-sim-air64/src/cx/warn_empty_body.metal,19
/private/tmp/metal-ast-tvos-sim-air64/src/cx/warn_extra_parens.metal,19
/private/tmp/metal-ast-tvos-sim-air64/src/cx/warn_narrowing.metal,19
/private/tmp/metal-ast-tvos-sim-air64/src/cx/warn_fallthrough.metal,19
/private/tmp/metal-ast-tvos-sim-air64/src/cx/warn_infinite_loop.metal,19
/private/tmp/metal-ast-tvos-sim-air64/src/cx/warn_missing_braces.metal,19
/private/tmp/metal-ast-tvos-sim-air64/src/cx/warn_self_assign.metal,19
/private/tmp/metal-ast-tvos-sim-air64/src/cx/warn_shadow.metal,19
/private/tmp/metal-ast-tvos-sim-air64/src/cx/warn_shift_overflow.metal,19
/private/tmp/metal-ast-tvos-sim-air64/src/cx/warn_sign_compare.metal,19
/private/tmp/metal-ast-tvos-sim-air64/src/cx/warn_unreachable.metal,19
/private/tmp/metal-ast-tvos-sim-air64/src/cx/warn_unused_var.metal,19
/private/tmp/metal-ast-macos-air32/src/metal_object_types_all.metal,18
/private/tmp/metal-ast-macos-air64/src/metal_object_types_all.metal,18
/private/tmp/metal-ast-watchos-air32/src/address_spaces_all.metal,18
/private/tmp/metal-ast-watchos-air32/src/metal3_all.metal,18
/private/tmp/metal-ast-watchos-air32/src/raytracing_all.metal,18
/private/tmp/metal-ast-watchos-air32/src/textures_all.metal,18
/private/tmp/metal-ast-watchos-air32/src/types_all.metal,18
/private/tmp/metal-ast-watchos-air64/src/address_spaces_all.metal,18
/private/tmp/metal-ast-watchos-air64/src/metal3_all.metal,18
/private/tmp/metal-ast-watchos-air64/src/raytracing_all.metal,18
/private/tmp/metal-ast-watchos-air64/src/textures_all.metal,18
/private/tmp/metal-ast-watchos-air64/src/types_all.metal,18
/private/tmp/metal-ast-watchos-sim-air32/src/address_spaces_all.metal,18
/private/tmp/metal-ast-watchos-sim-air32/src/metal3_all.metal,18
/private/tmp/metal-ast-watchos-sim-air32/src/raytracing_all.metal,18
/private/tmp/metal-ast-watchos-sim-air32/src/textures_all.metal,18
/private/tmp/metal-ast-watchos-sim-air32/src/types_all.metal,18
/private/tmp/metal-ast-watchos-sim-air64/src/address_spaces_all.metal,18
/private/tmp/metal-ast-watchos-sim-air64/src/metal3_all.metal,18
/private/tmp/metal-ast-watchos-sim-air64/src/raytracing_all.metal,18
/private/tmp/metal-ast-watchos-sim-air64/src/textures_all.metal,18
/private/tmp/metal-ast-watchos-sim-air64/src/types_all.metal,18
__t,18
/private/tmp/metal-ast-ios-air64/src/cx/cxx_019_union_type.metal,17
/private/tmp/metal-ast-ios-air64/src/cx/cxx_union.metal,17
/private/tmp/metal-ast-ios-air64/src/cx/err_attr_stage_in_kernel.metal,17
/private/tmp/metal-ast-ios-air64/src/cx/function_constant_fc_bool.metal,17
/private/tmp/metal-ast-ios-air64/src/cx/function_constant_fc_conditional_compile.metal,17
/private/tmp/metal-ast-ios-air64/src/cx/function_constant_fc_float.metal,17
/private/tmp/metal-ast-ios-air64/src/cx/function_constant_fc_in_struct.metal,17
/private/tmp/metal-ast-ios-air64/src/cx/function_constant_fc_int.metal,17
/private/tmp/metal-ast-ios-air64/src/cx/function_constant_fc_multiple.metal,17
/private/tmp/metal-ast-ios-air64/src/cx/function_constant_fc_uint.metal,17
/private/tmp/metal-ast-ios-air64/src/cx/function_constant_fc_with_default.metal,17
/private/tmp/metal-ast-ios-air64/src/cx/res_function_constant0.metal,17
/private/tmp/metal-ast-ios-air64/src/cx/res_function_constant15.metal,17
/private/tmp/metal-ast-ios-air64/src/cx/res_function_constant31.metal,17
/private/tmp/metal-ast-ios-sim-air64/src/cx/cxx_019_union_type.metal,17
/private/tmp/metal-ast-ios-sim-air64/src/cx/cxx_union.metal,17
/private/tmp/metal-ast-ios-sim-air64/src/cx/err_attr_stage_in_kernel.metal,17
/private/tmp/metal-ast-ios-sim-air64/src/cx/function_constant_fc_bool.metal,17
/private/tmp/metal-ast-ios-sim-air64/src/cx/function_constant_fc_conditional_compile.metal,17
/private/tmp/metal-ast-ios-sim-air64/src/cx/function_constant_fc_float.metal,17
/private/tmp/metal-ast-ios-sim-air64/src/cx/function_constant_fc_in_struct.metal,17
/private/tmp/metal-ast-ios-sim-air64/src/cx/function_constant_fc_int.metal,17
/private/tmp/metal-ast-ios-sim-air64/src/cx/function_constant_fc_multiple.metal,17
/private/tmp/metal-ast-ios-sim-air64/src/cx/function_constant_fc_uint.metal,17
/private/tmp/metal-ast-ios-sim-air64/src/cx/function_constant_fc_with_default.metal,17
/private/tmp/metal-ast-ios-sim-air64/src/cx/res_function_constant0.metal,17
/private/tmp/metal-ast-ios-sim-air64/src/cx/res_function_constant15.metal,17
/private/tmp/metal-ast-ios-sim-air64/src/cx/res_function_constant31.metal,17
/private/tmp/metal-ast-macos-air32/src/cx/cxx_019_union_type.metal,17
/private/tmp/metal-ast-macos-air32/src/cx/cxx_union.metal,17
/private/tmp/metal-ast-macos-air32/src/cx/err_attr_stage_in_kernel.metal,17
/private/tmp/metal-ast-macos-air32/src/cx/function_constant_fc_bool.metal,17
/private/tmp/metal-ast-macos-air32/src/cx/function_constant_fc_conditional_compile.metal,17
/private/tmp/metal-ast-macos-air32/src/cx/function_constant_fc_float.metal,17
/private/tmp/metal-ast-macos-air32/src/cx/function_constant_fc_in_struct.metal,17
/private/tmp/metal-ast-macos-air32/src/cx/function_constant_fc_int.metal,17
/private/tmp/metal-ast-macos-air32/src/cx/function_constant_fc_multiple.metal,17
/private/tmp/metal-ast-macos-air32/src/cx/function_constant_fc_uint.metal,17
/private/tmp/metal-ast-macos-air32/src/cx/function_constant_fc_with_default.metal,17
/private/tmp/metal-ast-macos-air32/src/cx/res_function_constant0.metal,17
/private/tmp/metal-ast-macos-air32/src/cx/res_function_constant15.metal,17
/private/tmp/metal-ast-macos-air32/src/cx/res_function_constant31.metal,17
/private/tmp/metal-ast-macos-air64/src/cx/cxx_019_union_type.metal,17
/private/tmp/metal-ast-macos-air64/src/cx/cxx_union.metal,17
/private/tmp/metal-ast-macos-air64/src/cx/err_attr_stage_in_kernel.metal,17
/private/tmp/metal-ast-macos-air64/src/cx/function_constant_fc_bool.metal,17
/private/tmp/metal-ast-macos-air64/src/cx/function_constant_fc_conditional_compile.metal,17
/private/tmp/metal-ast-macos-air64/src/cx/function_constant_fc_float.metal,17
/private/tmp/metal-ast-macos-air64/src/cx/function_constant_fc_in_struct.metal,17
/private/tmp/metal-ast-macos-air64/src/cx/function_constant_fc_int.metal,17
/private/tmp/metal-ast-macos-air64/src/cx/function_constant_fc_multiple.metal,17
/private/tmp/metal-ast-macos-air64/src/cx/function_constant_fc_uint.metal,17
/private/tmp/metal-ast-macos-air64/src/cx/function_constant_fc_with_default.metal,17
/private/tmp/metal-ast-macos-air64/src/cx/res_function_constant0.metal,17
/private/tmp/metal-ast-macos-air64/src/cx/res_function_constant15.metal,17
/private/tmp/metal-ast-macos-air64/src/cx/res_function_constant31.metal,17
/private/tmp/metal-ast-tvos-air32/src/cx/cxx_019_union_type.metal,17
/private/tmp/metal-ast-tvos-air32/src/cx/cxx_union.metal,17
/private/tmp/metal-ast-tvos-air32/src/cx/err_attr_stage_in_kernel.metal,17
/private/tmp/metal-ast-tvos-air32/src/cx/function_constant_fc_bool.metal,17
/private/tmp/metal-ast-tvos-air32/src/cx/function_constant_fc_conditional_compile.metal,17
/private/tmp/metal-ast-tvos-air32/src/cx/function_constant_fc_float.metal,17
/private/tmp/metal-ast-tvos-air32/src/cx/function_constant_fc_in_struct.metal,17
/private/tmp/metal-ast-tvos-air32/src/cx/function_constant_fc_int.metal,17
/private/tmp/metal-ast-tvos-air32/src/cx/function_constant_fc_multiple.metal,17
/private/tmp/metal-ast-tvos-air32/src/cx/function_constant_fc_uint.metal,17
/private/tmp/metal-ast-tvos-air32/src/cx/function_constant_fc_with_default.metal,17
/private/tmp/metal-ast-tvos-air32/src/cx/res_function_constant0.metal,17
/private/tmp/metal-ast-tvos-air32/src/cx/res_function_constant15.metal,17
/private/tmp/metal-ast-tvos-air32/src/cx/res_function_constant31.metal,17
/private/tmp/metal-ast-tvos-air64/src/cx/cxx_019_union_type.metal,17
/private/tmp/metal-ast-tvos-air64/src/cx/cxx_union.metal,17
/private/tmp/metal-ast-tvos-air64/src/cx/err_attr_stage_in_kernel.metal,17
/private/tmp/metal-ast-tvos-air64/src/cx/function_constant_fc_bool.metal,17
/private/tmp/metal-ast-tvos-air64/src/cx/function_constant_fc_conditional_compile.metal,17
/private/tmp/metal-ast-tvos-air64/src/cx/function_constant_fc_float.metal,17
/private/tmp/metal-ast-tvos-air64/src/cx/function_constant_fc_in_struct.metal,17
/private/tmp/metal-ast-tvos-air64/src/cx/function_constant_fc_int.metal,17
/private/tmp/metal-ast-tvos-air64/src/cx/function_constant_fc_multiple.metal,17
/private/tmp/metal-ast-tvos-air64/src/cx/function_constant_fc_uint.metal,17
/private/tmp/metal-ast-tvos-air64/src/cx/function_constant_fc_with_default.metal,17
/private/tmp/metal-ast-tvos-air64/src/cx/res_function_constant0.metal,17
/private/tmp/metal-ast-tvos-air64/src/cx/res_function_constant15.metal,17
/private/tmp/metal-ast-tvos-air64/src/cx/res_function_constant31.metal,17
/private/tmp/metal-ast-tvos-sim-air32/src/cx/cxx_019_union_type.metal,17
/private/tmp/metal-ast-tvos-sim-air32/src/cx/cxx_union.metal,17
/private/tmp/metal-ast-tvos-sim-air32/src/cx/err_attr_stage_in_kernel.metal,17
/private/tmp/metal-ast-tvos-sim-air32/src/cx/function_constant_fc_bool.metal,17
/private/tmp/metal-ast-tvos-sim-air32/src/cx/function_constant_fc_conditional_compile.metal,17
/private/tmp/metal-ast-tvos-sim-air32/src/cx/function_constant_fc_float.metal,17
/private/tmp/metal-ast-tvos-sim-air32/src/cx/function_constant_fc_in_struct.metal,17
/private/tmp/metal-ast-tvos-sim-air32/src/cx/function_constant_fc_int.metal,17
/private/tmp/metal-ast-tvos-sim-air32/src/cx/function_constant_fc_multiple.metal,17
/private/tmp/metal-ast-tvos-sim-air32/src/cx/function_constant_fc_uint.metal,17
/private/tmp/metal-ast-tvos-sim-air32/src/cx/function_constant_fc_with_default.metal,17
/private/tmp/metal-ast-tvos-sim-air32/src/cx/res_function_constant0.metal,17
/private/tmp/metal-ast-tvos-sim-air32/src/cx/res_function_constant15.metal,17
/private/tmp/metal-ast-tvos-sim-air32/src/cx/res_function_constant31.metal,17
/private/tmp/metal-ast-tvos-sim-air64/src/cx/cxx_019_union_type.metal,17
/private/tmp/metal-ast-tvos-sim-air64/src/cx/cxx_union.metal,17
/private/tmp/metal-ast-tvos-sim-air64/src/cx/err_attr_stage_in_kernel.metal,17
/private/tmp/metal-ast-tvos-sim-air64/src/cx/function_constant_fc_bool.metal,17
/private/tmp/metal-ast-tvos-sim-air64/src/cx/function_constant_fc_conditional_compile.metal,17
/private/tmp/metal-ast-tvos-sim-air64/src/cx/function_constant_fc_float.metal,17
/private/tmp/metal-ast-tvos-sim-air64/src/cx/function_constant_fc_in_struct.metal,17
/private/tmp/metal-ast-tvos-sim-air64/src/cx/function_constant_fc_int.metal,17
/private/tmp/metal-ast-tvos-sim-air64/src/cx/function_constant_fc_multiple.metal,17
/private/tmp/metal-ast-tvos-sim-air64/src/cx/function_constant_fc_uint.metal,17
/private/tmp/metal-ast-tvos-sim-air64/src/cx/function_constant_fc_with_default.metal,17
/private/tmp/metal-ast-tvos-sim-air64/src/cx/res_function_constant0.metal,17
/private/tmp/metal-ast-tvos-sim-air64/src/cx/res_function_constant15.metal,17
/private/tmp/metal-ast-tvos-sim-air64/src/cx/res_function_constant31.metal,17
/private/tmp/metal-ast-ios-air64/src/cx/mesh_perprim_attrs.metal,16
/private/tmp/metal-ast-ios-air64/src/cx/mesh_topo_line.metal,16
/private/tmp/metal-ast-ios-air64/src/cx/mesh_topo_point.metal,16
/private/tmp/metal-ast-ios-air64/src/cx/mesh_topo_triangle.metal,16
/private/tmp/metal-ast-ios-air64/src/cx/multi_entry_mesh_object.metal,16
/private/tmp/metal-ast-ios-air64/src/cx/object_min.metal,16
/private/tmp/metal-ast-ios-air64/src/cx/res_visible_function_table.metal,16
/private/tmp/metal-ast-ios-air64/src/cx/vis_stitchable.metal,16
/private/tmp/metal-ast-ios-air64/src/mesh_all.metal,16
/private/tmp/metal-ast-ios-sim-air64/src/cx/mesh_perprim_attrs.metal,16
/private/tmp/metal-ast-ios-sim-air64/src/cx/mesh_topo_line.metal,16
/private/tmp/metal-ast-ios-sim-air64/src/cx/mesh_topo_point.metal,16
/private/tmp/metal-ast-ios-sim-air64/src/cx/mesh_topo_triangle.metal,16
/private/tmp/metal-ast-ios-sim-air64/src/cx/multi_entry_mesh_object.metal,16
/private/tmp/metal-ast-ios-sim-air64/src/cx/object_min.metal,16
/private/tmp/metal-ast-ios-sim-air64/src/cx/res_visible_function_table.metal,16
/private/tmp/metal-ast-ios-sim-air64/src/cx/vis_stitchable.metal,16
/private/tmp/metal-ast-ios-sim-air64/src/mesh_all.metal,16
/private/tmp/metal-ast-tvos-air32/src/mesh_all.metal,16
/private/tmp/metal-ast-tvos-air64/src/mesh_all.metal,16
/private/tmp/metal-ast-tvos-sim-air32/src/mesh_all.metal,16
/private/tmp/metal-ast-tvos-sim-air64/src/mesh_all.metal,16
/private/tmp/metal-ast-ios-air64/src/cx/determ_arg_buffer.metal,15
/private/tmp/metal-ast-ios-air64/src/cx/multi_entry_shared_argbuf.metal,15
/private/tmp/metal-ast-ios-air64/src/cx/texm_149.metal,15
/private/tmp/metal-ast-ios-air64/src/cx/texm_156.metal,15
/private/tmp/metal-ast-ios-air64/src/cx/texm_163.metal,15
/private/tmp/metal-ast-ios-air64/src/cx/texm_170.metal,15
/private/tmp/metal-ast-ios-sim-air64/src/cx/determ_arg_buffer.metal,15
/private/tmp/metal-ast-ios-sim-air64/src/cx/multi_entry_shared_argbuf.metal,15
/private/tmp/metal-ast-ios-sim-air64/src/cx/texm_149.metal,15
/private/tmp/metal-ast-ios-sim-air64/src/cx/texm_156.metal,15
/private/tmp/metal-ast-ios-sim-air64/src/cx/texm_163.metal,15
/private/tmp/metal-ast-ios-sim-air64/src/cx/texm_170.metal,15
/private/tmp/metal-ast-macos-air32/src/cx/builtin_color.metal,15
/private/tmp/metal-ast-macos-air32/src/cx/builtin_simd_matrix.metal,15
/private/tmp/metal-ast-macos-air32/src/cx/determ_arg_buffer.metal,15
/private/tmp/metal-ast-macos-air32/src/cx/intrinsics_half_ops.metal,15
/private/tmp/metal-ast-macos-air32/src/cx/intrinsics_math_binary.metal,15
/private/tmp/metal-ast-macos-air32/src/cx/intrinsics_math_ternary.metal,15
/private/tmp/metal-ast-macos-air32/src/cx/intrinsics_math_unary.metal,15
/private/tmp/metal-ast-macos-air32/src/cx/intrinsics_texture_ops.metal,15
/private/tmp/metal-ast-macos-air32/src/cx/intrinsics_vector_ops.metal,15
/private/tmp/metal-ast-macos-air32/src/cx/io_fragment_rta_vpa.metal,15
/private/tmp/metal-ast-macos-air32/src/cx/multi_entry_shared_argbuf.metal,15
/private/tmp/metal-ast-macos-air64/src/cx/builtin_color.metal,15
/private/tmp/metal-ast-macos-air64/src/cx/builtin_simd_matrix.metal,15
/private/tmp/metal-ast-macos-air64/src/cx/determ_arg_buffer.metal,15
/private/tmp/metal-ast-macos-air64/src/cx/intrinsics_half_ops.metal,15
/private/tmp/metal-ast-macos-air64/src/cx/intrinsics_math_binary.metal,15
/private/tmp/metal-ast-macos-air64/src/cx/intrinsics_math_ternary.metal,15
/private/tmp/metal-ast-macos-air64/src/cx/intrinsics_math_unary.metal,15
/private/tmp/metal-ast-macos-air64/src/cx/intrinsics_texture_ops.metal,15
/private/tmp/metal-ast-macos-air64/src/cx/intrinsics_vector_ops.metal,15
/private/tmp/metal-ast-macos-air64/src/cx/io_fragment_rta_vpa.metal,15
/private/tmp/metal-ast-macos-air64/src/cx/multi_entry_shared_argbuf.metal,15
/private/tmp/metal-ast-tvos-air32/src/cx/determ_arg_buffer.metal,15
/private/tmp/metal-ast-tvos-air32/src/cx/multi_entry_shared_argbuf.metal,15
/private/tmp/metal-ast-tvos-air32/src/cx/texm_149.metal,15
/private/tmp/metal-ast-tvos-air32/src/cx/texm_156.metal,15
/private/tmp/metal-ast-tvos-air32/src/cx/texm_163.metal,15
/private/tmp/metal-ast-tvos-air32/src/cx/texm_170.metal,15
/private/tmp/metal-ast-tvos-air64/src/cx/determ_arg_buffer.metal,15
/private/tmp/metal-ast-tvos-air64/src/cx/multi_entry_shared_argbuf.metal,15
/private/tmp/metal-ast-tvos-air64/src/cx/texm_149.metal,15
/private/tmp/metal-ast-tvos-air64/src/cx/texm_156.metal,15
/private/tmp/metal-ast-tvos-air64/src/cx/texm_163.metal,15
/private/tmp/metal-ast-tvos-air64/src/cx/texm_170.metal,15
/private/tmp/metal-ast-tvos-sim-air32/src/cx/determ_arg_buffer.metal,15
/private/tmp/metal-ast-tvos-sim-air32/src/cx/multi_entry_shared_argbuf.metal,15
/private/tmp/metal-ast-tvos-sim-air32/src/cx/texm_149.metal,15
/private/tmp/metal-ast-tvos-sim-air32/src/cx/texm_156.metal,15
/private/tmp/metal-ast-tvos-sim-air32/src/cx/texm_163.metal,15
/private/tmp/metal-ast-tvos-sim-air32/src/cx/texm_170.metal,15
/private/tmp/metal-ast-tvos-sim-air64/src/cx/determ_arg_buffer.metal,15
/private/tmp/metal-ast-tvos-sim-air64/src/cx/multi_entry_shared_argbuf.metal,15
/private/tmp/metal-ast-tvos-sim-air64/src/cx/texm_149.metal,15
/private/tmp/metal-ast-tvos-sim-air64/src/cx/texm_156.metal,15
/private/tmp/metal-ast-tvos-sim-air64/src/cx/texm_163.metal,15
/private/tmp/metal-ast-tvos-sim-air64/src/cx/texm_170.metal,15
/private/tmp/metal-ast-watchos-air32/src/metal4_all.metal,15
/private/tmp/metal-ast-watchos-air64/src/metal4_all.metal,15
/private/tmp/metal-ast-watchos-sim-air32/src/metal4_all.metal,15
/private/tmp/metal-ast-watchos-sim-air64/src/metal4_all.metal,15
/private/tmp/metal-ast-macos-air32/src/cx/mesh_perprim_attrs.metal,14
/private/tmp/metal-ast-macos-air32/src/cx/mesh_topo_line.metal,14
/private/tmp/metal-ast-macos-air32/src/cx/mesh_topo_point.metal,14
/private/tmp/metal-ast-macos-air32/src/cx/mesh_topo_triangle.metal,14
/private/tmp/metal-ast-macos-air32/src/cx/multi_entry_mesh_object.metal,14
/private/tmp/metal-ast-macos-air32/src/cx/object_min.metal,14
/private/tmp/metal-ast-macos-air32/src/cx/res_visible_function_table.metal,14
/private/tmp/metal-ast-macos-air32/src/cx/vis_stitchable.metal,14
/private/tmp/metal-ast-macos-air64/src/cx/mesh_perprim_attrs.metal,14
/private/tmp/metal-ast-macos-air64/src/cx/mesh_topo_line.metal,14
/private/tmp/metal-ast-macos-air64/src/cx/mesh_topo_point.metal,14
/private/tmp/metal-ast-macos-air64/src/cx/mesh_topo_triangle.metal,14
/private/tmp/metal-ast-macos-air64/src/cx/multi_entry_mesh_object.metal,14
/private/tmp/metal-ast-macos-air64/src/cx/object_min.metal,14
/private/tmp/metal-ast-macos-air64/src/cx/res_visible_function_table.metal,14
/private/tmp/metal-ast-macos-air64/src/cx/vis_stitchable.metal,14
/private/tmp/metal-ast-tvos-air32/src/cx/mesh_perprim_attrs.metal,14
/private/tmp/metal-ast-tvos-air32/src/cx/mesh_topo_line.metal,14
/private/tmp/metal-ast-tvos-air32/src/cx/mesh_topo_point.metal,14
/private/tmp/metal-ast-tvos-air32/src/cx/mesh_topo_triangle.metal,14
/private/tmp/metal-ast-tvos-air32/src/cx/multi_entry_mesh_object.metal,14
/private/tmp/metal-ast-tvos-air32/src/cx/object_min.metal,14
/private/tmp/metal-ast-tvos-air32/src/cx/res_visible_function_table.metal,14
/private/tmp/metal-ast-tvos-air32/src/cx/vis_stitchable.metal,14
/private/tmp/metal-ast-tvos-air64/src/cx/mesh_perprim_attrs.metal,14
/private/tmp/metal-ast-tvos-air64/src/cx/mesh_topo_line.metal,14
/private/tmp/metal-ast-tvos-air64/src/cx/mesh_topo_point.metal,14
/private/tmp/metal-ast-tvos-air64/src/cx/mesh_topo_triangle.metal,14
/private/tmp/metal-ast-tvos-air64/src/cx/multi_entry_mesh_object.metal,14
/private/tmp/metal-ast-tvos-air64/src/cx/object_min.metal,14
/private/tmp/metal-ast-tvos-air64/src/cx/res_visible_function_table.metal,14
/private/tmp/metal-ast-tvos-air64/src/cx/vis_stitchable.metal,14
/private/tmp/metal-ast-tvos-sim-air32/src/cx/mesh_perprim_attrs.metal,14
/private/tmp/metal-ast-tvos-sim-air32/src/cx/mesh_topo_line.metal,14
/private/tmp/metal-ast-tvos-sim-air32/src/cx/mesh_topo_point.metal,14
/private/tmp/metal-ast-tvos-sim-air32/src/cx/mesh_topo_triangle.metal,14
/private/tmp/metal-ast-tvos-sim-air32/src/cx/multi_entry_mesh_object.metal,14
/private/tmp/metal-ast-tvos-sim-air32/src/cx/object_min.metal,14
/private/tmp/metal-ast-tvos-sim-air32/src/cx/res_visible_function_table.metal,14
/private/tmp/metal-ast-tvos-sim-air32/src/cx/vis_stitchable.metal,14
/private/tmp/metal-ast-tvos-sim-air64/src/cx/mesh_perprim_attrs.metal,14
/private/tmp/metal-ast-tvos-sim-air64/src/cx/mesh_topo_line.metal,14
/private/tmp/metal-ast-tvos-sim-air64/src/cx/mesh_topo_point.metal,14
/private/tmp/metal-ast-tvos-sim-air64/src/cx/mesh_topo_triangle.metal,14
/private/tmp/metal-ast-tvos-sim-air64/src/cx/multi_entry_mesh_object.metal,14
/private/tmp/metal-ast-tvos-sim-air64/src/cx/object_min.metal,14
/private/tmp/metal-ast-tvos-sim-air64/src/cx/res_visible_function_table.metal,14
/private/tmp/metal-ast-tvos-sim-air64/src/cx/vis_stitchable.metal,14
/private/tmp/metal-ast-watchos-air32/src/cx/builtin_raytracing.metal,14
/private/tmp/metal-ast-watchos-air32/src/cx/builtin_tex_03.metal,14
/private/tmp/metal-ast-watchos-air32/src/cx/builtin_tex_04.metal,14
/private/tmp/metal-ast-watchos-air32/src/cx/builtin_tex_05.metal,14
/private/tmp/metal-ast-watchos-air32/src/cx/builtin_tex_06.metal,14
/private/tmp/metal-ast-watchos-air32/src/cx/builtin_tex_07.metal,14
/private/tmp/metal-ast-watchos-air32/src/cx/builtin_tex_08.metal,14
/private/tmp/metal-ast-watchos-air32/src/cx/builtin_tex_13.metal,14
/private/tmp/metal-ast-watchos-air32/src/cx/builtin_tex_14.metal,14
/private/tmp/metal-ast-watchos-air32/src/cx/builtin_tex_15.metal,14
/private/tmp/metal-ast-watchos-air32/src/cx/builtin_tex_16.metal,14
/private/tmp/metal-ast-watchos-air32/src/cx/conv_000.metal,14
/private/tmp/metal-ast-watchos-air32/src/cx/conv_001.metal,14
/private/tmp/metal-ast-watchos-air32/src/cx/conv_002.metal,14
/private/tmp/metal-ast-watchos-air32/src/cx/conv_003.metal,14
/private/tmp/metal-ast-watchos-air32/src/cx/conv_004.metal,14
/private/tmp/metal-ast-watchos-air32/src/cx/conv_005.metal,14
/private/tmp/metal-ast-watchos-air32/src/cx/conv_006.metal,14
/private/tmp/metal-ast-watchos-air32/src/cx/conv_007.metal,14
/private/tmp/metal-ast-watchos-air32/src/cx/conv_008.metal,14
/private/tmp/metal-ast-watchos-air32/src/cx/conv_009.metal,14
/private/tmp/metal-ast-watchos-air32/src/cx/conv_010.metal,14
/private/tmp/metal-ast-watchos-air32/src/cx/conv_011.metal,14
/private/tmp/metal-ast-watchos-air32/src/cx/conv_012.metal,14
/private/tmp/metal-ast-watchos-air32/src/cx/conv_013.metal,14
/private/tmp/metal-ast-watchos-air32/src/cx/conv_014.metal,14
/private/tmp/metal-ast-watchos-air32/src/cx/conv_015.metal,14
/private/tmp/metal-ast-watchos-air32/src/cx/conv_016.metal,14
/private/tmp/metal-ast-watchos-air32/src/cx/conv_017.metal,14
/private/tmp/metal-ast-watchos-air32/src/cx/conv_018.metal,14
/private/tmp/metal-ast-watchos-air32/src/cx/conv_019.metal,14
/private/tmp/metal-ast-watchos-air32/src/cx/conv_020.metal,14
/private/tmp/metal-ast-watchos-air32/src/cx/conv_021.metal,14
/private/tmp/metal-ast-watchos-air32/src/cx/conv_022.metal,14
/private/tmp/metal-ast-watchos-air32/src/cx/conv_023.metal,14
/private/tmp/metal-ast-watchos-air32/src/cx/conv_024.metal,14
/private/tmp/metal-ast-watchos-air32/src/cx/conv_025.metal,14
/private/tmp/metal-ast-watchos-air32/src/cx/conv_026.metal,14
/private/tmp/metal-ast-watchos-air32/src/cx/conv_027.metal,14
/private/tmp/metal-ast-watchos-air32/src/cx/conv_028.metal,14
/private/tmp/metal-ast-watchos-air32/src/cx/conv_029.metal,14
/private/tmp/metal-ast-watchos-air32/src/cx/conv_030.metal,14
/private/tmp/metal-ast-watchos-air32/src/cx/conv_031.metal,14
/private/tmp/metal-ast-watchos-air32/src/cx/conv_032.metal,14
/private/tmp/metal-ast-watchos-air32/src/cx/conv_033.metal,14
/private/tmp/metal-ast-watchos-air32/src/cx/conv_034.metal,14
/private/tmp/metal-ast-watchos-air32/src/cx/conv_035.metal,14
/private/tmp/metal-ast-watchos-air32/src/cx/conv_036.metal,14
/private/tmp/metal-ast-watchos-air32/src/cx/conv_037.metal,14
/private/tmp/metal-ast-watchos-air32/src/cx/conv_038.metal,14
/private/tmp/metal-ast-watchos-air32/src/cx/conv_039.metal,14
/private/tmp/metal-ast-watchos-air32/src/cx/conv_040.metal,14
/private/tmp/metal-ast-watchos-air32/src/cx/conv_041.metal,14
/private/tmp/metal-ast-watchos-air32/src/cx/conv_042.metal,14
/private/tmp/metal-ast-watchos-air32/src/cx/conv_043.metal,14
/private/tmp/metal-ast-watchos-air32/src/cx/conv_044.metal,14
/private/tmp/metal-ast-watchos-air32/src/cx/conv_045.metal,14
/private/tmp/metal-ast-watchos-air32/src/cx/conv_046.metal,14
/private/tmp/metal-ast-watchos-air32/src/cx/conv_047.metal,14
/private/tmp/metal-ast-watchos-air32/src/cx/conv_048.metal,14
/private/tmp/metal-ast-watchos-air32/src/cx/conv_049.metal,14
/private/tmp/metal-ast-watchos-air32/src/cx/conv_050.metal,14
/private/tmp/metal-ast-watchos-air32/src/cx/conv_051.metal,14
/private/tmp/metal-ast-watchos-air32/src/cx/conv_052.metal,14
/private/tmp/metal-ast-watchos-air32/src/cx/conv_053.metal,14
/private/tmp/metal-ast-watchos-air32/src/cx/conv_054.metal,14
/private/tmp/metal-ast-watchos-air32/src/cx/conv_055.metal,14
/private/tmp/metal-ast-watchos-air32/src/cx/conv_056.metal,14
/private/tmp/metal-ast-watchos-air32/src/cx/conv_057.metal,14
/private/tmp/metal-ast-watchos-air32/src/cx/conv_058.metal,14
/private/tmp/metal-ast-watchos-air32/src/cx/conv_059.metal,14
/private/tmp/metal-ast-watchos-air32/src/cx/conv_060.metal,14
/private/tmp/metal-ast-watchos-air32/src/cx/conv_061.metal,14
/private/tmp/metal-ast-watchos-air32/src/cx/conv_062.metal,14
/private/tmp/metal-ast-watchos-air32/src/cx/conv_063.metal,14
/private/tmp/metal-ast-watchos-air32/src/cx/conv_064.metal,14
/private/tmp/metal-ast-watchos-air32/src/cx/conv_065.metal,14
/private/tmp/metal-ast-watchos-air32/src/cx/conv_066.metal,14
/private/tmp/metal-ast-watchos-air32/src/cx/conv_067.metal,14
/private/tmp/metal-ast-watchos-air32/src/cx/conv_068.metal,14
/private/tmp/metal-ast-watchos-air32/src/cx/conv_069.metal,14
/private/tmp/metal-ast-watchos-air32/src/cx/conv_070.metal,14
/private/tmp/metal-ast-watchos-air32/src/cx/conv_071.metal,14
/private/tmp/metal-ast-watchos-air32/src/cx/conv_072.metal,14
/private/tmp/metal-ast-watchos-air32/src/cx/conv_073.metal,14
/private/tmp/metal-ast-watchos-air32/src/cx/conv_074.metal,14
/private/tmp/metal-ast-watchos-air32/src/cx/conv_075.metal,14
/private/tmp/metal-ast-watchos-air32/src/cx/conv_076.metal,14
/private/tmp/metal-ast-watchos-air32/src/cx/conv_077.metal,14
/private/tmp/metal-ast-watchos-air32/src/cx/conv_078.metal,14
/private/tmp/metal-ast-watchos-air32/src/cx/conv_079.metal,14
/private/tmp/metal-ast-watchos-air32/src/cx/conv_080.metal,14
/private/tmp/metal-ast-watchos-air32/src/cx/conv_081.metal,14
/private/tmp/metal-ast-watchos-air32/src/cx/conv_082.metal,14
/private/tmp/metal-ast-watchos-air32/src/cx/conv_083.metal,14
/private/tmp/metal-ast-watchos-air32/src/cx/conv_084.metal,14
/private/tmp/metal-ast-watchos-air32/src/cx/conv_085.metal,14
/private/tmp/metal-ast-watchos-air32/src/cx/conv_086.metal,14
/private/tmp/metal-ast-watchos-air32/src/cx/conv_087.metal,14
/private/tmp/metal-ast-watchos-air32/src/cx/conv_088.metal,14
/private/tmp/metal-ast-watchos-air32/src/cx/conv_089.metal,14
/private/tmp/metal-ast-watchos-air32/src/cx/conv_090.metal,14
/private/tmp/metal-ast-watchos-air32/src/cx/conv_091.metal,14
/private/tmp/metal-ast-watchos-air32/src/cx/conv_092.metal,14
/private/tmp/metal-ast-watchos-air32/src/cx/conv_093.metal,14
/private/tmp/metal-ast-watchos-air32/src/cx/conv_094.metal,14
/private/tmp/metal-ast-watchos-air32/src/cx/conv_095.metal,14
/private/tmp/metal-ast-watchos-air32/src/cx/conv_096.metal,14
/private/tmp/metal-ast-watchos-air32/src/cx/conv_097.metal,14
/private/tmp/metal-ast-watchos-air32/src/cx/conv_098.metal,14
/private/tmp/metal-ast-watchos-air32/src/cx/conv_099.metal,14
/private/tmp/metal-ast-watchos-air32/src/cx/conv_100.metal,14
/private/tmp/metal-ast-watchos-air32/src/cx/conv_101.metal,14
/private/tmp/metal-ast-watchos-air32/src/cx/conv_102.metal,14
/private/tmp/metal-ast-watchos-air32/src/cx/conv_103.metal,14
/private/tmp/metal-ast-watchos-air32/src/cx/conv_104.metal,14
/private/tmp/metal-ast-watchos-air32/src/cx/conv_105.metal,14
/private/tmp/metal-ast-watchos-air32/src/cx/conv_106.metal,14
/private/tmp/metal-ast-watchos-air32/src/cx/conv_107.metal,14
/private/tmp/metal-ast-watchos-air32/src/cx/conv_108.metal,14
/private/tmp/metal-ast-watchos-air32/src/cx/conv_109.metal,14
/private/tmp/metal-ast-watchos-air32/src/cx/conv_110.metal,14
/private/tmp/metal-ast-watchos-air32/src/cx/conv_111.metal,14
/private/tmp/metal-ast-watchos-air32/src/cx/conv_112.metal,14
/private/tmp/metal-ast-watchos-air32/src/cx/conv_113.metal,14
/private/tmp/metal-ast-watchos-air32/src/cx/conv_114.metal,14
/private/tmp/metal-ast-watchos-air32/src/cx/conv_115.metal,14
/private/tmp/metal-ast-watchos-air32/src/cx/conv_116.metal,14
/private/tmp/metal-ast-watchos-air32/src/cx/conv_117.metal,14
/private/tmp/metal-ast-watchos-air32/src/cx/conv_118.metal,14
/private/tmp/metal-ast-watchos-air32/src/cx/conv_119.metal,14
/private/tmp/metal-ast-watchos-air32/src/cx/conv_120.metal,14
/private/tmp/metal-ast-watchos-air32/src/cx/conv_121.metal,14
/private/tmp/metal-ast-watchos-air32/src/cx/conv_122.metal,14
/private/tmp/metal-ast-watchos-air32/src/cx/conv_123.metal,14
/private/tmp/metal-ast-watchos-air32/src/cx/conv_124.metal,14
/private/tmp/metal-ast-watchos-air32/src/cx/conv_125.metal,14
/private/tmp/metal-ast-watchos-air32/src/cx/conv_126.metal,14
/private/tmp/metal-ast-watchos-air32/src/cx/conv_127.metal,14
/private/tmp/metal-ast-watchos-air32/src/cx/conv_128.metal,14
/private/tmp/metal-ast-watchos-air32/src/cx/conv_129.metal,14
/private/tmp/metal-ast-watchos-air32/src/cx/conv_130.metal,14
/private/tmp/metal-ast-watchos-air32/src/cx/conv_131.metal,14
/private/tmp/metal-ast-watchos-air32/src/cx/conv_132.metal,14
/private/tmp/metal-ast-watchos-air32/src/cx/conv_133.metal,14
/private/tmp/metal-ast-watchos-air32/src/cx/conv_134.metal,14
/private/tmp/metal-ast-watchos-air32/src/cx/conv_135.metal,14
/private/tmp/metal-ast-watchos-air32/src/cx/conv_136.metal,14
/private/tmp/metal-ast-watchos-air32/src/cx/conv_137.metal,14
/private/tmp/metal-ast-watchos-air32/src/cx/conv_138.metal,14
/private/tmp/metal-ast-watchos-air32/src/cx/conv_139.metal,14
/private/tmp/metal-ast-watchos-air32/src/cx/conv_140.metal,14
/private/tmp/metal-ast-watchos-air32/src/cx/conv_141.metal,14
/private/tmp/metal-ast-watchos-air32/src/cx/conv_142.metal,14
/private/tmp/metal-ast-watchos-air32/src/cx/conv_143.metal,14
/private/tmp/metal-ast-watchos-air32/src/cx/conv_144.metal,14
/private/tmp/metal-ast-watchos-air32/src/cx/conv_145.metal,14
/private/tmp/metal-ast-watchos-air32/src/cx/conv_146.metal,14
/private/tmp/metal-ast-watchos-air32/src/cx/conv_147.metal,14
/private/tmp/metal-ast-watchos-air32/src/cx/conv_148.metal,14
/private/tmp/metal-ast-watchos-air32/src/cx/conv_149.metal,14
/private/tmp/metal-ast-watchos-air32/src/cx/conv_150.metal,14
/private/tmp/metal-ast-watchos-air32/src/cx/conv_151.metal,14
/private/tmp/metal-ast-watchos-air32/src/cx/conv_152.metal,14
/private/tmp/metal-ast-watchos-air32/src/cx/conv_153.metal,14
/private/tmp/metal-ast-watchos-air32/src/cx/conv_154.metal,14
/private/tmp/metal-ast-watchos-air32/src/cx/conv_155.metal,14
/private/tmp/metal-ast-watchos-air32/src/cx/conv_156.metal,14
/private/tmp/metal-ast-watchos-air32/src/cx/conv_157.metal,14
/private/tmp/metal-ast-watchos-air32/src/cx/conv_158.metal,14
/private/tmp/metal-ast-watchos-air32/src/cx/conv_159.metal,14
/private/tmp/metal-ast-watchos-air32/src/cx/conv_160.metal,14
/private/tmp/metal-ast-watchos-air32/src/cx/conv_161.metal,14
/private/tmp/metal-ast-watchos-air32/src/cx/conv_162.metal,14
/private/tmp/metal-ast-watchos-air32/src/cx/conv_163.metal,14
/private/tmp/metal-ast-watchos-air32/src/cx/conv_164.metal,14
/private/tmp/metal-ast-watchos-air32/src/cx/conv_165.metal,14
/private/tmp/metal-ast-watchos-air32/src/cx/conv_166.metal,14
/private/tmp/metal-ast-watchos-air32/src/cx/conv_167.metal,14
/private/tmp/metal-ast-watchos-air32/src/cx/conv_168.metal,14
/private/tmp/metal-ast-watchos-air32/src/cx/conv_169.metal,14
/private/tmp/metal-ast-watchos-air32/src/cx/conv_170.metal,14
/private/tmp/metal-ast-watchos-air32/src/cx/conv_171.metal,14
/private/tmp/metal-ast-watchos-air32/src/cx/conv_172.metal,14
/private/tmp/metal-ast-watchos-air32/src/cx/conv_173.metal,14
/private/tmp/metal-ast-watchos-air32/src/cx/conv_174.metal,14
/private/tmp/metal-ast-watchos-air32/src/cx/conv_175.metal,14
/private/tmp/metal-ast-watchos-air32/src/cx/conv_176.metal,14
/private/tmp/metal-ast-watchos-air32/src/cx/conv_177.metal,14
/private/tmp/metal-ast-watchos-air32/src/cx/conv_178.metal,14
/private/tmp/metal-ast-watchos-air32/src/cx/conv_179.metal,14
/private/tmp/metal-ast-watchos-air32/src/cx/conv_182.metal,14
/private/tmp/metal-ast-watchos-air32/src/cx/conv_183.metal,14
/private/tmp/metal-ast-watchos-air32/src/cx/cxx_003_exception_throw.metal,14
/private/tmp/metal-ast-watchos-air32/src/cx/cxx_011_variadic_template.metal,14
/private/tmp/metal-ast-watchos-air32/src/cx/cxx_012_fold_expression.metal,14
/private/tmp/metal-ast-watchos-air32/src/cx/cxx_013_structured_binding.metal,14
/private/tmp/metal-ast-watchos-air32/src/cx/cxx_014_if_constexpr.metal,14
/private/tmp/metal-ast-watchos-air32/src/cx/cxx_015_namespace_alias.metal,14
/private/tmp/metal-ast-watchos-air32/src/cx/cxx_016_using_declaration.metal,14
/private/tmp/metal-ast-watchos-air32/src/cx/cxx_017_enum_class.metal,14
/private/tmp/metal-ast-watchos-air32/src/cx/cxx_018_bitfield_struct.metal,14
/private/tmp/metal-ast-watchos-air32/src/cx/cxx_020_pointer_arithmetic.metal,14
/private/tmp/metal-ast-watchos-air32/src/cx/cxx_022_member_pointer.metal,14
/private/tmp/metal-ast-watchos-air32/src/cx/cxx_024_sfinae_enable_if.metal,14
/private/tmp/metal-ast-watchos-air32/src/cx/cxx_025_constexpr_function.metal,14
/private/tmp/metal-ast-watchos-air32/src/cx/cxx_026_static_assert_test.metal,14
/private/tmp/metal-ast-watchos-air32/src/cx/cxx_027_operator_overload.metal,14
/private/tmp/metal-ast-watchos-air32/src/cx/cxx_as_type_reinterpret.metal,14
/private/tmp/metal-ast-watchos-air32/src/cx/cxx_auto_decltype.metal,14
/private/tmp/metal-ast-watchos-air32/src/cx/cxx_constexpr_fn.metal,14
/private/tmp/metal-ast-watchos-air32/src/cx/cxx_default_arg.metal,14
/private/tmp/metal-ast-watchos-air32/src/cx/cxx_namespace_using.metal,14
/private/tmp/metal-ast-watchos-air32/src/cx/cxx_operator_overload.metal,14
/private/tmp/metal-ast-watchos-air32/src/cx/cxx_overload_addrspace.metal,14
/private/tmp/metal-ast-watchos-air32/src/cx/cxx_overload_types.metal,14
/private/tmp/metal-ast-watchos-air32/src/cx/cxx_sfinae_enable_if.metal,14
/private/tmp/metal-ast-watchos-air32/src/cx/cxx_template_class_spec.metal,14
/private/tmp/metal-ast-watchos-air32/src/cx/cxx_template_fn_explicit.metal,14
/private/tmp/metal-ast-watchos-air32/src/cx/determ_basic.metal,14
/private/tmp/metal-ast-watchos-air32/src/cx/determ_control_flow.metal,14
/private/tmp/metal-ast-watchos-air32/src/cx/determ_multi_func.metal,14
/private/tmp/metal-ast-watchos-air32/src/cx/determ_template.metal,14
/private/tmp/metal-ast-watchos-air32/src/cx/edge_deep_call.metal,14
/private/tmp/metal-ast-watchos-air32/src/cx/edge_1000_kernels.metal,14
/private/tmp/metal-ast-watchos-air32/src/cx/edge_deep_template.metal,14
/private/tmp/metal-ast-watchos-air32/src/cx/edge_div_zero.metal,14
/private/tmp/metal-ast-watchos-air32/src/cx/edge_empty.metal,14
/private/tmp/metal-ast-watchos-air32/src/cx/edge_infinity.metal,14
/private/tmp/metal-ast-watchos-air32/src/cx/edge_large_array.metal,14
/private/tmp/metal-ast-watchos-air32/src/cx/edge_long_identifier.metal,14
/private/tmp/metal-ast-watchos-air32/src/cx/edge_max_buffers.metal,14
/private/tmp/metal-ast-watchos-air32/src/cx/edge_nan.metal,14
/private/tmp/metal-ast-watchos-air32/src/cx/edge_oob_access.metal,14
/private/tmp/metal-ast-watchos-air32/src/cx/edge_overflow.metal,14
/private/tmp/metal-ast-watchos-air32/src/cx/edge_underflow.metal,14
/private/tmp/metal-ast-watchos-air32/src/cx/edge_uninit_var.metal,14
/private/tmp/metal-ast-watchos-air32/src/cx/err_as_texture_cast.metal,14
/private/tmp/metal-ast-watchos-air32/src/cx/err_attr_frag_int_return.metal,14
/private/tmp/metal-ast-watchos-air32/src/cx/err_cf_recursion.metal,14
/private/tmp/metal-ast-watchos-air32/src/cx/err_tex_depth_gather.metal,14
/private/tmp/metal-ast-watchos-air32/src/cx/err_type_assign_float_to_int.metal,14
/private/tmp/metal-ast-watchos-air32/src/cx/err_type_implicit_narrowing.metal,14
/private/tmp/metal-ast-watchos-air32/src/cx/has_feature_probe.metal,14
/private/tmp/metal-ast-watchos-air32/src/cx/io_vertex_clip_distance.metal,14
/private/tmp/metal-ast-watchos-air32/src/cx/io_vertex_point_size.metal,14
/private/tmp/metal-ast-watchos-air32/src/cx/io_vertex_pos_only.metal,14
/private/tmp/metal-ast-watchos-air32/src/cx/io_vertex_user_locn.metal,14
/private/tmp/metal-ast-watchos-air32/src/cx/multi_entry_2kernels.metal,14
/private/tmp/metal-ast-watchos-air32/src/cx/multi_entry_4kernels.metal,14
/private/tmp/metal-ast-watchos-air32/src/cx/multi_entry_shared_textures.metal,14
/private/tmp/metal-ast-watchos-air32/src/cx/multi_entry_with_helpers.metal,14
/private/tmp/metal-ast-watchos-air32/src/cx/object_payload.metal,14
/private/tmp/metal-ast-watchos-air32/src/cx/repr_bool_scalar.metal,14
/private/tmp/metal-ast-watchos-air32/src/cx/repr_half_arith.metal,14
/private/tmp/metal-ast-watchos-air32/src/cx/repr_long_ulong.metal,14
/private/tmp/metal-ast-watchos-air32/src/cx/res_buffer_constant.metal,14
/private/tmp/metal-ast-watchos-air32/src/cx/res_buffer_device.metal,14
/private/tmp/metal-ast-watchos-air32/src/cx/res_buffer_thread_addrspace.metal,14
/private/tmp/metal-ast-watchos-air32/src/cx/res_index_buffer15.metal,14
/private/tmp/metal-ast-watchos-air32/src/cx/res_index_buffer7.metal,14
/private/tmp/metal-ast-watchos-air32/src/cx/res_threadgroup_alignas.metal,14
/private/tmp/metal-ast-watchos-air32/src/cx/texm_000.metal,14
/private/tmp/metal-ast-watchos-air32/src/cx/texm_001.metal,14
/private/tmp/metal-ast-watchos-air32/src/cx/texm_002.metal,14
/private/tmp/metal-ast-watchos-air32/src/cx/texm_003.metal,14
/private/tmp/metal-ast-watchos-air32/src/cx/texm_004.metal,14
/private/tmp/metal-ast-watchos-air32/src/cx/texm_005.metal,14
/private/tmp/metal-ast-watchos-air32/src/cx/texm_006.metal,14
/private/tmp/metal-ast-watchos-air32/src/cx/texm_007.metal,14
/private/tmp/metal-ast-watchos-air32/src/cx/texm_008.metal,14
/private/tmp/metal-ast-watchos-air32/src/cx/texm_009.metal,14
/private/tmp/metal-ast-watchos-air32/src/cx/texm_010.metal,14
/private/tmp/metal-ast-watchos-air32/src/cx/texm_011.metal,14
/private/tmp/metal-ast-watchos-air32/src/cx/texm_012.metal,14
/private/tmp/metal-ast-watchos-air32/src/cx/texm_013.metal,14
/private/tmp/metal-ast-watchos-air32/src/cx/texm_014.metal,14
/private/tmp/metal-ast-watchos-air32/src/cx/texm_015.metal,14
/private/tmp/metal-ast-watchos-air32/src/cx/texm_016.metal,14
/private/tmp/metal-ast-watchos-air32/src/cx/texm_017.metal,14
/private/tmp/metal-ast-watchos-air32/src/cx/texm_018.metal,14
/private/tmp/metal-ast-watchos-air32/src/cx/texm_019.metal,14
/private/tmp/metal-ast-watchos-air32/src/cx/texm_020.metal,14
/private/tmp/metal-ast-watchos-air32/src/cx/texm_021.metal,14
/private/tmp/metal-ast-watchos-air32/src/cx/texm_022.metal,14
/private/tmp/metal-ast-watchos-air32/src/cx/texm_023.metal,14
/private/tmp/metal-ast-watchos-air32/src/cx/texm_024.metal,14
/private/tmp/metal-ast-watchos-air32/src/cx/texm_025.metal,14
/private/tmp/metal-ast-watchos-air32/src/cx/texm_026.metal,14
/private/tmp/metal-ast-watchos-air32/src/cx/texm_027.metal,14
/private/tmp/metal-ast-watchos-air32/src/cx/texm_028.metal,14
/private/tmp/metal-ast-watchos-air32/src/cx/texm_029.metal,14
/private/tmp/metal-ast-watchos-air32/src/cx/texm_030.metal,14
/private/tmp/metal-ast-watchos-air32/src/cx/texm_031.metal,14
/private/tmp/metal-ast-watchos-air32/src/cx/texm_032.metal,14
/private/tmp/metal-ast-watchos-air32/src/cx/texm_033.metal,14
/private/tmp/metal-ast-watchos-air32/src/cx/texm_034.metal,14
/private/tmp/metal-ast-watchos-air32/src/cx/texm_035.metal,14
/private/tmp/metal-ast-watchos-air32/src/cx/texm_036.metal,14
/private/tmp/metal-ast-watchos-air32/src/cx/texm_037.metal,14
/private/tmp/metal-ast-watchos-air32/src/cx/texm_038.metal,14
/private/tmp/metal-ast-watchos-air32/src/cx/texm_039.metal,14
/private/tmp/metal-ast-watchos-air32/src/cx/texm_048.metal,14
/private/tmp/metal-ast-watchos-air32/src/cx/texm_058.metal,14
/private/tmp/metal-ast-watchos-air32/src/cx/texm_068.metal,14
/private/tmp/metal-ast-watchos-air32/src/cx/texm_078.metal,14
/private/tmp/metal-ast-watchos-air32/src/cx/texm_080.metal,14
/private/tmp/metal-ast-watchos-air32/src/cx/texm_085.metal,14
/private/tmp/metal-ast-watchos-air32/src/cx/texm_086.metal,14
/private/tmp/metal-ast-watchos-air32/src/cx/texm_087.metal,14
/private/tmp/metal-ast-watchos-air32/src/cx/texm_088.metal,14
/private/tmp/metal-ast-watchos-air32/src/cx/texm_093.metal,14
/private/tmp/metal-ast-watchos-air32/src/cx/texm_094.metal,14
/private/tmp/metal-ast-watchos-air32/src/cx/texm_095.metal,14
/private/tmp/metal-ast-watchos-air32/src/cx/texm_096.metal,14
/private/tmp/metal-ast-watchos-air32/src/cx/texm_101.metal,14
/private/tmp/metal-ast-watchos-air32/src/cx/texm_102.metal,14
/private/tmp/metal-ast-watchos-air32/src/cx/texm_103.metal,14
/private/tmp/metal-ast-watchos-air32/src/cx/texm_104.metal,14
/private/tmp/metal-ast-watchos-air32/src/cx/texm_109.metal,14
/private/tmp/metal-ast-watchos-air32/src/cx/texm_110.metal,14
/private/tmp/metal-ast-watchos-air32/src/cx/texm_111.metal,14
/private/tmp/metal-ast-watchos-air32/src/cx/texm_112.metal,14
/private/tmp/metal-ast-watchos-air32/src/cx/texm_113.metal,14
/private/tmp/metal-ast-watchos-air32/src/cx/texm_114.metal,14
/private/tmp/metal-ast-watchos-air32/src/cx/texm_117.metal,14
/private/tmp/metal-ast-watchos-air32/src/cx/texm_118.metal,14
/private/tmp/metal-ast-watchos-air32/src/cx/texm_119.metal,14
/private/tmp/metal-ast-watchos-air32/src/cx/texm_120.metal,14
/private/tmp/metal-ast-watchos-air32/src/cx/texm_121.metal,14
/private/tmp/metal-ast-watchos-air32/src/cx/texm_122.metal,14
/private/tmp/metal-ast-watchos-air32/src/cx/texm_125.metal,14
/private/tmp/metal-ast-watchos-air32/src/cx/texm_126.metal,14
/private/tmp/metal-ast-watchos-air32/src/cx/texm_127.metal,14
/private/tmp/metal-ast-watchos-air32/src/cx/texm_128.metal,14
/private/tmp/metal-ast-watchos-air32/src/cx/texm_129.metal,14
/private/tmp/metal-ast-watchos-air32/src/cx/texm_130.metal,14
/private/tmp/metal-ast-watchos-air32/src/cx/texm_133.metal,14
/private/tmp/metal-ast-watchos-air32/src/cx/texm_134.metal,14
/private/tmp/metal-ast-watchos-air32/src/cx/texm_135.metal,14
/private/tmp/metal-ast-watchos-air32/src/cx/texm_136.metal,14
/private/tmp/metal-ast-watchos-air32/src/cx/texm_137.metal,14
/private/tmp/metal-ast-watchos-air32/src/cx/texm_138.metal,14
/private/tmp/metal-ast-watchos-air32/src/cx/texm_141.metal,14
/private/tmp/metal-ast-watchos-air32/src/cx/texm_142.metal,14
/private/tmp/metal-ast-watchos-air32/src/cx/texm_143.metal,14
/private/tmp/metal-ast-watchos-air32/src/cx/texm_144.metal,14
/private/tmp/metal-ast-watchos-air32/src/cx/texm_145.metal,14
/private/tmp/metal-ast-watchos-air32/src/cx/texm_146.metal,14
/private/tmp/metal-ast-watchos-air32/src/cx/texm_151.metal,14
/private/tmp/metal-ast-watchos-air32/src/cx/texm_152.metal,14
/private/tmp/metal-ast-watchos-air32/src/cx/texm_153.metal,14
/private/tmp/metal-ast-watchos-air32/src/cx/texm_158.metal,14
/private/tmp/metal-ast-watchos-air32/src/cx/texm_159.metal,14
/private/tmp/metal-ast-watchos-air32/src/cx/texm_160.metal,14
/private/tmp/metal-ast-watchos-air32/src/cx/texm_165.metal,14
/private/tmp/metal-ast-watchos-air32/src/cx/texm_166.metal,14
/private/tmp/metal-ast-watchos-air32/src/cx/texm_167.metal,14
/private/tmp/metal-ast-watchos-air32/src/cx/texq_172.metal,14
/private/tmp/metal-ast-watchos-air32/src/cx/texq_173.metal,14
/private/tmp/metal-ast-watchos-air32/src/cx/texq_174.metal,14
/private/tmp/metal-ast-watchos-air32/src/cx/texq_175.metal,14
/private/tmp/metal-ast-watchos-air32/src/cx/texq_176.metal,14
/private/tmp/metal-ast-watchos-air32/src/cx/texq_177.metal,14
/private/tmp/metal-ast-watchos-air32/src/cx/texq_178.metal,14
/private/tmp/metal-ast-watchos-air32/src/cx/texq_179.metal,14
/private/tmp/metal-ast-watchos-air32/src/cx/texq_181.metal,14
/private/tmp/metal-ast-watchos-air32/src/cx/texq_182.metal,14
/private/tmp/metal-ast-watchos-air32/src/cx/texq_183.metal,14
/private/tmp/metal-ast-watchos-air32/src/cx/texq_184.metal,14
/private/tmp/metal-ast-watchos-air32/src/cx/texq_185.metal,14
/private/tmp/metal-ast-watchos-air32/src/cx/texq_186.metal,14
/private/tmp/metal-ast-watchos-air32/src/cx/texq_187.metal,14
/private/tmp/metal-ast-watchos-air32/src/cx/texq_188.metal,14
/private/tmp/metal-ast-watchos-air32/src/cx/threadgroup_tg_alignas.metal,14
/private/tmp/metal-ast-watchos-air32/src/cx/threadgroup_tg_array_large.metal,14
/private/tmp/metal-ast-watchos-air32/src/cx/threadgroup_tg_array_small.metal,14
/private/tmp/metal-ast-watchos-air32/src/cx/threadgroup_tg_atomic.metal,14
/private/tmp/metal-ast-watchos-air32/src/cx/threadgroup_tg_dynamic_index.metal,14
/private/tmp/metal-ast-watchos-air32/src/cx/threadgroup_tg_multiple_arrays.metal,14
/private/tmp/metal-ast-watchos-air32/src/cx/threadgroup_tg_prefix_sum.metal,14
/private/tmp/metal-ast-watchos-air32/src/cx/threadgroup_tg_scalar.metal,14
/private/tmp/metal-ast-watchos-air32/src/cx/threadgroup_tg_struct.metal,14
/private/tmp/metal-ast-watchos-air32/src/cx/type_bool_to_int.metal,14
/private/tmp/metal-ast-watchos-air32/src/cx/type_float2_to_scalar.metal,14
/private/tmp/metal-ast-watchos-air32/src/cx/type_float3_to_scalar.metal,14
/private/tmp/metal-ast-watchos-air32/src/cx/type_float4_to_scalar.metal,14
/private/tmp/metal-ast-watchos-air32/src/cx/type_half2_to_scalar.metal,14
/private/tmp/metal-ast-watchos-air32/src/cx/type_half3_to_scalar.metal,14
/private/tmp/metal-ast-watchos-air32/src/cx/type_half4_to_scalar.metal,14
/private/tmp/metal-ast-watchos-air32/src/cx/type_implicit_bool_to_char.metal,14
/private/tmp/metal-ast-watchos-air32/src/cx/type_implicit_bool_to_float.metal,14
/private/tmp/metal-ast-watchos-air32/src/cx/type_implicit_bool_to_half.metal,14
/private/tmp/metal-ast-watchos-air32/src/cx/type_implicit_bool_to_int.metal,14
/private/tmp/metal-ast-watchos-air32/src/cx/type_implicit_bool_to_short.metal,14
/private/tmp/metal-ast-watchos-air32/src/cx/type_implicit_bool_to_uchar.metal,14
/private/tmp/metal-ast-watchos-air32/src/cx/type_implicit_bool_to_uint.metal,14
/private/tmp/metal-ast-watchos-air32/src/cx/type_implicit_bool_to_ushort.metal,14
/private/tmp/metal-ast-watchos-air32/src/cx/type_implicit_char_to_bool.metal,14
/private/tmp/metal-ast-watchos-air32/src/cx/type_implicit_char_to_float.metal,14
/private/tmp/metal-ast-watchos-air32/src/cx/type_implicit_char_to_half.metal,14
/private/tmp/metal-ast-watchos-air32/src/cx/type_implicit_char_to_int.metal,14
/private/tmp/metal-ast-watchos-air32/src/cx/type_implicit_char_to_short.metal,14
/private/tmp/metal-ast-watchos-air32/src/cx/type_implicit_char_to_uchar.metal,14
/private/tmp/metal-ast-watchos-air32/src/cx/type_implicit_char_to_uint.metal,14
/private/tmp/metal-ast-watchos-air32/src/cx/type_implicit_char_to_ushort.metal,14
/private/tmp/metal-ast-watchos-air32/src/cx/type_implicit_float4_to_float3.metal,14
/private/tmp/metal-ast-watchos-air32/src/cx/type_implicit_float_to_bool.metal,14
/private/tmp/metal-ast-watchos-air32/src/cx/type_implicit_float_to_char.metal,14
/private/tmp/metal-ast-watchos-air32/src/cx/type_implicit_float_to_half.metal,14
/private/tmp/metal-ast-watchos-air32/src/cx/type_implicit_float_to_int.metal,14
/private/tmp/metal-ast-watchos-air32/src/cx/type_implicit_float_to_short.metal,14
/private/tmp/metal-ast-watchos-air32/src/cx/type_implicit_float_to_uchar.metal,14
/private/tmp/metal-ast-watchos-air32/src/cx/type_implicit_float_to_uint.metal,14
/private/tmp/metal-ast-watchos-air32/src/cx/type_implicit_float_to_ushort.metal,14
/private/tmp/metal-ast-watchos-air32/src/cx/type_implicit_half4_to_half3.metal,14
/private/tmp/metal-ast-watchos-air32/src/cx/type_implicit_half_to_bool.metal,14
/private/tmp/metal-ast-watchos-air32/src/cx/type_implicit_half_to_char.metal,14
/private/tmp/metal-ast-watchos-air32/src/cx/type_implicit_half_to_float.metal,14
/private/tmp/metal-ast-watchos-air32/src/cx/type_implicit_half_to_int.metal,14
/private/tmp/metal-ast-watchos-air32/src/cx/type_implicit_half_to_short.metal,14
/private/tmp/metal-ast-watchos-air32/src/cx/type_implicit_half_to_uchar.metal,14
/private/tmp/metal-ast-watchos-air32/src/cx/type_implicit_half_to_uint.metal,14
/private/tmp/metal-ast-watchos-air32/src/cx/type_implicit_half_to_ushort.metal,14
/private/tmp/metal-ast-watchos-air32/src/cx/type_implicit_int4_to_int3.metal,14
/private/tmp/metal-ast-watchos-air32/src/cx/type_implicit_int_to_bool.metal,14
/private/tmp/metal-ast-watchos-air32/src/cx/type_implicit_int_to_char.metal,14
/private/tmp/metal-ast-watchos-air32/src/cx/type_implicit_int_to_float.metal,14
/private/tmp/metal-ast-watchos-air32/src/cx/type_implicit_int_to_half.metal,14
/private/tmp/metal-ast-watchos-air32/src/cx/type_implicit_int_to_short.metal,14
/private/tmp/metal-ast-watchos-air32/src/cx/type_implicit_int_to_uchar.metal,14
/private/tmp/metal-ast-watchos-air32/src/cx/type_implicit_int_to_uint.metal,14
/private/tmp/metal-ast-watchos-air32/src/cx/type_implicit_int_to_ushort.metal,14
/private/tmp/metal-ast-watchos-air32/src/cx/type_implicit_short_to_bool.metal,14
/private/tmp/metal-ast-watchos-air32/src/cx/type_implicit_short_to_char.metal,14
/private/tmp/metal-ast-watchos-air32/src/cx/type_implicit_short_to_float.metal,14
/private/tmp/metal-ast-watchos-air32/src/cx/type_implicit_short_to_half.metal,14
/private/tmp/metal-ast-watchos-air32/src/cx/type_implicit_short_to_int.metal,14
/private/tmp/metal-ast-watchos-air32/src/cx/type_implicit_short_to_uchar.metal,14
/private/tmp/metal-ast-watchos-air32/src/cx/type_implicit_short_to_uint.metal,14
/private/tmp/metal-ast-watchos-air32/src/cx/type_implicit_short_to_ushort.metal,14
/private/tmp/metal-ast-watchos-air32/src/cx/type_implicit_uchar_to_bool.metal,14
/private/tmp/metal-ast-watchos-air32/src/cx/type_implicit_uchar_to_char.metal,14
/private/tmp/metal-ast-watchos-air32/src/cx/type_implicit_uchar_to_float.metal,14
/private/tmp/metal-ast-watchos-air32/src/cx/type_implicit_uchar_to_half.metal,14
/private/tmp/metal-ast-watchos-air32/src/cx/type_implicit_uchar_to_int.metal,14
/private/tmp/metal-ast-watchos-air32/src/cx/type_implicit_uchar_to_short.metal,14
/private/tmp/metal-ast-watchos-air32/src/cx/type_implicit_uchar_to_uint.metal,14
/private/tmp/metal-ast-watchos-air32/src/cx/type_implicit_uchar_to_ushort.metal,14
/private/tmp/metal-ast-watchos-air32/src/cx/type_implicit_uint4_to_uint3.metal,14
/private/tmp/metal-ast-watchos-air32/src/cx/type_implicit_uint_to_bool.metal,14
/private/tmp/metal-ast-watchos-air32/src/cx/type_implicit_uint_to_char.metal,14
/private/tmp/metal-ast-watchos-air32/src/cx/type_implicit_uint_to_float.metal,14
/private/tmp/metal-ast-watchos-air32/src/cx/type_implicit_uint_to_half.metal,14
/private/tmp/metal-ast-watchos-air32/src/cx/type_implicit_uint_to_int.metal,14
/private/tmp/metal-ast-watchos-air32/src/cx/type_implicit_uint_to_short.metal,14
/private/tmp/metal-ast-watchos-air32/src/cx/type_implicit_uint_to_uchar.metal,14
/private/tmp/metal-ast-watchos-air32/src/cx/type_implicit_uint_to_ushort.metal,14
/private/tmp/metal-ast-watchos-air32/src/cx/type_implicit_ushort_to_bool.metal,14
/private/tmp/metal-ast-watchos-air32/src/cx/type_implicit_ushort_to_char.metal,14
/private/tmp/metal-ast-watchos-air32/src/cx/type_implicit_ushort_to_float.metal,14
/private/tmp/metal-ast-watchos-air32/src/cx/type_implicit_ushort_to_half.metal,14
/private/tmp/metal-ast-watchos-air32/src/cx/type_implicit_ushort_to_int.metal,14
/private/tmp/metal-ast-watchos-air32/src/cx/type_implicit_ushort_to_short.metal,14
/private/tmp/metal-ast-watchos-air32/src/cx/type_implicit_ushort_to_uchar.metal,14
/private/tmp/metal-ast-watchos-air32/src/cx/type_implicit_ushort_to_uint.metal,14
/private/tmp/metal-ast-watchos-air32/src/cx/type_int2_to_scalar.metal,14
/private/tmp/metal-ast-watchos-air32/src/cx/type_int3_to_scalar.metal,14
/private/tmp/metal-ast-watchos-air32/src/cx/type_int4_to_scalar.metal,14
/private/tmp/metal-ast-watchos-air32/src/cx/type_int_to_bool.metal,14
/private/tmp/metal-ast-watchos-air32/src/cx/type_nullptr_to_device_ptr.metal,14
/private/tmp/metal-ast-watchos-air32/src/cx/type_nullptr_to_thread_ptr.metal,14
/private/tmp/metal-ast-watchos-air32/src/cx/type_promote_half_float_add.metal,14
/private/tmp/metal-ast-watchos-air32/src/cx/type_promote_int_uint_add.metal,14
/private/tmp/metal-ast-watchos-air32/src/cx/type_scalar_to_float2.metal,14
/private/tmp/metal-ast-watchos-air32/src/cx/type_scalar_to_float3.metal,14
/private/tmp/metal-ast-watchos-air32/src/cx/type_scalar_to_float4.metal,14
/private/tmp/metal-ast-watchos-air32/src/cx/type_scalar_to_half2.metal,14
/private/tmp/metal-ast-watchos-air32/src/cx/type_scalar_to_half3.metal,14
/private/tmp/metal-ast-watchos-air32/src/cx/type_scalar_to_half4.metal,14
/private/tmp/metal-ast-watchos-air32/src/cx/type_scalar_to_int2.metal,14
/private/tmp/metal-ast-watchos-air32/src/cx/type_scalar_to_int3.metal,14
/private/tmp/metal-ast-watchos-air32/src/cx/type_scalar_to_int4.metal,14
/private/tmp/metal-ast-watchos-air32/src/cx/type_scalar_to_uint2.metal,14
/private/tmp/metal-ast-watchos-air32/src/cx/type_scalar_to_uint3.metal,14
/private/tmp/metal-ast-watchos-air32/src/cx/type_scalar_to_uint4.metal,14
/private/tmp/metal-ast-watchos-air32/src/cx/type_template_deduction_min.metal,14
/private/tmp/metal-ast-watchos-air32/src/cx/type_uint2_to_scalar.metal,14
/private/tmp/metal-ast-watchos-air32/src/cx/type_uint3_to_scalar.metal,14
/private/tmp/metal-ast-watchos-air32/src/cx/type_uint4_to_scalar.metal,14
/private/tmp/metal-ast-watchos-air32/src/cx/type_vec_scalar_mul_float2.metal,14
/private/tmp/metal-ast-watchos-air32/src/cx/type_vec_scalar_mul_float3.metal,14
/private/tmp/metal-ast-watchos-air32/src/cx/type_vec_scalar_mul_float4.metal,14
/private/tmp/metal-ast-watchos-air32/src/cx/type_vec_scalar_mul_half2.metal,14
/private/tmp/metal-ast-watchos-air32/src/cx/type_vec_scalar_mul_half3.metal,14
/private/tmp/metal-ast-watchos-air32/src/cx/type_vec_scalar_mul_half4.metal,14
/private/tmp/metal-ast-watchos-air32/src/cx/vis_default.metal,14
/private/tmp/metal-ast-watchos-air32/src/cx/vis_export_name.metal,14
/private/tmp/metal-ast-watchos-air32/src/cx/vis_internal.metal,14
/private/tmp/metal-ast-watchos-air32/src/cx/vis_multiple_visible.metal,14
/private/tmp/metal-ast-watchos-air32/src/cx/vis_template_visible.metal,14
/private/tmp/metal-ast-watchos-air32/src/cx/vis_visible.metal,14
/private/tmp/metal-ast-watchos-air32/src/cx/warn_deprecated.metal,14
/private/tmp/metal-ast-watchos-air32/src/cx/warn_div_zero.metal,14
/private/tmp/metal-ast-watchos-air32/src/cx/warn_empty_body.metal,14
/private/tmp/metal-ast-watchos-air32/src/cx/warn_extra_parens.metal,14
/private/tmp/metal-ast-watchos-air32/src/cx/warn_fallthrough.metal,14
/private/tmp/metal-ast-watchos-air32/src/cx/warn_infinite_loop.metal,14
/private/tmp/metal-ast-watchos-air32/src/cx/warn_missing_braces.metal,14
/private/tmp/metal-ast-watchos-air32/src/cx/warn_narrowing.metal,14
/private/tmp/metal-ast-watchos-air32/src/cx/warn_self_assign.metal,14
/private/tmp/metal-ast-watchos-air32/src/cx/warn_shadow.metal,14
/private/tmp/metal-ast-watchos-air32/src/cx/warn_shift_overflow.metal,14
/private/tmp/metal-ast-watchos-air32/src/cx/warn_sign_compare.metal,14
/private/tmp/metal-ast-watchos-air32/src/cx/warn_unreachable.metal,14
/private/tmp/metal-ast-watchos-air32/src/cx/warn_unused_var.metal,14
/private/tmp/metal-ast-watchos-air32/src/codegen_all.metal,14
/private/tmp/metal-ast-watchos-air64/src/cx/builtin_raytracing.metal,14
/private/tmp/metal-ast-watchos-air64/src/cx/builtin_tex_03.metal,14
/private/tmp/metal-ast-watchos-air64/src/cx/builtin_tex_04.metal,14
/private/tmp/metal-ast-watchos-air64/src/cx/builtin_tex_05.metal,14
/private/tmp/metal-ast-watchos-air64/src/cx/builtin_tex_06.metal,14
/private/tmp/metal-ast-watchos-air64/src/cx/builtin_tex_07.metal,14
/private/tmp/metal-ast-watchos-air64/src/cx/builtin_tex_08.metal,14
/private/tmp/metal-ast-watchos-air64/src/cx/builtin_tex_13.metal,14
/private/tmp/metal-ast-watchos-air64/src/cx/builtin_tex_14.metal,14
/private/tmp/metal-ast-watchos-air64/src/cx/builtin_tex_15.metal,14
/private/tmp/metal-ast-watchos-air64/src/cx/builtin_tex_16.metal,14
/private/tmp/metal-ast-watchos-air64/src/cx/conv_000.metal,14
/private/tmp/metal-ast-watchos-air64/src/cx/conv_001.metal,14
/private/tmp/metal-ast-watchos-air64/src/cx/conv_002.metal,14
/private/tmp/metal-ast-watchos-air64/src/cx/conv_003.metal,14
/private/tmp/metal-ast-watchos-air64/src/cx/conv_004.metal,14
/private/tmp/metal-ast-watchos-air64/src/cx/conv_005.metal,14
/private/tmp/metal-ast-watchos-air64/src/cx/conv_006.metal,14
/private/tmp/metal-ast-watchos-air64/src/cx/conv_007.metal,14
/private/tmp/metal-ast-watchos-air64/src/cx/conv_008.metal,14
/private/tmp/metal-ast-watchos-air64/src/cx/conv_009.metal,14
/private/tmp/metal-ast-watchos-air64/src/cx/conv_010.metal,14
/private/tmp/metal-ast-watchos-air64/src/cx/conv_011.metal,14
/private/tmp/metal-ast-watchos-air64/src/cx/conv_012.metal,14
/private/tmp/metal-ast-watchos-air64/src/cx/conv_013.metal,14
/private/tmp/metal-ast-watchos-air64/src/cx/conv_014.metal,14
/private/tmp/metal-ast-watchos-air64/src/cx/conv_015.metal,14
/private/tmp/metal-ast-watchos-air64/src/cx/conv_016.metal,14
/private/tmp/metal-ast-watchos-air64/src/cx/conv_017.metal,14
/private/tmp/metal-ast-watchos-air64/src/cx/conv_018.metal,14
/private/tmp/metal-ast-watchos-air64/src/cx/conv_019.metal,14
/private/tmp/metal-ast-watchos-air64/src/cx/conv_020.metal,14
/private/tmp/metal-ast-watchos-air64/src/cx/conv_021.metal,14
/private/tmp/metal-ast-watchos-air64/src/cx/conv_022.metal,14
/private/tmp/metal-ast-watchos-air64/src/cx/conv_023.metal,14
/private/tmp/metal-ast-watchos-air64/src/cx/conv_024.metal,14
/private/tmp/metal-ast-watchos-air64/src/cx/conv_025.metal,14
/private/tmp/metal-ast-watchos-air64/src/cx/conv_026.metal,14
/private/tmp/metal-ast-watchos-air64/src/cx/conv_027.metal,14
/private/tmp/metal-ast-watchos-air64/src/cx/conv_028.metal,14
/private/tmp/metal-ast-watchos-air64/src/cx/conv_029.metal,14
/private/tmp/metal-ast-watchos-air64/src/cx/conv_030.metal,14
/private/tmp/metal-ast-watchos-air64/src/cx/conv_031.metal,14
/private/tmp/metal-ast-watchos-air64/src/cx/conv_032.metal,14
/private/tmp/metal-ast-watchos-air64/src/cx/conv_033.metal,14
/private/tmp/metal-ast-watchos-air64/src/cx/conv_034.metal,14
/private/tmp/metal-ast-watchos-air64/src/cx/conv_035.metal,14
/private/tmp/metal-ast-watchos-air64/src/cx/conv_036.metal,14
/private/tmp/metal-ast-watchos-air64/src/cx/conv_037.metal,14
/private/tmp/metal-ast-watchos-air64/src/cx/conv_038.metal,14
/private/tmp/metal-ast-watchos-air64/src/cx/conv_039.metal,14
/private/tmp/metal-ast-watchos-air64/src/cx/conv_040.metal,14
/private/tmp/metal-ast-watchos-air64/src/cx/conv_041.metal,14
/private/tmp/metal-ast-watchos-air64/src/cx/conv_042.metal,14
/private/tmp/metal-ast-watchos-air64/src/cx/conv_043.metal,14
/private/tmp/metal-ast-watchos-air64/src/cx/conv_044.metal,14
/private/tmp/metal-ast-watchos-air64/src/cx/conv_045.metal,14
/private/tmp/metal-ast-watchos-air64/src/cx/conv_046.metal,14
/private/tmp/metal-ast-watchos-air64/src/cx/conv_047.metal,14
/private/tmp/metal-ast-watchos-air64/src/cx/conv_048.metal,14
/private/tmp/metal-ast-watchos-air64/src/cx/conv_049.metal,14
/private/tmp/metal-ast-watchos-air64/src/cx/conv_050.metal,14
/private/tmp/metal-ast-watchos-air64/src/cx/conv_051.metal,14
/private/tmp/metal-ast-watchos-air64/src/cx/conv_052.metal,14
/private/tmp/metal-ast-watchos-air64/src/cx/conv_053.metal,14
/private/tmp/metal-ast-watchos-air64/src/cx/conv_054.metal,14
/private/tmp/metal-ast-watchos-air64/src/cx/conv_055.metal,14
/private/tmp/metal-ast-watchos-air64/src/cx/conv_056.metal,14
/private/tmp/metal-ast-watchos-air64/src/cx/conv_057.metal,14
/private/tmp/metal-ast-watchos-air64/src/cx/conv_058.metal,14
/private/tmp/metal-ast-watchos-air64/src/cx/conv_059.metal,14
/private/tmp/metal-ast-watchos-air64/src/cx/conv_060.metal,14
/private/tmp/metal-ast-watchos-air64/src/cx/conv_061.metal,14
/private/tmp/metal-ast-watchos-air64/src/cx/conv_062.metal,14
/private/tmp/metal-ast-watchos-air64/src/cx/conv_063.metal,14
/private/tmp/metal-ast-watchos-air64/src/cx/conv_064.metal,14
/private/tmp/metal-ast-watchos-air64/src/cx/conv_065.metal,14
/private/tmp/metal-ast-watchos-air64/src/cx/conv_066.metal,14
/private/tmp/metal-ast-watchos-air64/src/cx/conv_067.metal,14
/private/tmp/metal-ast-watchos-air64/src/cx/conv_068.metal,14
/private/tmp/metal-ast-watchos-air64/src/cx/conv_069.metal,14
/private/tmp/metal-ast-watchos-air64/src/cx/conv_070.metal,14
/private/tmp/metal-ast-watchos-air64/src/cx/conv_071.metal,14
/private/tmp/metal-ast-watchos-air64/src/cx/conv_072.metal,14
/private/tmp/metal-ast-watchos-air64/src/cx/conv_073.metal,14
/private/tmp/metal-ast-watchos-air64/src/cx/conv_074.metal,14
/private/tmp/metal-ast-watchos-air64/src/cx/conv_075.metal,14
/private/tmp/metal-ast-watchos-air64/src/cx/conv_076.metal,14
/private/tmp/metal-ast-watchos-air64/src/cx/conv_077.metal,14
/private/tmp/metal-ast-watchos-air64/src/cx/conv_078.metal,14
/private/tmp/metal-ast-watchos-air64/src/cx/conv_079.metal,14
/private/tmp/metal-ast-watchos-air64/src/cx/conv_080.metal,14
/private/tmp/metal-ast-watchos-air64/src/cx/conv_081.metal,14
/private/tmp/metal-ast-watchos-air64/src/cx/conv_082.metal,14
/private/tmp/metal-ast-watchos-air64/src/cx/conv_083.metal,14
/private/tmp/metal-ast-watchos-air64/src/cx/conv_084.metal,14
/private/tmp/metal-ast-watchos-air64/src/cx/conv_085.metal,14
/private/tmp/metal-ast-watchos-air64/src/cx/conv_086.metal,14
/private/tmp/metal-ast-watchos-air64/src/cx/conv_087.metal,14
/private/tmp/metal-ast-watchos-air64/src/cx/conv_088.metal,14
/private/tmp/metal-ast-watchos-air64/src/cx/conv_089.metal,14
/private/tmp/metal-ast-watchos-air64/src/cx/conv_090.metal,14
/private/tmp/metal-ast-watchos-air64/src/cx/conv_091.metal,14
/private/tmp/metal-ast-watchos-air64/src/cx/conv_092.metal,14
/private/tmp/metal-ast-watchos-air64/src/cx/conv_093.metal,14
/private/tmp/metal-ast-watchos-air64/src/cx/conv_094.metal,14
/private/tmp/metal-ast-watchos-air64/src/cx/conv_095.metal,14
/private/tmp/metal-ast-watchos-air64/src/cx/conv_096.metal,14
/private/tmp/metal-ast-watchos-air64/src/cx/conv_097.metal,14
/private/tmp/metal-ast-watchos-air64/src/cx/conv_098.metal,14
/private/tmp/metal-ast-watchos-air64/src/cx/conv_099.metal,14
/private/tmp/metal-ast-watchos-air64/src/cx/conv_100.metal,14
/private/tmp/metal-ast-watchos-air64/src/cx/conv_101.metal,14
/private/tmp/metal-ast-watchos-air64/src/cx/conv_102.metal,14
/private/tmp/metal-ast-watchos-air64/src/cx/conv_103.metal,14
/private/tmp/metal-ast-watchos-air64/src/cx/conv_104.metal,14
/private/tmp/metal-ast-watchos-air64/src/cx/conv_105.metal,14
/private/tmp/metal-ast-watchos-air64/src/cx/conv_106.metal,14
/private/tmp/metal-ast-watchos-air64/src/cx/conv_107.metal,14
/private/tmp/metal-ast-watchos-air64/src/cx/conv_108.metal,14
/private/tmp/metal-ast-watchos-air64/src/cx/conv_109.metal,14
/private/tmp/metal-ast-watchos-air64/src/cx/conv_110.metal,14
/private/tmp/metal-ast-watchos-air64/src/cx/conv_111.metal,14
/private/tmp/metal-ast-watchos-air64/src/cx/conv_112.metal,14
/private/tmp/metal-ast-watchos-air64/src/cx/conv_113.metal,14
/private/tmp/metal-ast-watchos-air64/src/cx/conv_114.metal,14
/private/tmp/metal-ast-watchos-air64/src/cx/conv_115.metal,14
/private/tmp/metal-ast-watchos-air64/src/cx/conv_116.metal,14
/private/tmp/metal-ast-watchos-air64/src/cx/conv_117.metal,14
/private/tmp/metal-ast-watchos-air64/src/cx/conv_118.metal,14
/private/tmp/metal-ast-watchos-air64/src/cx/conv_119.metal,14
/private/tmp/metal-ast-watchos-air64/src/cx/conv_120.metal,14
/private/tmp/metal-ast-watchos-air64/src/cx/conv_121.metal,14
/private/tmp/metal-ast-watchos-air64/src/cx/conv_122.metal,14
/private/tmp/metal-ast-watchos-air64/src/cx/conv_123.metal,14
/private/tmp/metal-ast-watchos-air64/src/cx/conv_124.metal,14
/private/tmp/metal-ast-watchos-air64/src/cx/conv_125.metal,14
/private/tmp/metal-ast-watchos-air64/src/cx/conv_126.metal,14
/private/tmp/metal-ast-watchos-air64/src/cx/conv_127.metal,14
/private/tmp/metal-ast-watchos-air64/src/cx/conv_128.metal,14
/private/tmp/metal-ast-watchos-air64/src/cx/conv_129.metal,14
/private/tmp/metal-ast-watchos-air64/src/cx/conv_130.metal,14
/private/tmp/metal-ast-watchos-air64/src/cx/conv_131.metal,14
/private/tmp/metal-ast-watchos-air64/src/cx/conv_132.metal,14
/private/tmp/metal-ast-watchos-air64/src/cx/conv_133.metal,14
/private/tmp/metal-ast-watchos-air64/src/cx/conv_134.metal,14
/private/tmp/metal-ast-watchos-air64/src/cx/conv_135.metal,14
/private/tmp/metal-ast-watchos-air64/src/cx/conv_136.metal,14
/private/tmp/metal-ast-watchos-air64/src/cx/conv_137.metal,14
/private/tmp/metal-ast-watchos-air64/src/cx/conv_138.metal,14
/private/tmp/metal-ast-watchos-air64/src/cx/conv_139.metal,14
/private/tmp/metal-ast-watchos-air64/src/cx/conv_140.metal,14
/private/tmp/metal-ast-watchos-air64/src/cx/conv_141.metal,14
/private/tmp/metal-ast-watchos-air64/src/cx/conv_142.metal,14
/private/tmp/metal-ast-watchos-air64/src/cx/conv_143.metal,14
/private/tmp/metal-ast-watchos-air64/src/cx/conv_144.metal,14
/private/tmp/metal-ast-watchos-air64/src/cx/conv_145.metal,14
/private/tmp/metal-ast-watchos-air64/src/cx/conv_146.metal,14
/private/tmp/metal-ast-watchos-air64/src/cx/conv_147.metal,14
/private/tmp/metal-ast-watchos-air64/src/cx/conv_148.metal,14
/private/tmp/metal-ast-watchos-air64/src/cx/conv_149.metal,14
/private/tmp/metal-ast-watchos-air64/src/cx/conv_150.metal,14
/private/tmp/metal-ast-watchos-air64/src/cx/conv_151.metal,14
/private/tmp/metal-ast-watchos-air64/src/cx/conv_152.metal,14
/private/tmp/metal-ast-watchos-air64/src/cx/conv_153.metal,14
/private/tmp/metal-ast-watchos-air64/src/cx/conv_154.metal,14
/private/tmp/metal-ast-watchos-air64/src/cx/conv_155.metal,14
/private/tmp/metal-ast-watchos-air64/src/cx/conv_156.metal,14
/private/tmp/metal-ast-watchos-air64/src/cx/conv_157.metal,14
/private/tmp/metal-ast-watchos-air64/src/cx/conv_158.metal,14
/private/tmp/metal-ast-watchos-air64/src/cx/conv_159.metal,14
/private/tmp/metal-ast-watchos-air64/src/cx/conv_160.metal,14
/private/tmp/metal-ast-watchos-air64/src/cx/conv_161.metal,14
/private/tmp/metal-ast-watchos-air64/src/cx/conv_162.metal,14
/private/tmp/metal-ast-watchos-air64/src/cx/conv_163.metal,14
/private/tmp/metal-ast-watchos-air64/src/cx/conv_164.metal,14
/private/tmp/metal-ast-watchos-air64/src/cx/conv_165.metal,14
/private/tmp/metal-ast-watchos-air64/src/cx/conv_166.metal,14
/private/tmp/metal-ast-watchos-air64/src/cx/conv_167.metal,14
/private/tmp/metal-ast-watchos-air64/src/cx/conv_168.metal,14
/private/tmp/metal-ast-watchos-air64/src/cx/conv_169.metal,14
/private/tmp/metal-ast-watchos-air64/src/cx/conv_170.metal,14
/private/tmp/metal-ast-watchos-air64/src/cx/conv_171.metal,14
/private/tmp/metal-ast-watchos-air64/src/cx/conv_172.metal,14
/private/tmp/metal-ast-watchos-air64/src/cx/conv_173.metal,14
/private/tmp/metal-ast-watchos-air64/src/cx/conv_174.metal,14
/private/tmp/metal-ast-watchos-air64/src/cx/conv_175.metal,14
/private/tmp/metal-ast-watchos-air64/src/cx/conv_176.metal,14
/private/tmp/metal-ast-watchos-air64/src/cx/conv_177.metal,14
/private/tmp/metal-ast-watchos-air64/src/cx/conv_178.metal,14
/private/tmp/metal-ast-watchos-air64/src/cx/conv_179.metal,14
/private/tmp/metal-ast-watchos-air64/src/cx/conv_182.metal,14
/private/tmp/metal-ast-watchos-air64/src/cx/conv_183.metal,14
/private/tmp/metal-ast-watchos-air64/src/cx/cxx_003_exception_throw.metal,14
/private/tmp/metal-ast-watchos-air64/src/cx/cxx_011_variadic_template.metal,14
/private/tmp/metal-ast-watchos-air64/src/cx/cxx_012_fold_expression.metal,14
/private/tmp/metal-ast-watchos-air64/src/cx/cxx_013_structured_binding.metal,14
/private/tmp/metal-ast-watchos-air64/src/cx/cxx_014_if_constexpr.metal,14
/private/tmp/metal-ast-watchos-air64/src/cx/cxx_015_namespace_alias.metal,14
/private/tmp/metal-ast-watchos-air64/src/cx/cxx_016_using_declaration.metal,14
/private/tmp/metal-ast-watchos-air64/src/cx/cxx_017_enum_class.metal,14
/private/tmp/metal-ast-watchos-air64/src/cx/cxx_018_bitfield_struct.metal,14
/private/tmp/metal-ast-watchos-air64/src/cx/cxx_020_pointer_arithmetic.metal,14
/private/tmp/metal-ast-watchos-air64/src/cx/cxx_022_member_pointer.metal,14
/private/tmp/metal-ast-watchos-air64/src/cx/cxx_024_sfinae_enable_if.metal,14
/private/tmp/metal-ast-watchos-air64/src/cx/cxx_025_constexpr_function.metal,14
/private/tmp/metal-ast-watchos-air64/src/cx/cxx_026_static_assert_test.metal,14
/private/tmp/metal-ast-watchos-air64/src/cx/cxx_027_operator_overload.metal,14
/private/tmp/metal-ast-watchos-air64/src/cx/cxx_as_type_reinterpret.metal,14
/private/tmp/metal-ast-watchos-air64/src/cx/cxx_auto_decltype.metal,14
/private/tmp/metal-ast-watchos-air64/src/cx/cxx_constexpr_fn.metal,14
/private/tmp/metal-ast-watchos-air64/src/cx/cxx_default_arg.metal,14
/private/tmp/metal-ast-watchos-air64/src/cx/cxx_namespace_using.metal,14
/private/tmp/metal-ast-watchos-air64/src/cx/cxx_operator_overload.metal,14
/private/tmp/metal-ast-watchos-air64/src/cx/cxx_overload_addrspace.metal,14
/private/tmp/metal-ast-watchos-air64/src/cx/cxx_overload_types.metal,14
/private/tmp/metal-ast-watchos-air64/src/cx/cxx_sfinae_enable_if.metal,14
/private/tmp/metal-ast-watchos-air64/src/cx/cxx_template_class_spec.metal,14
/private/tmp/metal-ast-watchos-air64/src/cx/cxx_template_fn_explicit.metal,14
/private/tmp/metal-ast-watchos-air64/src/cx/determ_basic.metal,14
/private/tmp/metal-ast-watchos-air64/src/cx/determ_control_flow.metal,14
/private/tmp/metal-ast-watchos-air64/src/cx/determ_multi_func.metal,14
/private/tmp/metal-ast-watchos-air64/src/cx/determ_template.metal,14
/private/tmp/metal-ast-watchos-air64/src/cx/edge_deep_call.metal,14
/private/tmp/metal-ast-watchos-air64/src/cx/edge_1000_kernels.metal,14
/private/tmp/metal-ast-watchos-air64/src/cx/edge_deep_template.metal,14
/private/tmp/metal-ast-watchos-air64/src/cx/edge_div_zero.metal,14
/private/tmp/metal-ast-watchos-air64/src/cx/edge_empty.metal,14
/private/tmp/metal-ast-watchos-air64/src/cx/edge_infinity.metal,14
/private/tmp/metal-ast-watchos-air64/src/cx/edge_large_array.metal,14
/private/tmp/metal-ast-watchos-air64/src/cx/edge_long_identifier.metal,14
/private/tmp/metal-ast-watchos-air64/src/cx/edge_max_buffers.metal,14
/private/tmp/metal-ast-watchos-air64/src/cx/edge_nan.metal,14
/private/tmp/metal-ast-watchos-air64/src/cx/edge_oob_access.metal,14
/private/tmp/metal-ast-watchos-air64/src/cx/edge_overflow.metal,14
/private/tmp/metal-ast-watchos-air64/src/cx/edge_underflow.metal,14
/private/tmp/metal-ast-watchos-air64/src/cx/edge_uninit_var.metal,14
/private/tmp/metal-ast-watchos-air64/src/cx/err_as_texture_cast.metal,14
/private/tmp/metal-ast-watchos-air64/src/cx/err_attr_frag_int_return.metal,14
/private/tmp/metal-ast-watchos-air64/src/cx/err_cf_recursion.metal,14
/private/tmp/metal-ast-watchos-air64/src/cx/err_tex_depth_gather.metal,14
/private/tmp/metal-ast-watchos-air64/src/cx/err_type_assign_float_to_int.metal,14
/private/tmp/metal-ast-watchos-air64/src/cx/err_type_implicit_narrowing.metal,14
/private/tmp/metal-ast-watchos-air64/src/cx/has_feature_probe.metal,14
/private/tmp/metal-ast-watchos-air64/src/cx/io_vertex_clip_distance.metal,14
/private/tmp/metal-ast-watchos-air64/src/cx/io_vertex_point_size.metal,14
/private/tmp/metal-ast-watchos-air64/src/cx/io_vertex_pos_only.metal,14
/private/tmp/metal-ast-watchos-air64/src/cx/io_vertex_user_locn.metal,14
/private/tmp/metal-ast-watchos-air64/src/cx/multi_entry_2kernels.metal,14
/private/tmp/metal-ast-watchos-air64/src/cx/multi_entry_4kernels.metal,14
/private/tmp/metal-ast-watchos-air64/src/cx/multi_entry_shared_textures.metal,14
/private/tmp/metal-ast-watchos-air64/src/cx/multi_entry_with_helpers.metal,14
/private/tmp/metal-ast-watchos-air64/src/cx/object_payload.metal,14
/private/tmp/metal-ast-watchos-air64/src/cx/repr_bool_scalar.metal,14
/private/tmp/metal-ast-watchos-air64/src/cx/repr_half_arith.metal,14
/private/tmp/metal-ast-watchos-air64/src/cx/repr_long_ulong.metal,14
/private/tmp/metal-ast-watchos-air64/src/cx/res_buffer_constant.metal,14
/private/tmp/metal-ast-watchos-air64/src/cx/res_buffer_device.metal,14
/private/tmp/metal-ast-watchos-air64/src/cx/res_buffer_thread_addrspace.metal,14
/private/tmp/metal-ast-watchos-air64/src/cx/res_index_buffer15.metal,14
/private/tmp/metal-ast-watchos-air64/src/cx/res_index_buffer7.metal,14
/private/tmp/metal-ast-watchos-air64/src/cx/res_threadgroup_alignas.metal,14
/private/tmp/metal-ast-watchos-air64/src/cx/texm_000.metal,14
/private/tmp/metal-ast-watchos-air64/src/cx/texm_001.metal,14
/private/tmp/metal-ast-watchos-air64/src/cx/texm_002.metal,14
/private/tmp/metal-ast-watchos-air64/src/cx/texm_003.metal,14
/private/tmp/metal-ast-watchos-air64/src/cx/texm_004.metal,14
/private/tmp/metal-ast-watchos-air64/src/cx/texm_005.metal,14
/private/tmp/metal-ast-watchos-air64/src/cx/texm_006.metal,14
/private/tmp/metal-ast-watchos-air64/src/cx/texm_007.metal,14
/private/tmp/metal-ast-watchos-air64/src/cx/texm_008.metal,14
/private/tmp/metal-ast-watchos-air64/src/cx/texm_009.metal,14
/private/tmp/metal-ast-watchos-air64/src/cx/texm_010.metal,14
/private/tmp/metal-ast-watchos-air64/src/cx/texm_011.metal,14
/private/tmp/metal-ast-watchos-air64/src/cx/texm_012.metal,14
/private/tmp/metal-ast-watchos-air64/src/cx/texm_013.metal,14
/private/tmp/metal-ast-watchos-air64/src/cx/texm_014.metal,14
/private/tmp/metal-ast-watchos-air64/src/cx/texm_015.metal,14
/private/tmp/metal-ast-watchos-air64/src/cx/texm_016.metal,14
/private/tmp/metal-ast-watchos-air64/src/cx/texm_017.metal,14
/private/tmp/metal-ast-watchos-air64/src/cx/texm_018.metal,14
/private/tmp/metal-ast-watchos-air64/src/cx/texm_019.metal,14
/private/tmp/metal-ast-watchos-air64/src/cx/texm_020.metal,14
/private/tmp/metal-ast-watchos-air64/src/cx/texm_021.metal,14
/private/tmp/metal-ast-watchos-air64/src/cx/texm_022.metal,14
/private/tmp/metal-ast-watchos-air64/src/cx/texm_023.metal,14
/private/tmp/metal-ast-watchos-air64/src/cx/texm_024.metal,14
/private/tmp/metal-ast-watchos-air64/src/cx/texm_025.metal,14
/private/tmp/metal-ast-watchos-air64/src/cx/texm_026.metal,14
/private/tmp/metal-ast-watchos-air64/src/cx/texm_027.metal,14
/private/tmp/metal-ast-watchos-air64/src/cx/texm_028.metal,14
/private/tmp/metal-ast-watchos-air64/src/cx/texm_029.metal,14
/private/tmp/metal-ast-watchos-air64/src/cx/texm_030.metal,14
/private/tmp/metal-ast-watchos-air64/src/cx/texm_031.metal,14
/private/tmp/metal-ast-watchos-air64/src/cx/texm_032.metal,14
/private/tmp/metal-ast-watchos-air64/src/cx/texm_033.metal,14
/private/tmp/metal-ast-watchos-air64/src/cx/texm_034.metal,14
/private/tmp/metal-ast-watchos-air64/src/cx/texm_035.metal,14
/private/tmp/metal-ast-watchos-air64/src/cx/texm_036.metal,14
/private/tmp/metal-ast-watchos-air64/src/cx/texm_037.metal,14
/private/tmp/metal-ast-watchos-air64/src/cx/texm_038.metal,14
/private/tmp/metal-ast-watchos-air64/src/cx/texm_039.metal,14
/private/tmp/metal-ast-watchos-air64/src/cx/texm_048.metal,14
/private/tmp/metal-ast-watchos-air64/src/cx/texm_058.metal,14
/private/tmp/metal-ast-watchos-air64/src/cx/texm_068.metal,14
/private/tmp/metal-ast-watchos-air64/src/cx/texm_078.metal,14
/private/tmp/metal-ast-watchos-air64/src/cx/texm_080.metal,14
/private/tmp/metal-ast-watchos-air64/src/cx/texm_085.metal,14
/private/tmp/metal-ast-watchos-air64/src/cx/texm_086.metal,14
/private/tmp/metal-ast-watchos-air64/src/cx/texm_087.metal,14
/private/tmp/metal-ast-watchos-air64/src/cx/texm_088.metal,14
/private/tmp/metal-ast-watchos-air64/src/cx/texm_093.metal,14
/private/tmp/metal-ast-watchos-air64/src/cx/texm_094.metal,14
/private/tmp/metal-ast-watchos-air64/src/cx/texm_095.metal,14
/private/tmp/metal-ast-watchos-air64/src/cx/texm_096.metal,14
/private/tmp/metal-ast-watchos-air64/src/cx/texm_101.metal,14
/private/tmp/metal-ast-watchos-air64/src/cx/texm_102.metal,14
/private/tmp/metal-ast-watchos-air64/src/cx/texm_103.metal,14
/private/tmp/metal-ast-watchos-air64/src/cx/texm_104.metal,14
/private/tmp/metal-ast-watchos-air64/src/cx/texm_109.metal,14
/private/tmp/metal-ast-watchos-air64/src/cx/texm_110.metal,14
/private/tmp/metal-ast-watchos-air64/src/cx/texm_111.metal,14
/private/tmp/metal-ast-watchos-air64/src/cx/texm_112.metal,14
/private/tmp/metal-ast-watchos-air64/src/cx/texm_113.metal,14
/private/tmp/metal-ast-watchos-air64/src/cx/texm_114.metal,14
/private/tmp/metal-ast-watchos-air64/src/cx/texm_117.metal,14
/private/tmp/metal-ast-watchos-air64/src/cx/texm_118.metal,14
/private/tmp/metal-ast-watchos-air64/src/cx/texm_119.metal,14
/private/tmp/metal-ast-watchos-air64/src/cx/texm_120.metal,14
/private/tmp/metal-ast-watchos-air64/src/cx/texm_121.metal,14
/private/tmp/metal-ast-watchos-air64/src/cx/texm_122.metal,14
/private/tmp/metal-ast-watchos-air64/src/cx/texm_125.metal,14
/private/tmp/metal-ast-watchos-air64/src/cx/texm_126.metal,14
/private/tmp/metal-ast-watchos-air64/src/cx/texm_127.metal,14
/private/tmp/metal-ast-watchos-air64/src/cx/texm_128.metal,14
/private/tmp/metal-ast-watchos-air64/src/cx/texm_129.metal,14
/private/tmp/metal-ast-watchos-air64/src/cx/texm_130.metal,14
/private/tmp/metal-ast-watchos-air64/src/cx/texm_133.metal,14
/private/tmp/metal-ast-watchos-air64/src/cx/texm_134.metal,14
/private/tmp/metal-ast-watchos-air64/src/cx/texm_135.metal,14
/private/tmp/metal-ast-watchos-air64/src/cx/texm_136.metal,14
/private/tmp/metal-ast-watchos-air64/src/cx/texm_137.metal,14
/private/tmp/metal-ast-watchos-air64/src/cx/texm_138.metal,14
/private/tmp/metal-ast-watchos-air64/src/cx/texm_141.metal,14
/private/tmp/metal-ast-watchos-air64/src/cx/texm_142.metal,14
/private/tmp/metal-ast-watchos-air64/src/cx/texm_143.metal,14
/private/tmp/metal-ast-watchos-air64/src/cx/texm_144.metal,14
/private/tmp/metal-ast-watchos-air64/src/cx/texm_145.metal,14
/private/tmp/metal-ast-watchos-air64/src/cx/texm_146.metal,14
/private/tmp/metal-ast-watchos-air64/src/cx/texm_151.metal,14
/private/tmp/metal-ast-watchos-air64/src/cx/texm_152.metal,14
/private/tmp/metal-ast-watchos-air64/src/cx/texm_153.metal,14
/private/tmp/metal-ast-watchos-air64/src/cx/texm_158.metal,14
/private/tmp/metal-ast-watchos-air64/src/cx/texm_159.metal,14
/private/tmp/metal-ast-watchos-air64/src/cx/texm_160.metal,14
/private/tmp/metal-ast-watchos-air64/src/cx/texm_165.metal,14
/private/tmp/metal-ast-watchos-air64/src/cx/texm_166.metal,14
/private/tmp/metal-ast-watchos-air64/src/cx/texm_167.metal,14
/private/tmp/metal-ast-watchos-air64/src/cx/texq_172.metal,14
/private/tmp/metal-ast-watchos-air64/src/cx/texq_173.metal,14
/private/tmp/metal-ast-watchos-air64/src/cx/texq_174.metal,14
/private/tmp/metal-ast-watchos-air64/src/cx/texq_175.metal,14
/private/tmp/metal-ast-watchos-air64/src/cx/texq_176.metal,14
/private/tmp/metal-ast-watchos-air64/src/cx/texq_177.metal,14
/private/tmp/metal-ast-watchos-air64/src/cx/texq_178.metal,14
/private/tmp/metal-ast-watchos-air64/src/cx/texq_179.metal,14
/private/tmp/metal-ast-watchos-air64/src/cx/texq_181.metal,14
/private/tmp/metal-ast-watchos-air64/src/cx/texq_182.metal,14
/private/tmp/metal-ast-watchos-air64/src/cx/texq_183.metal,14
/private/tmp/metal-ast-watchos-air64/src/cx/texq_184.metal,14
/private/tmp/metal-ast-watchos-air64/src/cx/texq_185.metal,14
/private/tmp/metal-ast-watchos-air64/src/cx/texq_186.metal,14
/private/tmp/metal-ast-watchos-air64/src/cx/texq_187.metal,14
/private/tmp/metal-ast-watchos-air64/src/cx/texq_188.metal,14
/private/tmp/metal-ast-watchos-air64/src/cx/threadgroup_tg_alignas.metal,14
/private/tmp/metal-ast-watchos-air64/src/cx/threadgroup_tg_array_large.metal,14
/private/tmp/metal-ast-watchos-air64/src/cx/threadgroup_tg_array_small.metal,14
/private/tmp/metal-ast-watchos-air64/src/cx/threadgroup_tg_atomic.metal,14
/private/tmp/metal-ast-watchos-air64/src/cx/threadgroup_tg_dynamic_index.metal,14
/private/tmp/metal-ast-watchos-air64/src/cx/threadgroup_tg_multiple_arrays.metal,14
/private/tmp/metal-ast-watchos-air64/src/cx/threadgroup_tg_prefix_sum.metal,14
/private/tmp/metal-ast-watchos-air64/src/cx/threadgroup_tg_scalar.metal,14
/private/tmp/metal-ast-watchos-air64/src/cx/threadgroup_tg_struct.metal,14
/private/tmp/metal-ast-watchos-air64/src/cx/type_bool_to_int.metal,14
/private/tmp/metal-ast-watchos-air64/src/cx/type_float2_to_scalar.metal,14
/private/tmp/metal-ast-watchos-air64/src/cx/type_float3_to_scalar.metal,14
/private/tmp/metal-ast-watchos-air64/src/cx/type_float4_to_scalar.metal,14
/private/tmp/metal-ast-watchos-air64/src/cx/type_half2_to_scalar.metal,14
/private/tmp/metal-ast-watchos-air64/src/cx/type_half3_to_scalar.metal,14
/private/tmp/metal-ast-watchos-air64/src/cx/type_half4_to_scalar.metal,14
/private/tmp/metal-ast-watchos-air64/src/cx/type_implicit_bool_to_char.metal,14
/private/tmp/metal-ast-watchos-air64/src/cx/type_implicit_bool_to_float.metal,14
/private/tmp/metal-ast-watchos-air64/src/cx/type_implicit_bool_to_half.metal,14
/private/tmp/metal-ast-watchos-air64/src/cx/type_implicit_bool_to_int.metal,14
/private/tmp/metal-ast-watchos-air64/src/cx/type_implicit_bool_to_short.metal,14
/private/tmp/metal-ast-watchos-air64/src/cx/type_implicit_bool_to_uchar.metal,14
/private/tmp/metal-ast-watchos-air64/src/cx/type_implicit_bool_to_uint.metal,14
/private/tmp/metal-ast-watchos-air64/src/cx/type_implicit_bool_to_ushort.metal,14
/private/tmp/metal-ast-watchos-air64/src/cx/type_implicit_char_to_bool.metal,14
/private/tmp/metal-ast-watchos-air64/src/cx/type_implicit_char_to_float.metal,14
/private/tmp/metal-ast-watchos-air64/src/cx/type_implicit_char_to_half.metal,14
/private/tmp/metal-ast-watchos-air64/src/cx/type_implicit_char_to_int.metal,14
/private/tmp/metal-ast-watchos-air64/src/cx/type_implicit_char_to_short.metal,14
/private/tmp/metal-ast-watchos-air64/src/cx/type_implicit_char_to_uchar.metal,14
/private/tmp/metal-ast-watchos-air64/src/cx/type_implicit_char_to_uint.metal,14
/private/tmp/metal-ast-watchos-air64/src/cx/type_implicit_char_to_ushort.metal,14
/private/tmp/metal-ast-watchos-air64/src/cx/type_implicit_float4_to_float3.metal,14
/private/tmp/metal-ast-watchos-air64/src/cx/type_implicit_float_to_bool.metal,14
/private/tmp/metal-ast-watchos-air64/src/cx/type_implicit_float_to_char.metal,14
/private/tmp/metal-ast-watchos-air64/src/cx/type_implicit_float_to_half.metal,14
/private/tmp/metal-ast-watchos-air64/src/cx/type_implicit_float_to_int.metal,14
/private/tmp/metal-ast-watchos-air64/src/cx/type_implicit_float_to_short.metal,14
/private/tmp/metal-ast-watchos-air64/src/cx/type_implicit_float_to_uchar.metal,14
/private/tmp/metal-ast-watchos-air64/src/cx/type_implicit_float_to_uint.metal,14
/private/tmp/metal-ast-watchos-air64/src/cx/type_implicit_float_to_ushort.metal,14
/private/tmp/metal-ast-watchos-air64/src/cx/type_implicit_half4_to_half3.metal,14
/private/tmp/metal-ast-watchos-air64/src/cx/type_implicit_half_to_bool.metal,14
/private/tmp/metal-ast-watchos-air64/src/cx/type_implicit_half_to_char.metal,14
/private/tmp/metal-ast-watchos-air64/src/cx/type_implicit_half_to_float.metal,14
/private/tmp/metal-ast-watchos-air64/src/cx/type_implicit_half_to_int.metal,14
/private/tmp/metal-ast-watchos-air64/src/cx/type_implicit_half_to_short.metal,14
/private/tmp/metal-ast-watchos-air64/src/cx/type_implicit_half_to_uchar.metal,14
/private/tmp/metal-ast-watchos-air64/src/cx/type_implicit_half_to_uint.metal,14
/private/tmp/metal-ast-watchos-air64/src/cx/type_implicit_half_to_ushort.metal,14
/private/tmp/metal-ast-watchos-air64/src/cx/type_implicit_int4_to_int3.metal,14
/private/tmp/metal-ast-watchos-air64/src/cx/type_implicit_int_to_bool.metal,14
/private/tmp/metal-ast-watchos-air64/src/cx/type_implicit_int_to_char.metal,14
/private/tmp/metal-ast-watchos-air64/src/cx/type_implicit_int_to_float.metal,14
/private/tmp/metal-ast-watchos-air64/src/cx/type_implicit_int_to_half.metal,14
/private/tmp/metal-ast-watchos-air64/src/cx/type_implicit_int_to_short.metal,14
/private/tmp/metal-ast-watchos-air64/src/cx/type_implicit_int_to_uchar.metal,14
/private/tmp/metal-ast-watchos-air64/src/cx/type_implicit_int_to_uint.metal,14
/private/tmp/metal-ast-watchos-air64/src/cx/type_implicit_int_to_ushort.metal,14
/private/tmp/metal-ast-watchos-air64/src/cx/type_implicit_short_to_bool.metal,14
/private/tmp/metal-ast-watchos-air64/src/cx/type_implicit_short_to_char.metal,14
/private/tmp/metal-ast-watchos-air64/src/cx/type_implicit_short_to_float.metal,14
/private/tmp/metal-ast-watchos-air64/src/cx/type_implicit_short_to_half.metal,14
/private/tmp/metal-ast-watchos-air64/src/cx/type_implicit_short_to_int.metal,14
/private/tmp/metal-ast-watchos-air64/src/cx/type_implicit_short_to_uchar.metal,14
/private/tmp/metal-ast-watchos-air64/src/cx/type_implicit_short_to_uint.metal,14
/private/tmp/metal-ast-watchos-air64/src/cx/type_implicit_short_to_ushort.metal,14
/private/tmp/metal-ast-watchos-air64/src/cx/type_implicit_uchar_to_bool.metal,14
/private/tmp/metal-ast-watchos-air64/src/cx/type_implicit_uchar_to_char.metal,14
/private/tmp/metal-ast-watchos-air64/src/cx/type_implicit_uchar_to_float.metal,14
/private/tmp/metal-ast-watchos-air64/src/cx/type_implicit_uchar_to_half.metal,14
/private/tmp/metal-ast-watchos-air64/src/cx/type_implicit_uchar_to_int.metal,14
/private/tmp/metal-ast-watchos-air64/src/cx/type_implicit_uchar_to_short.metal,14
/private/tmp/metal-ast-watchos-air64/src/cx/type_implicit_uchar_to_uint.metal,14
/private/tmp/metal-ast-watchos-air64/src/cx/type_implicit_uchar_to_ushort.metal,14
/private/tmp/metal-ast-watchos-air64/src/cx/type_implicit_uint4_to_uint3.metal,14
/private/tmp/metal-ast-watchos-air64/src/cx/type_implicit_uint_to_bool.metal,14
/private/tmp/metal-ast-watchos-air64/src/cx/type_implicit_uint_to_char.metal,14
/private/tmp/metal-ast-watchos-air64/src/cx/type_implicit_uint_to_float.metal,14
/private/tmp/metal-ast-watchos-air64/src/cx/type_implicit_uint_to_half.metal,14
/private/tmp/metal-ast-watchos-air64/src/cx/type_implicit_uint_to_int.metal,14
/private/tmp/metal-ast-watchos-air64/src/cx/type_implicit_uint_to_short.metal,14
/private/tmp/metal-ast-watchos-air64/src/cx/type_implicit_uint_to_uchar.metal,14
/private/tmp/metal-ast-watchos-air64/src/cx/type_implicit_uint_to_ushort.metal,14
/private/tmp/metal-ast-watchos-air64/src/cx/type_implicit_ushort_to_bool.metal,14
/private/tmp/metal-ast-watchos-air64/src/cx/type_implicit_ushort_to_char.metal,14
/private/tmp/metal-ast-watchos-air64/src/cx/type_implicit_ushort_to_float.metal,14
/private/tmp/metal-ast-watchos-air64/src/cx/type_implicit_ushort_to_half.metal,14
/private/tmp/metal-ast-watchos-air64/src/cx/type_implicit_ushort_to_int.metal,14
/private/tmp/metal-ast-watchos-air64/src/cx/type_implicit_ushort_to_short.metal,14
/private/tmp/metal-ast-watchos-air64/src/cx/type_implicit_ushort_to_uchar.metal,14
/private/tmp/metal-ast-watchos-air64/src/cx/type_implicit_ushort_to_uint.metal,14
/private/tmp/metal-ast-watchos-air64/src/cx/type_int2_to_scalar.metal,14
/private/tmp/metal-ast-watchos-air64/src/cx/type_int3_to_scalar.metal,14
/private/tmp/metal-ast-watchos-air64/src/cx/type_int4_to_scalar.metal,14
/private/tmp/metal-ast-watchos-air64/src/cx/type_int_to_bool.metal,14
/private/tmp/metal-ast-watchos-air64/src/cx/type_nullptr_to_device_ptr.metal,14
/private/tmp/metal-ast-watchos-air64/src/cx/type_nullptr_to_thread_ptr.metal,14
/private/tmp/metal-ast-watchos-air64/src/cx/type_promote_half_float_add.metal,14
/private/tmp/metal-ast-watchos-air64/src/cx/type_promote_int_uint_add.metal,14
/private/tmp/metal-ast-watchos-air64/src/cx/type_scalar_to_float2.metal,14
/private/tmp/metal-ast-watchos-air64/src/cx/type_scalar_to_float3.metal,14
/private/tmp/metal-ast-watchos-air64/src/cx/type_scalar_to_float4.metal,14
/private/tmp/metal-ast-watchos-air64/src/cx/type_scalar_to_half2.metal,14
/private/tmp/metal-ast-watchos-air64/src/cx/type_scalar_to_half3.metal,14
/private/tmp/metal-ast-watchos-air64/src/cx/type_scalar_to_half4.metal,14
/private/tmp/metal-ast-watchos-air64/src/cx/type_scalar_to_int2.metal,14
/private/tmp/metal-ast-watchos-air64/src/cx/type_scalar_to_int3.metal,14
/private/tmp/metal-ast-watchos-air64/src/cx/type_scalar_to_int4.metal,14
/private/tmp/metal-ast-watchos-air64/src/cx/type_scalar_to_uint2.metal,14
/private/tmp/metal-ast-watchos-air64/src/cx/type_scalar_to_uint3.metal,14
/private/tmp/metal-ast-watchos-air64/src/cx/type_scalar_to_uint4.metal,14
/private/tmp/metal-ast-watchos-air64/src/cx/type_template_deduction_min.metal,14
/private/tmp/metal-ast-watchos-air64/src/cx/type_uint2_to_scalar.metal,14
/private/tmp/metal-ast-watchos-air64/src/cx/type_uint3_to_scalar.metal,14
/private/tmp/metal-ast-watchos-air64/src/cx/type_uint4_to_scalar.metal,14
/private/tmp/metal-ast-watchos-air64/src/cx/type_vec_scalar_mul_float2.metal,14
/private/tmp/metal-ast-watchos-air64/src/cx/type_vec_scalar_mul_float3.metal,14
/private/tmp/metal-ast-watchos-air64/src/cx/type_vec_scalar_mul_float4.metal,14
/private/tmp/metal-ast-watchos-air64/src/cx/type_vec_scalar_mul_half2.metal,14
/private/tmp/metal-ast-watchos-air64/src/cx/type_vec_scalar_mul_half3.metal,14
/private/tmp/metal-ast-watchos-air64/src/cx/type_vec_scalar_mul_half4.metal,14
/private/tmp/metal-ast-watchos-air64/src/cx/vis_default.metal,14
/private/tmp/metal-ast-watchos-air64/src/cx/vis_export_name.metal,14
/private/tmp/metal-ast-watchos-air64/src/cx/vis_internal.metal,14
/private/tmp/metal-ast-watchos-air64/src/cx/vis_multiple_visible.metal,14
/private/tmp/metal-ast-watchos-air64/src/cx/vis_template_visible.metal,14
/private/tmp/metal-ast-watchos-air64/src/cx/vis_visible.metal,14
/private/tmp/metal-ast-watchos-air64/src/cx/warn_deprecated.metal,14
/private/tmp/metal-ast-watchos-air64/src/cx/warn_div_zero.metal,14
/private/tmp/metal-ast-watchos-air64/src/cx/warn_empty_body.metal,14
/private/tmp/metal-ast-watchos-air64/src/cx/warn_extra_parens.metal,14
/private/tmp/metal-ast-watchos-air64/src/cx/warn_fallthrough.metal,14
/private/tmp/metal-ast-watchos-air64/src/cx/warn_infinite_loop.metal,14
/private/tmp/metal-ast-watchos-air64/src/cx/warn_missing_braces.metal,14
/private/tmp/metal-ast-watchos-air64/src/cx/warn_narrowing.metal,14
/private/tmp/metal-ast-watchos-air64/src/cx/warn_self_assign.metal,14
/private/tmp/metal-ast-watchos-air64/src/cx/warn_shadow.metal,14
/private/tmp/metal-ast-watchos-air64/src/cx/warn_shift_overflow.metal,14
/private/tmp/metal-ast-watchos-air64/src/cx/warn_sign_compare.metal,14
/private/tmp/metal-ast-watchos-air64/src/cx/warn_unreachable.metal,14
/private/tmp/metal-ast-watchos-air64/src/cx/warn_unused_var.metal,14
/private/tmp/metal-ast-watchos-air64/src/codegen_all.metal,14
/private/tmp/metal-ast-watchos-sim-air32/src/cx/builtin_raytracing.metal,14
/private/tmp/metal-ast-watchos-sim-air32/src/cx/builtin_tex_03.metal,14
/private/tmp/metal-ast-watchos-sim-air32/src/cx/builtin_tex_04.metal,14
/private/tmp/metal-ast-watchos-sim-air32/src/cx/builtin_tex_05.metal,14
/private/tmp/metal-ast-watchos-sim-air32/src/cx/builtin_tex_06.metal,14
/private/tmp/metal-ast-watchos-sim-air32/src/cx/builtin_tex_07.metal,14
/private/tmp/metal-ast-watchos-sim-air32/src/cx/builtin_tex_08.metal,14
/private/tmp/metal-ast-watchos-sim-air32/src/cx/builtin_tex_13.metal,14
/private/tmp/metal-ast-watchos-sim-air32/src/cx/builtin_tex_14.metal,14
/private/tmp/metal-ast-watchos-sim-air32/src/cx/builtin_tex_15.metal,14
/private/tmp/metal-ast-watchos-sim-air32/src/cx/builtin_tex_16.metal,14
/private/tmp/metal-ast-watchos-sim-air32/src/cx/conv_000.metal,14
/private/tmp/metal-ast-watchos-sim-air32/src/cx/conv_001.metal,14
/private/tmp/metal-ast-watchos-sim-air32/src/cx/conv_002.metal,14
/private/tmp/metal-ast-watchos-sim-air32/src/cx/conv_003.metal,14
/private/tmp/metal-ast-watchos-sim-air32/src/cx/conv_004.metal,14
/private/tmp/metal-ast-watchos-sim-air32/src/cx/conv_005.metal,14
/private/tmp/metal-ast-watchos-sim-air32/src/cx/conv_006.metal,14
/private/tmp/metal-ast-watchos-sim-air32/src/cx/conv_007.metal,14
/private/tmp/metal-ast-watchos-sim-air32/src/cx/conv_008.metal,14
/private/tmp/metal-ast-watchos-sim-air32/src/cx/conv_009.metal,14
/private/tmp/metal-ast-watchos-sim-air32/src/cx/conv_010.metal,14
/private/tmp/metal-ast-watchos-sim-air32/src/cx/conv_011.metal,14
/private/tmp/metal-ast-watchos-sim-air32/src/cx/conv_012.metal,14
/private/tmp/metal-ast-watchos-sim-air32/src/cx/conv_013.metal,14
/private/tmp/metal-ast-watchos-sim-air32/src/cx/conv_014.metal,14
/private/tmp/metal-ast-watchos-sim-air32/src/cx/conv_015.metal,14
/private/tmp/metal-ast-watchos-sim-air32/src/cx/conv_016.metal,14
/private/tmp/metal-ast-watchos-sim-air32/src/cx/conv_017.metal,14
/private/tmp/metal-ast-watchos-sim-air32/src/cx/conv_018.metal,14
/private/tmp/metal-ast-watchos-sim-air32/src/cx/conv_019.metal,14
/private/tmp/metal-ast-watchos-sim-air32/src/cx/conv_020.metal,14
/private/tmp/metal-ast-watchos-sim-air32/src/cx/conv_021.metal,14
/private/tmp/metal-ast-watchos-sim-air32/src/cx/conv_022.metal,14
/private/tmp/metal-ast-watchos-sim-air32/src/cx/conv_023.metal,14
/private/tmp/metal-ast-watchos-sim-air32/src/cx/conv_024.metal,14
/private/tmp/metal-ast-watchos-sim-air32/src/cx/conv_025.metal,14
/private/tmp/metal-ast-watchos-sim-air32/src/cx/conv_026.metal,14
/private/tmp/metal-ast-watchos-sim-air32/src/cx/conv_027.metal,14
/private/tmp/metal-ast-watchos-sim-air32/src/cx/conv_028.metal,14
/private/tmp/metal-ast-watchos-sim-air32/src/cx/conv_029.metal,14
/private/tmp/metal-ast-watchos-sim-air32/src/cx/conv_030.metal,14
/private/tmp/metal-ast-watchos-sim-air32/src/cx/conv_031.metal,14
/private/tmp/metal-ast-watchos-sim-air32/src/cx/conv_032.metal,14
/private/tmp/metal-ast-watchos-sim-air32/src/cx/conv_033.metal,14
/private/tmp/metal-ast-watchos-sim-air32/src/cx/conv_034.metal,14
/private/tmp/metal-ast-watchos-sim-air32/src/cx/conv_035.metal,14
/private/tmp/metal-ast-watchos-sim-air32/src/cx/conv_036.metal,14
/private/tmp/metal-ast-watchos-sim-air32/src/cx/conv_037.metal,14
/private/tmp/metal-ast-watchos-sim-air32/src/cx/conv_038.metal,14
/private/tmp/metal-ast-watchos-sim-air32/src/cx/conv_039.metal,14
/private/tmp/metal-ast-watchos-sim-air32/src/cx/conv_040.metal,14
/private/tmp/metal-ast-watchos-sim-air32/src/cx/conv_041.metal,14
/private/tmp/metal-ast-watchos-sim-air32/src/cx/conv_042.metal,14
/private/tmp/metal-ast-watchos-sim-air32/src/cx/conv_043.metal,14
/private/tmp/metal-ast-watchos-sim-air32/src/cx/conv_044.metal,14
/private/tmp/metal-ast-watchos-sim-air32/src/cx/conv_045.metal,14
/private/tmp/metal-ast-watchos-sim-air32/src/cx/conv_046.metal,14
/private/tmp/metal-ast-watchos-sim-air32/src/cx/conv_047.metal,14
/private/tmp/metal-ast-watchos-sim-air32/src/cx/conv_048.metal,14
/private/tmp/metal-ast-watchos-sim-air32/src/cx/conv_049.metal,14
/private/tmp/metal-ast-watchos-sim-air32/src/cx/conv_050.metal,14
/private/tmp/metal-ast-watchos-sim-air32/src/cx/conv_051.metal,14
/private/tmp/metal-ast-watchos-sim-air32/src/cx/conv_052.metal,14
/private/tmp/metal-ast-watchos-sim-air32/src/cx/conv_053.metal,14
/private/tmp/metal-ast-watchos-sim-air32/src/cx/conv_054.metal,14
/private/tmp/metal-ast-watchos-sim-air32/src/cx/conv_055.metal,14
/private/tmp/metal-ast-watchos-sim-air32/src/cx/conv_056.metal,14
/private/tmp/metal-ast-watchos-sim-air32/src/cx/conv_057.metal,14
/private/tmp/metal-ast-watchos-sim-air32/src/cx/conv_058.metal,14
/private/tmp/metal-ast-watchos-sim-air32/src/cx/conv_059.metal,14
/private/tmp/metal-ast-watchos-sim-air32/src/cx/conv_060.metal,14
/private/tmp/metal-ast-watchos-sim-air32/src/cx/conv_061.metal,14
/private/tmp/metal-ast-watchos-sim-air32/src/cx/conv_062.metal,14
/private/tmp/metal-ast-watchos-sim-air32/src/cx/conv_063.metal,14
/private/tmp/metal-ast-watchos-sim-air32/src/cx/conv_064.metal,14
/private/tmp/metal-ast-watchos-sim-air32/src/cx/conv_065.metal,14
/private/tmp/metal-ast-watchos-sim-air32/src/cx/conv_066.metal,14
/private/tmp/metal-ast-watchos-sim-air32/src/cx/conv_067.metal,14
/private/tmp/metal-ast-watchos-sim-air32/src/cx/conv_068.metal,14
/private/tmp/metal-ast-watchos-sim-air32/src/cx/conv_069.metal,14
/private/tmp/metal-ast-watchos-sim-air32/src/cx/conv_070.metal,14
/private/tmp/metal-ast-watchos-sim-air32/src/cx/conv_071.metal,14
/private/tmp/metal-ast-watchos-sim-air32/src/cx/conv_072.metal,14
/private/tmp/metal-ast-watchos-sim-air32/src/cx/conv_073.metal,14
/private/tmp/metal-ast-watchos-sim-air32/src/cx/conv_074.metal,14
/private/tmp/metal-ast-watchos-sim-air32/src/cx/conv_075.metal,14
/private/tmp/metal-ast-watchos-sim-air32/src/cx/conv_076.metal,14
/private/tmp/metal-ast-watchos-sim-air32/src/cx/conv_077.metal,14
/private/tmp/metal-ast-watchos-sim-air32/src/cx/conv_078.metal,14
/private/tmp/metal-ast-watchos-sim-air32/src/cx/conv_079.metal,14
/private/tmp/metal-ast-watchos-sim-air32/src/cx/conv_080.metal,14
/private/tmp/metal-ast-watchos-sim-air32/src/cx/conv_081.metal,14
/private/tmp/metal-ast-watchos-sim-air32/src/cx/conv_082.metal,14
/private/tmp/metal-ast-watchos-sim-air32/src/cx/conv_083.metal,14
/private/tmp/metal-ast-watchos-sim-air32/src/cx/conv_084.metal,14
/private/tmp/metal-ast-watchos-sim-air32/src/cx/conv_085.metal,14
/private/tmp/metal-ast-watchos-sim-air32/src/cx/conv_086.metal,14
/private/tmp/metal-ast-watchos-sim-air32/src/cx/conv_087.metal,14
/private/tmp/metal-ast-watchos-sim-air32/src/cx/conv_088.metal,14
/private/tmp/metal-ast-watchos-sim-air32/src/cx/conv_089.metal,14
/private/tmp/metal-ast-watchos-sim-air32/src/cx/conv_090.metal,14
/private/tmp/metal-ast-watchos-sim-air32/src/cx/conv_091.metal,14
/private/tmp/metal-ast-watchos-sim-air32/src/cx/conv_092.metal,14
/private/tmp/metal-ast-watchos-sim-air32/src/cx/conv_093.metal,14
/private/tmp/metal-ast-watchos-sim-air32/src/cx/conv_094.metal,14
/private/tmp/metal-ast-watchos-sim-air32/src/cx/conv_095.metal,14
/private/tmp/metal-ast-watchos-sim-air32/src/cx/conv_096.metal,14
/private/tmp/metal-ast-watchos-sim-air32/src/cx/conv_097.metal,14
/private/tmp/metal-ast-watchos-sim-air32/src/cx/conv_098.metal,14
/private/tmp/metal-ast-watchos-sim-air32/src/cx/conv_099.metal,14
/private/tmp/metal-ast-watchos-sim-air32/src/cx/conv_100.metal,14
/private/tmp/metal-ast-watchos-sim-air32/src/cx/conv_101.metal,14
/private/tmp/metal-ast-watchos-sim-air32/src/cx/conv_102.metal,14
/private/tmp/metal-ast-watchos-sim-air32/src/cx/conv_103.metal,14
/private/tmp/metal-ast-watchos-sim-air32/src/cx/conv_104.metal,14
/private/tmp/metal-ast-watchos-sim-air32/src/cx/conv_105.metal,14
/private/tmp/metal-ast-watchos-sim-air32/src/cx/conv_106.metal,14
/private/tmp/metal-ast-watchos-sim-air32/src/cx/conv_107.metal,14
/private/tmp/metal-ast-watchos-sim-air32/src/cx/conv_108.metal,14
/private/tmp/metal-ast-watchos-sim-air32/src/cx/conv_109.metal,14
/private/tmp/metal-ast-watchos-sim-air32/src/cx/conv_110.metal,14
/private/tmp/metal-ast-watchos-sim-air32/src/cx/conv_111.metal,14
/private/tmp/metal-ast-watchos-sim-air32/src/cx/conv_112.metal,14
/private/tmp/metal-ast-watchos-sim-air32/src/cx/conv_113.metal,14
/private/tmp/metal-ast-watchos-sim-air32/src/cx/conv_114.metal,14
/private/tmp/metal-ast-watchos-sim-air32/src/cx/conv_115.metal,14
/private/tmp/metal-ast-watchos-sim-air32/src/cx/conv_116.metal,14
/private/tmp/metal-ast-watchos-sim-air32/src/cx/conv_117.metal,14
/private/tmp/metal-ast-watchos-sim-air32/src/cx/conv_118.metal,14
/private/tmp/metal-ast-watchos-sim-air32/src/cx/conv_119.metal,14
/private/tmp/metal-ast-watchos-sim-air32/src/cx/conv_120.metal,14
/private/tmp/metal-ast-watchos-sim-air32/src/cx/conv_121.metal,14
/private/tmp/metal-ast-watchos-sim-air32/src/cx/conv_122.metal,14
/private/tmp/metal-ast-watchos-sim-air32/src/cx/conv_123.metal,14
/private/tmp/metal-ast-watchos-sim-air32/src/cx/conv_124.metal,14
/private/tmp/metal-ast-watchos-sim-air32/src/cx/conv_125.metal,14
/private/tmp/metal-ast-watchos-sim-air32/src/cx/conv_126.metal,14
/private/tmp/metal-ast-watchos-sim-air32/src/cx/conv_127.metal,14
/private/tmp/metal-ast-watchos-sim-air32/src/cx/conv_128.metal,14
/private/tmp/metal-ast-watchos-sim-air32/src/cx/conv_129.metal,14
/private/tmp/metal-ast-watchos-sim-air32/src/cx/conv_130.metal,14
/private/tmp/metal-ast-watchos-sim-air32/src/cx/conv_131.metal,14
/private/tmp/metal-ast-watchos-sim-air32/src/cx/conv_132.metal,14
/private/tmp/metal-ast-watchos-sim-air32/src/cx/conv_133.metal,14
/private/tmp/metal-ast-watchos-sim-air32/src/cx/conv_134.metal,14
/private/tmp/metal-ast-watchos-sim-air32/src/cx/conv_135.metal,14
/private/tmp/metal-ast-watchos-sim-air32/src/cx/conv_136.metal,14
/private/tmp/metal-ast-watchos-sim-air32/src/cx/conv_137.metal,14
/private/tmp/metal-ast-watchos-sim-air32/src/cx/conv_138.metal,14
/private/tmp/metal-ast-watchos-sim-air32/src/cx/conv_139.metal,14
/private/tmp/metal-ast-watchos-sim-air32/src/cx/conv_140.metal,14
/private/tmp/metal-ast-watchos-sim-air32/src/cx/conv_141.metal,14
/private/tmp/metal-ast-watchos-sim-air32/src/cx/conv_142.metal,14
/private/tmp/metal-ast-watchos-sim-air32/src/cx/conv_143.metal,14
/private/tmp/metal-ast-watchos-sim-air32/src/cx/conv_144.metal,14
/private/tmp/metal-ast-watchos-sim-air32/src/cx/conv_145.metal,14
/private/tmp/metal-ast-watchos-sim-air32/src/cx/conv_146.metal,14
/private/tmp/metal-ast-watchos-sim-air32/src/cx/conv_147.metal,14
/private/tmp/metal-ast-watchos-sim-air32/src/cx/conv_148.metal,14
/private/tmp/metal-ast-watchos-sim-air32/src/cx/conv_149.metal,14
/private/tmp/metal-ast-watchos-sim-air32/src/cx/conv_150.metal,14
/private/tmp/metal-ast-watchos-sim-air32/src/cx/conv_151.metal,14
/private/tmp/metal-ast-watchos-sim-air32/src/cx/conv_152.metal,14
/private/tmp/metal-ast-watchos-sim-air32/src/cx/conv_153.metal,14
/private/tmp/metal-ast-watchos-sim-air32/src/cx/conv_154.metal,14
/private/tmp/metal-ast-watchos-sim-air32/src/cx/conv_155.metal,14
/private/tmp/metal-ast-watchos-sim-air32/src/cx/conv_156.metal,14
/private/tmp/metal-ast-watchos-sim-air32/src/cx/conv_157.metal,14
/private/tmp/metal-ast-watchos-sim-air32/src/cx/conv_158.metal,14
/private/tmp/metal-ast-watchos-sim-air32/src/cx/conv_159.metal,14
/private/tmp/metal-ast-watchos-sim-air32/src/cx/conv_160.metal,14
/private/tmp/metal-ast-watchos-sim-air32/src/cx/conv_161.metal,14
/private/tmp/metal-ast-watchos-sim-air32/src/cx/conv_162.metal,14
/private/tmp/metal-ast-watchos-sim-air32/src/cx/conv_163.metal,14
/private/tmp/metal-ast-watchos-sim-air32/src/cx/conv_164.metal,14
/private/tmp/metal-ast-watchos-sim-air32/src/cx/conv_165.metal,14
/private/tmp/metal-ast-watchos-sim-air32/src/cx/conv_166.metal,14
/private/tmp/metal-ast-watchos-sim-air32/src/cx/conv_167.metal,14
/private/tmp/metal-ast-watchos-sim-air32/src/cx/conv_168.metal,14
/private/tmp/metal-ast-watchos-sim-air32/src/cx/conv_169.metal,14
/private/tmp/metal-ast-watchos-sim-air32/src/cx/conv_170.metal,14
/private/tmp/metal-ast-watchos-sim-air32/src/cx/conv_171.metal,14
/private/tmp/metal-ast-watchos-sim-air32/src/cx/conv_172.metal,14
/private/tmp/metal-ast-watchos-sim-air32/src/cx/conv_173.metal,14
/private/tmp/metal-ast-watchos-sim-air32/src/cx/conv_174.metal,14
/private/tmp/metal-ast-watchos-sim-air32/src/cx/conv_175.metal,14
/private/tmp/metal-ast-watchos-sim-air32/src/cx/conv_176.metal,14
/private/tmp/metal-ast-watchos-sim-air32/src/cx/conv_177.metal,14
/private/tmp/metal-ast-watchos-sim-air32/src/cx/conv_178.metal,14
/private/tmp/metal-ast-watchos-sim-air32/src/cx/conv_179.metal,14
/private/tmp/metal-ast-watchos-sim-air32/src/cx/conv_182.metal,14
/private/tmp/metal-ast-watchos-sim-air32/src/cx/conv_183.metal,14
/private/tmp/metal-ast-watchos-sim-air32/src/cx/cxx_003_exception_throw.metal,14
/private/tmp/metal-ast-watchos-sim-air32/src/cx/cxx_011_variadic_template.metal,14
/private/tmp/metal-ast-watchos-sim-air32/src/cx/cxx_012_fold_expression.metal,14
/private/tmp/metal-ast-watchos-sim-air32/src/cx/cxx_013_structured_binding.metal,14
/private/tmp/metal-ast-watchos-sim-air32/src/cx/cxx_014_if_constexpr.metal,14
/private/tmp/metal-ast-watchos-sim-air32/src/cx/cxx_015_namespace_alias.metal,14
/private/tmp/metal-ast-watchos-sim-air32/src/cx/cxx_016_using_declaration.metal,14
/private/tmp/metal-ast-watchos-sim-air32/src/cx/cxx_017_enum_class.metal,14
/private/tmp/metal-ast-watchos-sim-air32/src/cx/cxx_018_bitfield_struct.metal,14
/private/tmp/metal-ast-watchos-sim-air32/src/cx/cxx_020_pointer_arithmetic.metal,14
/private/tmp/metal-ast-watchos-sim-air32/src/cx/cxx_022_member_pointer.metal,14
/private/tmp/metal-ast-watchos-sim-air32/src/cx/cxx_024_sfinae_enable_if.metal,14
/private/tmp/metal-ast-watchos-sim-air32/src/cx/cxx_025_constexpr_function.metal,14
/private/tmp/metal-ast-watchos-sim-air32/src/cx/cxx_026_static_assert_test.metal,14
/private/tmp/metal-ast-watchos-sim-air32/src/cx/cxx_027_operator_overload.metal,14
/private/tmp/metal-ast-watchos-sim-air32/src/cx/cxx_as_type_reinterpret.metal,14
/private/tmp/metal-ast-watchos-sim-air32/src/cx/cxx_auto_decltype.metal,14
/private/tmp/metal-ast-watchos-sim-air32/src/cx/cxx_constexpr_fn.metal,14
/private/tmp/metal-ast-watchos-sim-air32/src/cx/cxx_default_arg.metal,14
/private/tmp/metal-ast-watchos-sim-air32/src/cx/cxx_namespace_using.metal,14
/private/tmp/metal-ast-watchos-sim-air32/src/cx/cxx_operator_overload.metal,14
/private/tmp/metal-ast-watchos-sim-air32/src/cx/cxx_overload_addrspace.metal,14
/private/tmp/metal-ast-watchos-sim-air32/src/cx/cxx_overload_types.metal,14
/private/tmp/metal-ast-watchos-sim-air32/src/cx/cxx_sfinae_enable_if.metal,14
/private/tmp/metal-ast-watchos-sim-air32/src/cx/cxx_template_class_spec.metal,14
/private/tmp/metal-ast-watchos-sim-air32/src/cx/cxx_template_fn_explicit.metal,14
/private/tmp/metal-ast-watchos-sim-air32/src/cx/determ_basic.metal,14
/private/tmp/metal-ast-watchos-sim-air32/src/cx/determ_control_flow.metal,14
/private/tmp/metal-ast-watchos-sim-air32/src/cx/determ_multi_func.metal,14
/private/tmp/metal-ast-watchos-sim-air32/src/cx/determ_template.metal,14
/private/tmp/metal-ast-watchos-sim-air32/src/cx/edge_1000_kernels.metal,14
/private/tmp/metal-ast-watchos-sim-air32/src/cx/edge_deep_call.metal,14
/private/tmp/metal-ast-watchos-sim-air32/src/cx/edge_deep_template.metal,14
/private/tmp/metal-ast-watchos-sim-air32/src/cx/edge_div_zero.metal,14
/private/tmp/metal-ast-watchos-sim-air32/src/cx/edge_empty.metal,14
/private/tmp/metal-ast-watchos-sim-air32/src/cx/edge_infinity.metal,14
/private/tmp/metal-ast-watchos-sim-air32/src/cx/edge_large_array.metal,14
/private/tmp/metal-ast-watchos-sim-air32/src/cx/edge_long_identifier.metal,14
/private/tmp/metal-ast-watchos-sim-air32/src/cx/edge_max_buffers.metal,14
/private/tmp/metal-ast-watchos-sim-air32/src/cx/edge_nan.metal,14
/private/tmp/metal-ast-watchos-sim-air32/src/cx/edge_oob_access.metal,14
/private/tmp/metal-ast-watchos-sim-air32/src/cx/edge_overflow.metal,14
/private/tmp/metal-ast-watchos-sim-air32/src/cx/edge_underflow.metal,14
/private/tmp/metal-ast-watchos-sim-air32/src/cx/edge_uninit_var.metal,14
/private/tmp/metal-ast-watchos-sim-air32/src/cx/err_as_texture_cast.metal,14
/private/tmp/metal-ast-watchos-sim-air32/src/cx/err_attr_frag_int_return.metal,14
/private/tmp/metal-ast-watchos-sim-air32/src/cx/err_cf_recursion.metal,14
/private/tmp/metal-ast-watchos-sim-air32/src/cx/err_tex_depth_gather.metal,14
/private/tmp/metal-ast-watchos-sim-air32/src/cx/err_type_assign_float_to_int.metal,14
/private/tmp/metal-ast-watchos-sim-air32/src/cx/err_type_implicit_narrowing.metal,14
/private/tmp/metal-ast-watchos-sim-air32/src/cx/has_feature_probe.metal,14
/private/tmp/metal-ast-watchos-sim-air32/src/cx/io_vertex_clip_distance.metal,14
/private/tmp/metal-ast-watchos-sim-air32/src/cx/io_vertex_point_size.metal,14
/private/tmp/metal-ast-watchos-sim-air32/src/cx/io_vertex_pos_only.metal,14
/private/tmp/metal-ast-watchos-sim-air32/src/cx/io_vertex_user_locn.metal,14
/private/tmp/metal-ast-watchos-sim-air32/src/cx/multi_entry_2kernels.metal,14
/private/tmp/metal-ast-watchos-sim-air32/src/cx/multi_entry_4kernels.metal,14
/private/tmp/metal-ast-watchos-sim-air32/src/cx/multi_entry_shared_textures.metal,14
/private/tmp/metal-ast-watchos-sim-air32/src/cx/multi_entry_with_helpers.metal,14
/private/tmp/metal-ast-watchos-sim-air32/src/cx/object_payload.metal,14
/private/tmp/metal-ast-watchos-sim-air32/src/cx/repr_bool_scalar.metal,14
/private/tmp/metal-ast-watchos-sim-air32/src/cx/repr_half_arith.metal,14
/private/tmp/metal-ast-watchos-sim-air32/src/cx/repr_long_ulong.metal,14
/private/tmp/metal-ast-watchos-sim-air32/src/cx/res_buffer_constant.metal,14
/private/tmp/metal-ast-watchos-sim-air32/src/cx/res_buffer_device.metal,14
/private/tmp/metal-ast-watchos-sim-air32/src/cx/res_buffer_thread_addrspace.metal,14
/private/tmp/metal-ast-watchos-sim-air32/src/cx/res_index_buffer15.metal,14
/private/tmp/metal-ast-watchos-sim-air32/src/cx/res_index_buffer7.metal,14
/private/tmp/metal-ast-watchos-sim-air32/src/cx/res_threadgroup_alignas.metal,14
/private/tmp/metal-ast-watchos-sim-air32/src/cx/texm_000.metal,14
/private/tmp/metal-ast-watchos-sim-air32/src/cx/texm_001.metal,14
/private/tmp/metal-ast-watchos-sim-air32/src/cx/texm_002.metal,14
/private/tmp/metal-ast-watchos-sim-air32/src/cx/texm_003.metal,14
/private/tmp/metal-ast-watchos-sim-air32/src/cx/texm_004.metal,14
/private/tmp/metal-ast-watchos-sim-air32/src/cx/texm_005.metal,14
/private/tmp/metal-ast-watchos-sim-air32/src/cx/texm_006.metal,14
/private/tmp/metal-ast-watchos-sim-air32/src/cx/texm_007.metal,14
/private/tmp/metal-ast-watchos-sim-air32/src/cx/texm_008.metal,14
/private/tmp/metal-ast-watchos-sim-air32/src/cx/texm_009.metal,14
/private/tmp/metal-ast-watchos-sim-air32/src/cx/texm_010.metal,14
/private/tmp/metal-ast-watchos-sim-air32/src/cx/texm_011.metal,14
/private/tmp/metal-ast-watchos-sim-air32/src/cx/texm_012.metal,14
/private/tmp/metal-ast-watchos-sim-air32/src/cx/texm_013.metal,14
/private/tmp/metal-ast-watchos-sim-air32/src/cx/texm_014.metal,14
/private/tmp/metal-ast-watchos-sim-air32/src/cx/texm_015.metal,14
/private/tmp/metal-ast-watchos-sim-air32/src/cx/texm_016.metal,14
/private/tmp/metal-ast-watchos-sim-air32/src/cx/texm_017.metal,14
/private/tmp/metal-ast-watchos-sim-air32/src/cx/texm_018.metal,14
/private/tmp/metal-ast-watchos-sim-air32/src/cx/texm_019.metal,14
/private/tmp/metal-ast-watchos-sim-air32/src/cx/texm_020.metal,14
/private/tmp/metal-ast-watchos-sim-air32/src/cx/texm_021.metal,14
/private/tmp/metal-ast-watchos-sim-air32/src/cx/texm_022.metal,14
/private/tmp/metal-ast-watchos-sim-air32/src/cx/texm_023.metal,14
/private/tmp/metal-ast-watchos-sim-air32/src/cx/texm_024.metal,14
/private/tmp/metal-ast-watchos-sim-air32/src/cx/texm_025.metal,14
/private/tmp/metal-ast-watchos-sim-air32/src/cx/texm_026.metal,14
/private/tmp/metal-ast-watchos-sim-air32/src/cx/texm_027.metal,14
/private/tmp/metal-ast-watchos-sim-air32/src/cx/texm_028.metal,14
/private/tmp/metal-ast-watchos-sim-air32/src/cx/texm_029.metal,14
/private/tmp/metal-ast-watchos-sim-air32/src/cx/texm_030.metal,14
/private/tmp/metal-ast-watchos-sim-air32/src/cx/texm_031.metal,14
/private/tmp/metal-ast-watchos-sim-air32/src/cx/texm_032.metal,14
/private/tmp/metal-ast-watchos-sim-air32/src/cx/texm_033.metal,14
/private/tmp/metal-ast-watchos-sim-air32/src/cx/texm_034.metal,14
/private/tmp/metal-ast-watchos-sim-air32/src/cx/texm_035.metal,14
/private/tmp/metal-ast-watchos-sim-air32/src/cx/texm_036.metal,14
/private/tmp/metal-ast-watchos-sim-air32/src/cx/texm_037.metal,14
/private/tmp/metal-ast-watchos-sim-air32/src/cx/texm_038.metal,14
/private/tmp/metal-ast-watchos-sim-air32/src/cx/texm_039.metal,14
/private/tmp/metal-ast-watchos-sim-air32/src/cx/texm_048.metal,14
/private/tmp/metal-ast-watchos-sim-air32/src/cx/texm_058.metal,14
/private/tmp/metal-ast-watchos-sim-air32/src/cx/texm_068.metal,14
/private/tmp/metal-ast-watchos-sim-air32/src/cx/texm_078.metal,14
/private/tmp/metal-ast-watchos-sim-air32/src/cx/texm_080.metal,14
/private/tmp/metal-ast-watchos-sim-air32/src/cx/texm_085.metal,14
/private/tmp/metal-ast-watchos-sim-air32/src/cx/texm_086.metal,14
/private/tmp/metal-ast-watchos-sim-air32/src/cx/texm_087.metal,14
/private/tmp/metal-ast-watchos-sim-air32/src/cx/texm_088.metal,14
/private/tmp/metal-ast-watchos-sim-air32/src/cx/texm_093.metal,14
/private/tmp/metal-ast-watchos-sim-air32/src/cx/texm_094.metal,14
/private/tmp/metal-ast-watchos-sim-air32/src/cx/texm_095.metal,14
/private/tmp/metal-ast-watchos-sim-air32/src/cx/texm_096.metal,14
/private/tmp/metal-ast-watchos-sim-air32/src/cx/texm_101.metal,14
/private/tmp/metal-ast-watchos-sim-air32/src/cx/texm_102.metal,14
/private/tmp/metal-ast-watchos-sim-air32/src/cx/texm_103.metal,14
/private/tmp/metal-ast-watchos-sim-air32/src/cx/texm_104.metal,14
/private/tmp/metal-ast-watchos-sim-air32/src/cx/texm_109.metal,14
/private/tmp/metal-ast-watchos-sim-air32/src/cx/texm_110.metal,14
/private/tmp/metal-ast-watchos-sim-air32/src/cx/texm_111.metal,14
/private/tmp/metal-ast-watchos-sim-air32/src/cx/texm_112.metal,14
/private/tmp/metal-ast-watchos-sim-air32/src/cx/texm_113.metal,14
/private/tmp/metal-ast-watchos-sim-air32/src/cx/texm_114.metal,14
/private/tmp/metal-ast-watchos-sim-air32/src/cx/texm_117.metal,14
/private/tmp/metal-ast-watchos-sim-air32/src/cx/texm_118.metal,14
/private/tmp/metal-ast-watchos-sim-air32/src/cx/texm_119.metal,14
/private/tmp/metal-ast-watchos-sim-air32/src/cx/texm_120.metal,14
/private/tmp/metal-ast-watchos-sim-air32/src/cx/texm_121.metal,14
/private/tmp/metal-ast-watchos-sim-air32/src/cx/texm_122.metal,14
/private/tmp/metal-ast-watchos-sim-air32/src/cx/texm_125.metal,14
/private/tmp/metal-ast-watchos-sim-air32/src/cx/texm_126.metal,14
/private/tmp/metal-ast-watchos-sim-air32/src/cx/texm_127.metal,14
/private/tmp/metal-ast-watchos-sim-air32/src/cx/texm_128.metal,14
/private/tmp/metal-ast-watchos-sim-air32/src/cx/texm_129.metal,14
/private/tmp/metal-ast-watchos-sim-air32/src/cx/texm_130.metal,14
/private/tmp/metal-ast-watchos-sim-air32/src/cx/texm_133.metal,14
/private/tmp/metal-ast-watchos-sim-air32/src/cx/texm_134.metal,14
/private/tmp/metal-ast-watchos-sim-air32/src/cx/texm_135.metal,14
/private/tmp/metal-ast-watchos-sim-air32/src/cx/texm_136.metal,14
/private/tmp/metal-ast-watchos-sim-air32/src/cx/texm_137.metal,14
/private/tmp/metal-ast-watchos-sim-air32/src/cx/texm_138.metal,14
/private/tmp/metal-ast-watchos-sim-air32/src/cx/texm_141.metal,14
/private/tmp/metal-ast-watchos-sim-air32/src/cx/texm_142.metal,14
/private/tmp/metal-ast-watchos-sim-air32/src/cx/texm_143.metal,14
/private/tmp/metal-ast-watchos-sim-air32/src/cx/texm_144.metal,14
/private/tmp/metal-ast-watchos-sim-air32/src/cx/texm_145.metal,14
/private/tmp/metal-ast-watchos-sim-air32/src/cx/texm_146.metal,14
/private/tmp/metal-ast-watchos-sim-air32/src/cx/texm_151.metal,14
/private/tmp/metal-ast-watchos-sim-air32/src/cx/texm_152.metal,14
/private/tmp/metal-ast-watchos-sim-air32/src/cx/texm_153.metal,14
/private/tmp/metal-ast-watchos-sim-air32/src/cx/texm_158.metal,14
/private/tmp/metal-ast-watchos-sim-air32/src/cx/texm_159.metal,14
/private/tmp/metal-ast-watchos-sim-air32/src/cx/texm_160.metal,14
/private/tmp/metal-ast-watchos-sim-air32/src/cx/texm_165.metal,14
/private/tmp/metal-ast-watchos-sim-air32/src/cx/texm_166.metal,14
/private/tmp/metal-ast-watchos-sim-air32/src/cx/texm_167.metal,14
/private/tmp/metal-ast-watchos-sim-air32/src/cx/texq_172.metal,14
/private/tmp/metal-ast-watchos-sim-air32/src/cx/texq_173.metal,14
/private/tmp/metal-ast-watchos-sim-air32/src/cx/texq_174.metal,14
/private/tmp/metal-ast-watchos-sim-air32/src/cx/texq_175.metal,14
/private/tmp/metal-ast-watchos-sim-air32/src/cx/texq_176.metal,14
/private/tmp/metal-ast-watchos-sim-air32/src/cx/texq_177.metal,14
/private/tmp/metal-ast-watchos-sim-air32/src/cx/texq_178.metal,14
/private/tmp/metal-ast-watchos-sim-air32/src/cx/texq_179.metal,14
/private/tmp/metal-ast-watchos-sim-air32/src/cx/texq_181.metal,14
/private/tmp/metal-ast-watchos-sim-air32/src/cx/texq_182.metal,14
/private/tmp/metal-ast-watchos-sim-air32/src/cx/texq_183.metal,14
/private/tmp/metal-ast-watchos-sim-air32/src/cx/texq_184.metal,14
/private/tmp/metal-ast-watchos-sim-air32/src/cx/texq_185.metal,14
/private/tmp/metal-ast-watchos-sim-air32/src/cx/texq_186.metal,14
/private/tmp/metal-ast-watchos-sim-air32/src/cx/texq_187.metal,14
/private/tmp/metal-ast-watchos-sim-air32/src/cx/texq_188.metal,14
/private/tmp/metal-ast-watchos-sim-air32/src/cx/threadgroup_tg_alignas.metal,14
/private/tmp/metal-ast-watchos-sim-air32/src/cx/threadgroup_tg_array_large.metal,14
/private/tmp/metal-ast-watchos-sim-air32/src/cx/threadgroup_tg_array_small.metal,14
/private/tmp/metal-ast-watchos-sim-air32/src/cx/threadgroup_tg_atomic.metal,14
/private/tmp/metal-ast-watchos-sim-air32/src/cx/threadgroup_tg_dynamic_index.metal,14
/private/tmp/metal-ast-watchos-sim-air32/src/cx/threadgroup_tg_multiple_arrays.metal,14
/private/tmp/metal-ast-watchos-sim-air32/src/cx/threadgroup_tg_prefix_sum.metal,14
/private/tmp/metal-ast-watchos-sim-air32/src/cx/threadgroup_tg_scalar.metal,14
/private/tmp/metal-ast-watchos-sim-air32/src/cx/threadgroup_tg_struct.metal,14
/private/tmp/metal-ast-watchos-sim-air32/src/cx/type_bool_to_int.metal,14
/private/tmp/metal-ast-watchos-sim-air32/src/cx/type_float2_to_scalar.metal,14
/private/tmp/metal-ast-watchos-sim-air32/src/cx/type_float3_to_scalar.metal,14
/private/tmp/metal-ast-watchos-sim-air32/src/cx/type_float4_to_scalar.metal,14
/private/tmp/metal-ast-watchos-sim-air32/src/cx/type_half2_to_scalar.metal,14
/private/tmp/metal-ast-watchos-sim-air32/src/cx/type_half3_to_scalar.metal,14
/private/tmp/metal-ast-watchos-sim-air32/src/cx/type_half4_to_scalar.metal,14
/private/tmp/metal-ast-watchos-sim-air32/src/cx/type_implicit_bool_to_char.metal,14
/private/tmp/metal-ast-watchos-sim-air32/src/cx/type_implicit_bool_to_float.metal,14
/private/tmp/metal-ast-watchos-sim-air32/src/cx/type_implicit_bool_to_half.metal,14
/private/tmp/metal-ast-watchos-sim-air32/src/cx/type_implicit_bool_to_int.metal,14
/private/tmp/metal-ast-watchos-sim-air32/src/cx/type_implicit_bool_to_short.metal,14
/private/tmp/metal-ast-watchos-sim-air32/src/cx/type_implicit_bool_to_uchar.metal,14
/private/tmp/metal-ast-watchos-sim-air32/src/cx/type_implicit_bool_to_uint.metal,14
/private/tmp/metal-ast-watchos-sim-air32/src/cx/type_implicit_bool_to_ushort.metal,14
/private/tmp/metal-ast-watchos-sim-air32/src/cx/type_implicit_char_to_bool.metal,14
/private/tmp/metal-ast-watchos-sim-air32/src/cx/type_implicit_char_to_float.metal,14
/private/tmp/metal-ast-watchos-sim-air32/src/cx/type_implicit_char_to_half.metal,14
/private/tmp/metal-ast-watchos-sim-air32/src/cx/type_implicit_char_to_int.metal,14
/private/tmp/metal-ast-watchos-sim-air32/src/cx/type_implicit_char_to_short.metal,14
/private/tmp/metal-ast-watchos-sim-air32/src/cx/type_implicit_char_to_uchar.metal,14
/private/tmp/metal-ast-watchos-sim-air32/src/cx/type_implicit_char_to_uint.metal,14
/private/tmp/metal-ast-watchos-sim-air32/src/cx/type_implicit_char_to_ushort.metal,14
/private/tmp/metal-ast-watchos-sim-air32/src/cx/type_implicit_float4_to_float3.metal,14
/private/tmp/metal-ast-watchos-sim-air32/src/cx/type_implicit_float_to_bool.metal,14
/private/tmp/metal-ast-watchos-sim-air32/src/cx/type_implicit_float_to_char.metal,14
/private/tmp/metal-ast-watchos-sim-air32/src/cx/type_implicit_float_to_half.metal,14
/private/tmp/metal-ast-watchos-sim-air32/src/cx/type_implicit_float_to_int.metal,14
/private/tmp/metal-ast-watchos-sim-air32/src/cx/type_implicit_float_to_short.metal,14
/private/tmp/metal-ast-watchos-sim-air32/src/cx/type_implicit_float_to_uchar.metal,14
/private/tmp/metal-ast-watchos-sim-air32/src/cx/type_implicit_float_to_uint.metal,14
/private/tmp/metal-ast-watchos-sim-air32/src/cx/type_implicit_float_to_ushort.metal,14
/private/tmp/metal-ast-watchos-sim-air32/src/cx/type_implicit_half4_to_half3.metal,14
/private/tmp/metal-ast-watchos-sim-air32/src/cx/type_implicit_half_to_bool.metal,14
/private/tmp/metal-ast-watchos-sim-air32/src/cx/type_implicit_half_to_char.metal,14
/private/tmp/metal-ast-watchos-sim-air32/src/cx/type_implicit_half_to_float.metal,14
/private/tmp/metal-ast-watchos-sim-air32/src/cx/type_implicit_half_to_int.metal,14
/private/tmp/metal-ast-watchos-sim-air32/src/cx/type_implicit_half_to_short.metal,14
/private/tmp/metal-ast-watchos-sim-air32/src/cx/type_implicit_half_to_uchar.metal,14
/private/tmp/metal-ast-watchos-sim-air32/src/cx/type_implicit_half_to_uint.metal,14
/private/tmp/metal-ast-watchos-sim-air32/src/cx/type_implicit_half_to_ushort.metal,14
/private/tmp/metal-ast-watchos-sim-air32/src/cx/type_implicit_int4_to_int3.metal,14
/private/tmp/metal-ast-watchos-sim-air32/src/cx/type_implicit_int_to_bool.metal,14
/private/tmp/metal-ast-watchos-sim-air32/src/cx/type_implicit_int_to_char.metal,14
/private/tmp/metal-ast-watchos-sim-air32/src/cx/type_implicit_int_to_float.metal,14
/private/tmp/metal-ast-watchos-sim-air32/src/cx/type_implicit_int_to_half.metal,14
/private/tmp/metal-ast-watchos-sim-air32/src/cx/type_implicit_int_to_short.metal,14
/private/tmp/metal-ast-watchos-sim-air32/src/cx/type_implicit_int_to_uchar.metal,14
/private/tmp/metal-ast-watchos-sim-air32/src/cx/type_implicit_int_to_uint.metal,14
/private/tmp/metal-ast-watchos-sim-air32/src/cx/type_implicit_int_to_ushort.metal,14
/private/tmp/metal-ast-watchos-sim-air32/src/cx/type_implicit_short_to_bool.metal,14
/private/tmp/metal-ast-watchos-sim-air32/src/cx/type_implicit_short_to_char.metal,14
/private/tmp/metal-ast-watchos-sim-air32/src/cx/type_implicit_short_to_float.metal,14
/private/tmp/metal-ast-watchos-sim-air32/src/cx/type_implicit_short_to_half.metal,14
/private/tmp/metal-ast-watchos-sim-air32/src/cx/type_implicit_short_to_int.metal,14
/private/tmp/metal-ast-watchos-sim-air32/src/cx/type_implicit_short_to_uchar.metal,14
/private/tmp/metal-ast-watchos-sim-air32/src/cx/type_implicit_short_to_uint.metal,14
/private/tmp/metal-ast-watchos-sim-air32/src/cx/type_implicit_short_to_ushort.metal,14
/private/tmp/metal-ast-watchos-sim-air32/src/cx/type_implicit_uchar_to_bool.metal,14
/private/tmp/metal-ast-watchos-sim-air32/src/cx/type_implicit_uchar_to_char.metal,14
/private/tmp/metal-ast-watchos-sim-air32/src/cx/type_implicit_uchar_to_float.metal,14
/private/tmp/metal-ast-watchos-sim-air32/src/cx/type_implicit_uchar_to_half.metal,14
/private/tmp/metal-ast-watchos-sim-air32/src/cx/type_implicit_uchar_to_int.metal,14
/private/tmp/metal-ast-watchos-sim-air32/src/cx/type_implicit_uchar_to_short.metal,14
/private/tmp/metal-ast-watchos-sim-air32/src/cx/type_implicit_uchar_to_uint.metal,14
/private/tmp/metal-ast-watchos-sim-air32/src/cx/type_implicit_uchar_to_ushort.metal,14
/private/tmp/metal-ast-watchos-sim-air32/src/cx/type_implicit_uint4_to_uint3.metal,14
/private/tmp/metal-ast-watchos-sim-air32/src/cx/type_implicit_uint_to_bool.metal,14
/private/tmp/metal-ast-watchos-sim-air32/src/cx/type_implicit_uint_to_char.metal,14
/private/tmp/metal-ast-watchos-sim-air32/src/cx/type_implicit_uint_to_float.metal,14
/private/tmp/metal-ast-watchos-sim-air32/src/cx/type_implicit_uint_to_half.metal,14
/private/tmp/metal-ast-watchos-sim-air32/src/cx/type_implicit_uint_to_int.metal,14
/private/tmp/metal-ast-watchos-sim-air32/src/cx/type_implicit_uint_to_short.metal,14
/private/tmp/metal-ast-watchos-sim-air32/src/cx/type_implicit_uint_to_uchar.metal,14
/private/tmp/metal-ast-watchos-sim-air32/src/cx/type_implicit_uint_to_ushort.metal,14
/private/tmp/metal-ast-watchos-sim-air32/src/cx/type_implicit_ushort_to_bool.metal,14
/private/tmp/metal-ast-watchos-sim-air32/src/cx/type_implicit_ushort_to_char.metal,14
/private/tmp/metal-ast-watchos-sim-air32/src/cx/type_implicit_ushort_to_float.metal,14
/private/tmp/metal-ast-watchos-sim-air32/src/cx/type_implicit_ushort_to_half.metal,14
/private/tmp/metal-ast-watchos-sim-air32/src/cx/type_implicit_ushort_to_int.metal,14
/private/tmp/metal-ast-watchos-sim-air32/src/cx/type_implicit_ushort_to_short.metal,14
/private/tmp/metal-ast-watchos-sim-air32/src/cx/type_implicit_ushort_to_uchar.metal,14
/private/tmp/metal-ast-watchos-sim-air32/src/cx/type_implicit_ushort_to_uint.metal,14
/private/tmp/metal-ast-watchos-sim-air32/src/cx/type_int2_to_scalar.metal,14
/private/tmp/metal-ast-watchos-sim-air32/src/cx/type_int3_to_scalar.metal,14
/private/tmp/metal-ast-watchos-sim-air32/src/cx/type_int4_to_scalar.metal,14
/private/tmp/metal-ast-watchos-sim-air32/src/cx/type_int_to_bool.metal,14
/private/tmp/metal-ast-watchos-sim-air32/src/cx/type_nullptr_to_device_ptr.metal,14
/private/tmp/metal-ast-watchos-sim-air32/src/cx/type_nullptr_to_thread_ptr.metal,14
/private/tmp/metal-ast-watchos-sim-air32/src/cx/type_promote_half_float_add.metal,14
/private/tmp/metal-ast-watchos-sim-air32/src/cx/type_promote_int_uint_add.metal,14
/private/tmp/metal-ast-watchos-sim-air32/src/cx/type_scalar_to_float2.metal,14
/private/tmp/metal-ast-watchos-sim-air32/src/cx/type_scalar_to_float3.metal,14
/private/tmp/metal-ast-watchos-sim-air32/src/cx/type_scalar_to_float4.metal,14
/private/tmp/metal-ast-watchos-sim-air32/src/cx/type_scalar_to_half2.metal,14
/private/tmp/metal-ast-watchos-sim-air32/src/cx/type_scalar_to_half3.metal,14
/private/tmp/metal-ast-watchos-sim-air32/src/cx/type_scalar_to_half4.metal,14
/private/tmp/metal-ast-watchos-sim-air32/src/cx/type_scalar_to_int2.metal,14
/private/tmp/metal-ast-watchos-sim-air32/src/cx/type_scalar_to_int3.metal,14
/private/tmp/metal-ast-watchos-sim-air32/src/cx/type_scalar_to_int4.metal,14
/private/tmp/metal-ast-watchos-sim-air32/src/cx/type_scalar_to_uint2.metal,14
/private/tmp/metal-ast-watchos-sim-air32/src/cx/type_scalar_to_uint3.metal,14
/private/tmp/metal-ast-watchos-sim-air32/src/cx/type_scalar_to_uint4.metal,14
/private/tmp/metal-ast-watchos-sim-air32/src/cx/type_template_deduction_min.metal,14
/private/tmp/metal-ast-watchos-sim-air32/src/cx/type_uint2_to_scalar.metal,14
/private/tmp/metal-ast-watchos-sim-air32/src/cx/type_uint3_to_scalar.metal,14
/private/tmp/metal-ast-watchos-sim-air32/src/cx/type_uint4_to_scalar.metal,14
/private/tmp/metal-ast-watchos-sim-air32/src/cx/type_vec_scalar_mul_float2.metal,14
/private/tmp/metal-ast-watchos-sim-air32/src/cx/type_vec_scalar_mul_float3.metal,14
/private/tmp/metal-ast-watchos-sim-air32/src/cx/type_vec_scalar_mul_float4.metal,14
/private/tmp/metal-ast-watchos-sim-air32/src/cx/type_vec_scalar_mul_half2.metal,14
/private/tmp/metal-ast-watchos-sim-air32/src/cx/type_vec_scalar_mul_half3.metal,14
/private/tmp/metal-ast-watchos-sim-air32/src/cx/type_vec_scalar_mul_half4.metal,14
/private/tmp/metal-ast-watchos-sim-air32/src/cx/vis_default.metal,14
/private/tmp/metal-ast-watchos-sim-air32/src/cx/vis_export_name.metal,14
/private/tmp/metal-ast-watchos-sim-air32/src/cx/vis_internal.metal,14
/private/tmp/metal-ast-watchos-sim-air32/src/cx/vis_multiple_visible.metal,14
/private/tmp/metal-ast-watchos-sim-air32/src/cx/vis_template_visible.metal,14
/private/tmp/metal-ast-watchos-sim-air32/src/cx/vis_visible.metal,14
/private/tmp/metal-ast-watchos-sim-air32/src/cx/warn_deprecated.metal,14
/private/tmp/metal-ast-watchos-sim-air32/src/cx/warn_div_zero.metal,14
/private/tmp/metal-ast-watchos-sim-air32/src/cx/warn_empty_body.metal,14
/private/tmp/metal-ast-watchos-sim-air32/src/cx/warn_extra_parens.metal,14
/private/tmp/metal-ast-watchos-sim-air32/src/cx/warn_fallthrough.metal,14
/private/tmp/metal-ast-watchos-sim-air32/src/cx/warn_infinite_loop.metal,14
/private/tmp/metal-ast-watchos-sim-air32/src/cx/warn_missing_braces.metal,14
/private/tmp/metal-ast-watchos-sim-air32/src/cx/warn_narrowing.metal,14
/private/tmp/metal-ast-watchos-sim-air32/src/cx/warn_self_assign.metal,14
/private/tmp/metal-ast-watchos-sim-air32/src/cx/warn_shadow.metal,14
/private/tmp/metal-ast-watchos-sim-air32/src/cx/warn_shift_overflow.metal,14
/private/tmp/metal-ast-watchos-sim-air32/src/cx/warn_sign_compare.metal,14
/private/tmp/metal-ast-watchos-sim-air32/src/cx/warn_unreachable.metal,14
/private/tmp/metal-ast-watchos-sim-air32/src/cx/warn_unused_var.metal,14
/private/tmp/metal-ast-watchos-sim-air32/src/codegen_all.metal,14
/private/tmp/metal-ast-watchos-sim-air64/src/cx/builtin_raytracing.metal,14
/private/tmp/metal-ast-watchos-sim-air64/src/cx/builtin_tex_03.metal,14
/private/tmp/metal-ast-watchos-sim-air64/src/cx/builtin_tex_04.metal,14
/private/tmp/metal-ast-watchos-sim-air64/src/cx/builtin_tex_05.metal,14
/private/tmp/metal-ast-watchos-sim-air64/src/cx/builtin_tex_06.metal,14
/private/tmp/metal-ast-watchos-sim-air64/src/cx/builtin_tex_07.metal,14
/private/tmp/metal-ast-watchos-sim-air64/src/cx/builtin_tex_08.metal,14
/private/tmp/metal-ast-watchos-sim-air64/src/cx/builtin_tex_13.metal,14
/private/tmp/metal-ast-watchos-sim-air64/src/cx/builtin_tex_14.metal,14
/private/tmp/metal-ast-watchos-sim-air64/src/cx/builtin_tex_15.metal,14
/private/tmp/metal-ast-watchos-sim-air64/src/cx/builtin_tex_16.metal,14
/private/tmp/metal-ast-watchos-sim-air64/src/cx/conv_000.metal,14
/private/tmp/metal-ast-watchos-sim-air64/src/cx/conv_001.metal,14
/private/tmp/metal-ast-watchos-sim-air64/src/cx/conv_002.metal,14
/private/tmp/metal-ast-watchos-sim-air64/src/cx/conv_003.metal,14
/private/tmp/metal-ast-watchos-sim-air64/src/cx/conv_004.metal,14
/private/tmp/metal-ast-watchos-sim-air64/src/cx/conv_005.metal,14
/private/tmp/metal-ast-watchos-sim-air64/src/cx/conv_006.metal,14
/private/tmp/metal-ast-watchos-sim-air64/src/cx/conv_007.metal,14
/private/tmp/metal-ast-watchos-sim-air64/src/cx/conv_008.metal,14
/private/tmp/metal-ast-watchos-sim-air64/src/cx/conv_009.metal,14
/private/tmp/metal-ast-watchos-sim-air64/src/cx/conv_010.metal,14
/private/tmp/metal-ast-watchos-sim-air64/src/cx/conv_011.metal,14
/private/tmp/metal-ast-watchos-sim-air64/src/cx/conv_012.metal,14
/private/tmp/metal-ast-watchos-sim-air64/src/cx/conv_013.metal,14
/private/tmp/metal-ast-watchos-sim-air64/src/cx/conv_014.metal,14
/private/tmp/metal-ast-watchos-sim-air64/src/cx/conv_015.metal,14
/private/tmp/metal-ast-watchos-sim-air64/src/cx/conv_016.metal,14
/private/tmp/metal-ast-watchos-sim-air64/src/cx/conv_017.metal,14
/private/tmp/metal-ast-watchos-sim-air64/src/cx/conv_018.metal,14
/private/tmp/metal-ast-watchos-sim-air64/src/cx/conv_019.metal,14
/private/tmp/metal-ast-watchos-sim-air64/src/cx/conv_020.metal,14
/private/tmp/metal-ast-watchos-sim-air64/src/cx/conv_021.metal,14
/private/tmp/metal-ast-watchos-sim-air64/src/cx/conv_022.metal,14
/private/tmp/metal-ast-watchos-sim-air64/src/cx/conv_023.metal,14
/private/tmp/metal-ast-watchos-sim-air64/src/cx/conv_024.metal,14
/private/tmp/metal-ast-watchos-sim-air64/src/cx/conv_025.metal,14
/private/tmp/metal-ast-watchos-sim-air64/src/cx/conv_026.metal,14
/private/tmp/metal-ast-watchos-sim-air64/src/cx/conv_027.metal,14
/private/tmp/metal-ast-watchos-sim-air64/src/cx/conv_028.metal,14
/private/tmp/metal-ast-watchos-sim-air64/src/cx/conv_029.metal,14
/private/tmp/metal-ast-watchos-sim-air64/src/cx/conv_030.metal,14
/private/tmp/metal-ast-watchos-sim-air64/src/cx/conv_031.metal,14
/private/tmp/metal-ast-watchos-sim-air64/src/cx/conv_032.metal,14
/private/tmp/metal-ast-watchos-sim-air64/src/cx/conv_033.metal,14
/private/tmp/metal-ast-watchos-sim-air64/src/cx/conv_034.metal,14
/private/tmp/metal-ast-watchos-sim-air64/src/cx/conv_035.metal,14
/private/tmp/metal-ast-watchos-sim-air64/src/cx/conv_036.metal,14
/private/tmp/metal-ast-watchos-sim-air64/src/cx/conv_037.metal,14
/private/tmp/metal-ast-watchos-sim-air64/src/cx/conv_038.metal,14
/private/tmp/metal-ast-watchos-sim-air64/src/cx/conv_039.metal,14
/private/tmp/metal-ast-watchos-sim-air64/src/cx/conv_040.metal,14
/private/tmp/metal-ast-watchos-sim-air64/src/cx/conv_041.metal,14
/private/tmp/metal-ast-watchos-sim-air64/src/cx/conv_042.metal,14
/private/tmp/metal-ast-watchos-sim-air64/src/cx/conv_043.metal,14
/private/tmp/metal-ast-watchos-sim-air64/src/cx/conv_044.metal,14
/private/tmp/metal-ast-watchos-sim-air64/src/cx/conv_045.metal,14
/private/tmp/metal-ast-watchos-sim-air64/src/cx/conv_046.metal,14
/private/tmp/metal-ast-watchos-sim-air64/src/cx/conv_047.metal,14
/private/tmp/metal-ast-watchos-sim-air64/src/cx/conv_048.metal,14
/private/tmp/metal-ast-watchos-sim-air64/src/cx/conv_049.metal,14
/private/tmp/metal-ast-watchos-sim-air64/src/cx/conv_050.metal,14
/private/tmp/metal-ast-watchos-sim-air64/src/cx/conv_051.metal,14
/private/tmp/metal-ast-watchos-sim-air64/src/cx/conv_052.metal,14
/private/tmp/metal-ast-watchos-sim-air64/src/cx/conv_053.metal,14
/private/tmp/metal-ast-watchos-sim-air64/src/cx/conv_054.metal,14
/private/tmp/metal-ast-watchos-sim-air64/src/cx/conv_055.metal,14
/private/tmp/metal-ast-watchos-sim-air64/src/cx/conv_056.metal,14
/private/tmp/metal-ast-watchos-sim-air64/src/cx/conv_057.metal,14
/private/tmp/metal-ast-watchos-sim-air64/src/cx/conv_058.metal,14
/private/tmp/metal-ast-watchos-sim-air64/src/cx/conv_059.metal,14
/private/tmp/metal-ast-watchos-sim-air64/src/cx/conv_060.metal,14
/private/tmp/metal-ast-watchos-sim-air64/src/cx/conv_061.metal,14
/private/tmp/metal-ast-watchos-sim-air64/src/cx/conv_062.metal,14
/private/tmp/metal-ast-watchos-sim-air64/src/cx/conv_063.metal,14
/private/tmp/metal-ast-watchos-sim-air64/src/cx/conv_064.metal,14
/private/tmp/metal-ast-watchos-sim-air64/src/cx/conv_065.metal,14
/private/tmp/metal-ast-watchos-sim-air64/src/cx/conv_066.metal,14
/private/tmp/metal-ast-watchos-sim-air64/src/cx/conv_067.metal,14
/private/tmp/metal-ast-watchos-sim-air64/src/cx/conv_068.metal,14
/private/tmp/metal-ast-watchos-sim-air64/src/cx/conv_069.metal,14
/private/tmp/metal-ast-watchos-sim-air64/src/cx/conv_070.metal,14
/private/tmp/metal-ast-watchos-sim-air64/src/cx/conv_071.metal,14
/private/tmp/metal-ast-watchos-sim-air64/src/cx/conv_072.metal,14
/private/tmp/metal-ast-watchos-sim-air64/src/cx/conv_073.metal,14
/private/tmp/metal-ast-watchos-sim-air64/src/cx/conv_074.metal,14
/private/tmp/metal-ast-watchos-sim-air64/src/cx/conv_075.metal,14
/private/tmp/metal-ast-watchos-sim-air64/src/cx/conv_076.metal,14
/private/tmp/metal-ast-watchos-sim-air64/src/cx/conv_077.metal,14
/private/tmp/metal-ast-watchos-sim-air64/src/cx/conv_078.metal,14
/private/tmp/metal-ast-watchos-sim-air64/src/cx/conv_079.metal,14
/private/tmp/metal-ast-watchos-sim-air64/src/cx/conv_080.metal,14
/private/tmp/metal-ast-watchos-sim-air64/src/cx/conv_081.metal,14
/private/tmp/metal-ast-watchos-sim-air64/src/cx/conv_082.metal,14
/private/tmp/metal-ast-watchos-sim-air64/src/cx/conv_083.metal,14
/private/tmp/metal-ast-watchos-sim-air64/src/cx/conv_084.metal,14
/private/tmp/metal-ast-watchos-sim-air64/src/cx/conv_085.metal,14
/private/tmp/metal-ast-watchos-sim-air64/src/cx/conv_086.metal,14
/private/tmp/metal-ast-watchos-sim-air64/src/cx/conv_087.metal,14
/private/tmp/metal-ast-watchos-sim-air64/src/cx/conv_088.metal,14
/private/tmp/metal-ast-watchos-sim-air64/src/cx/conv_089.metal,14
/private/tmp/metal-ast-watchos-sim-air64/src/cx/conv_090.metal,14
/private/tmp/metal-ast-watchos-sim-air64/src/cx/conv_091.metal,14
/private/tmp/metal-ast-watchos-sim-air64/src/cx/conv_092.metal,14
/private/tmp/metal-ast-watchos-sim-air64/src/cx/conv_093.metal,14
/private/tmp/metal-ast-watchos-sim-air64/src/cx/conv_094.metal,14
/private/tmp/metal-ast-watchos-sim-air64/src/cx/conv_095.metal,14
/private/tmp/metal-ast-watchos-sim-air64/src/cx/conv_096.metal,14
/private/tmp/metal-ast-watchos-sim-air64/src/cx/conv_097.metal,14
/private/tmp/metal-ast-watchos-sim-air64/src/cx/conv_098.metal,14
/private/tmp/metal-ast-watchos-sim-air64/src/cx/conv_099.metal,14
/private/tmp/metal-ast-watchos-sim-air64/src/cx/conv_100.metal,14
/private/tmp/metal-ast-watchos-sim-air64/src/cx/conv_101.metal,14
/private/tmp/metal-ast-watchos-sim-air64/src/cx/conv_102.metal,14
/private/tmp/metal-ast-watchos-sim-air64/src/cx/conv_103.metal,14
/private/tmp/metal-ast-watchos-sim-air64/src/cx/conv_104.metal,14
/private/tmp/metal-ast-watchos-sim-air64/src/cx/conv_105.metal,14
/private/tmp/metal-ast-watchos-sim-air64/src/cx/conv_106.metal,14
/private/tmp/metal-ast-watchos-sim-air64/src/cx/conv_107.metal,14
/private/tmp/metal-ast-watchos-sim-air64/src/cx/conv_108.metal,14
/private/tmp/metal-ast-watchos-sim-air64/src/cx/conv_109.metal,14
/private/tmp/metal-ast-watchos-sim-air64/src/cx/conv_110.metal,14
/private/tmp/metal-ast-watchos-sim-air64/src/cx/conv_111.metal,14
/private/tmp/metal-ast-watchos-sim-air64/src/cx/conv_112.metal,14
/private/tmp/metal-ast-watchos-sim-air64/src/cx/conv_113.metal,14
/private/tmp/metal-ast-watchos-sim-air64/src/cx/conv_114.metal,14
/private/tmp/metal-ast-watchos-sim-air64/src/cx/conv_115.metal,14
/private/tmp/metal-ast-watchos-sim-air64/src/cx/conv_116.metal,14
/private/tmp/metal-ast-watchos-sim-air64/src/cx/conv_117.metal,14
/private/tmp/metal-ast-watchos-sim-air64/src/cx/conv_118.metal,14
/private/tmp/metal-ast-watchos-sim-air64/src/cx/conv_119.metal,14
/private/tmp/metal-ast-watchos-sim-air64/src/cx/conv_120.metal,14
/private/tmp/metal-ast-watchos-sim-air64/src/cx/conv_121.metal,14
/private/tmp/metal-ast-watchos-sim-air64/src/cx/conv_122.metal,14
/private/tmp/metal-ast-watchos-sim-air64/src/cx/conv_123.metal,14
/private/tmp/metal-ast-watchos-sim-air64/src/cx/conv_124.metal,14
/private/tmp/metal-ast-watchos-sim-air64/src/cx/conv_125.metal,14
/private/tmp/metal-ast-watchos-sim-air64/src/cx/conv_126.metal,14
/private/tmp/metal-ast-watchos-sim-air64/src/cx/conv_127.metal,14
/private/tmp/metal-ast-watchos-sim-air64/src/cx/conv_128.metal,14
/private/tmp/metal-ast-watchos-sim-air64/src/cx/conv_129.metal,14
/private/tmp/metal-ast-watchos-sim-air64/src/cx/conv_130.metal,14
/private/tmp/metal-ast-watchos-sim-air64/src/cx/conv_131.metal,14
/private/tmp/metal-ast-watchos-sim-air64/src/cx/conv_132.metal,14
/private/tmp/metal-ast-watchos-sim-air64/src/cx/conv_133.metal,14
/private/tmp/metal-ast-watchos-sim-air64/src/cx/conv_134.metal,14
/private/tmp/metal-ast-watchos-sim-air64/src/cx/conv_135.metal,14
/private/tmp/metal-ast-watchos-sim-air64/src/cx/conv_136.metal,14
/private/tmp/metal-ast-watchos-sim-air64/src/cx/conv_137.metal,14
/private/tmp/metal-ast-watchos-sim-air64/src/cx/conv_138.metal,14
/private/tmp/metal-ast-watchos-sim-air64/src/cx/conv_139.metal,14
/private/tmp/metal-ast-watchos-sim-air64/src/cx/conv_140.metal,14
/private/tmp/metal-ast-watchos-sim-air64/src/cx/conv_141.metal,14
/private/tmp/metal-ast-watchos-sim-air64/src/cx/conv_142.metal,14
/private/tmp/metal-ast-watchos-sim-air64/src/cx/conv_143.metal,14
/private/tmp/metal-ast-watchos-sim-air64/src/cx/conv_144.metal,14
/private/tmp/metal-ast-watchos-sim-air64/src/cx/conv_145.metal,14
/private/tmp/metal-ast-watchos-sim-air64/src/cx/conv_146.metal,14
/private/tmp/metal-ast-watchos-sim-air64/src/cx/conv_147.metal,14
/private/tmp/metal-ast-watchos-sim-air64/src/cx/conv_148.metal,14
/private/tmp/metal-ast-watchos-sim-air64/src/cx/conv_149.metal,14
/private/tmp/metal-ast-watchos-sim-air64/src/cx/conv_150.metal,14
/private/tmp/metal-ast-watchos-sim-air64/src/cx/conv_151.metal,14
/private/tmp/metal-ast-watchos-sim-air64/src/cx/conv_152.metal,14
/private/tmp/metal-ast-watchos-sim-air64/src/cx/conv_153.metal,14
/private/tmp/metal-ast-watchos-sim-air64/src/cx/conv_154.metal,14
/private/tmp/metal-ast-watchos-sim-air64/src/cx/conv_155.metal,14
/private/tmp/metal-ast-watchos-sim-air64/src/cx/conv_156.metal,14
/private/tmp/metal-ast-watchos-sim-air64/src/cx/conv_157.metal,14
/private/tmp/metal-ast-watchos-sim-air64/src/cx/conv_158.metal,14
/private/tmp/metal-ast-watchos-sim-air64/src/cx/conv_159.metal,14
/private/tmp/metal-ast-watchos-sim-air64/src/cx/conv_160.metal,14
/private/tmp/metal-ast-watchos-sim-air64/src/cx/conv_161.metal,14
/private/tmp/metal-ast-watchos-sim-air64/src/cx/conv_162.metal,14
/private/tmp/metal-ast-watchos-sim-air64/src/cx/conv_163.metal,14
/private/tmp/metal-ast-watchos-sim-air64/src/cx/conv_164.metal,14
/private/tmp/metal-ast-watchos-sim-air64/src/cx/conv_165.metal,14
/private/tmp/metal-ast-watchos-sim-air64/src/cx/conv_166.metal,14
/private/tmp/metal-ast-watchos-sim-air64/src/cx/conv_167.metal,14
/private/tmp/metal-ast-watchos-sim-air64/src/cx/conv_168.metal,14
/private/tmp/metal-ast-watchos-sim-air64/src/cx/conv_169.metal,14
/private/tmp/metal-ast-watchos-sim-air64/src/cx/conv_170.metal,14
/private/tmp/metal-ast-watchos-sim-air64/src/cx/conv_171.metal,14
/private/tmp/metal-ast-watchos-sim-air64/src/cx/conv_172.metal,14
/private/tmp/metal-ast-watchos-sim-air64/src/cx/conv_173.metal,14
/private/tmp/metal-ast-watchos-sim-air64/src/cx/conv_174.metal,14
/private/tmp/metal-ast-watchos-sim-air64/src/cx/conv_175.metal,14
/private/tmp/metal-ast-watchos-sim-air64/src/cx/conv_176.metal,14
/private/tmp/metal-ast-watchos-sim-air64/src/cx/conv_177.metal,14
/private/tmp/metal-ast-watchos-sim-air64/src/cx/conv_178.metal,14
/private/tmp/metal-ast-watchos-sim-air64/src/cx/conv_179.metal,14
/private/tmp/metal-ast-watchos-sim-air64/src/cx/conv_182.metal,14
/private/tmp/metal-ast-watchos-sim-air64/src/cx/conv_183.metal,14
/private/tmp/metal-ast-watchos-sim-air64/src/cx/cxx_003_exception_throw.metal,14
/private/tmp/metal-ast-watchos-sim-air64/src/cx/cxx_011_variadic_template.metal,14
/private/tmp/metal-ast-watchos-sim-air64/src/cx/cxx_012_fold_expression.metal,14
/private/tmp/metal-ast-watchos-sim-air64/src/cx/cxx_013_structured_binding.metal,14
/private/tmp/metal-ast-watchos-sim-air64/src/cx/cxx_014_if_constexpr.metal,14
/private/tmp/metal-ast-watchos-sim-air64/src/cx/cxx_015_namespace_alias.metal,14
/private/tmp/metal-ast-watchos-sim-air64/src/cx/cxx_016_using_declaration.metal,14
/private/tmp/metal-ast-watchos-sim-air64/src/cx/cxx_017_enum_class.metal,14
/private/tmp/metal-ast-watchos-sim-air64/src/cx/cxx_018_bitfield_struct.metal,14
/private/tmp/metal-ast-watchos-sim-air64/src/cx/cxx_020_pointer_arithmetic.metal,14
/private/tmp/metal-ast-watchos-sim-air64/src/cx/cxx_022_member_pointer.metal,14
/private/tmp/metal-ast-watchos-sim-air64/src/cx/cxx_024_sfinae_enable_if.metal,14
/private/tmp/metal-ast-watchos-sim-air64/src/cx/cxx_025_constexpr_function.metal,14
/private/tmp/metal-ast-watchos-sim-air64/src/cx/cxx_026_static_assert_test.metal,14
/private/tmp/metal-ast-watchos-sim-air64/src/cx/cxx_027_operator_overload.metal,14
/private/tmp/metal-ast-watchos-sim-air64/src/cx/cxx_as_type_reinterpret.metal,14
/private/tmp/metal-ast-watchos-sim-air64/src/cx/cxx_auto_decltype.metal,14
/private/tmp/metal-ast-watchos-sim-air64/src/cx/cxx_constexpr_fn.metal,14
/private/tmp/metal-ast-watchos-sim-air64/src/cx/cxx_default_arg.metal,14
/private/tmp/metal-ast-watchos-sim-air64/src/cx/cxx_namespace_using.metal,14
/private/tmp/metal-ast-watchos-sim-air64/src/cx/cxx_operator_overload.metal,14
/private/tmp/metal-ast-watchos-sim-air64/src/cx/cxx_overload_addrspace.metal,14
/private/tmp/metal-ast-watchos-sim-air64/src/cx/cxx_overload_types.metal,14
/private/tmp/metal-ast-watchos-sim-air64/src/cx/cxx_sfinae_enable_if.metal,14
/private/tmp/metal-ast-watchos-sim-air64/src/cx/cxx_template_class_spec.metal,14
/private/tmp/metal-ast-watchos-sim-air64/src/cx/cxx_template_fn_explicit.metal,14
/private/tmp/metal-ast-watchos-sim-air64/src/cx/determ_basic.metal,14
/private/tmp/metal-ast-watchos-sim-air64/src/cx/determ_control_flow.metal,14
/private/tmp/metal-ast-watchos-sim-air64/src/cx/determ_multi_func.metal,14
/private/tmp/metal-ast-watchos-sim-air64/src/cx/determ_template.metal,14
/private/tmp/metal-ast-watchos-sim-air64/src/cx/edge_1000_kernels.metal,14
/private/tmp/metal-ast-watchos-sim-air64/src/cx/edge_deep_call.metal,14
/private/tmp/metal-ast-watchos-sim-air64/src/cx/edge_deep_template.metal,14
/private/tmp/metal-ast-watchos-sim-air64/src/cx/edge_div_zero.metal,14
/private/tmp/metal-ast-watchos-sim-air64/src/cx/edge_empty.metal,14
/private/tmp/metal-ast-watchos-sim-air64/src/cx/edge_infinity.metal,14
/private/tmp/metal-ast-watchos-sim-air64/src/cx/edge_large_array.metal,14
/private/tmp/metal-ast-watchos-sim-air64/src/cx/edge_long_identifier.metal,14
/private/tmp/metal-ast-watchos-sim-air64/src/cx/edge_max_buffers.metal,14
/private/tmp/metal-ast-watchos-sim-air64/src/cx/edge_nan.metal,14
/private/tmp/metal-ast-watchos-sim-air64/src/cx/edge_oob_access.metal,14
/private/tmp/metal-ast-watchos-sim-air64/src/cx/edge_overflow.metal,14
/private/tmp/metal-ast-watchos-sim-air64/src/cx/edge_underflow.metal,14
/private/tmp/metal-ast-watchos-sim-air64/src/cx/edge_uninit_var.metal,14
/private/tmp/metal-ast-watchos-sim-air64/src/cx/err_as_texture_cast.metal,14
/private/tmp/metal-ast-watchos-sim-air64/src/cx/err_attr_frag_int_return.metal,14
/private/tmp/metal-ast-watchos-sim-air64/src/cx/err_cf_recursion.metal,14
/private/tmp/metal-ast-watchos-sim-air64/src/cx/err_tex_depth_gather.metal,14
/private/tmp/metal-ast-watchos-sim-air64/src/cx/err_type_assign_float_to_int.metal,14
/private/tmp/metal-ast-watchos-sim-air64/src/cx/err_type_implicit_narrowing.metal,14
/private/tmp/metal-ast-watchos-sim-air64/src/cx/has_feature_probe.metal,14
/private/tmp/metal-ast-watchos-sim-air64/src/cx/io_vertex_clip_distance.metal,14
/private/tmp/metal-ast-watchos-sim-air64/src/cx/io_vertex_point_size.metal,14
/private/tmp/metal-ast-watchos-sim-air64/src/cx/io_vertex_pos_only.metal,14
/private/tmp/metal-ast-watchos-sim-air64/src/cx/io_vertex_user_locn.metal,14
/private/tmp/metal-ast-watchos-sim-air64/src/cx/multi_entry_2kernels.metal,14
/private/tmp/metal-ast-watchos-sim-air64/src/cx/multi_entry_4kernels.metal,14
/private/tmp/metal-ast-watchos-sim-air64/src/cx/multi_entry_shared_textures.metal,14
/private/tmp/metal-ast-watchos-sim-air64/src/cx/multi_entry_with_helpers.metal,14
/private/tmp/metal-ast-watchos-sim-air64/src/cx/object_payload.metal,14
/private/tmp/metal-ast-watchos-sim-air64/src/cx/repr_bool_scalar.metal,14
/private/tmp/metal-ast-watchos-sim-air64/src/cx/repr_half_arith.metal,14
/private/tmp/metal-ast-watchos-sim-air64/src/cx/repr_long_ulong.metal,14
/private/tmp/metal-ast-watchos-sim-air64/src/cx/res_buffer_constant.metal,14
/private/tmp/metal-ast-watchos-sim-air64/src/cx/res_buffer_device.metal,14
/private/tmp/metal-ast-watchos-sim-air64/src/cx/res_buffer_thread_addrspace.metal,14
/private/tmp/metal-ast-watchos-sim-air64/src/cx/res_index_buffer15.metal,14
/private/tmp/metal-ast-watchos-sim-air64/src/cx/res_index_buffer7.metal,14
/private/tmp/metal-ast-watchos-sim-air64/src/cx/res_threadgroup_alignas.metal,14
/private/tmp/metal-ast-watchos-sim-air64/src/cx/texm_000.metal,14
/private/tmp/metal-ast-watchos-sim-air64/src/cx/texm_001.metal,14
/private/tmp/metal-ast-watchos-sim-air64/src/cx/texm_002.metal,14
/private/tmp/metal-ast-watchos-sim-air64/src/cx/texm_003.metal,14
/private/tmp/metal-ast-watchos-sim-air64/src/cx/texm_004.metal,14
/private/tmp/metal-ast-watchos-sim-air64/src/cx/texm_005.metal,14
/private/tmp/metal-ast-watchos-sim-air64/src/cx/texm_006.metal,14
/private/tmp/metal-ast-watchos-sim-air64/src/cx/texm_007.metal,14
/private/tmp/metal-ast-watchos-sim-air64/src/cx/texm_008.metal,14
/private/tmp/metal-ast-watchos-sim-air64/src/cx/texm_009.metal,14
/private/tmp/metal-ast-watchos-sim-air64/src/cx/texm_010.metal,14
/private/tmp/metal-ast-watchos-sim-air64/src/cx/texm_011.metal,14
/private/tmp/metal-ast-watchos-sim-air64/src/cx/texm_012.metal,14
/private/tmp/metal-ast-watchos-sim-air64/src/cx/texm_013.metal,14
/private/tmp/metal-ast-watchos-sim-air64/src/cx/texm_014.metal,14
/private/tmp/metal-ast-watchos-sim-air64/src/cx/texm_015.metal,14
/private/tmp/metal-ast-watchos-sim-air64/src/cx/texm_016.metal,14
/private/tmp/metal-ast-watchos-sim-air64/src/cx/texm_017.metal,14
/private/tmp/metal-ast-watchos-sim-air64/src/cx/texm_018.metal,14
/private/tmp/metal-ast-watchos-sim-air64/src/cx/texm_019.metal,14
/private/tmp/metal-ast-watchos-sim-air64/src/cx/texm_020.metal,14
/private/tmp/metal-ast-watchos-sim-air64/src/cx/texm_021.metal,14
/private/tmp/metal-ast-watchos-sim-air64/src/cx/texm_022.metal,14
/private/tmp/metal-ast-watchos-sim-air64/src/cx/texm_023.metal,14
/private/tmp/metal-ast-watchos-sim-air64/src/cx/texm_024.metal,14
/private/tmp/metal-ast-watchos-sim-air64/src/cx/texm_025.metal,14
/private/tmp/metal-ast-watchos-sim-air64/src/cx/texm_026.metal,14
/private/tmp/metal-ast-watchos-sim-air64/src/cx/texm_027.metal,14
/private/tmp/metal-ast-watchos-sim-air64/src/cx/texm_028.metal,14
/private/tmp/metal-ast-watchos-sim-air64/src/cx/texm_029.metal,14
/private/tmp/metal-ast-watchos-sim-air64/src/cx/texm_030.metal,14
/private/tmp/metal-ast-watchos-sim-air64/src/cx/texm_031.metal,14
/private/tmp/metal-ast-watchos-sim-air64/src/cx/texm_032.metal,14
/private/tmp/metal-ast-watchos-sim-air64/src/cx/texm_033.metal,14
/private/tmp/metal-ast-watchos-sim-air64/src/cx/texm_034.metal,14
/private/tmp/metal-ast-watchos-sim-air64/src/cx/texm_035.metal,14
/private/tmp/metal-ast-watchos-sim-air64/src/cx/texm_036.metal,14
/private/tmp/metal-ast-watchos-sim-air64/src/cx/texm_037.metal,14
/private/tmp/metal-ast-watchos-sim-air64/src/cx/texm_038.metal,14
/private/tmp/metal-ast-watchos-sim-air64/src/cx/texm_039.metal,14
/private/tmp/metal-ast-watchos-sim-air64/src/cx/texm_048.metal,14
/private/tmp/metal-ast-watchos-sim-air64/src/cx/texm_058.metal,14
/private/tmp/metal-ast-watchos-sim-air64/src/cx/texm_068.metal,14
/private/tmp/metal-ast-watchos-sim-air64/src/cx/texm_078.metal,14
/private/tmp/metal-ast-watchos-sim-air64/src/cx/texm_080.metal,14
/private/tmp/metal-ast-watchos-sim-air64/src/cx/texm_085.metal,14
/private/tmp/metal-ast-watchos-sim-air64/src/cx/texm_086.metal,14
/private/tmp/metal-ast-watchos-sim-air64/src/cx/texm_087.metal,14
/private/tmp/metal-ast-watchos-sim-air64/src/cx/texm_088.metal,14
/private/tmp/metal-ast-watchos-sim-air64/src/cx/texm_093.metal,14
/private/tmp/metal-ast-watchos-sim-air64/src/cx/texm_094.metal,14
/private/tmp/metal-ast-watchos-sim-air64/src/cx/texm_095.metal,14
/private/tmp/metal-ast-watchos-sim-air64/src/cx/texm_096.metal,14
/private/tmp/metal-ast-watchos-sim-air64/src/cx/texm_101.metal,14
/private/tmp/metal-ast-watchos-sim-air64/src/cx/texm_102.metal,14
/private/tmp/metal-ast-watchos-sim-air64/src/cx/texm_103.metal,14
/private/tmp/metal-ast-watchos-sim-air64/src/cx/texm_104.metal,14
/private/tmp/metal-ast-watchos-sim-air64/src/cx/texm_109.metal,14
/private/tmp/metal-ast-watchos-sim-air64/src/cx/texm_110.metal,14
/private/tmp/metal-ast-watchos-sim-air64/src/cx/texm_111.metal,14
/private/tmp/metal-ast-watchos-sim-air64/src/cx/texm_112.metal,14
/private/tmp/metal-ast-watchos-sim-air64/src/cx/texm_113.metal,14
/private/tmp/metal-ast-watchos-sim-air64/src/cx/texm_114.metal,14
/private/tmp/metal-ast-watchos-sim-air64/src/cx/texm_117.metal,14
/private/tmp/metal-ast-watchos-sim-air64/src/cx/texm_118.metal,14
/private/tmp/metal-ast-watchos-sim-air64/src/cx/texm_119.metal,14
/private/tmp/metal-ast-watchos-sim-air64/src/cx/texm_120.metal,14
/private/tmp/metal-ast-watchos-sim-air64/src/cx/texm_121.metal,14
/private/tmp/metal-ast-watchos-sim-air64/src/cx/texm_122.metal,14
/private/tmp/metal-ast-watchos-sim-air64/src/cx/texm_125.metal,14
/private/tmp/metal-ast-watchos-sim-air64/src/cx/texm_126.metal,14
/private/tmp/metal-ast-watchos-sim-air64/src/cx/texm_127.metal,14
/private/tmp/metal-ast-watchos-sim-air64/src/cx/texm_128.metal,14
/private/tmp/metal-ast-watchos-sim-air64/src/cx/texm_129.metal,14
/private/tmp/metal-ast-watchos-sim-air64/src/cx/texm_130.metal,14
/private/tmp/metal-ast-watchos-sim-air64/src/cx/texm_133.metal,14
/private/tmp/metal-ast-watchos-sim-air64/src/cx/texm_134.metal,14
/private/tmp/metal-ast-watchos-sim-air64/src/cx/texm_135.metal,14
/private/tmp/metal-ast-watchos-sim-air64/src/cx/texm_136.metal,14
/private/tmp/metal-ast-watchos-sim-air64/src/cx/texm_137.metal,14
/private/tmp/metal-ast-watchos-sim-air64/src/cx/texm_138.metal,14
/private/tmp/metal-ast-watchos-sim-air64/src/cx/texm_141.metal,14
/private/tmp/metal-ast-watchos-sim-air64/src/cx/texm_142.metal,14
/private/tmp/metal-ast-watchos-sim-air64/src/cx/texm_143.metal,14
/private/tmp/metal-ast-watchos-sim-air64/src/cx/texm_144.metal,14
/private/tmp/metal-ast-watchos-sim-air64/src/cx/texm_145.metal,14
/private/tmp/metal-ast-watchos-sim-air64/src/cx/texm_146.metal,14
/private/tmp/metal-ast-watchos-sim-air64/src/cx/texm_151.metal,14
/private/tmp/metal-ast-watchos-sim-air64/src/cx/texm_152.metal,14
/private/tmp/metal-ast-watchos-sim-air64/src/cx/texm_153.metal,14
/private/tmp/metal-ast-watchos-sim-air64/src/cx/texm_158.metal,14
/private/tmp/metal-ast-watchos-sim-air64/src/cx/texm_159.metal,14
/private/tmp/metal-ast-watchos-sim-air64/src/cx/texm_160.metal,14
/private/tmp/metal-ast-watchos-sim-air64/src/cx/texm_165.metal,14
/private/tmp/metal-ast-watchos-sim-air64/src/cx/texm_166.metal,14
/private/tmp/metal-ast-watchos-sim-air64/src/cx/texm_167.metal,14
/private/tmp/metal-ast-watchos-sim-air64/src/cx/texq_172.metal,14
/private/tmp/metal-ast-watchos-sim-air64/src/cx/texq_173.metal,14
/private/tmp/metal-ast-watchos-sim-air64/src/cx/texq_174.metal,14
/private/tmp/metal-ast-watchos-sim-air64/src/cx/texq_175.metal,14
/private/tmp/metal-ast-watchos-sim-air64/src/cx/texq_176.metal,14
/private/tmp/metal-ast-watchos-sim-air64/src/cx/texq_177.metal,14
/private/tmp/metal-ast-watchos-sim-air64/src/cx/texq_178.metal,14
/private/tmp/metal-ast-watchos-sim-air64/src/cx/texq_179.metal,14
/private/tmp/metal-ast-watchos-sim-air64/src/cx/texq_181.metal,14
/private/tmp/metal-ast-watchos-sim-air64/src/cx/texq_182.metal,14
/private/tmp/metal-ast-watchos-sim-air64/src/cx/texq_183.metal,14
/private/tmp/metal-ast-watchos-sim-air64/src/cx/texq_184.metal,14
/private/tmp/metal-ast-watchos-sim-air64/src/cx/texq_185.metal,14
/private/tmp/metal-ast-watchos-sim-air64/src/cx/texq_186.metal,14
/private/tmp/metal-ast-watchos-sim-air64/src/cx/texq_187.metal,14
/private/tmp/metal-ast-watchos-sim-air64/src/cx/texq_188.metal,14
/private/tmp/metal-ast-watchos-sim-air64/src/cx/threadgroup_tg_alignas.metal,14
/private/tmp/metal-ast-watchos-sim-air64/src/cx/threadgroup_tg_array_large.metal,14
/private/tmp/metal-ast-watchos-sim-air64/src/cx/threadgroup_tg_array_small.metal,14
/private/tmp/metal-ast-watchos-sim-air64/src/cx/threadgroup_tg_atomic.metal,14
/private/tmp/metal-ast-watchos-sim-air64/src/cx/threadgroup_tg_dynamic_index.metal,14
/private/tmp/metal-ast-watchos-sim-air64/src/cx/threadgroup_tg_multiple_arrays.metal,14
/private/tmp/metal-ast-watchos-sim-air64/src/cx/threadgroup_tg_prefix_sum.metal,14
/private/tmp/metal-ast-watchos-sim-air64/src/cx/threadgroup_tg_scalar.metal,14
/private/tmp/metal-ast-watchos-sim-air64/src/cx/threadgroup_tg_struct.metal,14
/private/tmp/metal-ast-watchos-sim-air64/src/cx/type_bool_to_int.metal,14
/private/tmp/metal-ast-watchos-sim-air64/src/cx/type_float2_to_scalar.metal,14
/private/tmp/metal-ast-watchos-sim-air64/src/cx/type_float3_to_scalar.metal,14
/private/tmp/metal-ast-watchos-sim-air64/src/cx/type_float4_to_scalar.metal,14
/private/tmp/metal-ast-watchos-sim-air64/src/cx/type_half2_to_scalar.metal,14
/private/tmp/metal-ast-watchos-sim-air64/src/cx/type_half3_to_scalar.metal,14
/private/tmp/metal-ast-watchos-sim-air64/src/cx/type_half4_to_scalar.metal,14
/private/tmp/metal-ast-watchos-sim-air64/src/cx/type_implicit_bool_to_char.metal,14
/private/tmp/metal-ast-watchos-sim-air64/src/cx/type_implicit_bool_to_float.metal,14
/private/tmp/metal-ast-watchos-sim-air64/src/cx/type_implicit_bool_to_half.metal,14
/private/tmp/metal-ast-watchos-sim-air64/src/cx/type_implicit_bool_to_int.metal,14
/private/tmp/metal-ast-watchos-sim-air64/src/cx/type_implicit_bool_to_short.metal,14
/private/tmp/metal-ast-watchos-sim-air64/src/cx/type_implicit_bool_to_uchar.metal,14
/private/tmp/metal-ast-watchos-sim-air64/src/cx/type_implicit_bool_to_uint.metal,14
/private/tmp/metal-ast-watchos-sim-air64/src/cx/type_implicit_bool_to_ushort.metal,14
/private/tmp/metal-ast-watchos-sim-air64/src/cx/type_implicit_char_to_bool.metal,14
/private/tmp/metal-ast-watchos-sim-air64/src/cx/type_implicit_char_to_float.metal,14
/private/tmp/metal-ast-watchos-sim-air64/src/cx/type_implicit_char_to_half.metal,14
/private/tmp/metal-ast-watchos-sim-air64/src/cx/type_implicit_char_to_int.metal,14
/private/tmp/metal-ast-watchos-sim-air64/src/cx/type_implicit_char_to_short.metal,14
/private/tmp/metal-ast-watchos-sim-air64/src/cx/type_implicit_char_to_uchar.metal,14
/private/tmp/metal-ast-watchos-sim-air64/src/cx/type_implicit_char_to_uint.metal,14
/private/tmp/metal-ast-watchos-sim-air64/src/cx/type_implicit_char_to_ushort.metal,14
/private/tmp/metal-ast-watchos-sim-air64/src/cx/type_implicit_float4_to_float3.metal,14
/private/tmp/metal-ast-watchos-sim-air64/src/cx/type_implicit_float_to_bool.metal,14
/private/tmp/metal-ast-watchos-sim-air64/src/cx/type_implicit_float_to_char.metal,14
/private/tmp/metal-ast-watchos-sim-air64/src/cx/type_implicit_float_to_half.metal,14
/private/tmp/metal-ast-watchos-sim-air64/src/cx/type_implicit_float_to_int.metal,14
/private/tmp/metal-ast-watchos-sim-air64/src/cx/type_implicit_float_to_short.metal,14
/private/tmp/metal-ast-watchos-sim-air64/src/cx/type_implicit_float_to_uchar.metal,14
/private/tmp/metal-ast-watchos-sim-air64/src/cx/type_implicit_float_to_uint.metal,14
/private/tmp/metal-ast-watchos-sim-air64/src/cx/type_implicit_float_to_ushort.metal,14
/private/tmp/metal-ast-watchos-sim-air64/src/cx/type_implicit_half4_to_half3.metal,14
/private/tmp/metal-ast-watchos-sim-air64/src/cx/type_implicit_half_to_bool.metal,14
/private/tmp/metal-ast-watchos-sim-air64/src/cx/type_implicit_half_to_char.metal,14
/private/tmp/metal-ast-watchos-sim-air64/src/cx/type_implicit_half_to_float.metal,14
/private/tmp/metal-ast-watchos-sim-air64/src/cx/type_implicit_half_to_int.metal,14
/private/tmp/metal-ast-watchos-sim-air64/src/cx/type_implicit_half_to_short.metal,14
/private/tmp/metal-ast-watchos-sim-air64/src/cx/type_implicit_half_to_uchar.metal,14
/private/tmp/metal-ast-watchos-sim-air64/src/cx/type_implicit_half_to_uint.metal,14
/private/tmp/metal-ast-watchos-sim-air64/src/cx/type_implicit_half_to_ushort.metal,14
/private/tmp/metal-ast-watchos-sim-air64/src/cx/type_implicit_int4_to_int3.metal,14
/private/tmp/metal-ast-watchos-sim-air64/src/cx/type_implicit_int_to_bool.metal,14
/private/tmp/metal-ast-watchos-sim-air64/src/cx/type_implicit_int_to_char.metal,14
/private/tmp/metal-ast-watchos-sim-air64/src/cx/type_implicit_int_to_float.metal,14
/private/tmp/metal-ast-watchos-sim-air64/src/cx/type_implicit_int_to_half.metal,14
/private/tmp/metal-ast-watchos-sim-air64/src/cx/type_implicit_int_to_short.metal,14
/private/tmp/metal-ast-watchos-sim-air64/src/cx/type_implicit_int_to_uchar.metal,14
/private/tmp/metal-ast-watchos-sim-air64/src/cx/type_implicit_int_to_uint.metal,14
/private/tmp/metal-ast-watchos-sim-air64/src/cx/type_implicit_int_to_ushort.metal,14
/private/tmp/metal-ast-watchos-sim-air64/src/cx/type_implicit_short_to_bool.metal,14
/private/tmp/metal-ast-watchos-sim-air64/src/cx/type_implicit_short_to_char.metal,14
/private/tmp/metal-ast-watchos-sim-air64/src/cx/type_implicit_short_to_float.metal,14
/private/tmp/metal-ast-watchos-sim-air64/src/cx/type_implicit_short_to_half.metal,14
/private/tmp/metal-ast-watchos-sim-air64/src/cx/type_implicit_short_to_int.metal,14
/private/tmp/metal-ast-watchos-sim-air64/src/cx/type_implicit_short_to_uchar.metal,14
/private/tmp/metal-ast-watchos-sim-air64/src/cx/type_implicit_short_to_uint.metal,14
/private/tmp/metal-ast-watchos-sim-air64/src/cx/type_implicit_short_to_ushort.metal,14
/private/tmp/metal-ast-watchos-sim-air64/src/cx/type_implicit_uchar_to_bool.metal,14
/private/tmp/metal-ast-watchos-sim-air64/src/cx/type_implicit_uchar_to_char.metal,14
/private/tmp/metal-ast-watchos-sim-air64/src/cx/type_implicit_uchar_to_float.metal,14
/private/tmp/metal-ast-watchos-sim-air64/src/cx/type_implicit_uchar_to_half.metal,14
/private/tmp/metal-ast-watchos-sim-air64/src/cx/type_implicit_uchar_to_int.metal,14
/private/tmp/metal-ast-watchos-sim-air64/src/cx/type_implicit_uchar_to_short.metal,14
/private/tmp/metal-ast-watchos-sim-air64/src/cx/type_implicit_uchar_to_uint.metal,14
/private/tmp/metal-ast-watchos-sim-air64/src/cx/type_implicit_uchar_to_ushort.metal,14
/private/tmp/metal-ast-watchos-sim-air64/src/cx/type_implicit_uint4_to_uint3.metal,14
/private/tmp/metal-ast-watchos-sim-air64/src/cx/type_implicit_uint_to_bool.metal,14
/private/tmp/metal-ast-watchos-sim-air64/src/cx/type_implicit_uint_to_char.metal,14
/private/tmp/metal-ast-watchos-sim-air64/src/cx/type_implicit_uint_to_float.metal,14
/private/tmp/metal-ast-watchos-sim-air64/src/cx/type_implicit_uint_to_half.metal,14
/private/tmp/metal-ast-watchos-sim-air64/src/cx/type_implicit_uint_to_int.metal,14
/private/tmp/metal-ast-watchos-sim-air64/src/cx/type_implicit_uint_to_short.metal,14
/private/tmp/metal-ast-watchos-sim-air64/src/cx/type_implicit_uint_to_uchar.metal,14
/private/tmp/metal-ast-watchos-sim-air64/src/cx/type_implicit_uint_to_ushort.metal,14
/private/tmp/metal-ast-watchos-sim-air64/src/cx/type_implicit_ushort_to_bool.metal,14
/private/tmp/metal-ast-watchos-sim-air64/src/cx/type_implicit_ushort_to_char.metal,14
/private/tmp/metal-ast-watchos-sim-air64/src/cx/type_implicit_ushort_to_float.metal,14
/private/tmp/metal-ast-watchos-sim-air64/src/cx/type_implicit_ushort_to_half.metal,14
/private/tmp/metal-ast-watchos-sim-air64/src/cx/type_implicit_ushort_to_int.metal,14
/private/tmp/metal-ast-watchos-sim-air64/src/cx/type_implicit_ushort_to_short.metal,14
/private/tmp/metal-ast-watchos-sim-air64/src/cx/type_implicit_ushort_to_uchar.metal,14
/private/tmp/metal-ast-watchos-sim-air64/src/cx/type_implicit_ushort_to_uint.metal,14
/private/tmp/metal-ast-watchos-sim-air64/src/cx/type_int2_to_scalar.metal,14
/private/tmp/metal-ast-watchos-sim-air64/src/cx/type_int3_to_scalar.metal,14
/private/tmp/metal-ast-watchos-sim-air64/src/cx/type_int4_to_scalar.metal,14
/private/tmp/metal-ast-watchos-sim-air64/src/cx/type_int_to_bool.metal,14
/private/tmp/metal-ast-watchos-sim-air64/src/cx/type_nullptr_to_device_ptr.metal,14
/private/tmp/metal-ast-watchos-sim-air64/src/cx/type_nullptr_to_thread_ptr.metal,14
/private/tmp/metal-ast-watchos-sim-air64/src/cx/type_promote_half_float_add.metal,14
/private/tmp/metal-ast-watchos-sim-air64/src/cx/type_promote_int_uint_add.metal,14
/private/tmp/metal-ast-watchos-sim-air64/src/cx/type_scalar_to_float2.metal,14
/private/tmp/metal-ast-watchos-sim-air64/src/cx/type_scalar_to_float3.metal,14
/private/tmp/metal-ast-watchos-sim-air64/src/cx/type_scalar_to_float4.metal,14
/private/tmp/metal-ast-watchos-sim-air64/src/cx/type_scalar_to_half2.metal,14
/private/tmp/metal-ast-watchos-sim-air64/src/cx/type_scalar_to_half3.metal,14
/private/tmp/metal-ast-watchos-sim-air64/src/cx/type_scalar_to_half4.metal,14
/private/tmp/metal-ast-watchos-sim-air64/src/cx/type_scalar_to_int2.metal,14
/private/tmp/metal-ast-watchos-sim-air64/src/cx/type_scalar_to_int3.metal,14
/private/tmp/metal-ast-watchos-sim-air64/src/cx/type_scalar_to_int4.metal,14
/private/tmp/metal-ast-watchos-sim-air64/src/cx/type_scalar_to_uint2.metal,14
/private/tmp/metal-ast-watchos-sim-air64/src/cx/type_scalar_to_uint3.metal,14
/private/tmp/metal-ast-watchos-sim-air64/src/cx/type_scalar_to_uint4.metal,14
/private/tmp/metal-ast-watchos-sim-air64/src/cx/type_template_deduction_min.metal,14
/private/tmp/metal-ast-watchos-sim-air64/src/cx/type_uint2_to_scalar.metal,14
/private/tmp/metal-ast-watchos-sim-air64/src/cx/type_uint3_to_scalar.metal,14
/private/tmp/metal-ast-watchos-sim-air64/src/cx/type_uint4_to_scalar.metal,14
/private/tmp/metal-ast-watchos-sim-air64/src/cx/type_vec_scalar_mul_float2.metal,14
/private/tmp/metal-ast-watchos-sim-air64/src/cx/type_vec_scalar_mul_float3.metal,14
/private/tmp/metal-ast-watchos-sim-air64/src/cx/type_vec_scalar_mul_float4.metal,14
/private/tmp/metal-ast-watchos-sim-air64/src/cx/type_vec_scalar_mul_half2.metal,14
/private/tmp/metal-ast-watchos-sim-air64/src/cx/type_vec_scalar_mul_half3.metal,14
/private/tmp/metal-ast-watchos-sim-air64/src/cx/type_vec_scalar_mul_half4.metal,14
/private/tmp/metal-ast-watchos-sim-air64/src/cx/vis_default.metal,14
/private/tmp/metal-ast-watchos-sim-air64/src/cx/vis_export_name.metal,14
/private/tmp/metal-ast-watchos-sim-air64/src/cx/vis_internal.metal,14
/private/tmp/metal-ast-watchos-sim-air64/src/cx/vis_multiple_visible.metal,14
/private/tmp/metal-ast-watchos-sim-air64/src/cx/vis_template_visible.metal,14
/private/tmp/metal-ast-watchos-sim-air64/src/cx/vis_visible.metal,14
/private/tmp/metal-ast-watchos-sim-air64/src/cx/warn_deprecated.metal,14
/private/tmp/metal-ast-watchos-sim-air64/src/cx/warn_div_zero.metal,14
/private/tmp/metal-ast-watchos-sim-air64/src/cx/warn_empty_body.metal,14
/private/tmp/metal-ast-watchos-sim-air64/src/cx/warn_extra_parens.metal,14
/private/tmp/metal-ast-watchos-sim-air64/src/cx/warn_fallthrough.metal,14
/private/tmp/metal-ast-watchos-sim-air64/src/cx/warn_infinite_loop.metal,14
/private/tmp/metal-ast-watchos-sim-air64/src/cx/warn_missing_braces.metal,14
/private/tmp/metal-ast-watchos-sim-air64/src/cx/warn_narrowing.metal,14
/private/tmp/metal-ast-watchos-sim-air64/src/cx/warn_self_assign.metal,14
/private/tmp/metal-ast-watchos-sim-air64/src/cx/warn_shadow.metal,14
/private/tmp/metal-ast-watchos-sim-air64/src/cx/warn_shift_overflow.metal,14
/private/tmp/metal-ast-watchos-sim-air64/src/cx/warn_sign_compare.metal,14
/private/tmp/metal-ast-watchos-sim-air64/src/cx/warn_unreachable.metal,14
/private/tmp/metal-ast-watchos-sim-air64/src/cx/warn_unused_var.metal,14
/private/tmp/metal-ast-watchos-sim-air64/src/codegen_all.metal,14
/private/tmp/metal-ast-ios-air64/src/cx/io_fragment_rta_vpa.metal,13
/private/tmp/metal-ast-ios-air64/src/cx/repr_packed_half_suite.metal,13
/private/tmp/metal-ast-ios-air64/src/cx/repr_packed_int_suite.metal,13
/private/tmp/metal-ast-ios-air64/src/cx/repr_packed_suite.metal,13
/private/tmp/metal-ast-ios-air64/src/cx/res_threadgroup_packed_mixed.metal,13
/private/tmp/metal-ast-ios-air64/src/cx/threadgroup_tg_packed.metal,13
/private/tmp/metal-ast-ios-sim-air64/src/cx/io_fragment_rta_vpa.metal,13
/private/tmp/metal-ast-ios-sim-air64/src/cx/repr_packed_half_suite.metal,13
/private/tmp/metal-ast-ios-sim-air64/src/cx/repr_packed_int_suite.metal,13
/private/tmp/metal-ast-ios-sim-air64/src/cx/repr_packed_suite.metal,13
/private/tmp/metal-ast-ios-sim-air64/src/cx/res_threadgroup_packed_mixed.metal,13
/private/tmp/metal-ast-ios-sim-air64/src/cx/threadgroup_tg_packed.metal,13
/private/tmp/metal-ast-macos-air32/src/cx/builtin_simd_prefix.metal,13
/private/tmp/metal-ast-macos-air32/src/cx/repr_packed_half_suite.metal,13
/private/tmp/metal-ast-macos-air32/src/cx/repr_packed_int_suite.metal,13
/private/tmp/metal-ast-macos-air32/src/cx/repr_packed_suite.metal,13
/private/tmp/metal-ast-macos-air32/src/cx/res_threadgroup_packed_mixed.metal,13
/private/tmp/metal-ast-macos-air32/src/cx/threadgroup_tg_packed.metal,13
/private/tmp/metal-ast-macos-air64/src/cx/builtin_simd_prefix.metal,13
/private/tmp/metal-ast-macos-air64/src/cx/repr_packed_half_suite.metal,13
/private/tmp/metal-ast-macos-air64/src/cx/repr_packed_int_suite.metal,13
/private/tmp/metal-ast-macos-air64/src/cx/repr_packed_suite.metal,13
/private/tmp/metal-ast-macos-air64/src/cx/res_threadgroup_packed_mixed.metal,13
/private/tmp/metal-ast-macos-air64/src/cx/threadgroup_tg_packed.metal,13
/private/tmp/metal-ast-tvos-air32/src/cx/io_fragment_rta_vpa.metal,13
/private/tmp/metal-ast-tvos-air32/src/cx/repr_packed_half_suite.metal,13
/private/tmp/metal-ast-tvos-air32/src/cx/repr_packed_int_suite.metal,13
/private/tmp/metal-ast-tvos-air32/src/cx/repr_packed_suite.metal,13
/private/tmp/metal-ast-tvos-air32/src/cx/res_threadgroup_packed_mixed.metal,13
/private/tmp/metal-ast-tvos-air32/src/cx/threadgroup_tg_packed.metal,13
/private/tmp/metal-ast-tvos-air64/src/cx/io_fragment_rta_vpa.metal,13
/private/tmp/metal-ast-tvos-air64/src/cx/repr_packed_half_suite.metal,13
/private/tmp/metal-ast-tvos-air64/src/cx/repr_packed_int_suite.metal,13
/private/tmp/metal-ast-tvos-air64/src/cx/repr_packed_suite.metal,13
/private/tmp/metal-ast-tvos-air64/src/cx/res_threadgroup_packed_mixed.metal,13
/private/tmp/metal-ast-tvos-air64/src/cx/threadgroup_tg_packed.metal,13
/private/tmp/metal-ast-tvos-sim-air32/src/cx/io_fragment_rta_vpa.metal,13
/private/tmp/metal-ast-tvos-sim-air32/src/cx/repr_packed_half_suite.metal,13
/private/tmp/metal-ast-tvos-sim-air32/src/cx/repr_packed_int_suite.metal,13
/private/tmp/metal-ast-tvos-sim-air32/src/cx/repr_packed_suite.metal,13
/private/tmp/metal-ast-tvos-sim-air32/src/cx/res_threadgroup_packed_mixed.metal,13
/private/tmp/metal-ast-tvos-sim-air32/src/cx/threadgroup_tg_packed.metal,13
/private/tmp/metal-ast-tvos-sim-air64/src/cx/io_fragment_rta_vpa.metal,13
/private/tmp/metal-ast-tvos-sim-air64/src/cx/repr_packed_half_suite.metal,13
/private/tmp/metal-ast-tvos-sim-air64/src/cx/repr_packed_int_suite.metal,13
/private/tmp/metal-ast-tvos-sim-air64/src/cx/repr_packed_suite.metal,13
/private/tmp/metal-ast-tvos-sim-air64/src/cx/res_threadgroup_packed_mixed.metal,13
/private/tmp/metal-ast-tvos-sim-air64/src/cx/threadgroup_tg_packed.metal,13
float [2],12
/private/tmp/metal-ast-ios-air64/src/cx/res_intersection_function_table.metal,12
/private/tmp/metal-ast-ios-air64/src/cx/rt_accstruct_instance.metal,12
/private/tmp/metal-ast-ios-air64/src/cx/rt_accstruct_primitive.metal,12
/private/tmp/metal-ast-ios-air64/src/cx/rt_flags.metal,12
/private/tmp/metal-ast-ios-air64/src/cx/rt_payload_struct.metal,12
/private/tmp/metal-ast-ios-air64/src/cx/rt_triangle_query.metal,12
/private/tmp/metal-ast-ios-air64/src/metal_object_types_all.metal,12
ulong,12
long,12
/private/tmp/metal-ast-ios-sim-air64/src/cx/res_intersection_function_table.metal,12
/private/tmp/metal-ast-ios-sim-air64/src/cx/rt_accstruct_instance.metal,12
/private/tmp/metal-ast-ios-sim-air64/src/cx/rt_accstruct_primitive.metal,12
/private/tmp/metal-ast-ios-sim-air64/src/cx/rt_flags.metal,12
/private/tmp/metal-ast-ios-sim-air64/src/cx/rt_payload_struct.metal,12
/private/tmp/metal-ast-ios-sim-air64/src/cx/rt_triangle_query.metal,12
/private/tmp/metal-ast-ios-sim-air64/src/metal_object_types_all.metal,12
/private/tmp/metal-ast-macos-air32/src/address_spaces_ray_data_all.metal,12
/private/tmp/metal-ast-macos-air32/src/raytracing_metal2_all.metal,12
/private/tmp/metal-ast-macos-air64/src/address_spaces_ray_data_all.metal,12
/private/tmp/metal-ast-macos-air64/src/raytracing_metal2_all.metal,12
/private/tmp/metal-ast-tvos-air32/src/metal_object_types_all.metal,12
/private/tmp/metal-ast-tvos-air64/src/metal_object_types_all.metal,12
/private/tmp/metal-ast-tvos-sim-air32/src/metal_object_types_all.metal,12
/private/tmp/metal-ast-tvos-sim-air64/src/metal_object_types_all.metal,12
/private/tmp/metal-ast-ios-air64/src/cx/builtin_color.metal,11
/private/tmp/metal-ast-ios-air64/src/cx/builtin_simd_matrix.metal,11
/private/tmp/metal-ast-ios-air64/src/cx/intrinsics_half_ops.metal,11
/private/tmp/metal-ast-ios-air64/src/cx/intrinsics_math_binary.metal,11
/private/tmp/metal-ast-ios-air64/src/cx/intrinsics_math_ternary.metal,11
/private/tmp/metal-ast-ios-air64/src/cx/intrinsics_math_unary.metal,11
/private/tmp/metal-ast-ios-air64/src/cx/intrinsics_texture_ops.metal,11
/private/tmp/metal-ast-ios-air64/src/cx/intrinsics_vector_ops.metal,11
/private/tmp/metal-ast-ios-air64/src/cx/vis_host_name.metal,11
/private/tmp/metal-ast-ios-sim-air64/src/cx/builtin_color.metal,11
/private/tmp/metal-ast-ios-sim-air64/src/cx/builtin_simd_matrix.metal,11
/private/tmp/metal-ast-ios-sim-air64/src/cx/intrinsics_half_ops.metal,11
/private/tmp/metal-ast-ios-sim-air64/src/cx/intrinsics_math_binary.metal,11
/private/tmp/metal-ast-ios-sim-air64/src/cx/intrinsics_math_ternary.metal,11
/private/tmp/metal-ast-ios-sim-air64/src/cx/intrinsics_math_unary.metal,11
/private/tmp/metal-ast-ios-sim-air64/src/cx/intrinsics_texture_ops.metal,11
/private/tmp/metal-ast-ios-sim-air64/src/cx/intrinsics_vector_ops.metal,11
/private/tmp/metal-ast-ios-sim-air64/src/cx/vis_host_name.metal,11
/private/tmp/metal-ast-macos-air32/src/cx/vis_host_name.metal,11
/private/tmp/metal-ast-macos-air64/src/cx/vis_host_name.metal,11
/private/tmp/metal-ast-tvos-air32/src/cx/builtin_color.metal,11
/private/tmp/metal-ast-tvos-air32/src/cx/builtin_simd_matrix.metal,11
/private/tmp/metal-ast-tvos-air32/src/cx/intrinsics_half_ops.metal,11
/private/tmp/metal-ast-tvos-air32/src/cx/intrinsics_math_binary.metal,11
/private/tmp/metal-ast-tvos-air32/src/cx/intrinsics_math_ternary.metal,11
/private/tmp/metal-ast-tvos-air32/src/cx/intrinsics_math_unary.metal,11
/private/tmp/metal-ast-tvos-air32/src/cx/intrinsics_texture_ops.metal,11
/private/tmp/metal-ast-tvos-air32/src/cx/intrinsics_vector_ops.metal,11
/private/tmp/metal-ast-tvos-air32/src/cx/vis_host_name.metal,11
/private/tmp/metal-ast-tvos-air64/src/cx/builtin_color.metal,11
/private/tmp/metal-ast-tvos-air64/src/cx/builtin_simd_matrix.metal,11
/private/tmp/metal-ast-tvos-air64/src/cx/intrinsics_half_ops.metal,11
/private/tmp/metal-ast-tvos-air64/src/cx/intrinsics_math_binary.metal,11
/private/tmp/metal-ast-tvos-air64/src/cx/intrinsics_math_ternary.metal,11
/private/tmp/metal-ast-tvos-air64/src/cx/intrinsics_math_unary.metal,11
/private/tmp/metal-ast-tvos-air64/src/cx/intrinsics_texture_ops.metal,11
/private/tmp/metal-ast-tvos-air64/src/cx/intrinsics_vector_ops.metal,11
/private/tmp/metal-ast-tvos-air64/src/cx/vis_host_name.metal,11
/private/tmp/metal-ast-tvos-sim-air32/src/cx/builtin_color.metal,11
/private/tmp/metal-ast-tvos-sim-air32/src/cx/builtin_simd_matrix.metal,11
/private/tmp/metal-ast-tvos-sim-air32/src/cx/intrinsics_half_ops.metal,11
/private/tmp/metal-ast-tvos-sim-air32/src/cx/intrinsics_math_binary.metal,11
/private/tmp/metal-ast-tvos-sim-air32/src/cx/intrinsics_math_ternary.metal,11
/private/tmp/metal-ast-tvos-sim-air32/src/cx/intrinsics_math_unary.metal,11
/private/tmp/metal-ast-tvos-sim-air32/src/cx/intrinsics_texture_ops.metal,11
/private/tmp/metal-ast-tvos-sim-air32/src/cx/intrinsics_vector_ops.metal,11
/private/tmp/metal-ast-tvos-sim-air32/src/cx/vis_host_name.metal,11
/private/tmp/metal-ast-tvos-sim-air64/src/cx/builtin_color.metal,11
/private/tmp/metal-ast-tvos-sim-air64/src/cx/builtin_simd_matrix.metal,11
/private/tmp/metal-ast-tvos-sim-air64/src/cx/intrinsics_half_ops.metal,11
/private/tmp/metal-ast-tvos-sim-air64/src/cx/intrinsics_math_binary.metal,11
/private/tmp/metal-ast-tvos-sim-air64/src/cx/intrinsics_math_ternary.metal,11
/private/tmp/metal-ast-tvos-sim-air64/src/cx/intrinsics_math_unary.metal,11
/private/tmp/metal-ast-tvos-sim-air64/src/cx/intrinsics_texture_ops.metal,11
/private/tmp/metal-ast-tvos-sim-air64/src/cx/intrinsics_vector_ops.metal,11
/private/tmp/metal-ast-tvos-sim-air64/src/cx/vis_host_name.metal,11
/private/tmp/metal-ast-macos-air32/src/cx/res_intersection_function_table.metal,10
/private/tmp/metal-ast-macos-air32/src/cx/rt_accstruct_instance.metal,10
/private/tmp/metal-ast-macos-air32/src/cx/rt_accstruct_primitive.metal,10
/private/tmp/metal-ast-macos-air32/src/cx/rt_flags.metal,10
/private/tmp/metal-ast-macos-air32/src/cx/rt_payload_struct.metal,10
/private/tmp/metal-ast-macos-air32/src/cx/rt_triangle_query.metal,10
/private/tmp/metal-ast-macos-air64/src/cx/res_intersection_function_table.metal,10
/private/tmp/metal-ast-macos-air64/src/cx/rt_accstruct_instance.metal,10
/private/tmp/metal-ast-macos-air64/src/cx/rt_accstruct_primitive.metal,10
/private/tmp/metal-ast-macos-air64/src/cx/rt_flags.metal,10
/private/tmp/metal-ast-macos-air64/src/cx/rt_payload_struct.metal,10
/private/tmp/metal-ast-macos-air64/src/cx/rt_triangle_query.metal,10
/private/tmp/metal-ast-tvos-air32/src/cx/res_intersection_function_table.metal,10
/private/tmp/metal-ast-tvos-air32/src/cx/rt_accstruct_instance.metal,10
/private/tmp/metal-ast-tvos-air32/src/cx/rt_accstruct_primitive.metal,10
/private/tmp/metal-ast-tvos-air32/src/cx/rt_flags.metal,10
/private/tmp/metal-ast-tvos-air32/src/cx/rt_payload_struct.metal,10
/private/tmp/metal-ast-tvos-air32/src/cx/rt_triangle_query.metal,10
/private/tmp/metal-ast-tvos-air64/src/cx/res_intersection_function_table.metal,10
/private/tmp/metal-ast-tvos-air64/src/cx/rt_accstruct_instance.metal,10
/private/tmp/metal-ast-tvos-air64/src/cx/rt_accstruct_primitive.metal,10
/private/tmp/metal-ast-tvos-air64/src/cx/rt_flags.metal,10
/private/tmp/metal-ast-tvos-air64/src/cx/rt_payload_struct.metal,10
/private/tmp/metal-ast-tvos-air64/src/cx/rt_triangle_query.metal,10
/private/tmp/metal-ast-tvos-sim-air32/src/cx/res_intersection_function_table.metal,10
/private/tmp/metal-ast-tvos-sim-air32/src/cx/rt_accstruct_instance.metal,10
/private/tmp/metal-ast-tvos-sim-air32/src/cx/rt_accstruct_primitive.metal,10
/private/tmp/metal-ast-tvos-sim-air32/src/cx/rt_flags.metal,10
/private/tmp/metal-ast-tvos-sim-air32/src/cx/rt_payload_struct.metal,10
/private/tmp/metal-ast-tvos-sim-air32/src/cx/rt_triangle_query.metal,10
/private/tmp/metal-ast-tvos-sim-air64/src/cx/res_intersection_function_table.metal,10
/private/tmp/metal-ast-tvos-sim-air64/src/cx/rt_accstruct_instance.metal,10
/private/tmp/metal-ast-tvos-sim-air64/src/cx/rt_accstruct_primitive.metal,10
/private/tmp/metal-ast-tvos-sim-air64/src/cx/rt_flags.metal,10
/private/tmp/metal-ast-tvos-sim-air64/src/cx/rt_payload_struct.metal,10
/private/tmp/metal-ast-tvos-sim-air64/src/cx/rt_triangle_query.metal,10
/private/tmp/metal-ast-watchos-air32/src/cx/mesh_perprim_attrs.metal,10
/private/tmp/metal-ast-watchos-air32/src/cx/mesh_topo_line.metal,10
/private/tmp/metal-ast-watchos-air32/src/cx/mesh_topo_point.metal,10
/private/tmp/metal-ast-watchos-air32/src/cx/mesh_topo_triangle.metal,10
/private/tmp/metal-ast-watchos-air32/src/cx/multi_entry_mesh_object.metal,10
/private/tmp/metal-ast-watchos-air32/src/cx/object_min.metal,10
/private/tmp/metal-ast-watchos-air32/src/cx/res_visible_function_table.metal,10
/private/tmp/metal-ast-watchos-air32/src/cx/vis_stitchable.metal,10
/private/tmp/metal-ast-watchos-air32/src/cx/cxx_019_union_type.metal,10
/private/tmp/metal-ast-watchos-air32/src/cx/cxx_union.metal,10
/private/tmp/metal-ast-watchos-air32/src/cx/err_attr_stage_in_kernel.metal,10
/private/tmp/metal-ast-watchos-air32/src/cx/function_constant_fc_bool.metal,10
/private/tmp/metal-ast-watchos-air32/src/cx/function_constant_fc_conditional_compile.metal,10
/private/tmp/metal-ast-watchos-air32/src/cx/function_constant_fc_float.metal,10
/private/tmp/metal-ast-watchos-air32/src/cx/function_constant_fc_in_struct.metal,10
/private/tmp/metal-ast-watchos-air32/src/cx/function_constant_fc_int.metal,10
/private/tmp/metal-ast-watchos-air32/src/cx/function_constant_fc_multiple.metal,10
/private/tmp/metal-ast-watchos-air32/src/cx/function_constant_fc_uint.metal,10
/private/tmp/metal-ast-watchos-air32/src/cx/function_constant_fc_with_default.metal,10
/private/tmp/metal-ast-watchos-air32/src/cx/res_function_constant0.metal,10
/private/tmp/metal-ast-watchos-air32/src/cx/res_function_constant15.metal,10
/private/tmp/metal-ast-watchos-air32/src/cx/res_function_constant31.metal,10
/private/tmp/metal-ast-watchos-air64/src/cx/mesh_perprim_attrs.metal,10
/private/tmp/metal-ast-watchos-air64/src/cx/mesh_topo_line.metal,10
/private/tmp/metal-ast-watchos-air64/src/cx/mesh_topo_point.metal,10
/private/tmp/metal-ast-watchos-air64/src/cx/mesh_topo_triangle.metal,10
/private/tmp/metal-ast-watchos-air64/src/cx/multi_entry_mesh_object.metal,10
/private/tmp/metal-ast-watchos-air64/src/cx/object_min.metal,10
/private/tmp/metal-ast-watchos-air64/src/cx/res_visible_function_table.metal,10
/private/tmp/metal-ast-watchos-air64/src/cx/vis_stitchable.metal,10
/private/tmp/metal-ast-watchos-air64/src/cx/cxx_019_union_type.metal,10
/private/tmp/metal-ast-watchos-air64/src/cx/cxx_union.metal,10
/private/tmp/metal-ast-watchos-air64/src/cx/err_attr_stage_in_kernel.metal,10
/private/tmp/metal-ast-watchos-air64/src/cx/function_constant_fc_bool.metal,10
/private/tmp/metal-ast-watchos-air64/src/cx/function_constant_fc_conditional_compile.metal,10
/private/tmp/metal-ast-watchos-air64/src/cx/function_constant_fc_float.metal,10
/private/tmp/metal-ast-watchos-air64/src/cx/function_constant_fc_in_struct.metal,10
/private/tmp/metal-ast-watchos-air64/src/cx/function_constant_fc_int.metal,10
/private/tmp/metal-ast-watchos-air64/src/cx/function_constant_fc_multiple.metal,10
/private/tmp/metal-ast-watchos-air64/src/cx/function_constant_fc_uint.metal,10
/private/tmp/metal-ast-watchos-air64/src/cx/function_constant_fc_with_default.metal,10
/private/tmp/metal-ast-watchos-air64/src/cx/res_function_constant0.metal,10
/private/tmp/metal-ast-watchos-air64/src/cx/res_function_constant15.metal,10
/private/tmp/metal-ast-watchos-air64/src/cx/res_function_constant31.metal,10
/private/tmp/metal-ast-watchos-sim-air32/src/cx/mesh_perprim_attrs.metal,10
/private/tmp/metal-ast-watchos-sim-air32/src/cx/mesh_topo_line.metal,10
/private/tmp/metal-ast-watchos-sim-air32/src/cx/mesh_topo_point.metal,10
/private/tmp/metal-ast-watchos-sim-air32/src/cx/mesh_topo_triangle.metal,10
/private/tmp/metal-ast-watchos-sim-air32/src/cx/multi_entry_mesh_object.metal,10
/private/tmp/metal-ast-watchos-sim-air32/src/cx/object_min.metal,10
/private/tmp/metal-ast-watchos-sim-air32/src/cx/res_visible_function_table.metal,10
/private/tmp/metal-ast-watchos-sim-air32/src/cx/vis_stitchable.metal,10
/private/tmp/metal-ast-watchos-sim-air32/src/cx/cxx_019_union_type.metal,10
/private/tmp/metal-ast-watchos-sim-air32/src/cx/cxx_union.metal,10
/private/tmp/metal-ast-watchos-sim-air32/src/cx/err_attr_stage_in_kernel.metal,10
/private/tmp/metal-ast-watchos-sim-air32/src/cx/function_constant_fc_bool.metal,10
/private/tmp/metal-ast-watchos-sim-air32/src/cx/function_constant_fc_conditional_compile.metal,10
/private/tmp/metal-ast-watchos-sim-air32/src/cx/function_constant_fc_float.metal,10
/private/tmp/metal-ast-watchos-sim-air32/src/cx/function_constant_fc_in_struct.metal,10
/private/tmp/metal-ast-watchos-sim-air32/src/cx/function_constant_fc_int.metal,10
/private/tmp/metal-ast-watchos-sim-air32/src/cx/function_constant_fc_multiple.metal,10
/private/tmp/metal-ast-watchos-sim-air32/src/cx/function_constant_fc_uint.metal,10
/private/tmp/metal-ast-watchos-sim-air32/src/cx/function_constant_fc_with_default.metal,10
/private/tmp/metal-ast-watchos-sim-air32/src/cx/res_function_constant0.metal,10
/private/tmp/metal-ast-watchos-sim-air32/src/cx/res_function_constant15.metal,10
/private/tmp/metal-ast-watchos-sim-air32/src/cx/res_function_constant31.metal,10
/private/tmp/metal-ast-watchos-sim-air64/src/cx/mesh_perprim_attrs.metal,10
/private/tmp/metal-ast-watchos-sim-air64/src/cx/mesh_topo_line.metal,10
/private/tmp/metal-ast-watchos-sim-air64/src/cx/mesh_topo_point.metal,10
/private/tmp/metal-ast-watchos-sim-air64/src/cx/mesh_topo_triangle.metal,10
/private/tmp/metal-ast-watchos-sim-air64/src/cx/multi_entry_mesh_object.metal,10
/private/tmp/metal-ast-watchos-sim-air64/src/cx/object_min.metal,10
/private/tmp/metal-ast-watchos-sim-air64/src/cx/res_visible_function_table.metal,10
/private/tmp/metal-ast-watchos-sim-air64/src/cx/vis_stitchable.metal,10
/private/tmp/metal-ast-watchos-sim-air64/src/cx/cxx_019_union_type.metal,10
/private/tmp/metal-ast-watchos-sim-air64/src/cx/cxx_union.metal,10
/private/tmp/metal-ast-watchos-sim-air64/src/cx/err_attr_stage_in_kernel.metal,10
/private/tmp/metal-ast-watchos-sim-air64/src/cx/function_constant_fc_bool.metal,10
/private/tmp/metal-ast-watchos-sim-air64/src/cx/function_constant_fc_conditional_compile.metal,10
/private/tmp/metal-ast-watchos-sim-air64/src/cx/function_constant_fc_float.metal,10
/private/tmp/metal-ast-watchos-sim-air64/src/cx/function_constant_fc_in_struct.metal,10
/private/tmp/metal-ast-watchos-sim-air64/src/cx/function_constant_fc_int.metal,10
/private/tmp/metal-ast-watchos-sim-air64/src/cx/function_constant_fc_multiple.metal,10
/private/tmp/metal-ast-watchos-sim-air64/src/cx/function_constant_fc_uint.metal,10
/private/tmp/metal-ast-watchos-sim-air64/src/cx/function_constant_fc_with_default.metal,10
/private/tmp/metal-ast-watchos-sim-air64/src/cx/res_function_constant0.metal,10
/private/tmp/metal-ast-watchos-sim-air64/src/cx/res_function_constant15.metal,10
/private/tmp/metal-ast-watchos-sim-air64/src/cx/res_function_constant31.metal,10
/private/tmp/metal-ast-ios-air64/src/cx/builtin_simd_prefix.metal,9
/private/tmp/metal-ast-ios-air64/src/cx/cxx_021_function_pointer.metal,9
/private/tmp/metal-ast-ios-air64/src/cx/cxx_function_pointer.metal,9
/private/tmp/metal-ast-ios-sim-air64/src/cx/builtin_simd_prefix.metal,9
/private/tmp/metal-ast-ios-sim-air64/src/cx/cxx_021_function_pointer.metal,9
/private/tmp/metal-ast-ios-sim-air64/src/cx/cxx_function_pointer.metal,9
/private/tmp/metal-ast-macos-air32/src/cx/cxx_021_function_pointer.metal,9
/private/tmp/metal-ast-macos-air32/src/cx/cxx_function_pointer.metal,9
/private/tmp/metal-ast-macos-air64/src/cx/cxx_021_function_pointer.metal,9
/private/tmp/metal-ast-macos-air64/src/cx/cxx_function_pointer.metal,9
/private/tmp/metal-ast-tvos-air32/src/cx/builtin_simd_prefix.metal,9
/private/tmp/metal-ast-tvos-air32/src/cx/cxx_021_function_pointer.metal,9
/private/tmp/metal-ast-tvos-air32/src/cx/cxx_function_pointer.metal,9
/private/tmp/metal-ast-tvos-air64/src/cx/builtin_simd_prefix.metal,9
/private/tmp/metal-ast-tvos-air64/src/cx/cxx_021_function_pointer.metal,9
/private/tmp/metal-ast-tvos-air64/src/cx/cxx_function_pointer.metal,9
/private/tmp/metal-ast-tvos-sim-air32/src/cx/builtin_simd_prefix.metal,9
/private/tmp/metal-ast-tvos-sim-air32/src/cx/cxx_021_function_pointer.metal,9
/private/tmp/metal-ast-tvos-sim-air32/src/cx/cxx_function_pointer.metal,9
/private/tmp/metal-ast-tvos-sim-air64/src/cx/builtin_simd_prefix.metal,9
/private/tmp/metal-ast-tvos-sim-air64/src/cx/cxx_021_function_pointer.metal,9
/private/tmp/metal-ast-tvos-sim-air64/src/cx/cxx_function_pointer.metal,9
/private/tmp/metal-ast-watchos-air32/src/cx/determ_arg_buffer.metal,9
/private/tmp/metal-ast-watchos-air32/src/cx/multi_entry_shared_argbuf.metal,9
/private/tmp/metal-ast-watchos-air32/src/cx/texm_149.metal,9
/private/tmp/metal-ast-watchos-air32/src/cx/texm_156.metal,9
/private/tmp/metal-ast-watchos-air32/src/cx/texm_163.metal,9
/private/tmp/metal-ast-watchos-air32/src/cx/texm_170.metal,9
/private/tmp/metal-ast-watchos-air64/src/cx/determ_arg_buffer.metal,9
/private/tmp/metal-ast-watchos-air64/src/cx/multi_entry_shared_argbuf.metal,9
/private/tmp/metal-ast-watchos-air64/src/cx/texm_149.metal,9
/private/tmp/metal-ast-watchos-air64/src/cx/texm_156.metal,9
/private/tmp/metal-ast-watchos-air64/src/cx/texm_163.metal,9
/private/tmp/metal-ast-watchos-air64/src/cx/texm_170.metal,9
/private/tmp/metal-ast-watchos-sim-air32/src/cx/determ_arg_buffer.metal,9
/private/tmp/metal-ast-watchos-sim-air32/src/cx/multi_entry_shared_argbuf.metal,9
/private/tmp/metal-ast-watchos-sim-air32/src/cx/texm_149.metal,9
/private/tmp/metal-ast-watchos-sim-air32/src/cx/texm_156.metal,9
/private/tmp/metal-ast-watchos-sim-air32/src/cx/texm_163.metal,9
/private/tmp/metal-ast-watchos-sim-air32/src/cx/texm_170.metal,9
/private/tmp/metal-ast-watchos-sim-air64/src/cx/determ_arg_buffer.metal,9
/private/tmp/metal-ast-watchos-sim-air64/src/cx/multi_entry_shared_argbuf.metal,9
/private/tmp/metal-ast-watchos-sim-air64/src/cx/texm_149.metal,9
/private/tmp/metal-ast-watchos-sim-air64/src/cx/texm_156.metal,9
/private/tmp/metal-ast-watchos-sim-air64/src/cx/texm_163.metal,9
/private/tmp/metal-ast-watchos-sim-air64/src/cx/texm_170.metal,9
/private/tmp/metal-ast-ios-air64/src/address_spaces_ray_data_all.metal,8
/private/tmp/metal-ast-ios-air64/src/raytracing_metal2_all.metal,8
/private/tmp/metal-ast-ios-sim-air64/src/address_spaces_ray_data_all.metal,8
/private/tmp/metal-ast-ios-sim-air64/src/raytracing_metal2_all.metal,8
/private/tmp/metal-ast-tvos-air32/src/address_spaces_ray_data_all.metal,8
/private/tmp/metal-ast-tvos-air32/src/raytracing_metal2_all.metal,8
/private/tmp/metal-ast-tvos-air64/src/address_spaces_ray_data_all.metal,8
/private/tmp/metal-ast-tvos-air64/src/raytracing_metal2_all.metal,8
/private/tmp/metal-ast-tvos-sim-air32/src/address_spaces_ray_data_all.metal,8
/private/tmp/metal-ast-tvos-sim-air32/src/raytracing_metal2_all.metal,8
/private/tmp/metal-ast-tvos-sim-air64/src/address_spaces_ray_data_all.metal,8
/private/tmp/metal-ast-tvos-sim-air64/src/raytracing_metal2_all.metal,8
/private/tmp/metal-ast-watchos-air32/src/cx/res_intersection_function_table.metal,8
/private/tmp/metal-ast-watchos-air32/src/cx/rt_accstruct_instance.metal,8
/private/tmp/metal-ast-watchos-air32/src/cx/rt_accstruct_primitive.metal,8
/private/tmp/metal-ast-watchos-air32/src/cx/rt_flags.metal,8
/private/tmp/metal-ast-watchos-air32/src/cx/rt_payload_struct.metal,8
/private/tmp/metal-ast-watchos-air32/src/cx/rt_triangle_query.metal,8
/private/tmp/metal-ast-watchos-air32/src/cx/io_fragment_rta_vpa.metal,8
/private/tmp/metal-ast-watchos-air32/src/cx/repr_packed_half_suite.metal,8
/private/tmp/metal-ast-watchos-air32/src/cx/repr_packed_int_suite.metal,8
/private/tmp/metal-ast-watchos-air32/src/cx/repr_packed_suite.metal,8
/private/tmp/metal-ast-watchos-air32/src/cx/res_threadgroup_packed_mixed.metal,8
/private/tmp/metal-ast-watchos-air32/src/cx/threadgroup_tg_packed.metal,8
/private/tmp/metal-ast-watchos-air32/src/tensor4_all.metal,8
/private/tmp/metal-ast-watchos-air64/src/cx/res_intersection_function_table.metal,8
/private/tmp/metal-ast-watchos-air64/src/cx/rt_accstruct_instance.metal,8
/private/tmp/metal-ast-watchos-air64/src/cx/rt_accstruct_primitive.metal,8
/private/tmp/metal-ast-watchos-air64/src/cx/rt_flags.metal,8
/private/tmp/metal-ast-watchos-air64/src/cx/rt_payload_struct.metal,8
/private/tmp/metal-ast-watchos-air64/src/cx/rt_triangle_query.metal,8
/private/tmp/metal-ast-watchos-air64/src/cx/io_fragment_rta_vpa.metal,8
/private/tmp/metal-ast-watchos-air64/src/cx/repr_packed_half_suite.metal,8
/private/tmp/metal-ast-watchos-air64/src/cx/repr_packed_int_suite.metal,8
/private/tmp/metal-ast-watchos-air64/src/cx/repr_packed_suite.metal,8
/private/tmp/metal-ast-watchos-air64/src/cx/res_threadgroup_packed_mixed.metal,8
/private/tmp/metal-ast-watchos-air64/src/cx/threadgroup_tg_packed.metal,8
/private/tmp/metal-ast-watchos-air64/src/tensor4_all.metal,8
/private/tmp/metal-ast-watchos-sim-air32/src/cx/res_intersection_function_table.metal,8
/private/tmp/metal-ast-watchos-sim-air32/src/cx/rt_accstruct_instance.metal,8
/private/tmp/metal-ast-watchos-sim-air32/src/cx/rt_accstruct_primitive.metal,8
/private/tmp/metal-ast-watchos-sim-air32/src/cx/rt_flags.metal,8
/private/tmp/metal-ast-watchos-sim-air32/src/cx/rt_payload_struct.metal,8
/private/tmp/metal-ast-watchos-sim-air32/src/cx/rt_triangle_query.metal,8
/private/tmp/metal-ast-watchos-sim-air32/src/cx/io_fragment_rta_vpa.metal,8
/private/tmp/metal-ast-watchos-sim-air32/src/cx/repr_packed_half_suite.metal,8
/private/tmp/metal-ast-watchos-sim-air32/src/cx/repr_packed_int_suite.metal,8
/private/tmp/metal-ast-watchos-sim-air32/src/cx/repr_packed_suite.metal,8
/private/tmp/metal-ast-watchos-sim-air32/src/cx/res_threadgroup_packed_mixed.metal,8
/private/tmp/metal-ast-watchos-sim-air32/src/cx/threadgroup_tg_packed.metal,8
/private/tmp/metal-ast-watchos-sim-air32/src/tensor4_all.metal,8
/private/tmp/metal-ast-watchos-sim-air64/src/cx/res_intersection_function_table.metal,8
/private/tmp/metal-ast-watchos-sim-air64/src/cx/rt_accstruct_instance.metal,8
/private/tmp/metal-ast-watchos-sim-air64/src/cx/rt_accstruct_primitive.metal,8
/private/tmp/metal-ast-watchos-sim-air64/src/cx/rt_flags.metal,8
/private/tmp/metal-ast-watchos-sim-air64/src/cx/rt_payload_struct.metal,8
/private/tmp/metal-ast-watchos-sim-air64/src/cx/rt_triangle_query.metal,8
/private/tmp/metal-ast-watchos-sim-air64/src/cx/io_fragment_rta_vpa.metal,8
/private/tmp/metal-ast-watchos-sim-air64/src/cx/repr_packed_half_suite.metal,8
/private/tmp/metal-ast-watchos-sim-air64/src/cx/repr_packed_int_suite.metal,8
/private/tmp/metal-ast-watchos-sim-air64/src/cx/repr_packed_suite.metal,8
/private/tmp/metal-ast-watchos-sim-air64/src/cx/res_threadgroup_packed_mixed.metal,8
/private/tmp/metal-ast-watchos-sim-air64/src/cx/threadgroup_tg_packed.metal,8
/private/tmp/metal-ast-watchos-sim-air64/src/tensor4_all.metal,8
/private/tmp/metal-ast-watchos-air32/src/cx/builtin_color.metal,7
/private/tmp/metal-ast-watchos-air32/src/cx/builtin_simd_matrix.metal,7
/private/tmp/metal-ast-watchos-air32/src/cx/intrinsics_half_ops.metal,7
/private/tmp/metal-ast-watchos-air32/src/cx/intrinsics_math_binary.metal,7
/private/tmp/metal-ast-watchos-air32/src/cx/intrinsics_math_ternary.metal,7
/private/tmp/metal-ast-watchos-air32/src/cx/intrinsics_math_unary.metal,7
/private/tmp/metal-ast-watchos-air32/src/cx/intrinsics_texture_ops.metal,7
/private/tmp/metal-ast-watchos-air32/src/cx/intrinsics_vector_ops.metal,7
/private/tmp/metal-ast-watchos-air32/src/cx/vis_host_name.metal,7
/private/tmp/metal-ast-watchos-air64/src/cx/builtin_color.metal,7
/private/tmp/metal-ast-watchos-air64/src/cx/builtin_simd_matrix.metal,7
/private/tmp/metal-ast-watchos-air64/src/cx/intrinsics_half_ops.metal,7
/private/tmp/metal-ast-watchos-air64/src/cx/intrinsics_math_binary.metal,7
/private/tmp/metal-ast-watchos-air64/src/cx/intrinsics_math_ternary.metal,7
/private/tmp/metal-ast-watchos-air64/src/cx/intrinsics_math_unary.metal,7
/private/tmp/metal-ast-watchos-air64/src/cx/intrinsics_texture_ops.metal,7
/private/tmp/metal-ast-watchos-air64/src/cx/intrinsics_vector_ops.metal,7
/private/tmp/metal-ast-watchos-air64/src/cx/vis_host_name.metal,7
/private/tmp/metal-ast-watchos-sim-air32/src/cx/builtin_color.metal,7
/private/tmp/metal-ast-watchos-sim-air32/src/cx/builtin_simd_matrix.metal,7
/private/tmp/metal-ast-watchos-sim-air32/src/cx/intrinsics_half_ops.metal,7
/private/tmp/metal-ast-watchos-sim-air32/src/cx/intrinsics_math_binary.metal,7
/private/tmp/metal-ast-watchos-sim-air32/src/cx/intrinsics_math_ternary.metal,7
/private/tmp/metal-ast-watchos-sim-air32/src/cx/intrinsics_math_unary.metal,7
/private/tmp/metal-ast-watchos-sim-air32/src/cx/intrinsics_texture_ops.metal,7
/private/tmp/metal-ast-watchos-sim-air32/src/cx/intrinsics_vector_ops.metal,7
/private/tmp/metal-ast-watchos-sim-air32/src/cx/vis_host_name.metal,7
/private/tmp/metal-ast-watchos-sim-air64/src/cx/builtin_color.metal,7
/private/tmp/metal-ast-watchos-sim-air64/src/cx/builtin_simd_matrix.metal,7
/private/tmp/metal-ast-watchos-sim-air64/src/cx/intrinsics_half_ops.metal,7
/private/tmp/metal-ast-watchos-sim-air64/src/cx/intrinsics_math_binary.metal,7
/private/tmp/metal-ast-watchos-sim-air64/src/cx/intrinsics_math_ternary.metal,7
/private/tmp/metal-ast-watchos-sim-air64/src/cx/intrinsics_math_unary.metal,7
/private/tmp/metal-ast-watchos-sim-air64/src/cx/intrinsics_texture_ops.metal,7
/private/tmp/metal-ast-watchos-sim-air64/src/cx/intrinsics_vector_ops.metal,7
/private/tmp/metal-ast-watchos-sim-air64/src/cx/vis_host_name.metal,7
/private/tmp/metal-ast-ios-air32/src/probe_min.metal,6
/private/tmp/metal-ast-ios-air32/src/stdlib_headers_all.metal,6
/private/tmp/metal-ast-ios-sim-air32/src/probe_min.metal,6
/private/tmp/metal-ast-ios-sim-air32/src/stdlib_headers_all.metal,6
/private/tmp/metal-ast-watchos-air32/src/cx/builtin_simd_prefix.metal,6
/private/tmp/metal-ast-watchos-air32/src/cx/cxx_021_function_pointer.metal,6
/private/tmp/metal-ast-watchos-air32/src/cx/cxx_function_pointer.metal,6
/private/tmp/metal-ast-watchos-air64/src/cx/builtin_simd_prefix.metal,6
/private/tmp/metal-ast-watchos-air64/src/cx/cxx_021_function_pointer.metal,6
/private/tmp/metal-ast-watchos-air64/src/cx/cxx_function_pointer.metal,6
/private/tmp/metal-ast-watchos-sim-air32/src/cx/builtin_simd_prefix.metal,6
/private/tmp/metal-ast-watchos-sim-air32/src/cx/cxx_021_function_pointer.metal,6
/private/tmp/metal-ast-watchos-sim-air32/src/cx/cxx_function_pointer.metal,6
/private/tmp/metal-ast-watchos-sim-air64/src/cx/builtin_simd_prefix.metal,6
/private/tmp/metal-ast-watchos-sim-air64/src/cx/cxx_021_function_pointer.metal,6
/private/tmp/metal-ast-watchos-sim-air64/src/cx/cxx_function_pointer.metal,6
__out,5
pos,4
air.thread_position_in_threadgroup,4
ushort2,4
__lid,4
generated(2uvDv2_f),3
air.imageblock,3
__ib,3
/AppleInternal/Library/BuildRoots/4~CNlHugDNtO_m7KjkKLmRk5uZxVDqkJ9-kVFTx8Y/Library/Caches/com.apple.xbs/TemporaryDirectory.rtt6Ki/Sources/GPUCompiler/clang/runtime/compiler-rt-extra/lib/tracepoint-rt/tracepoint.metal,3
/private/tmp/metal-ast-ios-air64/src/cx/cxx_009_lambda_capture_by_ref.metal,2
/private/tmp/metal-ast-ios-air64/src/cx/cxx_010_lambda_generic.metal,2
/private/tmp/metal-ast-ios-sim-air64/src/cx/cxx_009_lambda_capture_by_ref.metal,2
/private/tmp/metal-ast-ios-sim-air64/src/cx/cxx_010_lambda_generic.metal,2
/private/tmp/metal-ast-macos-air32/src/cx/cxx_009_lambda_capture_by_ref.metal,2
/private/tmp/metal-ast-macos-air32/src/cx/cxx_010_lambda_generic.metal,2
/private/tmp/metal-ast-macos-air64/src/cx/cxx_009_lambda_capture_by_ref.metal,2
/private/tmp/metal-ast-macos-air64/src/cx/cxx_010_lambda_generic.metal,2
/private/tmp/metal-ast-tvos-air32/src/cx/cxx_009_lambda_capture_by_ref.metal,2
/private/tmp/metal-ast-tvos-air32/src/cx/cxx_010_lambda_generic.metal,2
/private/tmp/metal-ast-tvos-air64/src/cx/cxx_009_lambda_capture_by_ref.metal,2
/private/tmp/metal-ast-tvos-air64/src/cx/cxx_010_lambda_generic.metal,2
/private/tmp/metal-ast-tvos-sim-air32/src/cx/cxx_009_lambda_capture_by_ref.metal,2
/private/tmp/metal-ast-tvos-sim-air32/src/cx/cxx_010_lambda_generic.metal,2
/private/tmp/metal-ast-tvos-sim-air64/src/cx/cxx_009_lambda_capture_by_ref.metal,2
/private/tmp/metal-ast-tvos-sim-air64/src/cx/cxx_010_lambda_generic.metal,2
/private/tmp/metal-ast-watchos-air32/src/cx/cxx_009_lambda_capture_by_ref.metal,2
/private/tmp/metal-ast-watchos-air32/src/cx/cxx_010_lambda_generic.metal,2
/private/tmp/metal-ast-watchos-air64/src/cx/cxx_009_lambda_capture_by_ref.metal,2
/private/tmp/metal-ast-watchos-air64/src/cx/cxx_010_lambda_generic.metal,2
/private/tmp/metal-ast-watchos-sim-air32/src/cx/cxx_009_lambda_capture_by_ref.metal,2
/private/tmp/metal-ast-watchos-sim-air32/src/cx/cxx_010_lambda_generic.metal,2
/private/tmp/metal-ast-watchos-sim-air64/src/cx/cxx_009_lambda_capture_by_ref.metal,2
/private/tmp/metal-ast-watchos-sim-air64/src/cx/cxx_010_lambda_generic.metal,2
Params,2
mode,2
shm,2
i,2
/Users/runner/metal_probe/probe_scenes/scene_P01_kernel_meta/probe.metal,2
air-alias-scopes(probe_p01_kernel),2
/Users/runner/metal_probe/p6/P06M/probe.metal,2
/Users/runner/metal_probe/p6/P07F/probe.metal,2
/Users/runner/metal_probe/p14/P08M/probe.metal,2
/Users/runner/metal_probe/p6/P08M/probe.metal,2
air.patch_control_point_input,2
air.patch_control_point_function,2
air.patch_id,2
__pid,2
air.patch,2
triangle,2
air.patch_control_point,2
implicit,2
__in,2
air-alias-scopes(probe_p25m_gsampler),2
PIC Level,2
_ZTSN12_GLOBAL__N_111TraceBufferE,2
_ZTSN5metal7_atomicIjvEE,2
_ZTSN12_GLOBAL__N_117VertexTraceBufferE,2
_ZTSN12_GLOBAL__N_119FragmentTraceBufferE,2
_ZTSN12_GLOBAL__N_132PostTesselationVertexTraceBufferE,2
_ZTSN12_GLOBAL__N_115MeshTraceBufferE,2
/private/tmp/metal-ast-ios-air32/src/cx/builtin_raytracing.metal,1
/private/tmp/metal-ast-ios-air32/src/cx/builtin_tex_03.metal,1
/private/tmp/metal-ast-ios-air32/src/cx/builtin_tex_04.metal,1
/private/tmp/metal-ast-ios-air32/src/cx/builtin_tex_05.metal,1
/private/tmp/metal-ast-ios-air32/src/cx/builtin_tex_06.metal,1
/private/tmp/metal-ast-ios-air32/src/cx/builtin_tex_07.metal,1
/private/tmp/metal-ast-ios-air32/src/cx/builtin_tex_08.metal,1
/private/tmp/metal-ast-ios-air32/src/cx/builtin_tex_13.metal,1
/private/tmp/metal-ast-ios-air32/src/cx/builtin_tex_14.metal,1
/private/tmp/metal-ast-ios-air32/src/cx/builtin_tex_15.metal,1
/private/tmp/metal-ast-ios-air32/src/cx/builtin_tex_16.metal,1
/private/tmp/metal-ast-ios-air32/src/cx/conv_000.metal,1
/private/tmp/metal-ast-ios-air32/src/cx/conv_001.metal,1
/private/tmp/metal-ast-ios-air32/src/cx/conv_002.metal,1
/private/tmp/metal-ast-ios-air32/src/cx/conv_003.metal,1
/private/tmp/metal-ast-ios-air32/src/cx/conv_004.metal,1
/private/tmp/metal-ast-ios-air32/src/cx/conv_005.metal,1
/private/tmp/metal-ast-ios-air32/src/cx/conv_006.metal,1
/private/tmp/metal-ast-ios-air32/src/cx/conv_007.metal,1
/private/tmp/metal-ast-ios-air32/src/cx/conv_008.metal,1
/private/tmp/metal-ast-ios-air32/src/cx/conv_009.metal,1
/private/tmp/metal-ast-ios-air32/src/cx/conv_010.metal,1
/private/tmp/metal-ast-ios-air32/src/cx/conv_011.metal,1
/private/tmp/metal-ast-ios-air32/src/cx/conv_012.metal,1
/private/tmp/metal-ast-ios-air32/src/cx/conv_013.metal,1
/private/tmp/metal-ast-ios-air32/src/cx/conv_014.metal,1
/private/tmp/metal-ast-ios-air32/src/cx/conv_015.metal,1
/private/tmp/metal-ast-ios-air32/src/cx/conv_016.metal,1
/private/tmp/metal-ast-ios-air32/src/cx/conv_017.metal,1
/private/tmp/metal-ast-ios-air32/src/cx/conv_018.metal,1
/private/tmp/metal-ast-ios-air32/src/cx/conv_019.metal,1
/private/tmp/metal-ast-ios-air32/src/cx/conv_020.metal,1
/private/tmp/metal-ast-ios-air32/src/cx/conv_021.metal,1
/private/tmp/metal-ast-ios-air32/src/cx/conv_022.metal,1
/private/tmp/metal-ast-ios-air32/src/cx/conv_023.metal,1
/private/tmp/metal-ast-ios-air32/src/cx/conv_024.metal,1
/private/tmp/metal-ast-ios-air32/src/cx/conv_025.metal,1
/private/tmp/metal-ast-ios-air32/src/cx/conv_026.metal,1
/private/tmp/metal-ast-ios-air32/src/cx/conv_027.metal,1
/private/tmp/metal-ast-ios-air32/src/cx/conv_028.metal,1
/private/tmp/metal-ast-ios-air32/src/cx/conv_029.metal,1
/private/tmp/metal-ast-ios-air32/src/cx/conv_030.metal,1
/private/tmp/metal-ast-ios-air32/src/cx/conv_031.metal,1
/private/tmp/metal-ast-ios-air32/src/cx/conv_032.metal,1
/private/tmp/metal-ast-ios-air32/src/cx/conv_033.metal,1
/private/tmp/metal-ast-ios-air32/src/cx/conv_034.metal,1
/private/tmp/metal-ast-ios-air32/src/cx/conv_035.metal,1
/private/tmp/metal-ast-ios-air32/src/cx/conv_036.metal,1
/private/tmp/metal-ast-ios-air32/src/cx/conv_037.metal,1
/private/tmp/metal-ast-ios-air32/src/cx/conv_038.metal,1
/private/tmp/metal-ast-ios-air32/src/cx/conv_039.metal,1
/private/tmp/metal-ast-ios-air32/src/cx/conv_040.metal,1
/private/tmp/metal-ast-ios-air32/src/cx/conv_041.metal,1
/private/tmp/metal-ast-ios-air32/src/cx/conv_042.metal,1
/private/tmp/metal-ast-ios-air32/src/cx/conv_043.metal,1
/private/tmp/metal-ast-ios-air32/src/cx/conv_044.metal,1
/private/tmp/metal-ast-ios-air32/src/cx/conv_045.metal,1
/private/tmp/metal-ast-ios-air32/src/cx/conv_046.metal,1
/private/tmp/metal-ast-ios-air32/src/cx/conv_047.metal,1
/private/tmp/metal-ast-ios-air32/src/cx/conv_048.metal,1
/private/tmp/metal-ast-ios-air32/src/cx/conv_049.metal,1
/private/tmp/metal-ast-ios-air32/src/cx/conv_050.metal,1
/private/tmp/metal-ast-ios-air32/src/cx/conv_051.metal,1
/private/tmp/metal-ast-ios-air32/src/cx/conv_052.metal,1
/private/tmp/metal-ast-ios-air32/src/cx/conv_053.metal,1
/private/tmp/metal-ast-ios-air32/src/cx/conv_054.metal,1
/private/tmp/metal-ast-ios-air32/src/cx/conv_055.metal,1
/private/tmp/metal-ast-ios-air32/src/cx/conv_056.metal,1
/private/tmp/metal-ast-ios-air32/src/cx/conv_057.metal,1
/private/tmp/metal-ast-ios-air32/src/cx/conv_058.metal,1
/private/tmp/metal-ast-ios-air32/src/cx/conv_059.metal,1
/private/tmp/metal-ast-ios-air32/src/cx/conv_060.metal,1
/private/tmp/metal-ast-ios-air32/src/cx/conv_061.metal,1
/private/tmp/metal-ast-ios-air32/src/cx/conv_062.metal,1
/private/tmp/metal-ast-ios-air32/src/cx/conv_063.metal,1
/private/tmp/metal-ast-ios-air32/src/cx/conv_064.metal,1
/private/tmp/metal-ast-ios-air32/src/cx/conv_065.metal,1
/private/tmp/metal-ast-ios-air32/src/cx/conv_066.metal,1
/private/tmp/metal-ast-ios-air32/src/cx/conv_067.metal,1
/private/tmp/metal-ast-ios-air32/src/cx/conv_068.metal,1
/private/tmp/metal-ast-ios-air32/src/cx/conv_069.metal,1
/private/tmp/metal-ast-ios-air32/src/cx/conv_070.metal,1
/private/tmp/metal-ast-ios-air32/src/cx/conv_071.metal,1
/private/tmp/metal-ast-ios-air32/src/cx/conv_072.metal,1
/private/tmp/metal-ast-ios-air32/src/cx/conv_073.metal,1
/private/tmp/metal-ast-ios-air32/src/cx/conv_074.metal,1
/private/tmp/metal-ast-ios-air32/src/cx/conv_075.metal,1
/private/tmp/metal-ast-ios-air32/src/cx/conv_076.metal,1
/private/tmp/metal-ast-ios-air32/src/cx/conv_077.metal,1
/private/tmp/metal-ast-ios-air32/src/cx/conv_078.metal,1
/private/tmp/metal-ast-ios-air32/src/cx/conv_079.metal,1
/private/tmp/metal-ast-ios-air32/src/cx/conv_080.metal,1
/private/tmp/metal-ast-ios-air32/src/cx/conv_081.metal,1
/private/tmp/metal-ast-ios-air32/src/cx/conv_082.metal,1
/private/tmp/metal-ast-ios-air32/src/cx/conv_083.metal,1
/private/tmp/metal-ast-ios-air32/src/cx/conv_084.metal,1
/private/tmp/metal-ast-ios-air32/src/cx/conv_085.metal,1
/private/tmp/metal-ast-ios-air32/src/cx/conv_086.metal,1
/private/tmp/metal-ast-ios-air32/src/cx/conv_087.metal,1
/private/tmp/metal-ast-ios-air32/src/cx/conv_088.metal,1
/private/tmp/metal-ast-ios-air32/src/cx/conv_089.metal,1
/private/tmp/metal-ast-ios-air32/src/cx/conv_090.metal,1
/private/tmp/metal-ast-ios-air32/src/cx/conv_091.metal,1
/private/tmp/metal-ast-ios-air32/src/cx/conv_092.metal,1
/private/tmp/metal-ast-ios-air32/src/cx/conv_093.metal,1
/private/tmp/metal-ast-ios-air32/src/cx/conv_094.metal,1
/private/tmp/metal-ast-ios-air32/src/cx/conv_095.metal,1
/private/tmp/metal-ast-ios-air32/src/cx/conv_096.metal,1
/private/tmp/metal-ast-ios-air32/src/cx/conv_097.metal,1
/private/tmp/metal-ast-ios-air32/src/cx/conv_098.metal,1
/private/tmp/metal-ast-ios-air32/src/cx/conv_099.metal,1
/private/tmp/metal-ast-ios-air32/src/cx/conv_100.metal,1
/private/tmp/metal-ast-ios-air32/src/cx/conv_101.metal,1
/private/tmp/metal-ast-ios-air32/src/cx/conv_102.metal,1
/private/tmp/metal-ast-ios-air32/src/cx/conv_103.metal,1
/private/tmp/metal-ast-ios-air32/src/cx/conv_104.metal,1
/private/tmp/metal-ast-ios-air32/src/cx/conv_105.metal,1
/private/tmp/metal-ast-ios-air32/src/cx/conv_106.metal,1
/private/tmp/metal-ast-ios-air32/src/cx/conv_107.metal,1
/private/tmp/metal-ast-ios-air32/src/cx/conv_108.metal,1
/private/tmp/metal-ast-ios-air32/src/cx/conv_109.metal,1
/private/tmp/metal-ast-ios-air32/src/cx/conv_110.metal,1
/private/tmp/metal-ast-ios-air32/src/cx/conv_111.metal,1
/private/tmp/metal-ast-ios-air32/src/cx/conv_112.metal,1
/private/tmp/metal-ast-ios-air32/src/cx/conv_113.metal,1
/private/tmp/metal-ast-ios-air32/src/cx/conv_114.metal,1
/private/tmp/metal-ast-ios-air32/src/cx/conv_115.metal,1
/private/tmp/metal-ast-ios-air32/src/cx/conv_116.metal,1
/private/tmp/metal-ast-ios-air32/src/cx/conv_117.metal,1
/private/tmp/metal-ast-ios-air32/src/cx/conv_118.metal,1
/private/tmp/metal-ast-ios-air32/src/cx/conv_119.metal,1
/private/tmp/metal-ast-ios-air32/src/cx/conv_120.metal,1
/private/tmp/metal-ast-ios-air32/src/cx/conv_121.metal,1
/private/tmp/metal-ast-ios-air32/src/cx/conv_122.metal,1
/private/tmp/metal-ast-ios-air32/src/cx/conv_123.metal,1
/private/tmp/metal-ast-ios-air32/src/cx/conv_124.metal,1
/private/tmp/metal-ast-ios-air32/src/cx/conv_125.metal,1
/private/tmp/metal-ast-ios-air32/src/cx/conv_126.metal,1
/private/tmp/metal-ast-ios-air32/src/cx/conv_127.metal,1
/private/tmp/metal-ast-ios-air32/src/cx/conv_128.metal,1
/private/tmp/metal-ast-ios-air32/src/cx/conv_129.metal,1
/private/tmp/metal-ast-ios-air32/src/cx/conv_130.metal,1
/private/tmp/metal-ast-ios-air32/src/cx/conv_131.metal,1
/private/tmp/metal-ast-ios-air32/src/cx/conv_132.metal,1
/private/tmp/metal-ast-ios-air32/src/cx/conv_133.metal,1
/private/tmp/metal-ast-ios-air32/src/cx/conv_134.metal,1
/private/tmp/metal-ast-ios-air32/src/cx/conv_135.metal,1
/private/tmp/metal-ast-ios-air32/src/cx/conv_136.metal,1
/private/tmp/metal-ast-ios-air32/src/cx/conv_137.metal,1
/private/tmp/metal-ast-ios-air32/src/cx/conv_138.metal,1
/private/tmp/metal-ast-ios-air32/src/cx/conv_139.metal,1
/private/tmp/metal-ast-ios-air32/src/cx/conv_140.metal,1
/private/tmp/metal-ast-ios-air32/src/cx/conv_141.metal,1
/private/tmp/metal-ast-ios-air32/src/cx/conv_142.metal,1
/private/tmp/metal-ast-ios-air32/src/cx/conv_143.metal,1
/private/tmp/metal-ast-ios-air32/src/cx/conv_144.metal,1
/private/tmp/metal-ast-ios-air32/src/cx/conv_145.metal,1
/private/tmp/metal-ast-ios-air32/src/cx/conv_146.metal,1
/private/tmp/metal-ast-ios-air32/src/cx/conv_147.metal,1
/private/tmp/metal-ast-ios-air32/src/cx/conv_148.metal,1
/private/tmp/metal-ast-ios-air32/src/cx/conv_149.metal,1
/private/tmp/metal-ast-ios-air32/src/cx/conv_150.metal,1
/private/tmp/metal-ast-ios-air32/src/cx/conv_151.metal,1
/private/tmp/metal-ast-ios-air32/src/cx/conv_152.metal,1
/private/tmp/metal-ast-ios-air32/src/cx/conv_153.metal,1
/private/tmp/metal-ast-ios-air32/src/cx/conv_154.metal,1
/private/tmp/metal-ast-ios-air32/src/cx/conv_155.metal,1
/private/tmp/metal-ast-ios-air32/src/cx/conv_156.metal,1
/private/tmp/metal-ast-ios-air32/src/cx/conv_157.metal,1
/private/tmp/metal-ast-ios-air32/src/cx/conv_158.metal,1
/private/tmp/metal-ast-ios-air32/src/cx/conv_159.metal,1
/private/tmp/metal-ast-ios-air32/src/cx/conv_160.metal,1
/private/tmp/metal-ast-ios-air32/src/cx/conv_161.metal,1
/private/tmp/metal-ast-ios-air32/src/cx/conv_162.metal,1
/private/tmp/metal-ast-ios-air32/src/cx/conv_163.metal,1
/private/tmp/metal-ast-ios-air32/src/cx/conv_164.metal,1
/private/tmp/metal-ast-ios-air32/src/cx/conv_165.metal,1
/private/tmp/metal-ast-ios-air32/src/cx/conv_166.metal,1
/private/tmp/metal-ast-ios-air32/src/cx/conv_167.metal,1
/private/tmp/metal-ast-ios-air32/src/cx/conv_168.metal,1
/private/tmp/metal-ast-ios-air32/src/cx/conv_169.metal,1
/private/tmp/metal-ast-ios-air32/src/cx/conv_170.metal,1
/private/tmp/metal-ast-ios-air32/src/cx/conv_171.metal,1
/private/tmp/metal-ast-ios-air32/src/cx/conv_172.metal,1
/private/tmp/metal-ast-ios-air32/src/cx/conv_173.metal,1
/private/tmp/metal-ast-ios-air32/src/cx/conv_174.metal,1
/private/tmp/metal-ast-ios-air32/src/cx/conv_175.metal,1
/private/tmp/metal-ast-ios-air32/src/cx/conv_176.metal,1
/private/tmp/metal-ast-ios-air32/src/cx/conv_177.metal,1
/private/tmp/metal-ast-ios-air32/src/cx/conv_178.metal,1
/private/tmp/metal-ast-ios-air32/src/cx/conv_179.metal,1
/private/tmp/metal-ast-ios-air32/src/cx/conv_182.metal,1
/private/tmp/metal-ast-ios-air32/src/cx/conv_183.metal,1
/private/tmp/metal-ast-ios-air32/src/cx/cxx_003_exception_throw.metal,1
/private/tmp/metal-ast-ios-air32/src/cx/cxx_011_variadic_template.metal,1
/private/tmp/metal-ast-ios-air32/src/cx/cxx_012_fold_expression.metal,1
/private/tmp/metal-ast-ios-air32/src/cx/cxx_013_structured_binding.metal,1
/private/tmp/metal-ast-ios-air32/src/cx/cxx_014_if_constexpr.metal,1
/private/tmp/metal-ast-ios-air32/src/cx/cxx_015_namespace_alias.metal,1
/private/tmp/metal-ast-ios-air32/src/cx/cxx_016_using_declaration.metal,1
/private/tmp/metal-ast-ios-air32/src/cx/cxx_017_enum_class.metal,1
/private/tmp/metal-ast-ios-air32/src/cx/cxx_018_bitfield_struct.metal,1
/private/tmp/metal-ast-ios-air32/src/cx/cxx_020_pointer_arithmetic.metal,1
/private/tmp/metal-ast-ios-air32/src/cx/cxx_022_member_pointer.metal,1
/private/tmp/metal-ast-ios-air32/src/cx/cxx_024_sfinae_enable_if.metal,1
/private/tmp/metal-ast-ios-air32/src/cx/cxx_025_constexpr_function.metal,1
/private/tmp/metal-ast-ios-air32/src/cx/cxx_026_static_assert_test.metal,1
/private/tmp/metal-ast-ios-air32/src/cx/cxx_027_operator_overload.metal,1
/private/tmp/metal-ast-ios-air32/src/cx/edge_empty.metal,1
/private/tmp/metal-ast-ios-air32/src/cx/cxx_as_type_reinterpret.metal,1
/private/tmp/metal-ast-ios-air32/src/cx/cxx_auto_decltype.metal,1
/private/tmp/metal-ast-ios-air32/src/cx/cxx_constexpr_fn.metal,1
/private/tmp/metal-ast-ios-air32/src/cx/cxx_default_arg.metal,1
/private/tmp/metal-ast-ios-air32/src/cx/cxx_namespace_using.metal,1
/private/tmp/metal-ast-ios-air32/src/cx/cxx_operator_overload.metal,1
/private/tmp/metal-ast-ios-air32/src/cx/cxx_overload_addrspace.metal,1
/private/tmp/metal-ast-ios-air32/src/cx/cxx_overload_types.metal,1
/private/tmp/metal-ast-ios-air32/src/cx/cxx_sfinae_enable_if.metal,1
/private/tmp/metal-ast-ios-air32/src/cx/cxx_template_class_spec.metal,1
/private/tmp/metal-ast-ios-air32/src/cx/cxx_template_fn_explicit.metal,1
/private/tmp/metal-ast-ios-air32/src/cx/determ_basic.metal,1
/private/tmp/metal-ast-ios-air32/src/cx/determ_control_flow.metal,1
/private/tmp/metal-ast-ios-air32/src/cx/determ_multi_func.metal,1
/private/tmp/metal-ast-ios-air32/src/cx/determ_template.metal,1
/private/tmp/metal-ast-ios-air32/src/cx/edge_1000_kernels.metal,1
/private/tmp/metal-ast-ios-air32/src/cx/edge_deep_call.metal,1
/private/tmp/metal-ast-ios-air32/src/cx/edge_deep_template.metal,1
/private/tmp/metal-ast-ios-air32/src/cx/edge_div_zero.metal,1
/private/tmp/metal-ast-ios-air32/src/cx/edge_infinity.metal,1
/private/tmp/metal-ast-ios-air32/src/cx/edge_large_array.metal,1
/private/tmp/metal-ast-ios-air32/src/cx/edge_long_identifier.metal,1
/private/tmp/metal-ast-ios-air32/src/cx/edge_max_buffers.metal,1
/private/tmp/metal-ast-ios-air32/src/cx/edge_nan.metal,1
/private/tmp/metal-ast-ios-air32/src/cx/edge_oob_access.metal,1
/private/tmp/metal-ast-ios-air32/src/cx/edge_overflow.metal,1
/private/tmp/metal-ast-ios-air32/src/cx/edge_underflow.metal,1
/private/tmp/metal-ast-ios-air32/src/cx/edge_uninit_var.metal,1
/private/tmp/metal-ast-ios-air32/src/cx/err_as_texture_cast.metal,1
/private/tmp/metal-ast-ios-air32/src/cx/err_attr_frag_int_return.metal,1
/private/tmp/metal-ast-ios-air32/src/cx/err_cf_recursion.metal,1
/private/tmp/metal-ast-ios-air32/src/cx/err_tex_depth_gather.metal,1
/private/tmp/metal-ast-ios-air32/src/cx/err_type_assign_float_to_int.metal,1
/private/tmp/metal-ast-ios-air32/src/cx/err_type_implicit_narrowing.metal,1
/private/tmp/metal-ast-ios-air32/src/cx/has_feature_probe.metal,1
/private/tmp/metal-ast-ios-air32/src/cx/io_vertex_clip_distance.metal,1
/private/tmp/metal-ast-ios-air32/src/cx/io_vertex_point_size.metal,1
/private/tmp/metal-ast-ios-air32/src/cx/io_vertex_pos_only.metal,1
/private/tmp/metal-ast-ios-air32/src/cx/io_vertex_user_locn.metal,1
/private/tmp/metal-ast-ios-air32/src/cx/mesh_perprim_attrs.metal,1
/private/tmp/metal-ast-ios-air32/src/cx/mesh_topo_line.metal,1
/private/tmp/metal-ast-ios-air32/src/cx/mesh_topo_point.metal,1
/private/tmp/metal-ast-ios-air32/src/cx/mesh_topo_triangle.metal,1
/private/tmp/metal-ast-ios-air32/src/cx/multi_entry_2kernels.metal,1
/private/tmp/metal-ast-ios-air32/src/cx/multi_entry_4kernels.metal,1
/private/tmp/metal-ast-ios-air32/src/cx/multi_entry_mesh_object.metal,1
/private/tmp/metal-ast-ios-air32/src/cx/multi_entry_shared_textures.metal,1
/private/tmp/metal-ast-ios-air32/src/cx/multi_entry_with_helpers.metal,1
/private/tmp/metal-ast-ios-air32/src/cx/object_min.metal,1
/private/tmp/metal-ast-ios-air32/src/cx/object_payload.metal,1
/private/tmp/metal-ast-ios-air32/src/cx/repr_bool_scalar.metal,1
/private/tmp/metal-ast-ios-air32/src/cx/repr_half_arith.metal,1
/private/tmp/metal-ast-ios-air32/src/cx/repr_long_ulong.metal,1
/private/tmp/metal-ast-ios-air32/src/cx/res_buffer_constant.metal,1
/private/tmp/metal-ast-ios-air32/src/cx/res_buffer_device.metal,1
/private/tmp/metal-ast-ios-air32/src/cx/res_buffer_thread_addrspace.metal,1
/private/tmp/metal-ast-ios-air32/src/cx/res_index_buffer15.metal,1
/private/tmp/metal-ast-ios-air32/src/cx/res_index_buffer7.metal,1
/private/tmp/metal-ast-ios-air32/src/cx/res_intersection_function_table.metal,1
/private/tmp/metal-ast-ios-air32/src/cx/res_threadgroup_alignas.metal,1
/private/tmp/metal-ast-ios-air32/src/cx/res_visible_function_table.metal,1
/private/tmp/metal-ast-ios-air32/src/cx/rt_accstruct_instance.metal,1
/private/tmp/metal-ast-ios-air32/src/cx/rt_accstruct_primitive.metal,1
/private/tmp/metal-ast-ios-air32/src/cx/rt_flags.metal,1
/private/tmp/metal-ast-ios-air32/src/cx/rt_payload_struct.metal,1
/private/tmp/metal-ast-ios-air32/src/cx/rt_triangle_query.metal,1
/private/tmp/metal-ast-ios-air32/src/cx/texm_000.metal,1
/private/tmp/metal-ast-ios-air32/src/cx/texm_001.metal,1
/private/tmp/metal-ast-ios-air32/src/cx/texm_002.metal,1
/private/tmp/metal-ast-ios-air32/src/cx/texm_003.metal,1
/private/tmp/metal-ast-ios-air32/src/cx/texm_004.metal,1
/private/tmp/metal-ast-ios-air32/src/cx/texm_005.metal,1
/private/tmp/metal-ast-ios-air32/src/cx/texm_006.metal,1
/private/tmp/metal-ast-ios-air32/src/cx/texm_007.metal,1
/private/tmp/metal-ast-ios-air32/src/cx/texm_008.metal,1
/private/tmp/metal-ast-ios-air32/src/cx/texm_009.metal,1
/private/tmp/metal-ast-ios-air32/src/cx/texm_010.metal,1
/private/tmp/metal-ast-ios-air32/src/cx/texm_011.metal,1
/private/tmp/metal-ast-ios-air32/src/cx/texm_012.metal,1
/private/tmp/metal-ast-ios-air32/src/cx/texm_013.metal,1
/private/tmp/metal-ast-ios-air32/src/cx/texm_014.metal,1
/private/tmp/metal-ast-ios-air32/src/cx/texm_015.metal,1
/private/tmp/metal-ast-ios-air32/src/cx/texm_016.metal,1
/private/tmp/metal-ast-ios-air32/src/cx/texm_017.metal,1
/private/tmp/metal-ast-ios-air32/src/cx/texm_018.metal,1
/private/tmp/metal-ast-ios-air32/src/cx/texm_019.metal,1
/private/tmp/metal-ast-ios-air32/src/cx/texm_020.metal,1
/private/tmp/metal-ast-ios-air32/src/cx/texm_021.metal,1
/private/tmp/metal-ast-ios-air32/src/cx/texm_022.metal,1
/private/tmp/metal-ast-ios-air32/src/cx/texm_023.metal,1
/private/tmp/metal-ast-ios-air32/src/cx/texm_024.metal,1
/private/tmp/metal-ast-ios-air32/src/cx/texm_025.metal,1
/private/tmp/metal-ast-ios-air32/src/cx/texm_026.metal,1
/private/tmp/metal-ast-ios-air32/src/cx/texm_027.metal,1
/private/tmp/metal-ast-ios-air32/src/cx/texm_028.metal,1
/private/tmp/metal-ast-ios-air32/src/cx/texm_029.metal,1
/private/tmp/metal-ast-ios-air32/src/cx/texm_030.metal,1
/private/tmp/metal-ast-ios-air32/src/cx/texm_031.metal,1
/private/tmp/metal-ast-ios-air32/src/cx/texm_032.metal,1
/private/tmp/metal-ast-ios-air32/src/cx/texm_033.metal,1
/private/tmp/metal-ast-ios-air32/src/cx/texm_034.metal,1
/private/tmp/metal-ast-ios-air32/src/cx/texm_035.metal,1
/private/tmp/metal-ast-ios-air32/src/cx/texm_036.metal,1
/private/tmp/metal-ast-ios-air32/src/cx/texm_037.metal,1
/private/tmp/metal-ast-ios-air32/src/cx/texm_038.metal,1
/private/tmp/metal-ast-ios-air32/src/cx/texm_039.metal,1
/private/tmp/metal-ast-ios-air32/src/cx/texm_048.metal,1
/private/tmp/metal-ast-ios-air32/src/cx/texm_058.metal,1
/private/tmp/metal-ast-ios-air32/src/cx/texm_068.metal,1
/private/tmp/metal-ast-ios-air32/src/cx/texm_078.metal,1
/private/tmp/metal-ast-ios-air32/src/cx/texm_080.metal,1
/private/tmp/metal-ast-ios-air32/src/cx/texm_085.metal,1
/private/tmp/metal-ast-ios-air32/src/cx/texm_086.metal,1
/private/tmp/metal-ast-ios-air32/src/cx/texm_087.metal,1
/private/tmp/metal-ast-ios-air32/src/cx/texm_088.metal,1
/private/tmp/metal-ast-ios-air32/src/cx/texm_093.metal,1
/private/tmp/metal-ast-ios-air32/src/cx/texm_094.metal,1
/private/tmp/metal-ast-ios-air32/src/cx/texm_095.metal,1
/private/tmp/metal-ast-ios-air32/src/cx/texm_096.metal,1
/private/tmp/metal-ast-ios-air32/src/cx/texm_101.metal,1
/private/tmp/metal-ast-ios-air32/src/cx/texm_102.metal,1
/private/tmp/metal-ast-ios-air32/src/cx/texm_103.metal,1
/private/tmp/metal-ast-ios-air32/src/cx/texm_104.metal,1
/private/tmp/metal-ast-ios-air32/src/cx/texm_109.metal,1
/private/tmp/metal-ast-ios-air32/src/cx/texm_110.metal,1
/private/tmp/metal-ast-ios-air32/src/cx/texm_111.metal,1
/private/tmp/metal-ast-ios-air32/src/cx/texm_112.metal,1
/private/tmp/metal-ast-ios-air32/src/cx/texm_113.metal,1
/private/tmp/metal-ast-ios-air32/src/cx/texm_114.metal,1
/private/tmp/metal-ast-ios-air32/src/cx/texm_117.metal,1
/private/tmp/metal-ast-ios-air32/src/cx/texm_118.metal,1
/private/tmp/metal-ast-ios-air32/src/cx/texm_119.metal,1
/private/tmp/metal-ast-ios-air32/src/cx/texm_120.metal,1
/private/tmp/metal-ast-ios-air32/src/cx/texm_121.metal,1
/private/tmp/metal-ast-ios-air32/src/cx/texm_122.metal,1
/private/tmp/metal-ast-ios-air32/src/cx/texm_125.metal,1
/private/tmp/metal-ast-ios-air32/src/cx/texm_126.metal,1
/private/tmp/metal-ast-ios-air32/src/cx/texm_127.metal,1
/private/tmp/metal-ast-ios-air32/src/cx/texm_128.metal,1
/private/tmp/metal-ast-ios-air32/src/cx/texm_129.metal,1
/private/tmp/metal-ast-ios-air32/src/cx/texm_130.metal,1
/private/tmp/metal-ast-ios-air32/src/cx/texm_133.metal,1
/private/tmp/metal-ast-ios-air32/src/cx/texm_134.metal,1
/private/tmp/metal-ast-ios-air32/src/cx/texm_135.metal,1
/private/tmp/metal-ast-ios-air32/src/cx/texm_136.metal,1
/private/tmp/metal-ast-ios-air32/src/cx/texm_137.metal,1
/private/tmp/metal-ast-ios-air32/src/cx/texm_138.metal,1
/private/tmp/metal-ast-ios-air32/src/cx/texm_141.metal,1
/private/tmp/metal-ast-ios-air32/src/cx/texm_142.metal,1
/private/tmp/metal-ast-ios-air32/src/cx/texm_143.metal,1
/private/tmp/metal-ast-ios-air32/src/cx/texm_144.metal,1
/private/tmp/metal-ast-ios-air32/src/cx/texm_145.metal,1
/private/tmp/metal-ast-ios-air32/src/cx/texm_146.metal,1
/private/tmp/metal-ast-ios-air32/src/cx/texm_151.metal,1
/private/tmp/metal-ast-ios-air32/src/cx/texm_152.metal,1
/private/tmp/metal-ast-ios-air32/src/cx/texm_153.metal,1
/private/tmp/metal-ast-ios-air32/src/cx/texm_158.metal,1
/private/tmp/metal-ast-ios-air32/src/cx/texm_159.metal,1
/private/tmp/metal-ast-ios-air32/src/cx/texm_160.metal,1
/private/tmp/metal-ast-ios-air32/src/cx/texm_165.metal,1
/private/tmp/metal-ast-ios-air32/src/cx/texm_166.metal,1
/private/tmp/metal-ast-ios-air32/src/cx/texm_167.metal,1
/private/tmp/metal-ast-ios-air32/src/cx/texq_172.metal,1
/private/tmp/metal-ast-ios-air32/src/cx/texq_173.metal,1
/private/tmp/metal-ast-ios-air32/src/cx/texq_174.metal,1
/private/tmp/metal-ast-ios-air32/src/cx/texq_175.metal,1
/private/tmp/metal-ast-ios-air32/src/cx/texq_176.metal,1
/private/tmp/metal-ast-ios-air32/src/cx/texq_177.metal,1
/private/tmp/metal-ast-ios-air32/src/cx/texq_178.metal,1
/private/tmp/metal-ast-ios-air32/src/cx/texq_179.metal,1
/private/tmp/metal-ast-ios-air32/src/cx/texq_181.metal,1
/private/tmp/metal-ast-ios-air32/src/cx/texq_182.metal,1
/private/tmp/metal-ast-ios-air32/src/cx/texq_183.metal,1
/private/tmp/metal-ast-ios-air32/src/cx/texq_184.metal,1
/private/tmp/metal-ast-ios-air32/src/cx/texq_185.metal,1
/private/tmp/metal-ast-ios-air32/src/cx/texq_186.metal,1
/private/tmp/metal-ast-ios-air32/src/cx/texq_187.metal,1
/private/tmp/metal-ast-ios-air32/src/cx/texq_188.metal,1
/private/tmp/metal-ast-ios-air32/src/cx/threadgroup_tg_alignas.metal,1
/private/tmp/metal-ast-ios-air32/src/cx/threadgroup_tg_array_large.metal,1
/private/tmp/metal-ast-ios-air32/src/cx/threadgroup_tg_array_small.metal,1
/private/tmp/metal-ast-ios-air32/src/cx/threadgroup_tg_atomic.metal,1
/private/tmp/metal-ast-ios-air32/src/cx/threadgroup_tg_dynamic_index.metal,1
/private/tmp/metal-ast-ios-air32/src/cx/threadgroup_tg_multiple_arrays.metal,1
/private/tmp/metal-ast-ios-air32/src/cx/threadgroup_tg_prefix_sum.metal,1
/private/tmp/metal-ast-ios-air32/src/cx/threadgroup_tg_scalar.metal,1
/private/tmp/metal-ast-ios-air32/src/cx/threadgroup_tg_struct.metal,1
/private/tmp/metal-ast-ios-air32/src/cx/type_bool_to_int.metal,1
/private/tmp/metal-ast-ios-air32/src/cx/type_float2_to_scalar.metal,1
/private/tmp/metal-ast-ios-air32/src/cx/type_float3_to_scalar.metal,1
/private/tmp/metal-ast-ios-air32/src/cx/type_float4_to_scalar.metal,1
/private/tmp/metal-ast-ios-air32/src/cx/type_half2_to_scalar.metal,1
/private/tmp/metal-ast-ios-air32/src/cx/type_half3_to_scalar.metal,1
/private/tmp/metal-ast-ios-air32/src/cx/type_half4_to_scalar.metal,1
/private/tmp/metal-ast-ios-air32/src/cx/type_implicit_bool_to_char.metal,1
/private/tmp/metal-ast-ios-air32/src/cx/type_implicit_bool_to_float.metal,1
/private/tmp/metal-ast-ios-air32/src/cx/type_implicit_bool_to_half.metal,1
/private/tmp/metal-ast-ios-air32/src/cx/type_implicit_bool_to_int.metal,1
/private/tmp/metal-ast-ios-air32/src/cx/type_implicit_bool_to_short.metal,1
/private/tmp/metal-ast-ios-air32/src/cx/type_implicit_bool_to_uchar.metal,1
/private/tmp/metal-ast-ios-air32/src/cx/type_implicit_bool_to_uint.metal,1
/private/tmp/metal-ast-ios-air32/src/cx/type_implicit_bool_to_ushort.metal,1
/private/tmp/metal-ast-ios-air32/src/cx/type_implicit_char_to_bool.metal,1
/private/tmp/metal-ast-ios-air32/src/cx/type_implicit_char_to_float.metal,1
/private/tmp/metal-ast-ios-air32/src/cx/type_implicit_char_to_half.metal,1
/private/tmp/metal-ast-ios-air32/src/cx/type_implicit_char_to_int.metal,1
/private/tmp/metal-ast-ios-air32/src/cx/type_implicit_char_to_short.metal,1
/private/tmp/metal-ast-ios-air32/src/cx/type_implicit_char_to_uchar.metal,1
/private/tmp/metal-ast-ios-air32/src/cx/type_implicit_char_to_uint.metal,1
/private/tmp/metal-ast-ios-air32/src/cx/type_implicit_char_to_ushort.metal,1
/private/tmp/metal-ast-ios-air32/src/cx/type_implicit_float4_to_float3.metal,1
/private/tmp/metal-ast-ios-air32/src/cx/type_implicit_float_to_bool.metal,1
/private/tmp/metal-ast-ios-air32/src/cx/type_implicit_float_to_char.metal,1
/private/tmp/metal-ast-ios-air32/src/cx/type_implicit_float_to_half.metal,1
/private/tmp/metal-ast-ios-air32/src/cx/type_implicit_float_to_int.metal,1
/private/tmp/metal-ast-ios-air32/src/cx/type_implicit_float_to_short.metal,1
/private/tmp/metal-ast-ios-air32/src/cx/type_implicit_float_to_uchar.metal,1
/private/tmp/metal-ast-ios-air32/src/cx/type_implicit_float_to_uint.metal,1
/private/tmp/metal-ast-ios-air32/src/cx/type_implicit_float_to_ushort.metal,1
/private/tmp/metal-ast-ios-air32/src/cx/type_implicit_half4_to_half3.metal,1
/private/tmp/metal-ast-ios-air32/src/cx/type_implicit_half_to_bool.metal,1
/private/tmp/metal-ast-ios-air32/src/cx/type_implicit_half_to_char.metal,1
/private/tmp/metal-ast-ios-air32/src/cx/type_implicit_half_to_float.metal,1
/private/tmp/metal-ast-ios-air32/src/cx/type_implicit_half_to_int.metal,1
/private/tmp/metal-ast-ios-air32/src/cx/type_implicit_half_to_short.metal,1
/private/tmp/metal-ast-ios-air32/src/cx/type_implicit_half_to_uchar.metal,1
/private/tmp/metal-ast-ios-air32/src/cx/type_implicit_half_to_uint.metal,1
/private/tmp/metal-ast-ios-air32/src/cx/type_implicit_half_to_ushort.metal,1
/private/tmp/metal-ast-ios-air32/src/cx/type_implicit_int4_to_int3.metal,1
/private/tmp/metal-ast-ios-air32/src/cx/type_implicit_int_to_bool.metal,1
/private/tmp/metal-ast-ios-air32/src/cx/type_implicit_int_to_char.metal,1
/private/tmp/metal-ast-ios-air32/src/cx/type_implicit_int_to_float.metal,1
/private/tmp/metal-ast-ios-air32/src/cx/type_implicit_int_to_half.metal,1
/private/tmp/metal-ast-ios-air32/src/cx/type_implicit_int_to_short.metal,1
/private/tmp/metal-ast-ios-air32/src/cx/type_implicit_int_to_uchar.metal,1
/private/tmp/metal-ast-ios-air32/src/cx/type_implicit_int_to_uint.metal,1
/private/tmp/metal-ast-ios-air32/src/cx/type_implicit_int_to_ushort.metal,1
/private/tmp/metal-ast-ios-air32/src/cx/type_implicit_short_to_bool.metal,1
/private/tmp/metal-ast-ios-air32/src/cx/type_implicit_short_to_char.metal,1
/private/tmp/metal-ast-ios-air32/src/cx/type_implicit_short_to_float.metal,1
/private/tmp/metal-ast-ios-air32/src/cx/type_implicit_short_to_half.metal,1
/private/tmp/metal-ast-ios-air32/src/cx/type_implicit_short_to_int.metal,1
/private/tmp/metal-ast-ios-air32/src/cx/type_implicit_short_to_uchar.metal,1
/private/tmp/metal-ast-ios-air32/src/cx/type_implicit_short_to_uint.metal,1
/private/tmp/metal-ast-ios-air32/src/cx/type_int2_to_scalar.metal,1
/private/tmp/metal-ast-ios-air32/src/cx/type_implicit_short_to_ushort.metal,1
/private/tmp/metal-ast-ios-air32/src/cx/type_implicit_uchar_to_bool.metal,1
/private/tmp/metal-ast-ios-air32/src/cx/type_implicit_uchar_to_char.metal,1
/private/tmp/metal-ast-ios-air32/src/cx/type_implicit_uchar_to_float.metal,1
/private/tmp/metal-ast-ios-air32/src/cx/type_implicit_uchar_to_half.metal,1
/private/tmp/metal-ast-ios-air32/src/cx/type_implicit_uchar_to_int.metal,1
/private/tmp/metal-ast-ios-air32/src/cx/type_implicit_uchar_to_short.metal,1
/private/tmp/metal-ast-ios-air32/src/cx/type_implicit_uchar_to_uint.metal,1
/private/tmp/metal-ast-ios-air32/src/cx/type_implicit_uchar_to_ushort.metal,1
/private/tmp/metal-ast-ios-air32/src/cx/type_implicit_uint4_to_uint3.metal,1
/private/tmp/metal-ast-ios-air32/src/cx/type_implicit_uint_to_bool.metal,1
/private/tmp/metal-ast-ios-air32/src/cx/type_implicit_uint_to_char.metal,1
/private/tmp/metal-ast-ios-air32/src/cx/type_implicit_uint_to_float.metal,1
/private/tmp/metal-ast-ios-air32/src/cx/type_implicit_uint_to_half.metal,1
/private/tmp/metal-ast-ios-air32/src/cx/type_implicit_uint_to_int.metal,1
/private/tmp/metal-ast-ios-air32/src/cx/type_implicit_uint_to_short.metal,1
/private/tmp/metal-ast-ios-air32/src/cx/type_implicit_uint_to_uchar.metal,1
/private/tmp/metal-ast-ios-air32/src/cx/type_implicit_uint_to_ushort.metal,1
/private/tmp/metal-ast-ios-air32/src/cx/type_implicit_ushort_to_bool.metal,1
/private/tmp/metal-ast-ios-air32/src/cx/type_implicit_ushort_to_char.metal,1
/private/tmp/metal-ast-ios-air32/src/cx/type_implicit_ushort_to_float.metal,1
/private/tmp/metal-ast-ios-air32/src/cx/type_implicit_ushort_to_half.metal,1
/private/tmp/metal-ast-ios-air32/src/cx/type_implicit_ushort_to_int.metal,1
/private/tmp/metal-ast-ios-air32/src/cx/type_implicit_ushort_to_short.metal,1
/private/tmp/metal-ast-ios-air32/src/cx/type_implicit_ushort_to_uchar.metal,1
/private/tmp/metal-ast-ios-air32/src/cx/type_implicit_ushort_to_uint.metal,1
/private/tmp/metal-ast-ios-air32/src/cx/type_int3_to_scalar.metal,1
/private/tmp/metal-ast-ios-air32/src/cx/type_int4_to_scalar.metal,1
/private/tmp/metal-ast-ios-air32/src/cx/type_int_to_bool.metal,1
/private/tmp/metal-ast-ios-air32/src/cx/type_nullptr_to_device_ptr.metal,1
/private/tmp/metal-ast-ios-air32/src/cx/type_nullptr_to_thread_ptr.metal,1
/private/tmp/metal-ast-ios-air32/src/cx/type_promote_half_float_add.metal,1
/private/tmp/metal-ast-ios-air32/src/cx/type_promote_int_uint_add.metal,1
/private/tmp/metal-ast-ios-air32/src/cx/type_scalar_to_float2.metal,1
/private/tmp/metal-ast-ios-air32/src/cx/type_scalar_to_float3.metal,1
/private/tmp/metal-ast-ios-air32/src/cx/type_scalar_to_float4.metal,1
/private/tmp/metal-ast-ios-air32/src/cx/type_scalar_to_half2.metal,1
/private/tmp/metal-ast-ios-air32/src/cx/type_scalar_to_half3.metal,1
/private/tmp/metal-ast-ios-air32/src/cx/type_scalar_to_half4.metal,1
/private/tmp/metal-ast-ios-air32/src/cx/type_scalar_to_int2.metal,1
/private/tmp/metal-ast-ios-air32/src/cx/type_scalar_to_int3.metal,1
/private/tmp/metal-ast-ios-air32/src/cx/type_scalar_to_int4.metal,1
/private/tmp/metal-ast-ios-air32/src/cx/type_scalar_to_uint2.metal,1
/private/tmp/metal-ast-ios-air32/src/cx/type_scalar_to_uint3.metal,1
/private/tmp/metal-ast-ios-air32/src/cx/type_scalar_to_uint4.metal,1
/private/tmp/metal-ast-ios-air32/src/cx/type_template_deduction_min.metal,1
/private/tmp/metal-ast-ios-air32/src/cx/type_uint2_to_scalar.metal,1
/private/tmp/metal-ast-ios-air32/src/cx/type_uint3_to_scalar.metal,1
/private/tmp/metal-ast-ios-air32/src/cx/type_uint4_to_scalar.metal,1
/private/tmp/metal-ast-ios-air32/src/cx/type_vec_scalar_mul_float2.metal,1
/private/tmp/metal-ast-ios-air32/src/cx/type_vec_scalar_mul_float3.metal,1
/private/tmp/metal-ast-ios-air32/src/cx/type_vec_scalar_mul_float4.metal,1
/private/tmp/metal-ast-ios-air32/src/cx/type_vec_scalar_mul_half2.metal,1
/private/tmp/metal-ast-ios-air32/src/cx/type_vec_scalar_mul_half3.metal,1
/private/tmp/metal-ast-ios-air32/src/cx/type_vec_scalar_mul_half4.metal,1
/private/tmp/metal-ast-ios-air32/src/cx/vis_default.metal,1
/private/tmp/metal-ast-ios-air32/src/cx/vis_export_name.metal,1
/private/tmp/metal-ast-ios-air32/src/cx/vis_internal.metal,1
/private/tmp/metal-ast-ios-air32/src/cx/vis_multiple_visible.metal,1
/private/tmp/metal-ast-ios-air32/src/cx/vis_stitchable.metal,1
/private/tmp/metal-ast-ios-air32/src/cx/vis_template_visible.metal,1
/private/tmp/metal-ast-ios-air32/src/cx/vis_visible.metal,1
/private/tmp/metal-ast-ios-air32/src/cx/warn_deprecated.metal,1
/private/tmp/metal-ast-ios-air32/src/cx/warn_div_zero.metal,1
/private/tmp/metal-ast-ios-air32/src/cx/warn_empty_body.metal,1
/private/tmp/metal-ast-ios-air32/src/cx/warn_extra_parens.metal,1
/private/tmp/metal-ast-ios-air32/src/cx/warn_fallthrough.metal,1
/private/tmp/metal-ast-ios-air32/src/cx/warn_infinite_loop.metal,1
/private/tmp/metal-ast-ios-air32/src/cx/warn_missing_braces.metal,1
/private/tmp/metal-ast-ios-air32/src/cx/warn_narrowing.metal,1
/private/tmp/metal-ast-ios-air32/src/cx/warn_self_assign.metal,1
/private/tmp/metal-ast-ios-air32/src/cx/warn_shadow.metal,1
/private/tmp/metal-ast-ios-air32/src/cx/warn_shift_overflow.metal,1
/private/tmp/metal-ast-ios-air32/src/cx/warn_sign_compare.metal,1
/private/tmp/metal-ast-ios-air32/src/cx/warn_unreachable.metal,1
/private/tmp/metal-ast-ios-air32/src/cx/warn_unused_var.metal,1
/private/tmp/metal-ast-ios-air64/meta/driver-probe.metal,1
/private/tmp/metal-ast-ios-sim-air32/src/cx/builtin_raytracing.metal,1
/private/tmp/metal-ast-ios-sim-air32/src/cx/builtin_tex_03.metal,1
/private/tmp/metal-ast-ios-sim-air32/src/cx/builtin_tex_04.metal,1
/private/tmp/metal-ast-ios-sim-air32/src/cx/builtin_tex_05.metal,1
/private/tmp/metal-ast-ios-sim-air32/src/cx/builtin_tex_06.metal,1
/private/tmp/metal-ast-ios-sim-air32/src/cx/builtin_tex_07.metal,1
/private/tmp/metal-ast-ios-sim-air32/src/cx/builtin_tex_08.metal,1
/private/tmp/metal-ast-ios-sim-air32/src/cx/builtin_tex_13.metal,1
/private/tmp/metal-ast-ios-sim-air32/src/cx/builtin_tex_14.metal,1
/private/tmp/metal-ast-ios-sim-air32/src/cx/builtin_tex_15.metal,1
/private/tmp/metal-ast-ios-sim-air32/src/cx/builtin_tex_16.metal,1
/private/tmp/metal-ast-ios-sim-air32/src/cx/conv_000.metal,1
/private/tmp/metal-ast-ios-sim-air32/src/cx/conv_001.metal,1
/private/tmp/metal-ast-ios-sim-air32/src/cx/conv_002.metal,1
/private/tmp/metal-ast-ios-sim-air32/src/cx/conv_003.metal,1
/private/tmp/metal-ast-ios-sim-air32/src/cx/conv_004.metal,1
/private/tmp/metal-ast-ios-sim-air32/src/cx/conv_005.metal,1
/private/tmp/metal-ast-ios-sim-air32/src/cx/conv_006.metal,1
/private/tmp/metal-ast-ios-sim-air32/src/cx/conv_007.metal,1
/private/tmp/metal-ast-ios-sim-air32/src/cx/conv_008.metal,1
/private/tmp/metal-ast-ios-sim-air32/src/cx/conv_009.metal,1
/private/tmp/metal-ast-ios-sim-air32/src/cx/conv_010.metal,1
/private/tmp/metal-ast-ios-sim-air32/src/cx/conv_011.metal,1
/private/tmp/metal-ast-ios-sim-air32/src/cx/conv_012.metal,1
/private/tmp/metal-ast-ios-sim-air32/src/cx/conv_013.metal,1
/private/tmp/metal-ast-ios-sim-air32/src/cx/conv_014.metal,1
/private/tmp/metal-ast-ios-sim-air32/src/cx/conv_015.metal,1
/private/tmp/metal-ast-ios-sim-air32/src/cx/conv_016.metal,1
/private/tmp/metal-ast-ios-sim-air32/src/cx/conv_017.metal,1
/private/tmp/metal-ast-ios-sim-air32/src/cx/conv_018.metal,1
/private/tmp/metal-ast-ios-sim-air32/src/cx/conv_019.metal,1
/private/tmp/metal-ast-ios-sim-air32/src/cx/conv_020.metal,1
/private/tmp/metal-ast-ios-sim-air32/src/cx/conv_021.metal,1
/private/tmp/metal-ast-ios-sim-air32/src/cx/conv_022.metal,1
/private/tmp/metal-ast-ios-sim-air32/src/cx/conv_023.metal,1
/private/tmp/metal-ast-ios-sim-air32/src/cx/conv_024.metal,1
/private/tmp/metal-ast-ios-sim-air32/src/cx/conv_025.metal,1
/private/tmp/metal-ast-ios-sim-air32/src/cx/conv_026.metal,1
/private/tmp/metal-ast-ios-sim-air32/src/cx/conv_027.metal,1
/private/tmp/metal-ast-ios-sim-air32/src/cx/conv_028.metal,1
/private/tmp/metal-ast-ios-sim-air32/src/cx/conv_029.metal,1
/private/tmp/metal-ast-ios-sim-air32/src/cx/conv_030.metal,1
/private/tmp/metal-ast-ios-sim-air32/src/cx/conv_031.metal,1
/private/tmp/metal-ast-ios-sim-air32/src/cx/conv_032.metal,1
/private/tmp/metal-ast-ios-sim-air32/src/cx/conv_033.metal,1
/private/tmp/metal-ast-ios-sim-air32/src/cx/conv_034.metal,1
/private/tmp/metal-ast-ios-sim-air32/src/cx/conv_035.metal,1
/private/tmp/metal-ast-ios-sim-air32/src/cx/conv_036.metal,1
/private/tmp/metal-ast-ios-sim-air32/src/cx/conv_037.metal,1
/private/tmp/metal-ast-ios-sim-air32/src/cx/conv_038.metal,1
/private/tmp/metal-ast-ios-sim-air32/src/cx/conv_039.metal,1
/private/tmp/metal-ast-ios-sim-air32/src/cx/conv_040.metal,1
/private/tmp/metal-ast-ios-sim-air32/src/cx/conv_041.metal,1
/private/tmp/metal-ast-ios-sim-air32/src/cx/conv_042.metal,1
/private/tmp/metal-ast-ios-sim-air32/src/cx/conv_043.metal,1
/private/tmp/metal-ast-ios-sim-air32/src/cx/conv_044.metal,1
/private/tmp/metal-ast-ios-sim-air32/src/cx/conv_045.metal,1
/private/tmp/metal-ast-ios-sim-air32/src/cx/conv_046.metal,1
/private/tmp/metal-ast-ios-sim-air32/src/cx/conv_047.metal,1
/private/tmp/metal-ast-ios-sim-air32/src/cx/conv_048.metal,1
/private/tmp/metal-ast-ios-sim-air32/src/cx/conv_049.metal,1
/private/tmp/metal-ast-ios-sim-air32/src/cx/conv_050.metal,1
/private/tmp/metal-ast-ios-sim-air32/src/cx/conv_051.metal,1
/private/tmp/metal-ast-ios-sim-air32/src/cx/conv_052.metal,1
/private/tmp/metal-ast-ios-sim-air32/src/cx/conv_053.metal,1
/private/tmp/metal-ast-ios-sim-air32/src/cx/conv_054.metal,1
/private/tmp/metal-ast-ios-sim-air32/src/cx/conv_055.metal,1
/private/tmp/metal-ast-ios-sim-air32/src/cx/conv_056.metal,1
/private/tmp/metal-ast-ios-sim-air32/src/cx/conv_057.metal,1
/private/tmp/metal-ast-ios-sim-air32/src/cx/conv_058.metal,1
/private/tmp/metal-ast-ios-sim-air32/src/cx/conv_059.metal,1
/private/tmp/metal-ast-ios-sim-air32/src/cx/conv_060.metal,1
/private/tmp/metal-ast-ios-sim-air32/src/cx/conv_061.metal,1
/private/tmp/metal-ast-ios-sim-air32/src/cx/conv_062.metal,1
/private/tmp/metal-ast-ios-sim-air32/src/cx/conv_063.metal,1
/private/tmp/metal-ast-ios-sim-air32/src/cx/conv_064.metal,1
/private/tmp/metal-ast-ios-sim-air32/src/cx/conv_065.metal,1
/private/tmp/metal-ast-ios-sim-air32/src/cx/conv_066.metal,1
/private/tmp/metal-ast-ios-sim-air32/src/cx/conv_067.metal,1
/private/tmp/metal-ast-ios-sim-air32/src/cx/conv_068.metal,1
/private/tmp/metal-ast-ios-sim-air32/src/cx/conv_069.metal,1
/private/tmp/metal-ast-ios-sim-air32/src/cx/conv_070.metal,1
/private/tmp/metal-ast-ios-sim-air32/src/cx/conv_071.metal,1
/private/tmp/metal-ast-ios-sim-air32/src/cx/conv_072.metal,1
/private/tmp/metal-ast-ios-sim-air32/src/cx/conv_073.metal,1
/private/tmp/metal-ast-ios-sim-air32/src/cx/conv_074.metal,1
/private/tmp/metal-ast-ios-sim-air32/src/cx/conv_075.metal,1
/private/tmp/metal-ast-ios-sim-air32/src/cx/conv_076.metal,1
/private/tmp/metal-ast-ios-sim-air32/src/cx/conv_077.metal,1
/private/tmp/metal-ast-ios-sim-air32/src/cx/conv_078.metal,1
/private/tmp/metal-ast-ios-sim-air32/src/cx/conv_079.metal,1
/private/tmp/metal-ast-ios-sim-air32/src/cx/conv_080.metal,1
/private/tmp/metal-ast-ios-sim-air32/src/cx/conv_081.metal,1
/private/tmp/metal-ast-ios-sim-air32/src/cx/conv_082.metal,1
/private/tmp/metal-ast-ios-sim-air32/src/cx/conv_083.metal,1
/private/tmp/metal-ast-ios-sim-air32/src/cx/conv_084.metal,1
/private/tmp/metal-ast-ios-sim-air32/src/cx/conv_085.metal,1
/private/tmp/metal-ast-ios-sim-air32/src/cx/conv_086.metal,1
/private/tmp/metal-ast-ios-sim-air32/src/cx/conv_087.metal,1
/private/tmp/metal-ast-ios-sim-air32/src/cx/conv_088.metal,1
/private/tmp/metal-ast-ios-sim-air32/src/cx/conv_089.metal,1
/private/tmp/metal-ast-ios-sim-air32/src/cx/conv_090.metal,1
/private/tmp/metal-ast-ios-sim-air32/src/cx/conv_091.metal,1
/private/tmp/metal-ast-ios-sim-air32/src/cx/conv_092.metal,1
/private/tmp/metal-ast-ios-sim-air32/src/cx/conv_093.metal,1
/private/tmp/metal-ast-ios-sim-air32/src/cx/conv_094.metal,1
/private/tmp/metal-ast-ios-sim-air32/src/cx/conv_095.metal,1
/private/tmp/metal-ast-ios-sim-air32/src/cx/conv_096.metal,1
/private/tmp/metal-ast-ios-sim-air32/src/cx/conv_097.metal,1
/private/tmp/metal-ast-ios-sim-air32/src/cx/conv_098.metal,1
/private/tmp/metal-ast-ios-sim-air32/src/cx/conv_099.metal,1
/private/tmp/metal-ast-ios-sim-air32/src/cx/conv_100.metal,1
/private/tmp/metal-ast-ios-sim-air32/src/cx/conv_101.metal,1
/private/tmp/metal-ast-ios-sim-air32/src/cx/conv_102.metal,1
/private/tmp/metal-ast-ios-sim-air32/src/cx/conv_103.metal,1
/private/tmp/metal-ast-ios-sim-air32/src/cx/conv_104.metal,1
/private/tmp/metal-ast-ios-sim-air32/src/cx/conv_105.metal,1
/private/tmp/metal-ast-ios-sim-air32/src/cx/conv_106.metal,1
/private/tmp/metal-ast-ios-sim-air32/src/cx/conv_107.metal,1
/private/tmp/metal-ast-ios-sim-air32/src/cx/conv_108.metal,1
/private/tmp/metal-ast-ios-sim-air32/src/cx/conv_109.metal,1
/private/tmp/metal-ast-ios-sim-air32/src/cx/conv_110.metal,1
/private/tmp/metal-ast-ios-sim-air32/src/cx/conv_111.metal,1
/private/tmp/metal-ast-ios-sim-air32/src/cx/conv_112.metal,1
/private/tmp/metal-ast-ios-sim-air32/src/cx/conv_113.metal,1
/private/tmp/metal-ast-ios-sim-air32/src/cx/conv_114.metal,1
/private/tmp/metal-ast-ios-sim-air32/src/cx/conv_115.metal,1
/private/tmp/metal-ast-ios-sim-air32/src/cx/conv_116.metal,1
/private/tmp/metal-ast-ios-sim-air32/src/cx/conv_117.metal,1
/private/tmp/metal-ast-ios-sim-air32/src/cx/conv_118.metal,1
/private/tmp/metal-ast-ios-sim-air32/src/cx/conv_119.metal,1
/private/tmp/metal-ast-ios-sim-air32/src/cx/conv_120.metal,1
/private/tmp/metal-ast-ios-sim-air32/src/cx/conv_121.metal,1
/private/tmp/metal-ast-ios-sim-air32/src/cx/conv_122.metal,1
/private/tmp/metal-ast-ios-sim-air32/src/cx/conv_123.metal,1
/private/tmp/metal-ast-ios-sim-air32/src/cx/conv_124.metal,1
/private/tmp/metal-ast-ios-sim-air32/src/cx/conv_125.metal,1
/private/tmp/metal-ast-ios-sim-air32/src/cx/conv_126.metal,1
/private/tmp/metal-ast-ios-sim-air32/src/cx/conv_127.metal,1
/private/tmp/metal-ast-ios-sim-air32/src/cx/conv_128.metal,1
/private/tmp/metal-ast-ios-sim-air32/src/cx/conv_129.metal,1
/private/tmp/metal-ast-ios-sim-air32/src/cx/conv_130.metal,1
/private/tmp/metal-ast-ios-sim-air32/src/cx/conv_131.metal,1
/private/tmp/metal-ast-ios-sim-air32/src/cx/conv_132.metal,1
/private/tmp/metal-ast-ios-sim-air32/src/cx/conv_133.metal,1
/private/tmp/metal-ast-ios-sim-air32/src/cx/conv_134.metal,1
/private/tmp/metal-ast-ios-sim-air32/src/cx/conv_135.metal,1
/private/tmp/metal-ast-ios-sim-air32/src/cx/conv_136.metal,1
/private/tmp/metal-ast-ios-sim-air32/src/cx/conv_137.metal,1
/private/tmp/metal-ast-ios-sim-air32/src/cx/conv_138.metal,1
/private/tmp/metal-ast-ios-sim-air32/src/cx/conv_139.metal,1
/private/tmp/metal-ast-ios-sim-air32/src/cx/conv_140.metal,1
/private/tmp/metal-ast-ios-sim-air32/src/cx/conv_141.metal,1
/private/tmp/metal-ast-ios-sim-air32/src/cx/conv_142.metal,1
/private/tmp/metal-ast-ios-sim-air32/src/cx/conv_143.metal,1
/private/tmp/metal-ast-ios-sim-air32/src/cx/conv_144.metal,1
/private/tmp/metal-ast-ios-sim-air32/src/cx/conv_145.metal,1
/private/tmp/metal-ast-ios-sim-air32/src/cx/conv_146.metal,1
/private/tmp/metal-ast-ios-sim-air32/src/cx/conv_147.metal,1
/private/tmp/metal-ast-ios-sim-air32/src/cx/conv_148.metal,1
/private/tmp/metal-ast-ios-sim-air32/src/cx/conv_149.metal,1
/private/tmp/metal-ast-ios-sim-air32/src/cx/conv_150.metal,1
/private/tmp/metal-ast-ios-sim-air32/src/cx/conv_151.metal,1
/private/tmp/metal-ast-ios-sim-air32/src/cx/conv_152.metal,1
/private/tmp/metal-ast-ios-sim-air32/src/cx/conv_153.metal,1
/private/tmp/metal-ast-ios-sim-air32/src/cx/conv_154.metal,1
/private/tmp/metal-ast-ios-sim-air32/src/cx/conv_155.metal,1
/private/tmp/metal-ast-ios-sim-air32/src/cx/conv_156.metal,1
/private/tmp/metal-ast-ios-sim-air32/src/cx/conv_157.metal,1
/private/tmp/metal-ast-ios-sim-air32/src/cx/conv_158.metal,1
/private/tmp/metal-ast-ios-sim-air32/src/cx/conv_159.metal,1
/private/tmp/metal-ast-ios-sim-air32/src/cx/conv_160.metal,1
/private/tmp/metal-ast-ios-sim-air32/src/cx/conv_161.metal,1
/private/tmp/metal-ast-ios-sim-air32/src/cx/conv_162.metal,1
/private/tmp/metal-ast-ios-sim-air32/src/cx/conv_163.metal,1
/private/tmp/metal-ast-ios-sim-air32/src/cx/conv_164.metal,1
/private/tmp/metal-ast-ios-sim-air32/src/cx/conv_165.metal,1
/private/tmp/metal-ast-ios-sim-air32/src/cx/conv_166.metal,1
/private/tmp/metal-ast-ios-sim-air32/src/cx/conv_167.metal,1
/private/tmp/metal-ast-ios-sim-air32/src/cx/conv_168.metal,1
/private/tmp/metal-ast-ios-sim-air32/src/cx/conv_169.metal,1
/private/tmp/metal-ast-ios-sim-air32/src/cx/conv_170.metal,1
/private/tmp/metal-ast-ios-sim-air32/src/cx/conv_171.metal,1
/private/tmp/metal-ast-ios-sim-air32/src/cx/conv_172.metal,1
/private/tmp/metal-ast-ios-sim-air32/src/cx/conv_173.metal,1
/private/tmp/metal-ast-ios-sim-air32/src/cx/conv_174.metal,1
/private/tmp/metal-ast-ios-sim-air32/src/cx/conv_175.metal,1
/private/tmp/metal-ast-ios-sim-air32/src/cx/conv_176.metal,1
/private/tmp/metal-ast-ios-sim-air32/src/cx/conv_177.metal,1
/private/tmp/metal-ast-ios-sim-air32/src/cx/conv_178.metal,1
/private/tmp/metal-ast-ios-sim-air32/src/cx/conv_179.metal,1
/private/tmp/metal-ast-ios-sim-air32/src/cx/conv_182.metal,1
/private/tmp/metal-ast-ios-sim-air32/src/cx/conv_183.metal,1
/private/tmp/metal-ast-ios-sim-air32/src/cx/cxx_003_exception_throw.metal,1
/private/tmp/metal-ast-ios-sim-air32/src/cx/cxx_011_variadic_template.metal,1
/private/tmp/metal-ast-ios-sim-air32/src/cx/cxx_012_fold_expression.metal,1
/private/tmp/metal-ast-ios-sim-air32/src/cx/cxx_013_structured_binding.metal,1
/private/tmp/metal-ast-ios-sim-air32/src/cx/cxx_014_if_constexpr.metal,1
/private/tmp/metal-ast-ios-sim-air32/src/cx/cxx_015_namespace_alias.metal,1
/private/tmp/metal-ast-ios-sim-air32/src/cx/cxx_016_using_declaration.metal,1
/private/tmp/metal-ast-ios-sim-air32/src/cx/cxx_017_enum_class.metal,1
/private/tmp/metal-ast-ios-sim-air32/src/cx/cxx_018_bitfield_struct.metal,1
/private/tmp/metal-ast-ios-sim-air32/src/cx/cxx_020_pointer_arithmetic.metal,1
/private/tmp/metal-ast-ios-sim-air32/src/cx/cxx_022_member_pointer.metal,1
/private/tmp/metal-ast-ios-sim-air32/src/cx/cxx_024_sfinae_enable_if.metal,1
/private/tmp/metal-ast-ios-sim-air32/src/cx/cxx_025_constexpr_function.metal,1
/private/tmp/metal-ast-ios-sim-air32/src/cx/cxx_026_static_assert_test.metal,1
/private/tmp/metal-ast-ios-sim-air32/src/cx/cxx_027_operator_overload.metal,1
/private/tmp/metal-ast-ios-sim-air32/src/cx/cxx_as_type_reinterpret.metal,1
/private/tmp/metal-ast-ios-sim-air32/src/cx/cxx_auto_decltype.metal,1
/private/tmp/metal-ast-ios-sim-air32/src/cx/cxx_constexpr_fn.metal,1
/private/tmp/metal-ast-ios-sim-air32/src/cx/cxx_default_arg.metal,1
/private/tmp/metal-ast-ios-sim-air32/src/cx/cxx_namespace_using.metal,1
/private/tmp/metal-ast-ios-sim-air32/src/cx/cxx_operator_overload.metal,1
/private/tmp/metal-ast-ios-sim-air32/src/cx/cxx_overload_addrspace.metal,1
/private/tmp/metal-ast-ios-sim-air32/src/cx/cxx_overload_types.metal,1
/private/tmp/metal-ast-ios-sim-air32/src/cx/cxx_sfinae_enable_if.metal,1
/private/tmp/metal-ast-ios-sim-air32/src/cx/cxx_template_class_spec.metal,1
/private/tmp/metal-ast-ios-sim-air32/src/cx/cxx_template_fn_explicit.metal,1
/private/tmp/metal-ast-ios-sim-air32/src/cx/determ_basic.metal,1
/private/tmp/metal-ast-ios-sim-air32/src/cx/determ_control_flow.metal,1
/private/tmp/metal-ast-ios-sim-air32/src/cx/determ_multi_func.metal,1
/private/tmp/metal-ast-ios-sim-air32/src/cx/determ_template.metal,1
/private/tmp/metal-ast-ios-sim-air32/src/cx/edge_1000_kernels.metal,1
/private/tmp/metal-ast-ios-sim-air32/src/cx/edge_deep_call.metal,1
/private/tmp/metal-ast-ios-sim-air32/src/cx/edge_deep_template.metal,1
/private/tmp/metal-ast-ios-sim-air32/src/cx/edge_div_zero.metal,1
/private/tmp/metal-ast-ios-sim-air32/src/cx/edge_empty.metal,1
/private/tmp/metal-ast-ios-sim-air32/src/cx/edge_infinity.metal,1
/private/tmp/metal-ast-ios-sim-air32/src/cx/edge_large_array.metal,1
/private/tmp/metal-ast-ios-sim-air32/src/cx/edge_long_identifier.metal,1
/private/tmp/metal-ast-ios-sim-air32/src/cx/edge_max_buffers.metal,1
/private/tmp/metal-ast-ios-sim-air32/src/cx/edge_nan.metal,1
/private/tmp/metal-ast-ios-sim-air32/src/cx/edge_oob_access.metal,1
/private/tmp/metal-ast-ios-sim-air32/src/cx/edge_overflow.metal,1
/private/tmp/metal-ast-ios-sim-air32/src/cx/edge_underflow.metal,1
/private/tmp/metal-ast-ios-sim-air32/src/cx/edge_uninit_var.metal,1
/private/tmp/metal-ast-ios-sim-air32/src/cx/err_as_texture_cast.metal,1
/private/tmp/metal-ast-ios-sim-air32/src/cx/err_attr_frag_int_return.metal,1
/private/tmp/metal-ast-ios-sim-air32/src/cx/err_cf_recursion.metal,1
/private/tmp/metal-ast-ios-sim-air32/src/cx/err_tex_depth_gather.metal,1
/private/tmp/metal-ast-ios-sim-air32/src/cx/err_type_assign_float_to_int.metal,1
/private/tmp/metal-ast-ios-sim-air32/src/cx/err_type_implicit_narrowing.metal,1
/private/tmp/metal-ast-ios-sim-air32/src/cx/has_feature_probe.metal,1
/private/tmp/metal-ast-ios-sim-air32/src/cx/io_vertex_clip_distance.metal,1
/private/tmp/metal-ast-ios-sim-air32/src/cx/io_vertex_point_size.metal,1
/private/tmp/metal-ast-ios-sim-air32/src/cx/io_vertex_pos_only.metal,1
/private/tmp/metal-ast-ios-sim-air32/src/cx/io_vertex_user_locn.metal,1
/private/tmp/metal-ast-ios-sim-air32/src/cx/mesh_perprim_attrs.metal,1
/private/tmp/metal-ast-ios-sim-air32/src/cx/mesh_topo_line.metal,1
/private/tmp/metal-ast-ios-sim-air32/src/cx/mesh_topo_point.metal,1
/private/tmp/metal-ast-ios-sim-air32/src/cx/mesh_topo_triangle.metal,1
/private/tmp/metal-ast-ios-sim-air32/src/cx/multi_entry_2kernels.metal,1
/private/tmp/metal-ast-ios-sim-air32/src/cx/multi_entry_4kernels.metal,1
/private/tmp/metal-ast-ios-sim-air32/src/cx/multi_entry_mesh_object.metal,1
/private/tmp/metal-ast-ios-sim-air32/src/cx/multi_entry_shared_textures.metal,1
/private/tmp/metal-ast-ios-sim-air32/src/cx/multi_entry_with_helpers.metal,1
/private/tmp/metal-ast-ios-sim-air32/src/cx/object_min.metal,1
/private/tmp/metal-ast-ios-sim-air32/src/cx/object_payload.metal,1
/private/tmp/metal-ast-ios-sim-air32/src/cx/repr_bool_scalar.metal,1
/private/tmp/metal-ast-ios-sim-air32/src/cx/repr_half_arith.metal,1
/private/tmp/metal-ast-ios-sim-air32/src/cx/repr_long_ulong.metal,1
/private/tmp/metal-ast-ios-sim-air32/src/cx/res_buffer_constant.metal,1
/private/tmp/metal-ast-ios-sim-air32/src/cx/res_buffer_device.metal,1
/private/tmp/metal-ast-ios-sim-air32/src/cx/res_buffer_thread_addrspace.metal,1
/private/tmp/metal-ast-ios-sim-air32/src/cx/res_index_buffer15.metal,1
/private/tmp/metal-ast-ios-sim-air32/src/cx/res_index_buffer7.metal,1
/private/tmp/metal-ast-ios-sim-air32/src/cx/res_intersection_function_table.metal,1
/private/tmp/metal-ast-ios-sim-air32/src/cx/res_threadgroup_alignas.metal,1
/private/tmp/metal-ast-ios-sim-air32/src/cx/res_visible_function_table.metal,1
/private/tmp/metal-ast-ios-sim-air32/src/cx/rt_accstruct_instance.metal,1
/private/tmp/metal-ast-ios-sim-air32/src/cx/rt_accstruct_primitive.metal,1
/private/tmp/metal-ast-ios-sim-air32/src/cx/rt_flags.metal,1
/private/tmp/metal-ast-ios-sim-air32/src/cx/rt_payload_struct.metal,1
/private/tmp/metal-ast-ios-sim-air32/src/cx/rt_triangle_query.metal,1
/private/tmp/metal-ast-ios-sim-air32/src/cx/texm_000.metal,1
/private/tmp/metal-ast-ios-sim-air32/src/cx/texm_001.metal,1
/private/tmp/metal-ast-ios-sim-air32/src/cx/texm_002.metal,1
/private/tmp/metal-ast-ios-sim-air32/src/cx/texm_003.metal,1
/private/tmp/metal-ast-ios-sim-air32/src/cx/texm_004.metal,1
/private/tmp/metal-ast-ios-sim-air32/src/cx/texm_005.metal,1
/private/tmp/metal-ast-ios-sim-air32/src/cx/texm_006.metal,1
/private/tmp/metal-ast-ios-sim-air32/src/cx/texm_007.metal,1
/private/tmp/metal-ast-ios-sim-air32/src/cx/texm_008.metal,1
/private/tmp/metal-ast-ios-sim-air32/src/cx/texm_009.metal,1
/private/tmp/metal-ast-ios-sim-air32/src/cx/texm_010.metal,1
/private/tmp/metal-ast-ios-sim-air32/src/cx/texm_011.metal,1
/private/tmp/metal-ast-ios-sim-air32/src/cx/texm_012.metal,1
/private/tmp/metal-ast-ios-sim-air32/src/cx/texm_013.metal,1
/private/tmp/metal-ast-ios-sim-air32/src/cx/texm_014.metal,1
/private/tmp/metal-ast-ios-sim-air32/src/cx/texm_015.metal,1
/private/tmp/metal-ast-ios-sim-air32/src/cx/texm_016.metal,1
/private/tmp/metal-ast-ios-sim-air32/src/cx/texm_017.metal,1
/private/tmp/metal-ast-ios-sim-air32/src/cx/texm_018.metal,1
/private/tmp/metal-ast-ios-sim-air32/src/cx/texm_019.metal,1
/private/tmp/metal-ast-ios-sim-air32/src/cx/texm_020.metal,1
/private/tmp/metal-ast-ios-sim-air32/src/cx/texm_021.metal,1
/private/tmp/metal-ast-ios-sim-air32/src/cx/texm_022.metal,1
/private/tmp/metal-ast-ios-sim-air32/src/cx/texm_023.metal,1
/private/tmp/metal-ast-ios-sim-air32/src/cx/texm_024.metal,1
/private/tmp/metal-ast-ios-sim-air32/src/cx/texm_025.metal,1
/private/tmp/metal-ast-ios-sim-air32/src/cx/texm_026.metal,1
/private/tmp/metal-ast-ios-sim-air32/src/cx/texm_027.metal,1
/private/tmp/metal-ast-ios-sim-air32/src/cx/texm_028.metal,1
/private/tmp/metal-ast-ios-sim-air32/src/cx/texm_029.metal,1
/private/tmp/metal-ast-ios-sim-air32/src/cx/texm_030.metal,1
/private/tmp/metal-ast-ios-sim-air32/src/cx/texm_031.metal,1
/private/tmp/metal-ast-ios-sim-air32/src/cx/texm_032.metal,1
/private/tmp/metal-ast-ios-sim-air32/src/cx/texm_033.metal,1
/private/tmp/metal-ast-ios-sim-air32/src/cx/texm_034.metal,1
/private/tmp/metal-ast-ios-sim-air32/src/cx/texm_035.metal,1
/private/tmp/metal-ast-ios-sim-air32/src/cx/texm_036.metal,1
/private/tmp/metal-ast-ios-sim-air32/src/cx/texm_037.metal,1
/private/tmp/metal-ast-ios-sim-air32/src/cx/texm_038.metal,1
/private/tmp/metal-ast-ios-sim-air32/src/cx/texm_039.metal,1
/private/tmp/metal-ast-ios-sim-air32/src/cx/texm_048.metal,1
/private/tmp/metal-ast-ios-sim-air32/src/cx/texm_058.metal,1
/private/tmp/metal-ast-ios-sim-air32/src/cx/texm_068.metal,1
/private/tmp/metal-ast-ios-sim-air32/src/cx/texm_078.metal,1
/private/tmp/metal-ast-ios-sim-air32/src/cx/texm_080.metal,1
/private/tmp/metal-ast-ios-sim-air32/src/cx/texm_085.metal,1
/private/tmp/metal-ast-ios-sim-air32/src/cx/texm_086.metal,1
/private/tmp/metal-ast-ios-sim-air32/src/cx/texm_087.metal,1
/private/tmp/metal-ast-ios-sim-air32/src/cx/texm_088.metal,1
/private/tmp/metal-ast-ios-sim-air32/src/cx/texm_093.metal,1
/private/tmp/metal-ast-ios-sim-air32/src/cx/texm_094.metal,1
/private/tmp/metal-ast-ios-sim-air32/src/cx/texm_095.metal,1
/private/tmp/metal-ast-ios-sim-air32/src/cx/texm_096.metal,1
/private/tmp/metal-ast-ios-sim-air32/src/cx/texm_101.metal,1
/private/tmp/metal-ast-ios-sim-air32/src/cx/texm_102.metal,1
/private/tmp/metal-ast-ios-sim-air32/src/cx/texm_103.metal,1
/private/tmp/metal-ast-ios-sim-air32/src/cx/texm_104.metal,1
/private/tmp/metal-ast-ios-sim-air32/src/cx/texm_109.metal,1
/private/tmp/metal-ast-ios-sim-air32/src/cx/texm_110.metal,1
/private/tmp/metal-ast-ios-sim-air32/src/cx/texm_111.metal,1
/private/tmp/metal-ast-ios-sim-air32/src/cx/texm_112.metal,1
/private/tmp/metal-ast-ios-sim-air32/src/cx/texm_113.metal,1
/private/tmp/metal-ast-ios-sim-air32/src/cx/texm_114.metal,1
/private/tmp/metal-ast-ios-sim-air32/src/cx/texm_117.metal,1
/private/tmp/metal-ast-ios-sim-air32/src/cx/texm_118.metal,1
/private/tmp/metal-ast-ios-sim-air32/src/cx/texm_119.metal,1
/private/tmp/metal-ast-ios-sim-air32/src/cx/texm_120.metal,1
/private/tmp/metal-ast-ios-sim-air32/src/cx/texm_121.metal,1
/private/tmp/metal-ast-ios-sim-air32/src/cx/texm_122.metal,1
/private/tmp/metal-ast-ios-sim-air32/src/cx/texm_125.metal,1
/private/tmp/metal-ast-ios-sim-air32/src/cx/texm_126.metal,1
/private/tmp/metal-ast-ios-sim-air32/src/cx/texm_127.metal,1
/private/tmp/metal-ast-ios-sim-air32/src/cx/texm_128.metal,1
/private/tmp/metal-ast-ios-sim-air32/src/cx/texm_129.metal,1
/private/tmp/metal-ast-ios-sim-air32/src/cx/texm_130.metal,1
/private/tmp/metal-ast-ios-sim-air32/src/cx/texm_133.metal,1
/private/tmp/metal-ast-ios-sim-air32/src/cx/texm_134.metal,1
/private/tmp/metal-ast-ios-sim-air32/src/cx/texm_135.metal,1
/private/tmp/metal-ast-ios-sim-air32/src/cx/texm_136.metal,1
/private/tmp/metal-ast-ios-sim-air32/src/cx/texm_137.metal,1
/private/tmp/metal-ast-ios-sim-air32/src/cx/texm_138.metal,1
/private/tmp/metal-ast-ios-sim-air32/src/cx/texm_141.metal,1
/private/tmp/metal-ast-ios-sim-air32/src/cx/texm_142.metal,1
/private/tmp/metal-ast-ios-sim-air32/src/cx/texm_143.metal,1
/private/tmp/metal-ast-ios-sim-air32/src/cx/texm_144.metal,1
/private/tmp/metal-ast-ios-sim-air32/src/cx/texm_145.metal,1
/private/tmp/metal-ast-ios-sim-air32/src/cx/texm_146.metal,1
/private/tmp/metal-ast-ios-sim-air32/src/cx/texm_151.metal,1
/private/tmp/metal-ast-ios-sim-air32/src/cx/texm_152.metal,1
/private/tmp/metal-ast-ios-sim-air32/src/cx/texm_153.metal,1
/private/tmp/metal-ast-ios-sim-air32/src/cx/texm_158.metal,1
/private/tmp/metal-ast-ios-sim-air32/src/cx/texm_159.metal,1
/private/tmp/metal-ast-ios-sim-air32/src/cx/texm_160.metal,1
/private/tmp/metal-ast-ios-sim-air32/src/cx/texm_165.metal,1
/private/tmp/metal-ast-ios-sim-air32/src/cx/texm_166.metal,1
/private/tmp/metal-ast-ios-sim-air32/src/cx/texm_167.metal,1
/private/tmp/metal-ast-ios-sim-air32/src/cx/texq_172.metal,1
/private/tmp/metal-ast-ios-sim-air32/src/cx/texq_173.metal,1
/private/tmp/metal-ast-ios-sim-air32/src/cx/texq_174.metal,1
/private/tmp/metal-ast-ios-sim-air32/src/cx/texq_175.metal,1
/private/tmp/metal-ast-ios-sim-air32/src/cx/texq_176.metal,1
/private/tmp/metal-ast-ios-sim-air32/src/cx/texq_177.metal,1
/private/tmp/metal-ast-ios-sim-air32/src/cx/texq_178.metal,1
/private/tmp/metal-ast-ios-sim-air32/src/cx/texq_179.metal,1
/private/tmp/metal-ast-ios-sim-air32/src/cx/texq_181.metal,1
/private/tmp/metal-ast-ios-sim-air32/src/cx/texq_182.metal,1
/private/tmp/metal-ast-ios-sim-air32/src/cx/texq_183.metal,1
/private/tmp/metal-ast-ios-sim-air32/src/cx/texq_184.metal,1
/private/tmp/metal-ast-ios-sim-air32/src/cx/texq_185.metal,1
/private/tmp/metal-ast-ios-sim-air32/src/cx/texq_186.metal,1
/private/tmp/metal-ast-ios-sim-air32/src/cx/texq_187.metal,1
/private/tmp/metal-ast-ios-sim-air32/src/cx/texq_188.metal,1
/private/tmp/metal-ast-ios-sim-air32/src/cx/threadgroup_tg_alignas.metal,1
/private/tmp/metal-ast-ios-sim-air32/src/cx/threadgroup_tg_array_large.metal,1
/private/tmp/metal-ast-ios-sim-air32/src/cx/threadgroup_tg_array_small.metal,1
/private/tmp/metal-ast-ios-sim-air32/src/cx/threadgroup_tg_atomic.metal,1
/private/tmp/metal-ast-ios-sim-air32/src/cx/threadgroup_tg_dynamic_index.metal,1
/private/tmp/metal-ast-ios-sim-air32/src/cx/type_bool_to_int.metal,1
/private/tmp/metal-ast-ios-sim-air32/src/cx/threadgroup_tg_multiple_arrays.metal,1
/private/tmp/metal-ast-ios-sim-air32/src/cx/threadgroup_tg_prefix_sum.metal,1
/private/tmp/metal-ast-ios-sim-air32/src/cx/threadgroup_tg_scalar.metal,1
/private/tmp/metal-ast-ios-sim-air32/src/cx/threadgroup_tg_struct.metal,1
/private/tmp/metal-ast-ios-sim-air32/src/cx/type_float2_to_scalar.metal,1
/private/tmp/metal-ast-ios-sim-air32/src/cx/type_float3_to_scalar.metal,1
/private/tmp/metal-ast-ios-sim-air32/src/cx/type_float4_to_scalar.metal,1
/private/tmp/metal-ast-ios-sim-air32/src/cx/type_half2_to_scalar.metal,1
/private/tmp/metal-ast-ios-sim-air32/src/cx/type_half3_to_scalar.metal,1
/private/tmp/metal-ast-ios-sim-air32/src/cx/type_half4_to_scalar.metal,1
/private/tmp/metal-ast-ios-sim-air32/src/cx/type_implicit_bool_to_char.metal,1
/private/tmp/metal-ast-ios-sim-air32/src/cx/type_implicit_bool_to_float.metal,1
/private/tmp/metal-ast-ios-sim-air32/src/cx/type_implicit_bool_to_half.metal,1
/private/tmp/metal-ast-ios-sim-air32/src/cx/type_implicit_bool_to_int.metal,1
/private/tmp/metal-ast-ios-sim-air32/src/cx/type_implicit_bool_to_short.metal,1
/private/tmp/metal-ast-ios-sim-air32/src/cx/type_implicit_bool_to_uchar.metal,1
/private/tmp/metal-ast-ios-sim-air32/src/cx/type_implicit_bool_to_uint.metal,1
/private/tmp/metal-ast-ios-sim-air32/src/cx/type_implicit_bool_to_ushort.metal,1
/private/tmp/metal-ast-ios-sim-air32/src/cx/type_implicit_char_to_bool.metal,1
/private/tmp/metal-ast-ios-sim-air32/src/cx/type_implicit_char_to_float.metal,1
/private/tmp/metal-ast-ios-sim-air32/src/cx/type_implicit_char_to_half.metal,1
/private/tmp/metal-ast-ios-sim-air32/src/cx/type_implicit_char_to_int.metal,1
/private/tmp/metal-ast-ios-sim-air32/src/cx/type_implicit_char_to_short.metal,1
/private/tmp/metal-ast-ios-sim-air32/src/cx/type_implicit_char_to_uchar.metal,1
/private/tmp/metal-ast-ios-sim-air32/src/cx/type_implicit_char_to_uint.metal,1
/private/tmp/metal-ast-ios-sim-air32/src/cx/type_implicit_char_to_ushort.metal,1
/private/tmp/metal-ast-ios-sim-air32/src/cx/type_implicit_float4_to_float3.metal,1
/private/tmp/metal-ast-ios-sim-air32/src/cx/type_implicit_float_to_bool.metal,1
/private/tmp/metal-ast-ios-sim-air32/src/cx/type_implicit_float_to_char.metal,1
/private/tmp/metal-ast-ios-sim-air32/src/cx/type_implicit_float_to_half.metal,1
/private/tmp/metal-ast-ios-sim-air32/src/cx/type_implicit_float_to_int.metal,1
/private/tmp/metal-ast-ios-sim-air32/src/cx/type_implicit_float_to_short.metal,1
/private/tmp/metal-ast-ios-sim-air32/src/cx/type_implicit_float_to_uchar.metal,1
/private/tmp/metal-ast-ios-sim-air32/src/cx/type_implicit_float_to_uint.metal,1
/private/tmp/metal-ast-ios-sim-air32/src/cx/type_implicit_float_to_ushort.metal,1
/private/tmp/metal-ast-ios-sim-air32/src/cx/type_implicit_half4_to_half3.metal,1
/private/tmp/metal-ast-ios-sim-air32/src/cx/type_implicit_half_to_bool.metal,1
/private/tmp/metal-ast-ios-sim-air32/src/cx/type_implicit_half_to_char.metal,1
/private/tmp/metal-ast-ios-sim-air32/src/cx/type_implicit_half_to_float.metal,1
/private/tmp/metal-ast-ios-sim-air32/src/cx/type_implicit_half_to_int.metal,1
/private/tmp/metal-ast-ios-sim-air32/src/cx/type_implicit_half_to_short.metal,1
/private/tmp/metal-ast-ios-sim-air32/src/cx/type_implicit_half_to_uchar.metal,1
/private/tmp/metal-ast-ios-sim-air32/src/cx/type_implicit_half_to_uint.metal,1
/private/tmp/metal-ast-ios-sim-air32/src/cx/type_implicit_half_to_ushort.metal,1
/private/tmp/metal-ast-ios-sim-air32/src/cx/type_implicit_int4_to_int3.metal,1
/private/tmp/metal-ast-ios-sim-air32/src/cx/type_implicit_int_to_bool.metal,1
/private/tmp/metal-ast-ios-sim-air32/src/cx/type_implicit_int_to_char.metal,1
/private/tmp/metal-ast-ios-sim-air32/src/cx/type_implicit_int_to_float.metal,1
/private/tmp/metal-ast-ios-sim-air32/src/cx/type_implicit_int_to_half.metal,1
/private/tmp/metal-ast-ios-sim-air32/src/cx/type_implicit_int_to_short.metal,1
/private/tmp/metal-ast-ios-sim-air32/src/cx/type_implicit_int_to_uchar.metal,1
/private/tmp/metal-ast-ios-sim-air32/src/cx/type_implicit_int_to_uint.metal,1
/private/tmp/metal-ast-ios-sim-air32/src/cx/type_implicit_int_to_ushort.metal,1
/private/tmp/metal-ast-ios-sim-air32/src/cx/type_implicit_short_to_bool.metal,1
/private/tmp/metal-ast-ios-sim-air32/src/cx/type_implicit_short_to_char.metal,1
/private/tmp/metal-ast-ios-sim-air32/src/cx/type_implicit_short_to_float.metal,1
/private/tmp/metal-ast-ios-sim-air32/src/cx/type_implicit_short_to_half.metal,1
/private/tmp/metal-ast-ios-sim-air32/src/cx/type_implicit_short_to_int.metal,1
/private/tmp/metal-ast-ios-sim-air32/src/cx/type_implicit_short_to_uchar.metal,1
/private/tmp/metal-ast-ios-sim-air32/src/cx/type_implicit_short_to_uint.metal,1
/private/tmp/metal-ast-ios-sim-air32/src/cx/type_implicit_short_to_ushort.metal,1
/private/tmp/metal-ast-ios-sim-air32/src/cx/type_implicit_uchar_to_bool.metal,1
/private/tmp/metal-ast-ios-sim-air32/src/cx/type_implicit_uchar_to_char.metal,1
/private/tmp/metal-ast-ios-sim-air32/src/cx/type_implicit_uchar_to_float.metal,1
/private/tmp/metal-ast-ios-sim-air32/src/cx/type_implicit_uchar_to_half.metal,1
/private/tmp/metal-ast-ios-sim-air32/src/cx/type_implicit_uchar_to_int.metal,1
/private/tmp/metal-ast-ios-sim-air32/src/cx/type_implicit_uchar_to_short.metal,1
/private/tmp/metal-ast-ios-sim-air32/src/cx/type_implicit_uchar_to_uint.metal,1
/private/tmp/metal-ast-ios-sim-air32/src/cx/type_implicit_uchar_to_ushort.metal,1
/private/tmp/metal-ast-ios-sim-air32/src/cx/type_implicit_uint4_to_uint3.metal,1
/private/tmp/metal-ast-ios-sim-air32/src/cx/type_implicit_uint_to_bool.metal,1
/private/tmp/metal-ast-ios-sim-air32/src/cx/type_implicit_uint_to_char.metal,1
/private/tmp/metal-ast-ios-sim-air32/src/cx/type_implicit_uint_to_float.metal,1
/private/tmp/metal-ast-ios-sim-air32/src/cx/type_implicit_uint_to_half.metal,1
/private/tmp/metal-ast-ios-sim-air32/src/cx/type_implicit_uint_to_int.metal,1
/private/tmp/metal-ast-ios-sim-air32/src/cx/type_implicit_uint_to_short.metal,1
/private/tmp/metal-ast-ios-sim-air32/src/cx/type_implicit_uint_to_uchar.metal,1
/private/tmp/metal-ast-ios-sim-air32/src/cx/type_implicit_uint_to_ushort.metal,1
/private/tmp/metal-ast-ios-sim-air32/src/cx/type_implicit_ushort_to_bool.metal,1
/private/tmp/metal-ast-ios-sim-air32/src/cx/type_implicit_ushort_to_char.metal,1
/private/tmp/metal-ast-ios-sim-air32/src/cx/type_implicit_ushort_to_float.metal,1
/private/tmp/metal-ast-ios-sim-air32/src/cx/type_implicit_ushort_to_half.metal,1
/private/tmp/metal-ast-ios-sim-air32/src/cx/type_implicit_ushort_to_int.metal,1
/private/tmp/metal-ast-ios-sim-air32/src/cx/type_int2_to_scalar.metal,1
/private/tmp/metal-ast-ios-sim-air32/src/cx/type_implicit_ushort_to_short.metal,1
/private/tmp/metal-ast-ios-sim-air32/src/cx/type_implicit_ushort_to_uchar.metal,1
/private/tmp/metal-ast-ios-sim-air32/src/cx/type_implicit_ushort_to_uint.metal,1
/private/tmp/metal-ast-ios-sim-air32/src/cx/type_int3_to_scalar.metal,1
/private/tmp/metal-ast-ios-sim-air32/src/cx/type_int4_to_scalar.metal,1
/private/tmp/metal-ast-ios-sim-air32/src/cx/type_int_to_bool.metal,1
/private/tmp/metal-ast-ios-sim-air32/src/cx/type_nullptr_to_device_ptr.metal,1
/private/tmp/metal-ast-ios-sim-air32/src/cx/type_nullptr_to_thread_ptr.metal,1
/private/tmp/metal-ast-ios-sim-air32/src/cx/type_promote_half_float_add.metal,1
/private/tmp/metal-ast-ios-sim-air32/src/cx/type_promote_int_uint_add.metal,1
/private/tmp/metal-ast-ios-sim-air32/src/cx/type_scalar_to_float2.metal,1
/private/tmp/metal-ast-ios-sim-air32/src/cx/type_scalar_to_float3.metal,1
/private/tmp/metal-ast-ios-sim-air32/src/cx/type_scalar_to_float4.metal,1
/private/tmp/metal-ast-ios-sim-air32/src/cx/type_scalar_to_half2.metal,1
/private/tmp/metal-ast-ios-sim-air32/src/cx/type_scalar_to_half3.metal,1
/private/tmp/metal-ast-ios-sim-air32/src/cx/type_scalar_to_half4.metal,1
/private/tmp/metal-ast-ios-sim-air32/src/cx/type_scalar_to_int2.metal,1
/private/tmp/metal-ast-ios-sim-air32/src/cx/type_scalar_to_int3.metal,1
/private/tmp/metal-ast-ios-sim-air32/src/cx/type_scalar_to_int4.metal,1
/private/tmp/metal-ast-ios-sim-air32/src/cx/type_scalar_to_uint2.metal,1
/private/tmp/metal-ast-ios-sim-air32/src/cx/type_scalar_to_uint3.metal,1
/private/tmp/metal-ast-ios-sim-air32/src/cx/type_scalar_to_uint4.metal,1
/private/tmp/metal-ast-ios-sim-air32/src/cx/type_template_deduction_min.metal,1
/private/tmp/metal-ast-ios-sim-air32/src/cx/type_uint2_to_scalar.metal,1
/private/tmp/metal-ast-ios-sim-air32/src/cx/type_uint3_to_scalar.metal,1
/private/tmp/metal-ast-ios-sim-air32/src/cx/type_uint4_to_scalar.metal,1
/private/tmp/metal-ast-ios-sim-air32/src/cx/type_vec_scalar_mul_float2.metal,1
/private/tmp/metal-ast-ios-sim-air32/src/cx/type_vec_scalar_mul_float3.metal,1
/private/tmp/metal-ast-ios-sim-air32/src/cx/type_vec_scalar_mul_float4.metal,1
/private/tmp/metal-ast-ios-sim-air32/src/cx/type_vec_scalar_mul_half2.metal,1
/private/tmp/metal-ast-ios-sim-air32/src/cx/type_vec_scalar_mul_half3.metal,1
/private/tmp/metal-ast-ios-sim-air32/src/cx/type_vec_scalar_mul_half4.metal,1
/private/tmp/metal-ast-ios-sim-air32/src/cx/vis_default.metal,1
/private/tmp/metal-ast-ios-sim-air32/src/cx/vis_export_name.metal,1
/private/tmp/metal-ast-ios-sim-air32/src/cx/vis_internal.metal,1
/private/tmp/metal-ast-ios-sim-air32/src/cx/vis_multiple_visible.metal,1
/private/tmp/metal-ast-ios-sim-air32/src/cx/vis_stitchable.metal,1
/private/tmp/metal-ast-ios-sim-air32/src/cx/vis_template_visible.metal,1
/private/tmp/metal-ast-ios-sim-air32/src/cx/vis_visible.metal,1
/private/tmp/metal-ast-ios-sim-air32/src/cx/warn_deprecated.metal,1
/private/tmp/metal-ast-ios-sim-air32/src/cx/warn_div_zero.metal,1
/private/tmp/metal-ast-ios-sim-air32/src/cx/warn_empty_body.metal,1
/private/tmp/metal-ast-ios-sim-air32/src/cx/warn_extra_parens.metal,1
/private/tmp/metal-ast-ios-sim-air32/src/cx/warn_fallthrough.metal,1
/private/tmp/metal-ast-ios-sim-air32/src/cx/warn_infinite_loop.metal,1
/private/tmp/metal-ast-ios-sim-air32/src/cx/warn_missing_braces.metal,1
/private/tmp/metal-ast-ios-sim-air32/src/cx/warn_narrowing.metal,1
/private/tmp/metal-ast-ios-sim-air32/src/cx/warn_self_assign.metal,1
/private/tmp/metal-ast-ios-sim-air32/src/cx/warn_shadow.metal,1
/private/tmp/metal-ast-ios-sim-air32/src/cx/warn_shift_overflow.metal,1
/private/tmp/metal-ast-ios-sim-air32/src/cx/warn_sign_compare.metal,1
/private/tmp/metal-ast-ios-sim-air32/src/cx/warn_unreachable.metal,1
/private/tmp/metal-ast-ios-sim-air32/src/cx/warn_unused_var.metal,1
/private/tmp/metal-ast-ios-sim-air64/meta/driver-probe.metal,1
/private/tmp/metal-ast-macos-air32/meta/driver-probe.metal,1
/private/tmp/metal-ast-macos-air64/meta/driver-probe.metal,1
/private/tmp/metal-ast-tvos-air32/meta/driver-probe.metal,1
/private/tmp/metal-ast-tvos-air64/meta/driver-probe.metal,1
/private/tmp/metal-ast-tvos-sim-air32/meta/driver-probe.metal,1
/private/tmp/metal-ast-tvos-sim-air64/meta/driver-probe.metal,1
/private/tmp/metal-ast-watchos-air32/meta/driver-probe.metal,1
/private/tmp/metal-ast-watchos-air64/meta/driver-probe.metal,1
/private/tmp/metal-ast-watchos-sim-air32/meta/driver-probe.metal,1
/private/tmp/metal-ast-watchos-sim-air64/meta/driver-probe.metal,1
air.instance_id,1
iid,1
/Users/runner/metal_probe/probe_scenes/scene_P02_vertex_fragment_meta/probe.metal,1
air-alias-scopes(probe_p02_fragment),1
/Users/runner/metal_probe/probe_scenes/scene_P03_math/probe.metal,1
/Users/runner/metal_probe/probe_scenes/scene_P04_integer/probe.metal,1
/Users/runner/metal_probe/probe_scenes/scene_P05_convert/probe.metal,1
/Users/runner/metal_probe/probe_scenes/scene_P06_texture/probe.metal,1
/Users/runner/metal_probe/p2/P06M/probe.metal,1
/Users/runner/metal_probe/p3/P06M/probe.metal,1
/Users/runner/metal_probe/p10/P06M/probe.metal,1
/Users/runner/metal_probe/p11/P06M/probe.metal,1
/Users/runner/metal_probe/p5/P06M/probe.metal,1
/Users/runner/metal_probe/probe_scenes/scene_P07_atomic/probe.metal,1
/Users/runner/metal_probe/p2/P07F/probe.metal,1
/Users/runner/metal_probe/p3/P07F/probe.metal,1
/Users/runner/metal_probe/p10/P07F/probe.metal,1
/Users/runner/metal_probe/p11/P07F/probe.metal,1
/Users/runner/metal_probe/p5/P07F/probe.metal,1
/Users/runner/metal_probe/probe_scenes/scene_P08_sync/probe.metal,1
/Users/runner/metal_probe/p4/P08M/probe.metal,1
/Users/runner/metal_probe/p5/P08M/probe.metal,1
/Users/runner/metal_probe/p7/P08M/probe.metal,1
/Users/runner/metal_probe/probe_scenes/scene_P09_function_constant/probe.metal,1
/Users/runner/metal_probe/p10/P09F/probe.metal,1
/Users/runner/metal_probe/p11/P09F/probe.metal,1
/Users/runner/metal_probe/probe_scenes/scene_P10_visible_rt/probe.metal,1
/Users/runner/metal_probe/p10/P10T/probe.metal,1
/Users/runner/metal_probe/p12/P10T_O0/probe.metal,1
/Users/runner/metal_probe/probe_scenes/scene_P11_mesh_tensor/probe.metal,1
/Users/runner/metal_probe/p10/P11M/probe.metal,1
/Users/runner/metal_probe/p11/P11M/probe.metal,1
/Users/runner/metal_probe/p12/P11M/probe.metal,1
/Users/runner/metal_probe/probe_scenes/scene_P13_rtlib_funcs/probe.metal,1
/Users/runner/metal_probe/p15/P15M/probe.metal,1
air.mesh,1
"mesh<MeshV, MeshP, 8, 4, triangle>",1
__m,1
air.mesh_type_info,1
air.triangle,1
air.primitive_id,1
primid,1
air.mesh_grid_properties,1
mesh_grid_properties,1
__gp,1
generated(4__vvf),1
air.vertex_value,1
__vv,1
/Users/runner/metal_probe/p18/P18K/probe.metal,1
air-alias-scopes(probe_p18k_vv),1
/Users/runner/metal_probe/p19/P19K/probe.metal,1
/Users/runner/metal_probe/p20/P20K/probe.metal,1
/Users/runner/metal_probe/p21/P21K/probe.metal,1
/Users/runner/metal_probe/p24b/P24B/probe.metal,1
"imageblock<IB25C, layout_implicit>",1
"texture1d_array<float, write>",1
"texturecube<float, write>",1
"texturecube_array<float, write>",1
__fc25,1
/Users/runner/metal_probe/p25/P25M/probe.metal,1
air-alias-scopes(probe_p25m_imw),1
_ZTS4PL25,1
air-alias-scopes(probe_p25m_ifcd),1
/Users/runner/metal_probe/p25/bisect/e2_gsampler.metal,1
"texture1d<ulong, read_write>",1
"texture1d_array<ulong, read_write>",1
"texture2d<ulong, read_write>",1
"texture2d_array<ulong, read_write>",1
"texture3d<ulong, read_write>",1
"texture_buffer<ulong, read_write>",1
"texturecube<ulong, read_write>",1
"texturecube_array<ulong, read_write>",1
/Users/runner/metal_probe/p26/P26M/probe.metal,1
/Users/runner/work/remote/remote/run27_apply/P06M32R/metal32_macosx26/probe.metal,1
"imageblock<FooImp, layout_implicit>",1
explicit,1
air.imageblock_data_size,1
"imageblock<FooExp, layout_explicit>",1
/Users/runner/metal_probe/p22/P22K/probe.metal,1
air-alias-scopes(probe_p22k_ib_size),1
air-alias-scopes(probe_p22k_ib_iread),1
air-alias-scopes(probe_p22k_ib_iwrite),1
air-alias-scopes(probe_p22k_ib_eread),1
air-alias-scopes(probe_p22k_ib_ewrite),1
/Users/runner/metal_probe/p23/P23M/probe.metal,1
